cod_mes;cod_ano;cod_ret;cod_cor;cod_dep;departa;pop_reg;c1;c2;c3;c4;c5;c6;c7;c8;c9;c10;c11;c12;c13;c14;c15;c16;c17
1;2010;0;0;19;Decap;11244369;16;0;1;2;3;0;0;6;0;5;5;2;3;0;4;7;14
1;2010;0;0;20;Demacro;8428213;16;0;0;3;1;0;0;7;0;1;3;2;0;0;0;6;6
1;2010;0;0;21;Deinter 1;2262723;1;0;0;0;0;0;1;1;0;1;0;0;0;0;0;0;0
1;2010;0;0;22;Deinter 2;3307513;5;0;0;0;1;0;0;0;0;3;2;0;0;2;0;3;3
1;2010;0;0;23;Deinter 3;3302679;1;0;0;1;1;0;0;2;0;0;0;0;0;0;0;1;1
1;2010;0;0;24;Deinter 4;1750734;0;0;0;0;0;0;0;0;0;0;0;0;0;0;0;0;0
1;2010;0;0;25;Deinter 5;1456209;5;0;0;0;0;0;0;3;0;0;1;0;0;0;0;3;0
1;2010;0;0;26;Deinter 6;1936708;4;0;0;0;1;0;0;2;0;1;0;2;0;0;1;0;1
1;2010;0;0;27;Deinter 7;2800360;1;0;0;0;0;0;0;1;0;0;0;0;0;0;0;1;0
1;2010;0;0;28;Deinter 8;1083047;0;0;0;0;0;0;1;1;0;0;0;0;0;0;0;0;0
1;2010;0;0;29;Deinter 9;2943524;3;0;0;0;0;0;0;0;0;2;0;0;0;0;0;2;2
1;2010;0;0;30;Deinter 10;736081;NA;NA;NA;NA;NA;NA;NA;NA;NA;NA;NA;NA;NA;NA;NA;NA;NA
1;2010;0;0;31;Decap;11244369;7;0;0;0;1;0;0;0;0;1;1;0;0;0;0;0;0
1;2010;0;0;32;Decap;11244369;0;0;0;0;1;0;0;0;0;0;3;0;0;1;0;3;1
1;2010;0;0;33;Decap;11244369;NA;NA;NA;NA;NA;NA;NA;NA;NA;NA;NA;NA;NA;NA;NA;NA;NA
1;2011;0;0;19;Decap;11316119;21;0;0;0;4;0;1;13;0;6;3;2;0;0;1;12;11
1;2011;0;0;20;Demacro;8506440;10;0;0;0;4;0;0;4;0;2;2;0;0;0;1;9;7
1;2011;0;0;21;Deinter 1;2285528;0;0;0;0;0;0;1;0;0;0;1;0;2;0;0;0;1
1;2011;0;0;22;Deinter 2;3346411;3;0;0;0;0;0;0;2;0;0;0;0;0;0;0;7;2
1;2011;0;0;23;Deinter 3;3330732;4;0;0;1;0;0;0;0;0;0;1;0;0;1;0;1;0
1;2011;0;0;24;Deinter 4;1760330;0;0;0;0;0;0;0;0;0;0;0;0;0;0;0;0;1
1;2011;0;0;25;Deinter 5;1466615;0;0;0;0;0;0;0;0;0;0;1;0;0;0;0;2;1
1;2011;0;0;26;Deinter 6;1952342;1;0;0;0;0;0;0;0;0;0;0;0;0;0;0;2;2
1;2011;0;0;27;Deinter 7;2825535;0;0;0;0;0;0;0;1;0;0;0;1;0;0;0;5;0
1;2011;0;0;28;Deinter 8;1087849;0;0;0;0;0;0;0;0;0;1;0;0;0;0;0;3;1
1;2011;0;0;29;Deinter 9;2968472;2;0;0;1;0;0;0;4;0;1;0;0;0;0;0;3;2
1;2011;0;0;30;Deinter 10;740809;0;0;0;0;0;0;0;0;0;0;0;0;0;0;0;0;0
1;2011;0;0;31;Decap;11316119;7;0;0;0;0;0;0;1;0;0;2;0;1;0;0;1;1
1;2011;0;0;32;Decap;11316119;0;0;0;1;0;0;0;0;0;0;0;2;1;1;0;7;2
1;2011;0;0;33;Decap;11316119;NA;NA;NA;NA;NA;NA;NA;NA;NA;NA;NA;NA;NA;NA;NA;NA;NA
1;2012;1;0;19;Decap;11376685;11;0;0;1;6;0;0;14;0;4;13;6;0;0;2;4;9
1;2012;1;0;20;Demacro;8579905;11;0;0;2;0;0;0;11;0;4;2;0;0;0;2;1;0
1;2012;1;0;21;Deinter 1;2305758;0;0;0;0;0;0;0;0;0;0;0;2;0;0;0;0;0
1;2012;1;0;22;Deinter 2;3383407;0;0;0;0;1;0;0;1;0;2;2;0;0;0;0;2;1
1;2012;1;0;23;Deinter 3;3358517;0;0;0;0;1;0;0;2;0;0;0;0;0;0;0;0;1
1;2012;1;0;24;Deinter 4;1770282;0;0;0;0;0;0;0;1;0;0;0;0;0;0;0;1;0
1;2012;1;0;25;Deinter 5;1476901;1;0;0;0;0;0;0;1;0;0;2;0;0;0;0;1;0
1;2012;1;0;26;Deinter 6;1966489;3;0;0;0;1;0;0;6;0;1;2;0;0;0;0;1;1
1;2012;1;0;27;Deinter 7;2850458;1;0;0;0;0;0;0;2;0;0;0;0;0;0;0;2;0
1;2012;1;0;28;Deinter 8;1092359;0;0;0;0;0;0;0;0;0;0;0;0;0;0;0;0;0
1;2012;1;0;29;Deinter 9;2994987;3;0;0;0;0;0;0;0;0;1;1;0;0;0;0;0;0
1;2012;1;0;30;Deinter 10;745471;0;0;0;0;0;0;0;0;0;0;0;0;0;0;0;0;0
1;2012;1;0;31;Decap;11376685;10;0;0;0;3;0;0;0;0;0;4;0;0;0;0;2;1
1;2012;1;0;32;Decap;11376685;0;0;0;0;1;1;0;0;0;0;1;0;0;0;0;0;1
1;2012;1;0;33;Decap;11376685;NA;NA;NA;NA;NA;NA;NA;NA;NA;NA;NA;NA;NA;NA;NA;NA;NA
1;2013;0;0;19;Decap;11821873;11;0;2;0;7;0;0;10;0;2;20;0;0;1;1;9;7
1;2013;0;0;20;Demacro;8953241;5;0;0;2;2;0;0;6;0;1;3;0;0;1;2;4;1
1;2013;0;0;21;Deinter 1;2406735;0;0;0;0;0;0;0;1;0;0;0;0;0;0;1;0;0
1;2013;0;0;22;Deinter 2;3541481;1;0;0;0;0;0;0;0;0;0;1;0;0;0;0;1;0
1;2013;0;0;23;Deinter 3;3503301;0;0;0;0;0;0;0;0;0;0;0;0;0;0;0;0;0
1;2013;0;0;24;Deinter 4;1840239;1;0;0;0;0;0;0;2;0;0;4;0;0;0;0;0;0
1;2013;0;0;25;Deinter 5;1537918;0;0;0;0;0;0;0;2;0;0;1;0;0;0;0;0;1
1;2013;0;0;26;Deinter 6;2048410;6;0;0;0;1;0;0;1;0;2;1;0;0;0;0;1;4
1;2013;0;0;27;Deinter 7;2975156;0;0;0;0;0;0;0;0;0;0;0;1;0;0;0;4;1
1;2013;0;0;28;Deinter 8;1133298;0;0;0;0;0;0;0;0;0;0;1;0;0;0;0;0;0
1;2013;0;0;29;Deinter 9;3126459;3;0;0;1;1;0;0;4;0;0;1;0;0;0;1;2;1
1;2013;0;0;30;Deinter 10;775558;0;0;0;0;0;0;0;0;0;0;0;0;0;0;0;0;0
1;2013;0;0;31;Decap;11821873;4;0;0;0;2;0;0;0;0;1;3;0;0;0;0;1;1
1;2013;0;0;32;Decap;11821873;0;0;0;0;1;0;0;2;0;0;1;0;0;0;0;0;1
1;2013;0;0;33;Decap;11821873;0;0;0;0;0;0;0;0;0;0;0;0;0;0;0;0;0
1;2014;0;0;19;Decap;11895893;24;0;0;4;7;0;1;20;0;6;11;1;0;1;3;5;11
1;2014;0;0;20;Demacro;9039311;8;0;0;2;2;0;0;6;0;1;9;0;0;1;3;1;7
1;2014;0;0;21;Deinter 1;2430392;1;0;0;0;0;0;0;3;0;0;0;0;0;0;0;0;1
1;2014;0;0;22;Deinter 2;3584160;1;0;0;0;5;0;0;0;0;0;2;0;0;0;2;0;0
1;2014;0;0;23;Deinter 3;3535932;2;0;0;0;0;0;0;6;0;1;2;0;0;0;0;1;1
1;2014;0;0;24;Deinter 4;1852338;0;0;0;0;0;0;0;0;0;0;0;0;0;0;0;0;0
1;2014;0;0;25;Deinter 5;1550161;0;0;0;0;0;0;0;0;0;0;0;0;0;0;0;0;1
1;2014;0;0;26;Deinter 6;2065208;3;0;0;1;1;0;0;5;0;0;2;0;0;0;0;1;2
1;2014;0;0;27;Deinter 7;3004319;1;0;0;0;0;0;0;0;0;0;0;1;0;0;0;2;0
1;2014;0;0;28;Deinter 8;1138981;0;0;0;0;0;0;0;0;0;0;0;0;0;0;0;0;0
1;2014;0;0;29;Deinter 9;3157448;6;0;0;0;0;0;0;2;0;0;1;0;1;0;0;1;3
1;2014;0;0;30;Deinter 10;781161;0;0;0;0;0;0;0;0;0;0;0;0;0;0;0;0;0
1;2014;0;0;31;Decap;11895893;5;0;0;1;0;0;0;0;0;0;0;0;0;0;0;0;0
1;2014;0;0;32;Decap;11895893;1;0;0;0;1;0;0;1;0;0;2;0;0;0;0;2;3
1;2014;0;0;33;Decap;11895893;0;0;0;0;0;0;0;0;0;0;0;0;0;0;0;0;0
1;2015;0;0;19;Decap;11967825;27;0;1;1;5;0;0;9;0;2;9;0;9;1;1;1;2
1;2015;0;0;20;Demacro;9122966;27;0;0;0;2;0;1;12;0;5;7;1;0;1;0;1;3
1;2015;0;0;21;Deinter 1;2453387;0;0;0;0;0;0;0;3;0;0;1;1;0;0;0;1;1
1;2015;0;0;22;Deinter 2;3625638;2;0;0;0;1;0;0;0;0;0;0;0;0;0;0;0;0
1;2015;0;0;23;Deinter 3;3567652;0;0;0;0;0;0;0;0;0;0;0;0;0;0;0;2;0
1;2015;0;0;24;Deinter 4;1864091;2;0;0;0;0;0;0;2;0;0;0;0;0;0;0;1;0
1;2015;0;0;25;Deinter 5;1562060;1;0;0;0;0;0;0;1;0;0;1;0;0;0;0;2;0
1;2015;0;0;26;Deinter 6;2081531;6;0;0;0;1;0;0;4;0;1;0;0;0;0;0;2;0
1;2015;0;0;27;Deinter 7;3032659;0;0;0;0;0;0;0;1;0;0;0;0;0;0;0;2;0
1;2015;0;0;28;Deinter 8;1144506;0;0;0;0;0;0;0;1;0;0;0;0;0;0;0;0;0
1;2015;0;0;29;Deinter 9;3187564;5;0;0;0;0;0;0;2;0;0;1;0;0;0;0;0;1
1;2015;0;0;30;Deinter 10;786605;0;0;0;0;0;0;0;0;0;0;0;0;0;0;0;0;0
1;2015;0;0;31;Decap;11967825;12;0;0;0;2;0;0;1;0;0;3;0;0;0;0;1;0
1;2015;0;0;32;Decap;11967825;0;0;0;0;3;0;0;0;0;0;4;0;0;0;1;0;2
1;2015;0;0;33;Decap;11967825;0;0;0;0;0;0;0;0;0;0;0;0;0;0;0;0;0
1;2016;0;0;19;Decap;12038175;12;7;0;0;0;0;0;23;8;0;2;0;0;0;3;4;4
1;2016;0;0;20;Demacro;9204764;11;5;1;0;0;0;0;7;7;2;3;0;0;0;2;7;3
1;2016;0;0;21;Deinter 1;2475879;1;0;0;0;0;0;0;1;0;1;0;0;4;0;0;1;1
1;2016;0;0;22;Deinter 2;3666201;3;0;0;0;0;0;0;2;0;0;1;0;0;0;0;0;1
1;2016;0;0;23;Deinter 3;3598661;3;0;0;0;0;0;0;1;0;0;0;0;0;0;1;1;0
1;2016;0;0;24;Deinter 4;1875589;0;0;0;0;0;0;0;0;0;0;1;0;0;0;0;0;1
1;2016;0;0;25;Deinter 5;1573701;0;1;0;0;0;0;0;2;0;0;0;1;0;0;0;1;0
1;2016;0;0;26;Deinter 6;2097502;5;0;0;0;0;0;0;3;0;0;0;0;0;0;0;3;2
1;2016;0;0;27;Deinter 7;3060372;0;2;0;0;0;0;0;2;0;0;1;0;0;0;0;0;1
1;2016;0;0;28;Deinter 8;1149906;0;1;0;0;0;0;0;0;0;0;0;0;0;0;0;0;0
1;2016;0;0;29;Deinter 9;3217014;2;0;0;0;0;0;0;1;1;0;0;0;0;0;0;0;0
1;2016;0;0;30;Deinter 10;791935;0;0;0;0;0;0;0;0;0;0;0;0;0;0;0;0;0
1;2016;0;0;31;Decap;12038175;3;3;0;0;0;0;0;1;2;1;0;0;0;0;0;0;0
1;2016;0;0;32;Decap;12038175;0;2;0;0;0;0;0;1;3;0;1;0;0;0;0;2;2
1;2016;0;0;33;Decap;12038175;0;0;0;0;0;0;0;0;0;0;0;0;0;0;0;0;0
1;2017;0;0;19;Decap;12106920;19;11;0;0;0;0;0;22;8;4;5;0;0;1;0;5;1
1;2017;0;0;20;Demacro;9284704;13;9;0;0;0;0;0;7;2;1;3;0;0;0;0;0;2
1;2017;0;0;21;Deinter 1;2497857;2;0;0;0;0;0;0;2;0;1;0;0;0;0;0;0;0
1;2017;0;0;22;Deinter 2;3705840;2;0;0;0;0;0;0;2;0;0;0;0;0;0;0;1;0
1;2017;0;0;23;Deinter 3;3654014;3;0;0;0;0;0;0;3;0;0;0;0;0;0;0;0;0
1;2017;0;0;24;Deinter 4;1886819;2;2;0;0;0;0;0;2;0;0;0;0;0;0;0;0;0
1;2017;0;0;25;Deinter 5;1565726;0;0;0;0;0;0;0;0;0;0;0;0;0;0;0;0;0
1;2017;0;0;26;Deinter 6;2113105;5;0;0;0;0;0;0;7;0;2;1;0;0;0;0;0;0
1;2017;0;0;27;Deinter 7;3087457;6;0;0;0;0;0;0;4;0;0;0;0;0;0;0;0;0
1;2017;0;0;28;Deinter 8;1149492;0;0;0;0;0;0;0;0;0;0;0;0;0;0;0;0;1
1;2017;0;0;29;Deinter 9;3245798;3;0;0;0;0;0;0;2;0;0;0;0;0;0;0;2;0
1;2017;0;0;30;Deinter 10;797134;0;0;0;0;0;0;0;0;0;0;0;0;0;0;0;0;0
1;2017;0;0;31;Decap;12106920;10;0;0;0;0;0;0;0;0;0;1;0;0;0;0;0;0
1;2017;0;0;32;Decap;12106920;2;5;0;1;0;0;0;1;4;1;2;0;0;0;0;0;1
1;2017;0;0;33;Decap;12106920;0;0;0;0;0;0;0;0;0;0;0;0;0;0;0;0;0
1;2018;0;0;19;Decap;12176866;17;5;0;1;0;0;0;15;12;1;2;1;0;1;0;3;2
1;2018;0;0;20;Demacro;9394415;13;4;0;0;0;0;0;6;2;4;4;0;0;0;1;0;4
1;2018;0;0;21;Deinter 1;2528345;1;1;0;0;0;0;0;1;0;0;0;0;0;1;0;0;0
1;2018;0;0;22;Deinter 2;3765555;2;0;0;0;0;0;0;1;0;0;1;0;0;0;0;0;1
1;2018;0;0;23;Deinter 3;3694912;3;1;0;0;0;0;0;3;1;0;1;0;0;0;0;1;0
1;2018;0;0;24;Deinter 4;1898795;2;0;0;0;0;0;0;0;0;0;0;0;0;0;0;0;0
1;2018;0;0;25;Deinter 5;1579772;3;0;0;0;0;0;0;1;0;1;0;1;0;0;0;1;0
1;2018;0;0;26;Deinter 6;2132735;0;0;0;0;0;0;0;7;1;1;0;0;0;0;0;3;0
1;2018;0;0;27;Deinter 7;3124964;5;0;0;0;0;0;0;1;0;0;0;0;0;0;0;0;0
1;2018;0;0;28;Deinter 8;1153568;1;0;0;0;0;0;0;0;0;0;0;0;0;0;0;0;0
1;2018;0;0;29;Deinter 9;3285865;3;0;0;0;0;0;0;2;0;0;0;0;0;0;0;2;1
1;2018;0;0;30;Deinter 10;803144;0;0;0;0;0;0;0;0;0;0;0;0;0;0;0;0;0
1;2018;0;0;31;Decap;12176866;5;0;0;0;0;0;0;0;1;0;0;0;0;0;0;0;0
1;2018;0;0;32;Decap;12176866;0;3;0;0;0;0;1;2;3;0;0;0;0;0;2;0;1
1;2018;0;0;33;Decap;12176866;0;0;0;0;0;0;0;0;0;0;0;0;0;0;0;0;0
1;2019;0;0;19;Decap;12252023;13;3;0;0;NA;0;0;6;1;3;1;0;0;0;0;3;5
1;2019;0;0;20;Demacro;NA;10;4;0;0;NA;0;1;5;3;3;4;1;0;0;0;2;2
1;2019;0;0;21;Deinter 1;2552610;4;0;0;0;NA;0;0;1;1;0;0;0;0;0;0;0;1
1;2019;0;0;22;Deinter 2;NA;2;0;0;0;NA;0;0;2;0;0;0;0;0;0;0;1;1
1;2019;0;0;23;Deinter 3;3728399;1;0;0;0;NA;0;0;4;1;0;0;0;0;0;0;0;1
1;2019;0;0;24;Deinter 4;1911091;1;0;0;0;NA;0;0;2;0;0;0;0;0;0;0;0;0
1;2019;0;0;25;Deinter 5;1592219;1;0;0;0;NA;0;0;0;0;1;1;0;0;0;0;0;0
1;2019;0;0;26;Deinter 6;2149906;9;1;0;0;NA;0;0;6;0;2;1;0;0;0;0;0;0
1;2019;0;0;27;Deinter 7;3154869;6;0;0;0;NA;0;0;1;0;0;0;0;0;0;0;1;0
1;2019;0;0;28;Deinter 8;1159300;0;0;0;0;NA;0;0;0;0;1;0;0;0;0;0;1;0
1;2019;0;0;29;Deinter 9;3317647;3;0;0;0;NA;0;0;3;0;0;0;0;0;0;0;1;0
1;2019;0;0;30;Deinter 10;808855;0;0;0;0;NA;0;0;0;0;0;0;0;0;0;0;0;0
1;2019;0;0;31;Decap;12252023;6;1;0;0;NA;0;0;1;0;0;0;0;0;0;0;2;2
1;2019;0;0;32;Decap;12252023;2;0;0;1;NA;0;0;1;0;0;0;0;0;0;0;1;1
1;2019;0;0;33;Decap;12252023;0;0;0;0;NA;0;0;0;0;0;0;0;0;0;0;0;0
1;2020;0;0;19;Decap;12325232;20;3;0;1;NA;0;0;10;5;4;0;0;0;0;1;3;1
1;2020;0;0;20;Demacro;9568610;14;0;0;1;NA;0;0;3;4;1;0;0;0;1;0;2;2
1;2020;0;0;21;Deinter 1;2576250;10;0;0;0;NA;0;0;3;0;0;0;0;0;0;1;3;0
1;2020;0;0;22;Deinter 2;3852244;7;0;0;0;NA;0;0;1;0;1;0;0;0;0;0;0;0
1;2020;0;0;23;Deinter 3;3761025;2;0;0;0;NA;0;0;3;0;0;0;0;0;0;0;1;0
1;2020;0;0;24;Deinter 4;1923070;0;0;0;0;NA;0;0;0;0;0;0;0;0;0;0;0;0
1;2020;0;0;25;Deinter 5;1604342;0;0;0;0;NA;0;0;1;0;0;0;0;0;0;0;0;1
1;2020;0;0;26;Deinter 6;2166632;4;1;0;0;NA;0;0;4;0;1;0;0;0;0;0;2;2
1;2020;0;0;27;Deinter 7;3184000;1;0;0;0;NA;0;0;1;0;0;0;0;0;0;0;0;0
1;2020;0;0;28;Deinter 8;1164891;0;0;0;0;NA;0;0;0;0;0;0;0;0;0;0;0;0
1;2020;0;0;29;Deinter 9;3348615;12;1;0;0;NA;0;0;0;1;0;0;0;0;0;0;1;1
1;2020;0;0;30;Deinter 10;814422;0;0;0;0;NA;0;0;0;0;0;0;0;0;0;0;0;0
1;2020;0;0;31;Decap;12325232;6;1;0;0;NA;0;0;0;1;0;0;0;0;0;0;0;0
1;2020;0;0;32;Decap;12325232;0;2;0;0;NA;0;0;0;0;0;0;0;0;0;0;2;3
1;2020;0;0;33;Decap;12325232;0;0;0;0;NA;0;0;0;0;0;0;0;0;0;0;0;0
1;2021;0;0;19;Decap;12396372;14;3;1;0;NA;0;0;6;0;0;0;0;0;0;0;4;3
1;2021;0;0;20;Demacro;9652132;9;2;0;0;NA;0;0;3;2;1;0;0;0;0;2;1;1
1;2021;0;0;21;Deinter 1;2599218;6;0;0;0;NA;0;0;0;0;3;0;0;0;0;0;0;1
1;2021;0;0;22;Deinter 2;3893806;1;0;0;0;NA;0;0;2;1;0;0;0;0;0;0;1;0
1;2021;0;0;23;Deinter 3;3792726;2;0;0;0;NA;0;0;2;1;2;0;0;0;0;1;0;0
1;2021;0;0;24;Deinter 4;1934714;1;0;0;0;NA;0;0;1;0;0;0;0;0;0;0;1;0
1;2021;0;0;25;Deinter 5;1616129;0;1;0;0;NA;0;0;0;0;0;0;0;1;0;0;0;0
1;2021;0;0;26;Deinter 6;2182882;3;0;0;0;NA;0;0;1;0;1;0;0;0;0;0;1;0
1;2021;0;0;27;Deinter 7;3212306;1;0;0;0;NA;0;0;0;0;0;0;0;0;0;0;6;0
1;2021;0;0;28;Deinter 8;1170317;0;0;0;0;NA;0;0;0;0;0;0;0;0;0;0;0;1
1;2021;0;0;29;Deinter 9;3378700;4;0;0;0;NA;0;0;1;0;0;0;0;0;0;0;0;1
1;2021;0;0;30;Deinter 10;819830;0;0;0;0;NA;0;0;0;0;0;0;0;0;0;0;0;0
1;2021;0;0;31;Decap;12396372;11;0;0;0;NA;0;0;0;0;0;0;0;0;0;0;0;1
1;2021;0;0;32;Decap;12396372;1;1;0;0;NA;0;0;1;5;0;0;0;0;0;0;2;1
1;2021;0;0;33;Decap;12396372;0;0;0;0;NA;0;0;0;0;0;0;0;0;0;0;0;0
1;2022;1;0;19;Decap;12396372;5;2;0;0;NA;0;0;8;7;0;0;0;0;0;1;2;4
1;2022;1;0;20;Demacro;9652132;4;0;0;0;NA;0;0;2;1;0;0;2;0;0;1;0;1
1;2022;1;0;21;Deinter 1;2599218;3;0;0;0;NA;0;0;1;1;0;0;0;0;0;0;2;0
1;2022;1;0;22;Deinter 2;3893806;0;0;0;0;NA;0;0;0;1;0;0;0;0;0;0;0;1
1;2022;1;0;23;Deinter 3;3792726;1;0;0;0;NA;0;0;0;0;0;0;0;0;0;0;0;0
1;2022;1;0;24;Deinter 4;1934714;2;0;0;0;NA;0;0;0;0;0;0;0;0;0;0;1;0
1;2022;1;0;25;Deinter 5;1616129;2;0;0;0;NA;0;0;0;0;0;0;0;0;0;0;0;0
1;2022;1;0;26;Deinter 6;2182882;2;0;0;0;NA;0;0;2;0;0;0;0;0;0;1;1;0
1;2022;1;0;27;Deinter 7;3212306;2;0;0;0;NA;0;0;0;0;0;0;0;0;0;0;0;0
1;2022;1;0;28;Deinter 8;1170317;1;0;0;0;NA;0;0;0;0;0;0;0;0;0;0;0;0
1;2022;1;0;29;Deinter 9;3378700;0;0;0;0;NA;0;0;1;0;0;0;0;0;0;0;0;0
1;2022;1;0;30;Deinter 10;819830;0;0;0;0;NA;0;0;0;0;0;0;0;0;0;0;0;0
1;2022;1;0;31;Decap;12396372;1;0;0;0;NA;0;0;2;1;0;0;0;0;0;0;0;0
1;2022;1;0;32;Decap;12396372;0;1;0;0;NA;0;0;3;1;0;0;0;0;1;0;0;0
1;2022;1;0;33;Decap;12396372;0;0;0;0;NA;0;0;0;0;0;0;0;0;0;0;0;1
2;2010;0;0;19;Decap;11244369;27;0;0;2;4;0;0;12;0;3;5;1;4;0;1;7;12
2;2010;0;0;20;Demacro;8428213;16;0;0;1;2;0;0;2;0;1;1;4;1;0;0;12;3
2;2010;0;0;21;Deinter 1;2262723;1;0;0;0;0;0;0;1;0;0;1;0;0;0;0;2;2
2;2010;0;0;22;Deinter 2;3307513;2;0;0;0;0;0;0;1;0;1;1;0;0;0;0;3;1
2;2010;0;0;23;Deinter 3;3302679;0;0;0;0;0;0;0;2;0;1;0;1;0;0;0;0;1
2;2010;0;0;24;Deinter 4;1750734;0;0;0;0;0;0;0;1;0;0;0;0;0;0;0;0;0
2;2010;0;0;25;Deinter 5;1456209;1;0;0;0;0;0;0;1;0;0;0;0;0;1;0;0;0
2;2010;0;0;26;Deinter 6;1936708;2;0;0;0;0;0;0;4;0;0;0;0;0;0;0;2;3
2;2010;0;0;27;Deinter 7;2800360;1;0;0;0;0;0;0;1;0;0;1;0;0;0;0;1;1
2;2010;0;0;28;Deinter 8;1083047;0;0;0;0;0;0;0;2;0;0;0;0;0;0;0;0;0
2;2010;0;0;29;Deinter 9;2943524;0;0;0;0;0;0;0;0;0;0;0;0;0;0;0;1;0
2;2010;0;0;30;Deinter 10;736081;NA;NA;NA;NA;NA;NA;NA;NA;NA;NA;NA;NA;NA;NA;NA;NA;NA
2;2010;0;0;31;Decap;11244369;2;0;0;0;1;0;0;0;0;0;1;0;0;0;0;0;0
2;2010;0;0;32;Decap;11244369;2;0;0;0;1;0;1;1;0;1;0;0;0;0;1;3;2
2;2010;0;0;33;Decap;11244369;NA;NA;NA;NA;NA;NA;NA;NA;NA;NA;NA;NA;NA;NA;NA;NA;NA
2;2011;0;0;19;Decap;11316119;10;0;0;3;1;0;1;13;0;3;9;8;1;1;1;14;2
2;2011;0;0;20;Demacro;8506440;8;0;1;2;6;0;0;5;0;1;1;1;0;0;1;4;8
2;2011;0;0;21;Deinter 1;2285528;0;0;0;0;1;0;0;0;0;0;1;0;0;0;0;3;1
2;2011;0;0;22;Deinter 2;3346411;3;0;0;0;0;0;1;1;0;0;1;0;0;0;0;1;3
2;2011;0;0;23;Deinter 3;3330732;3;0;0;0;0;0;0;1;0;0;0;0;0;0;0;6;2
2;2011;0;0;24;Deinter 4;1760330;0;0;0;0;0;0;0;0;0;0;0;1;0;0;0;2;1
2;2011;0;0;25;Deinter 5;1466615;0;0;0;0;0;0;0;1;0;0;0;0;1;0;0;0;0
2;2011;0;0;26;Deinter 6;1952342;2;0;0;0;0;0;0;6;0;1;1;0;0;0;1;4;2
2;2011;0;0;27;Deinter 7;2825535;1;0;0;0;0;0;0;0;0;0;0;0;0;0;0;4;2
2;2011;0;0;28;Deinter 8;1087849;0;0;0;0;0;0;0;0;0;0;0;0;0;0;0;0;0
2;2011;0;0;29;Deinter 9;2968472;0;0;0;0;0;0;0;0;0;0;0;0;0;0;0;3;0
2;2011;0;0;30;Deinter 10;740809;0;0;0;0;0;0;0;0;0;0;0;0;0;0;0;0;0
2;2011;0;0;31;Decap;11316119;5;0;0;0;0;0;0;1;0;0;1;0;0;0;1;0;0
2;2011;0;0;32;Decap;11316119;0;0;0;0;1;0;0;0;2;0;1;0;4;0;0;3;6
2;2011;0;0;33;Decap;11316119;NA;NA;NA;NA;NA;NA;NA;NA;NA;NA;NA;NA;NA;NA;NA;NA;NA
2;2012;0;0;19;Decap;11376685;14;0;0;0;4;1;0;9;0;3;9;2;0;0;2;6;4
2;2012;0;0;20;Demacro;8579905;5;0;0;1;0;0;0;8;0;1;8;0;1;0;0;3;6
2;2012;0;0;21;Deinter 1;2305758;0;0;0;0;0;0;0;0;0;0;2;0;0;0;0;0;1
2;2012;0;0;22;Deinter 2;3383407;1;0;0;1;0;0;0;0;0;0;0;0;0;0;1;2;0
2;2012;0;0;23;Deinter 3;3358517;1;0;0;0;0;0;0;4;0;0;0;0;0;0;0;1;1
2;2012;0;0;24;Deinter 4;1770282;0;0;0;0;0;0;0;1;0;0;0;0;0;0;0;1;0
2;2012;0;0;25;Deinter 5;1476901;0;0;0;0;0;0;0;0;0;0;0;0;0;0;0;0;0
2;2012;0;0;26;Deinter 6;1966489;5;0;1;0;0;0;0;2;0;0;0;0;0;0;1;4;2
2;2012;0;0;27;Deinter 7;2850458;0;0;0;0;0;0;0;4;0;0;0;0;0;0;0;1;1
2;2012;0;0;28;Deinter 8;1092359;0;0;0;0;0;0;0;1;0;1;0;0;0;0;0;0;0
2;2012;0;0;29;Deinter 9;2994987;3;0;0;0;0;0;0;1;0;0;0;0;0;0;0;0;0
2;2012;0;0;30;Deinter 10;745471;0;0;0;0;0;0;0;0;0;0;0;0;0;0;0;0;0
2;2012;0;0;31;Decap;11376685;5;0;0;1;0;0;0;1;0;0;0;0;0;0;0;1;3
2;2012;0;0;32;Decap;11376685;2;0;0;1;1;0;0;1;0;0;1;0;0;1;0;0;2
2;2012;0;0;33;Decap;11376685;NA;NA;NA;NA;NA;NA;NA;NA;NA;NA;NA;NA;NA;NA;NA;NA;NA
2;2013;0;0;19;Decap;11821873;7;0;2;3;4;0;0;7;0;3;10;1;0;0;2;10;14
2;2013;0;0;20;Demacro;8953241;4;0;0;1;2;0;1;6;0;3;3;0;0;0;2;5;3
2;2013;0;0;21;Deinter 1;2406735;0;0;0;0;0;0;0;0;0;0;0;0;0;0;0;0;0
2;2013;0;0;22;Deinter 2;3541481;2;0;0;0;2;0;0;0;0;2;2;0;0;0;0;0;1
2;2013;0;0;23;Deinter 3;3503301;2;0;0;0;0;0;0;2;0;1;1;0;0;0;0;2;1
2;2013;0;0;24;Deinter 4;1840239;0;0;0;0;0;0;0;0;0;0;1;0;0;0;0;0;0
2;2013;0;0;25;Deinter 5;1537918;0;0;0;0;0;0;0;0;0;0;0;0;0;0;0;1;0
2;2013;0;0;26;Deinter 6;2048410;5;0;0;1;0;0;0;1;0;0;2;0;0;0;0;2;2
2;2013;0;0;27;Deinter 7;2975156;1;0;0;1;0;1;0;1;0;0;0;4;0;0;0;1;1
2;2013;0;0;28;Deinter 8;1133298;0;0;0;0;0;0;0;1;0;2;0;0;0;0;0;0;0
2;2013;0;0;29;Deinter 9;3126459;0;0;0;0;0;0;0;1;1;0;1;0;0;0;0;0;1
2;2013;0;0;30;Deinter 10;775558;0;0;0;0;0;0;0;0;0;0;0;0;0;0;0;0;0
2;2013;0;0;31;Decap;11821873;0;0;0;1;0;0;0;0;0;0;2;0;0;0;0;0;2
2;2013;0;0;32;Decap;11821873;0;0;0;0;2;1;1;0;0;1;2;0;0;0;1;4;3
2;2013;0;0;33;Decap;11821873;0;0;0;0;0;0;0;0;0;0;0;0;0;0;0;0;0
2;2014;1;0;19;Decap;11895893;10;0;0;0;4;0;0;26;0;2;13;1;1;0;3;9;5
2;2014;1;0;20;Demacro;9039311;13;0;0;1;4;0;0;10;0;2;5;1;0;0;1;5;6
2;2014;1;0;21;Deinter 1;2430392;1;0;0;0;0;0;0;0;0;0;0;0;0;0;0;1;0
2;2014;1;0;22;Deinter 2;3584160;4;0;0;0;1;0;0;0;0;0;2;0;0;0;1;0;3
2;2014;1;0;23;Deinter 3;3535932;1;0;0;0;1;0;0;3;0;0;1;0;0;0;0;0;0
2;2014;1;0;24;Deinter 4;1852338;2;0;0;0;0;0;0;1;0;0;0;0;0;1;0;1;0
2;2014;1;0;25;Deinter 5;1550161;2;0;0;1;0;0;0;0;0;0;0;0;0;0;0;0;0
2;2014;1;0;26;Deinter 6;2065208;0;0;0;0;0;0;0;1;0;0;0;0;0;0;0;1;3
2;2014;1;0;27;Deinter 7;3004319;2;0;0;0;0;0;0;5;0;0;1;0;0;0;0;5;0
2;2014;1;0;28;Deinter 8;1138981;0;0;0;0;0;0;0;1;0;0;0;0;0;0;0;2;0
2;2014;1;0;29;Deinter 9;3157448;2;0;0;0;0;0;0;0;0;0;2;0;0;0;0;1;0
2;2014;1;0;30;Deinter 10;781161;0;0;0;0;0;0;0;0;0;0;0;0;0;0;0;0;0
2;2014;1;0;31;Decap;11895893;5;0;0;0;0;0;0;0;0;1;2;0;0;0;0;0;0
2;2014;1;0;32;Decap;11895893;0;0;0;0;1;0;1;0;0;1;1;0;0;0;0;2;6
2;2014;1;0;33;Decap;11895893;0;0;0;0;0;0;0;0;0;0;0;0;0;0;0;0;0
2;2015;0;0;19;Decap;11967825;21;0;0;1;5;0;0;14;0;3;16;0;0;1;0;5;3
2;2015;0;0;20;Demacro;9122966;8;0;0;1;0;1;0;6;0;2;11;2;0;0;0;2;3
2;2015;0;0;21;Deinter 1;2453387;1;0;0;0;0;0;0;1;0;0;1;0;0;0;0;0;1
2;2015;0;0;22;Deinter 2;3625638;0;0;0;1;0;0;0;1;0;0;0;0;0;0;0;0;1
2;2015;0;0;23;Deinter 3;3567652;2;0;0;0;1;0;0;3;0;0;0;0;0;0;0;0;0
2;2015;0;0;24;Deinter 4;1864091;3;0;0;0;0;0;0;1;0;0;0;0;0;0;0;0;0
2;2015;0;0;25;Deinter 5;1562060;0;0;0;1;0;0;0;1;0;0;1;0;0;0;0;0;0
2;2015;0;0;26;Deinter 6;2081531;5;0;0;0;0;0;0;3;0;0;5;0;0;1;0;0;0
2;2015;0;0;27;Deinter 7;3032659;1;0;0;0;0;0;0;0;0;0;0;0;0;0;0;1;0
2;2015;0;0;28;Deinter 8;1144506;0;0;0;0;0;0;0;2;0;0;0;0;0;0;0;0;0
2;2015;0;0;29;Deinter 9;3187564;1;0;0;0;0;0;0;1;0;0;0;0;0;0;0;0;0
2;2015;0;0;30;Deinter 10;786605;0;0;0;0;0;0;0;0;0;0;0;0;0;0;0;0;0
2;2015;0;0;31;Decap;11967825;8;0;0;0;0;0;0;0;0;1;1;0;0;0;0;3;0
2;2015;0;0;32;Decap;11967825;0;0;0;0;1;0;0;1;0;0;2;0;1;0;0;0;2
2;2015;0;0;33;Decap;11967825;0;0;0;0;0;0;0;0;0;0;0;0;0;0;0;0;0
2;2016;0;0;19;Decap;12038175;23;5;0;0;0;0;0;12;17;1;0;0;0;0;1;1;5
2;2016;0;0;20;Demacro;9204764;6;4;0;0;0;0;0;3;2;4;2;0;0;0;0;0;7
2;2016;0;0;21;Deinter 1;2475879;3;0;0;0;0;0;0;2;0;0;0;0;0;0;0;2;0
2;2016;0;0;22;Deinter 2;3666201;3;0;0;0;0;0;0;1;0;1;0;0;0;0;0;1;0
2;2016;0;0;23;Deinter 3;3598661;5;0;0;0;0;0;0;2;0;1;0;0;0;0;0;0;0
2;2016;0;0;24;Deinter 4;1875589;0;0;0;0;0;0;0;1;0;0;0;0;0;0;0;3;0
2;2016;0;0;25;Deinter 5;1573701;0;1;0;0;0;0;0;0;0;0;0;0;0;0;0;0;1
2;2016;0;0;26;Deinter 6;2097502;3;0;0;0;0;0;0;3;0;0;0;0;0;0;0;0;0
2;2016;0;0;27;Deinter 7;3060372;1;0;0;0;0;0;0;0;0;0;1;0;0;0;0;0;0
2;2016;0;0;28;Deinter 8;1149906;0;0;0;0;0;0;0;1;0;0;0;0;0;0;0;0;0
2;2016;0;0;29;Deinter 9;3217014;2;0;0;0;0;0;0;0;0;0;0;0;0;1;0;0;0
2;2016;0;0;30;Deinter 10;791935;0;0;0;0;0;0;0;0;0;0;0;0;0;0;0;0;0
2;2016;0;0;31;Decap;12038175;6;2;0;0;0;0;0;0;1;0;1;0;0;0;0;0;1
2;2016;0;0;32;Decap;12038175;0;4;0;1;0;0;0;2;4;0;0;0;0;0;0;0;1
2;2016;0;0;33;Decap;12038175;0;0;0;0;0;0;0;0;0;0;0;0;0;0;0;0;0
2;2017;0;0;19;Decap;12106920;16;7;0;0;0;0;0;19;12;1;5;0;0;0;1;5;4
2;2017;0;0;20;Demacro;9284704;13;3;0;0;0;0;0;2;6;2;0;0;0;0;0;1;2
2;2017;0;0;21;Deinter 1;2497857;7;0;0;0;0;0;0;2;0;4;0;0;0;0;0;1;0
2;2017;0;0;22;Deinter 2;3705840;2;0;0;0;0;0;0;3;0;1;1;0;0;0;0;0;0
2;2017;0;0;23;Deinter 3;3654014;0;0;0;0;0;0;0;4;0;0;0;0;0;0;0;0;1
2;2017;0;0;24;Deinter 4;1886819;2;0;0;0;0;0;0;0;0;0;0;0;0;0;0;0;0
2;2017;0;0;25;Deinter 5;1565726;0;0;0;0;0;0;0;1;0;0;0;0;0;0;0;0;0
2;2017;0;0;26;Deinter 6;2113105;6;1;0;0;0;0;0;3;1;0;1;0;0;0;0;2;0
2;2017;0;0;27;Deinter 7;3087457;4;0;0;0;0;0;0;2;0;0;1;0;0;0;0;0;0
2;2017;0;0;28;Deinter 8;1149492;0;0;0;0;0;0;0;0;1;0;0;0;0;0;0;0;0
2;2017;0;0;29;Deinter 9;3245798;0;0;0;0;0;0;0;2;0;0;0;0;0;0;0;0;0
2;2017;0;0;30;Deinter 10;797134;0;0;0;0;0;0;0;0;0;0;0;0;0;0;0;0;0
2;2017;0;0;31;Decap;12106920;5;1;0;0;0;0;0;0;0;0;0;0;0;0;0;0;1
2;2017;0;0;32;Decap;12106920;0;3;0;1;0;0;0;0;0;0;1;0;0;0;2;0;1
2;2017;0;0;33;Decap;12106920;0;0;0;0;0;0;0;0;0;0;0;0;0;0;0;0;0
2;2018;0;0;19;Decap;12176866;21;5;0;1;0;0;0;13;6;4;1;0;0;1;1;7;6
2;2018;0;0;20;Demacro;9394415;8;3;0;0;0;0;0;2;2;0;0;0;0;0;0;3;1
2;2018;0;0;21;Deinter 1;2528345;1;0;0;0;0;0;0;1;0;0;0;0;0;0;0;1;0
2;2018;0;0;22;Deinter 2;3765555;9;0;0;0;0;0;0;1;0;0;0;0;0;0;0;0;0
2;2018;0;0;23;Deinter 3;3694912;3;0;0;0;0;0;0;2;0;0;0;0;0;0;1;3;1
2;2018;0;0;24;Deinter 4;1898795;2;0;0;0;0;0;0;0;0;1;0;0;0;0;0;0;0
2;2018;0;0;25;Deinter 5;1579772;0;1;0;0;0;0;0;0;0;1;0;1;0;0;0;0;1
2;2018;0;0;26;Deinter 6;2132735;4;1;0;0;0;0;0;1;0;0;0;0;0;0;0;1;1
2;2018;0;0;27;Deinter 7;3124964;3;0;0;0;0;0;0;2;0;0;0;0;0;0;0;3;0
2;2018;0;0;28;Deinter 8;1153568;0;0;0;0;0;0;0;1;0;0;0;0;0;0;0;1;0
2;2018;0;0;29;Deinter 9;3285865;1;0;0;0;0;0;0;0;0;0;0;0;0;0;0;0;0
2;2018;0;0;30;Deinter 10;803144;0;0;0;0;0;0;0;0;0;0;0;0;0;0;0;0;0
2;2018;0;0;31;Decap;12176866;6;2;0;0;0;0;0;0;0;1;0;0;0;0;0;0;1
2;2018;0;0;32;Decap;12176866;1;0;0;0;0;0;0;0;1;0;1;0;0;0;1;0;5
2;2018;0;0;33;Decap;12176866;0;0;0;0;0;0;0;0;0;0;1;0;0;0;0;0;0
2;2019;0;0;19;Decap;12252023;9;2;0;0;NA;0;0;5;5;0;6;0;0;0;0;2;6
2;2019;0;0;20;Demacro;NA;6;2;0;1;NA;0;0;3;2;0;2;0;0;0;0;0;0
2;2019;0;0;21;Deinter 1;2552610;4;0;0;0;NA;0;0;0;0;0;0;0;0;0;0;0;0
2;2019;0;0;22;Deinter 2;NA;5;0;0;0;NA;0;0;0;0;0;0;0;0;0;0;1;1
2;2019;0;0;23;Deinter 3;3728399;1;0;0;0;NA;0;0;0;0;0;0;0;0;0;0;0;0
2;2019;0;0;24;Deinter 4;1911091;1;0;0;0;NA;0;0;0;0;0;0;0;0;1;0;0;1
2;2019;0;0;25;Deinter 5;1592219;4;1;0;0;NA;0;0;1;0;0;0;0;0;0;0;0;0
2;2019;0;0;26;Deinter 6;2149906;3;1;0;0;NA;0;0;3;1;1;0;0;0;0;0;1;0
2;2019;0;0;27;Deinter 7;3154869;4;0;0;0;NA;0;0;2;0;0;0;0;0;0;0;1;2
2;2019;0;0;28;Deinter 8;1159300;2;0;0;0;NA;0;0;0;0;0;0;0;0;0;0;0;0
2;2019;0;0;29;Deinter 9;3317647;9;0;0;0;NA;0;0;0;0;0;0;1;0;0;0;0;1
2;2019;0;0;30;Deinter 10;808855;0;0;0;0;NA;0;0;0;0;0;0;0;0;0;0;0;0
2;2019;0;0;31;Decap;12252023;6;0;0;0;NA;0;0;0;0;0;0;0;0;0;0;0;3
2;2019;0;0;32;Decap;12252023;0;0;0;0;NA;0;0;1;3;0;0;0;0;0;0;0;2
2;2019;0;0;33;Decap;12252023;0;0;0;0;NA;0;0;0;0;0;0;0;0;0;0;0;0
2;2020;0;0;19;Decap;12325232;19;8;0;0;NA;1;0;8;6;1;3;0;0;0;1;3;3
2;2020;0;0;20;Demacro;9568610;17;5;1;0;NA;0;0;5;1;0;4;0;0;0;0;0;1
2;2020;0;0;21;Deinter 1;2576250;4;1;0;0;NA;0;0;0;0;0;0;0;0;0;0;0;0
2;2020;0;0;22;Deinter 2;3852244;7;0;0;0;NA;0;0;0;0;0;0;0;0;0;0;0;0
2;2020;0;0;23;Deinter 3;3761025;1;1;0;0;NA;0;0;4;0;0;0;0;0;0;0;1;0
2;2020;0;0;24;Deinter 4;1923070;2;0;0;0;NA;0;0;2;1;0;0;0;0;0;0;0;0
2;2020;0;0;25;Deinter 5;1604342;2;0;0;0;NA;0;0;0;0;0;0;0;0;0;0;0;1
2;2020;0;0;26;Deinter 6;2166632;15;1;0;0;NA;0;0;3;0;0;0;0;0;0;2;0;0
2;2020;0;0;27;Deinter 7;3184000;2;0;0;0;NA;0;0;1;0;0;1;0;0;0;0;0;0
2;2020;0;0;28;Deinter 8;1164891;1;0;0;0;NA;0;0;1;0;0;0;0;0;0;0;0;0
2;2020;0;0;29;Deinter 9;3348615;1;0;0;0;NA;0;0;3;0;0;0;0;0;0;0;1;0
2;2020;0;0;30;Deinter 10;814422;0;0;0;0;NA;0;0;0;0;0;0;0;0;0;0;0;0
2;2020;0;0;31;Decap;12325232;7;1;0;0;NA;0;0;0;0;0;0;0;0;0;0;0;0
2;2020;0;0;32;Decap;12325232;0;1;0;0;NA;0;0;2;0;0;0;0;0;1;0;0;0
2;2020;0;0;33;Decap;12325232;0;0;0;0;NA;0;0;0;0;0;0;0;0;0;0;0;0
2;2021;0;0;19;Decap;12396372;15;5;0;0;NA;0;0;12;4;0;0;0;0;0;0;2;4
2;2021;0;0;20;Demacro;9652132;8;4;1;0;NA;0;0;5;2;0;0;0;0;0;0;1;1
2;2021;0;0;21;Deinter 1;2599218;2;0;0;0;NA;0;0;1;0;0;0;0;0;0;0;0;0
2;2021;0;0;22;Deinter 2;3893806;2;0;0;0;NA;0;0;2;0;0;0;0;0;0;0;0;0
2;2021;0;0;23;Deinter 3;3792726;3;0;0;0;NA;0;0;1;0;0;0;0;0;0;0;0;0
2;2021;0;0;24;Deinter 4;1934714;3;0;0;0;NA;0;0;1;0;0;0;0;0;0;0;0;0
2;2021;0;0;25;Deinter 5;1616129;1;0;0;0;NA;0;0;0;0;0;0;0;0;0;0;0;0
2;2021;0;0;26;Deinter 6;2182882;9;1;0;0;NA;0;0;0;0;0;0;0;0;0;0;0;0
2;2021;0;0;27;Deinter 7;3212306;1;1;0;0;NA;0;0;0;0;0;0;0;0;0;0;0;1
2;2021;0;0;28;Deinter 8;1170317;0;0;0;0;NA;0;0;0;0;0;0;0;0;0;0;0;0
2;2021;0;0;29;Deinter 9;3378700;2;0;0;0;NA;0;0;1;0;0;0;0;0;0;0;0;1
2;2021;0;0;30;Deinter 10;819830;0;0;0;0;NA;0;0;0;0;0;0;0;0;0;0;0;0
2;2021;0;0;31;Decap;12396372;8;0;0;0;NA;0;0;0;0;0;0;0;0;0;0;0;0
2;2021;0;0;32;Decap;12396372;1;1;0;0;NA;0;0;0;0;0;0;0;0;0;0;0;1
2;2021;0;0;33;Decap;12396372;0;0;0;0;NA;0;0;0;0;0;0;0;0;0;0;0;1
2;2022;0;0;19;Decap;12396372;2;1;0;0;NA;0;0;6;3;0;2;0;0;0;0;3;1
2;2022;0;0;20;Demacro;9652132;0;1;0;0;NA;0;0;4;1;0;0;0;0;0;0;0;0
2;2022;0;0;21;Deinter 1;2599218;0;0;0;0;NA;0;0;0;0;0;0;0;0;0;0;0;0
2;2022;0;0;22;Deinter 2;3893806;0;0;0;1;NA;0;0;0;1;0;0;0;0;0;0;0;1
2;2022;0;0;23;Deinter 3;3792726;1;0;0;0;NA;0;0;0;0;0;0;0;0;0;0;0;0
2;2022;0;0;24;Deinter 4;1934714;1;0;0;0;NA;0;0;0;0;0;0;0;0;0;0;0;0
2;2022;0;0;25;Deinter 5;1616129;1;0;0;0;NA;0;0;0;0;0;0;0;0;0;0;2;0
2;2022;0;0;26;Deinter 6;2182882;7;2;0;0;NA;0;0;4;0;0;0;0;0;0;0;2;0
2;2022;0;0;27;Deinter 7;3212306;3;0;0;0;NA;0;0;0;1;0;0;0;0;0;0;0;0
2;2022;0;0;28;Deinter 8;1170317;0;0;0;0;NA;0;0;0;0;0;0;0;0;0;0;0;0
2;2022;0;0;29;Deinter 9;3378700;0;1;0;0;NA;0;0;2;1;0;0;0;0;0;0;0;0
2;2022;0;0;30;Deinter 10;819830;0;0;0;0;NA;0;0;1;0;0;0;0;0;0;0;0;0
2;2022;0;0;31;Decap;12396372;3;0;0;0;NA;0;0;0;0;0;1;0;0;0;1;0;0
2;2022;0;0;32;Decap;12396372;0;1;0;0;NA;0;0;1;1;0;0;0;0;0;0;0;0
2;2022;0;0;33;Decap;12396372;0;1;0;0;NA;0;0;0;0;0;0;0;0;0;0;0;0
3;2010;0;0;19;Decap;11244369;16;0;0;0;2;1;0;15;0;1;3;1;1;0;3;7;7
3;2010;0;0;20;Demacro;8428213;9;0;0;0;0;0;1;4;0;0;1;1;0;0;0;2;3
3;2010;0;0;21;Deinter 1;2262723;1;0;0;0;0;0;0;0;0;0;1;0;0;0;1;0;0
3;2010;0;0;22;Deinter 2;3307513;0;0;0;0;0;0;0;5;0;0;0;0;0;0;0;0;0
3;2010;0;0;23;Deinter 3;3302679;2;0;0;0;0;0;0;3;0;0;0;0;0;1;1;0;2
3;2010;0;0;24;Deinter 4;1750734;1;0;0;0;0;0;0;1;0;0;0;0;0;0;0;0;0
3;2010;0;0;25;Deinter 5;1456209;0;0;0;0;0;0;0;0;0;0;0;0;0;0;0;3;0
3;2010;0;0;26;Deinter 6;1936708;2;0;0;0;1;0;0;1;0;0;1;1;0;0;0;0;3
3;2010;0;0;27;Deinter 7;2800360;0;0;0;0;1;0;0;0;0;0;0;0;0;0;0;1;0
3;2010;0;0;28;Deinter 8;1083047;0;0;0;0;0;0;0;1;0;0;0;0;0;0;0;0;0
3;2010;0;0;29;Deinter 9;2943524;1;0;0;0;0;0;0;0;0;0;0;0;0;0;0;0;0
3;2010;0;0;30;Deinter 10;736081;NA;NA;NA;NA;NA;NA;NA;NA;NA;NA;NA;NA;NA;NA;NA;NA;NA
3;2010;0;0;31;Decap;11244369;1;0;0;1;2;0;0;1;0;0;0;0;0;0;2;1;1
3;2010;0;0;32;Decap;11244369;0;0;1;0;1;0;0;0;0;0;0;0;0;0;0;3;3
3;2010;0;0;33;Decap;11244369;NA;NA;NA;NA;NA;NA;NA;NA;NA;NA;NA;NA;NA;NA;NA;NA;NA
3;2011;0;0;19;Decap;11316119;11;0;1;1;6;0;0;11;0;1;12;4;1;0;1;15;14
3;2011;0;0;20;Demacro;8506440;11;0;0;1;2;0;0;8;0;4;5;0;0;1;0;1;4
3;2011;0;0;21;Deinter 1;2285528;0;0;0;0;1;0;0;5;0;0;0;0;0;0;0;0;1
3;2011;0;0;22;Deinter 2;3346411;0;0;0;0;1;0;0;0;0;0;1;0;0;0;0;2;1
3;2011;0;0;23;Deinter 3;3330732;0;0;0;0;0;1;0;1;0;0;1;0;0;1;0;4;6
3;2011;0;0;24;Deinter 4;1760330;0;0;0;0;0;0;0;0;0;0;0;0;0;0;0;0;0
3;2011;0;0;25;Deinter 5;1466615;0;0;0;0;0;0;0;0;0;0;0;0;0;0;0;0;0
3;2011;0;0;26;Deinter 6;1952342;1;0;0;0;2;0;1;4;0;0;1;0;0;0;0;2;1
3;2011;0;0;27;Deinter 7;2825535;1;0;0;0;0;0;0;0;0;0;0;1;0;0;0;2;1
3;2011;0;0;28;Deinter 8;1087849;0;0;0;0;0;0;0;0;0;0;0;0;0;0;0;0;0
3;2011;0;0;29;Deinter 9;2968472;0;0;0;0;0;0;0;1;0;0;1;0;0;1;0;1;0
3;2011;0;0;30;Deinter 10;740809;0;0;0;0;0;0;0;0;0;0;0;0;0;0;0;0;0
3;2011;0;0;31;Decap;11316119;4;0;0;0;0;0;0;1;0;0;0;0;0;0;0;1;0
3;2011;0;0;32;Decap;11316119;0;0;0;0;1;0;0;0;0;0;3;0;1;1;0;2;4
3;2011;0;0;33;Decap;11316119;NA;NA;NA;NA;NA;NA;NA;NA;NA;NA;NA;NA;NA;NA;NA;NA;NA
3;2012;0;0;19;Decap;11376685;16;0;1;3;5;0;0;9;0;8;15;0;0;0;2;5;5
3;2012;0;0;20;Demacro;8579905;4;0;0;0;2;0;0;4;0;2;2;0;0;0;0;4;6
3;2012;0;0;21;Deinter 1;2305758;0;0;0;0;0;0;0;1;0;0;0;0;0;0;1;0;1
3;2012;0;0;22;Deinter 2;3383407;5;0;0;2;1;0;0;2;0;2;0;0;0;0;0;3;1
3;2012;0;0;23;Deinter 3;3358517;1;0;0;0;0;0;0;2;0;0;0;0;0;0;0;1;1
3;2012;0;0;24;Deinter 4;1770282;1;0;0;0;0;0;0;4;0;0;0;0;0;0;0;0;0
3;2012;0;0;25;Deinter 5;1476901;1;0;0;0;0;0;0;1;0;0;1;0;0;0;0;1;0
3;2012;0;0;26;Deinter 6;1966489;1;0;0;0;0;0;0;1;0;0;0;1;0;0;0;3;1
3;2012;0;0;27;Deinter 7;2850458;1;0;0;1;0;0;0;0;0;1;0;0;0;0;0;0;0
3;2012;0;0;28;Deinter 8;1092359;0;0;0;0;0;0;0;0;0;1;0;0;0;0;0;0;0
3;2012;0;0;29;Deinter 9;2994987;0;0;0;0;0;0;0;2;0;1;1;0;0;0;0;1;1
3;2012;0;0;30;Deinter 10;745471;0;0;0;0;0;0;0;0;0;0;0;0;0;0;0;0;0
3;2012;0;0;31;Decap;11376685;6;0;0;0;0;0;0;2;0;0;1;0;0;0;0;0;2
3;2012;0;0;32;Decap;11376685;0;0;0;0;0;0;0;0;0;0;1;1;0;0;2;0;5
3;2012;0;0;33;Decap;11376685;NA;NA;NA;NA;NA;NA;NA;NA;NA;NA;NA;NA;NA;NA;NA;NA;NA
3;2013;1;0;19;Decap;11821873;8;0;0;2;11;0;1;15;0;3;7;2;0;0;1;12;15
3;2013;1;0;20;Demacro;8953241;3;0;0;3;1;0;0;6;0;1;5;1;0;0;1;2;0
3;2013;1;0;21;Deinter 1;2406735;0;0;0;0;1;0;0;0;0;0;0;0;0;0;0;0;0
3;2013;1;0;22;Deinter 2;3541481;2;0;0;0;1;0;0;2;0;1;2;0;0;0;0;0;4
3;2013;1;0;23;Deinter 3;3503301;0;0;0;0;0;0;0;0;0;2;0;0;0;0;0;2;1
3;2013;1;0;24;Deinter 4;1840239;0;0;0;0;0;0;0;1;0;0;0;1;0;0;0;0;0
3;2013;1;0;25;Deinter 5;1537918;1;0;0;0;0;0;1;0;0;1;0;0;0;0;0;1;0
3;2013;1;0;26;Deinter 6;2048410;0;0;0;0;1;0;0;1;0;0;1;0;0;0;0;2;2
3;2013;1;0;27;Deinter 7;2975156;0;0;0;0;0;0;0;3;0;0;0;0;0;0;0;0;0
3;2013;1;0;28;Deinter 8;1133298;0;0;0;0;0;0;0;0;0;0;0;0;0;0;0;0;0
3;2013;1;0;29;Deinter 9;3126459;1;0;0;0;2;0;0;2;0;0;0;0;0;0;0;0;0
3;2013;1;0;30;Deinter 10;775558;0;0;0;0;0;0;0;0;0;0;0;0;0;0;0;0;0
3;2013;1;0;31;Decap;11821873;0;0;0;0;1;0;0;0;0;0;3;0;0;0;0;0;1
3;2013;1;0;32;Decap;11821873;0;0;0;3;0;0;0;0;0;0;2;0;0;1;0;1;1
3;2013;1;0;33;Decap;11821873;0;0;0;0;0;0;0;0;0;0;0;0;0;0;0;0;0
3;2014;0;0;19;Decap;11895893;36;0;0;2;6;1;0;25;0;2;8;1;0;0;1;13;7
3;2014;0;0;20;Demacro;9039311;13;0;0;2;2;0;0;12;0;1;8;0;0;0;0;7;4
3;2014;0;0;21;Deinter 1;2430392;4;0;0;0;0;0;0;0;0;0;1;0;0;0;0;0;1
3;2014;0;0;22;Deinter 2;3584160;2;0;0;0;1;0;0;2;0;0;2;0;0;0;0;1;2
3;2014;0;0;23;Deinter 3;3535932;1;0;0;1;0;0;1;1;0;1;3;0;0;0;0;1;1
3;2014;0;0;24;Deinter 4;1852338;0;0;0;0;1;0;0;0;0;0;1;0;0;0;0;0;0
3;2014;0;0;25;Deinter 5;1550161;0;0;0;0;3;0;0;0;0;0;0;0;0;0;0;0;0
3;2014;0;0;26;Deinter 6;2065208;0;0;0;0;0;0;0;6;0;0;3;0;0;0;0;0;3
3;2014;0;0;27;Deinter 7;3004319;2;0;0;0;0;0;0;1;0;0;0;0;0;0;1;0;0
3;2014;0;0;28;Deinter 8;1138981;0;0;0;0;0;0;0;0;0;0;0;0;0;0;0;0;0
3;2014;0;0;29;Deinter 9;3157448;0;0;0;0;0;0;0;4;0;0;0;0;0;0;0;1;0
3;2014;0;0;30;Deinter 10;781161;0;0;0;0;0;0;0;0;0;0;0;0;0;0;0;0;0
3;2014;0;0;31;Decap;11895893;4;0;0;0;0;0;0;0;0;1;5;0;0;0;0;5;1
3;2014;0;0;32;Decap;11895893;1;0;0;2;1;0;0;1;0;0;2;0;0;0;0;2;1
3;2014;0;0;33;Decap;11895893;0;0;0;0;0;0;0;0;0;0;0;0;0;0;0;0;0
3;2015;0;0;19;Decap;11967825;18;0;0;0;3;0;0;16;0;2;15;0;0;0;0;2;5
3;2015;0;0;20;Demacro;9122966;9;0;0;1;6;0;0;9;0;0;5;0;0;0;2;2;3
3;2015;0;0;21;Deinter 1;2453387;0;0;0;0;1;0;0;1;0;0;0;0;0;0;0;0;0
3;2015;0;0;22;Deinter 2;3625638;1;0;0;0;1;0;0;0;0;0;2;0;0;0;0;1;2
3;2015;0;0;23;Deinter 3;3567652;0;0;0;0;0;0;0;2;0;0;0;0;0;0;0;1;0
3;2015;0;0;24;Deinter 4;1864091;0;0;0;0;0;0;0;1;0;0;1;2;0;0;0;0;0
3;2015;0;0;25;Deinter 5;1562060;0;0;0;0;0;0;0;2;0;0;1;0;0;0;0;0;0
3;2015;0;0;26;Deinter 6;2081531;8;0;0;0;0;0;0;1;0;1;2;0;0;0;0;0;0
3;2015;0;0;27;Deinter 7;3032659;4;0;0;1;0;0;0;2;0;0;0;0;0;0;0;5;0
3;2015;0;0;28;Deinter 8;1144506;0;0;0;0;0;0;0;0;0;0;0;0;0;0;0;0;0
3;2015;0;0;29;Deinter 9;3187564;1;0;0;0;0;0;0;0;0;0;1;0;0;0;0;0;0
3;2015;0;0;30;Deinter 10;786605;0;0;0;0;0;0;0;0;0;0;0;0;0;0;0;0;0
3;2015;0;0;31;Decap;11967825;11;0;0;1;0;0;0;0;0;0;0;0;0;0;1;1;0
3;2015;0;0;32;Decap;11967825;1;0;0;2;2;0;0;1;0;0;6;0;0;0;1;7;2
3;2015;0;0;33;Decap;11967825;0;0;0;0;0;0;0;0;0;0;0;0;0;0;0;0;0
3;2016;0;0;19;Decap;12038175;26;2;0;0;0;0;0;8;15;9;4;1;0;0;4;6;6
3;2016;0;0;20;Demacro;9204764;6;2;0;0;0;0;0;5;4;0;0;0;0;0;0;1;1
3;2016;0;0;21;Deinter 1;2475879;1;0;0;0;0;0;0;1;0;0;0;0;0;1;0;1;0
3;2016;0;0;22;Deinter 2;3666201;0;0;0;0;0;0;0;0;0;0;0;0;0;0;0;2;0
3;2016;0;0;23;Deinter 3;3598661;3;1;0;0;0;0;0;1;0;0;0;0;0;0;0;1;1
3;2016;0;0;24;Deinter 4;1875589;0;0;0;0;0;0;1;1;0;0;0;0;0;0;0;0;0
3;2016;0;0;25;Deinter 5;1573701;1;0;0;0;0;0;0;0;0;0;0;0;0;0;0;0;0
3;2016;0;0;26;Deinter 6;2097502;4;2;0;0;0;0;0;4;2;0;0;0;0;1;1;1;0
3;2016;0;0;27;Deinter 7;3060372;0;1;0;0;0;0;0;4;0;0;2;0;0;0;0;1;0
3;2016;0;0;28;Deinter 8;1149906;0;0;0;0;0;0;0;0;0;0;0;0;0;0;0;0;0
3;2016;0;0;29;Deinter 9;3217014;1;0;0;0;0;0;0;1;3;0;0;0;0;0;0;3;0
3;2016;0;0;30;Deinter 10;791935;0;0;0;0;0;0;0;0;0;0;0;0;0;0;0;0;0
3;2016;0;0;31;Decap;12038175;7;1;0;0;0;0;0;0;0;0;0;0;0;0;1;3;0
3;2016;0;0;32;Decap;12038175;0;0;0;0;0;0;1;1;1;0;0;0;0;0;0;1;2
3;2016;0;0;33;Decap;12038175;0;0;0;0;0;0;0;0;0;0;0;0;0;0;0;0;0
3;2017;1;0;19;Decap;12106920;12;6;0;1;0;0;0;18;26;2;3;0;0;0;2;6;9
3;2017;1;0;20;Demacro;9284704;2;5;0;0;0;0;0;10;4;3;1;1;0;0;0;5;3
3;2017;1;0;21;Deinter 1;2497857;2;0;0;0;0;0;0;2;0;0;0;0;0;0;0;2;1
3;2017;1;0;22;Deinter 2;3705840;2;0;0;0;0;0;0;0;0;1;0;0;0;0;0;2;0
3;2017;1;0;23;Deinter 3;3654014;1;0;0;0;0;0;0;0;3;2;0;0;0;1;0;1;0
3;2017;1;0;24;Deinter 4;1886819;1;0;0;0;0;0;0;1;0;0;0;0;0;0;0;0;0
3;2017;1;0;25;Deinter 5;1565726;0;0;0;0;0;0;0;1;0;2;0;0;0;0;0;0;0
3;2017;1;0;26;Deinter 6;2113105;2;1;0;0;0;0;0;6;0;1;2;0;0;0;0;1;1
3;2017;1;0;27;Deinter 7;3087457;4;0;0;0;0;0;0;2;0;1;0;0;0;0;0;1;0
3;2017;1;0;28;Deinter 8;1149492;0;0;0;0;0;0;0;0;0;0;0;1;0;0;0;0;0
3;2017;1;0;29;Deinter 9;3245798;0;0;0;0;0;0;0;0;1;0;0;0;0;0;0;1;0
3;2017;1;0;30;Deinter 10;797134;0;0;0;0;0;0;0;0;0;0;0;0;0;0;0;0;0
3;2017;1;0;31;Decap;12106920;11;0;0;0;0;0;0;0;3;0;0;0;0;0;0;1;0
3;2017;1;0;32;Decap;12106920;1;3;0;0;0;0;0;2;0;0;1;0;0;0;0;1;1
3;2017;1;0;33;Decap;12106920;0;0;0;0;0;0;0;0;0;0;0;0;0;0;0;0;0
3;2018;1;0;19;Decap;12176866;10;3;0;1;0;1;0;26;9;4;2;1;1;0;1;5;3
3;2018;1;0;20;Demacro;9394415;8;2;0;0;0;0;1;7;4;1;1;0;0;0;0;1;2
3;2018;1;0;21;Deinter 1;2528345;3;0;0;0;0;0;0;1;1;1;0;0;0;0;0;0;0
3;2018;1;0;22;Deinter 2;3765555;1;1;0;0;0;1;0;1;0;0;0;0;0;0;0;0;1
3;2018;1;0;23;Deinter 3;3694912;2;0;0;0;0;0;0;2;1;1;0;0;0;0;1;1;1
3;2018;1;0;24;Deinter 4;1898795;0;0;0;0;0;0;0;1;0;0;0;2;0;1;0;0;0
3;2018;1;0;25;Deinter 5;1579772;0;0;0;0;0;0;0;1;0;0;0;0;0;0;0;0;1
3;2018;1;0;26;Deinter 6;2132735;4;1;0;0;0;0;0;3;1;1;0;0;0;0;1;1;2
3;2018;1;0;27;Deinter 7;3124964;3;0;0;0;0;0;0;1;0;0;0;0;0;0;0;0;1
3;2018;1;0;28;Deinter 8;1153568;1;0;0;0;0;0;0;2;0;0;0;0;0;0;0;1;0
3;2018;1;0;29;Deinter 9;3285865;1;0;0;0;0;0;0;0;0;1;0;0;0;0;0;0;1
3;2018;1;0;30;Deinter 10;803144;0;0;0;0;0;0;0;0;0;0;0;0;0;0;0;0;0
3;2018;1;0;31;Decap;12176866;10;1;0;0;0;0;0;0;1;0;1;0;0;0;0;0;2
3;2018;1;0;32;Decap;12176866;0;1;0;0;0;0;0;1;3;0;0;0;0;0;0;1;0
3;2018;1;0;33;Decap;12176866;0;0;0;0;0;0;0;0;0;0;0;0;0;0;0;0;0
3;2019;0;0;19;Decap;12252023;18;8;0;0;NA;0;1;11;4;3;2;1;0;1;0;4;4
3;2019;0;0;20;Demacro;NA;15;1;0;0;NA;0;0;6;5;1;1;1;0;0;0;1;1
3;2019;0;0;21;Deinter 1;2552610;3;0;0;0;NA;1;0;2;0;0;0;0;0;0;0;0;0
3;2019;0;0;22;Deinter 2;NA;3;0;0;0;NA;0;0;1;2;0;0;0;0;0;0;0;0
3;2019;0;0;23;Deinter 3;3728399;4;0;0;0;NA;0;0;4;0;0;0;0;0;0;0;0;0
3;2019;0;0;24;Deinter 4;1911091;1;1;0;0;NA;0;0;1;0;0;0;0;0;0;0;0;0
3;2019;0;0;25;Deinter 5;1592219;0;0;0;0;NA;0;0;0;0;0;0;0;0;0;0;0;1
3;2019;0;0;26;Deinter 6;2149906;3;1;0;0;NA;0;0;3;1;0;0;0;0;0;0;0;0
3;2019;0;0;27;Deinter 7;3154869;7;0;0;0;NA;0;0;0;0;0;0;0;0;0;0;1;1
3;2019;0;0;28;Deinter 8;1159300;0;0;0;0;NA;0;0;1;0;0;0;0;0;0;0;1;0
3;2019;0;0;29;Deinter 9;3317647;3;0;0;0;NA;0;0;1;0;0;0;0;1;0;0;1;0
3;2019;0;0;30;Deinter 10;808855;0;0;0;0;NA;0;0;0;0;0;0;0;0;0;0;0;0
3;2019;0;0;31;Decap;12252023;9;1;0;0;NA;0;0;0;0;0;1;0;0;0;0;0;1
3;2019;0;0;32;Decap;12252023;1;1;0;0;NA;0;0;0;2;1;2;0;0;0;1;0;1
3;2019;0;0;33;Decap;12252023;0;0;0;0;NA;0;0;0;0;0;0;0;0;0;0;0;0
3;2020;1;0;19;Decap;12325232;11;4;0;0;NA;0;0;20;4;0;0;0;0;0;2;4;5
3;2020;1;0;20;Demacro;9568610;15;2;0;1;NA;0;0;8;3;3;1;0;0;0;0;4;2
3;2020;1;0;21;Deinter 1;2576250;3;0;0;0;NA;0;0;1;0;0;0;0;0;0;0;0;0
3;2020;1;0;22;Deinter 2;3852244;9;1;0;0;NA;0;0;0;0;0;0;0;0;0;0;1;0
3;2020;1;0;23;Deinter 3;3761025;3;0;0;0;NA;0;0;3;1;0;0;0;0;0;0;0;0
3;2020;1;0;24;Deinter 4;1923070;0;0;0;0;NA;0;0;0;0;0;0;0;0;0;0;0;1
3;2020;1;0;25;Deinter 5;1604342;2;0;0;0;NA;0;0;2;0;0;0;0;0;0;0;0;1
3;2020;1;0;26;Deinter 6;2166632;3;2;0;0;NA;0;0;3;1;0;0;0;0;2;0;3;1
3;2020;1;0;27;Deinter 7;3184000;0;0;0;0;NA;0;0;1;0;0;0;0;0;1;0;1;1
3;2020;1;0;28;Deinter 8;1164891;0;0;0;0;NA;0;0;0;0;0;0;0;0;0;0;0;0
3;2020;1;0;29;Deinter 9;3348615;5;0;0;0;NA;0;0;1;0;0;0;0;0;1;0;0;0
3;2020;1;0;30;Deinter 10;814422;0;0;0;0;NA;0;0;0;0;0;0;0;0;0;0;0;0
3;2020;1;0;31;Decap;12325232;13;1;0;0;NA;0;0;0;0;0;0;0;0;0;0;2;1
3;2020;1;0;32;Decap;12325232;0;1;0;0;NA;0;0;1;1;0;1;0;0;0;0;1;1
3;2020;1;0;33;Decap;12325232;0;0;0;0;NA;0;0;0;0;0;0;0;0;0;0;0;0
3;2021;0;0;19;Decap;12396372;12;8;0;0;NA;0;0;7;3;2;5;0;0;0;0;1;1
3;2021;0;0;20;Demacro;9652132;13;0;0;0;NA;0;0;2;2;1;0;0;0;0;0;1;0
3;2021;0;0;21;Deinter 1;2599218;1;0;0;0;NA;0;0;1;0;0;0;0;0;0;0;2;0
3;2021;0;0;22;Deinter 2;3893806;4;1;0;0;NA;0;0;2;0;0;0;0;0;0;0;0;2
3;2021;0;0;23;Deinter 3;3792726;4;0;0;0;NA;0;0;1;0;0;0;0;0;0;0;1;1
3;2021;0;0;24;Deinter 4;1934714;0;0;0;0;NA;0;0;1;0;0;0;0;0;0;0;0;0
3;2021;0;0;25;Deinter 5;1616129;1;0;0;0;NA;0;0;0;0;0;0;0;0;0;0;0;0
3;2021;0;0;26;Deinter 6;2182882;1;0;1;0;NA;0;0;3;0;0;0;0;0;0;0;0;1
3;2021;0;0;27;Deinter 7;3212306;0;0;0;0;NA;0;0;0;1;0;0;0;0;0;0;0;1
3;2021;0;0;28;Deinter 8;1170317;0;0;0;0;NA;0;0;0;0;0;0;0;0;0;1;0;0
3;2021;0;0;29;Deinter 9;3378700;1;0;0;0;NA;0;0;0;0;0;0;0;0;0;1;1;0
3;2021;0;0;30;Deinter 10;819830;0;0;0;0;NA;0;0;0;0;0;0;0;0;0;0;0;0
3;2021;0;0;31;Decap;12396372;12;3;0;0;NA;0;0;1;2;0;0;0;0;0;0;1;0
3;2021;0;0;32;Decap;12396372;2;2;0;1;NA;0;0;0;1;0;0;0;0;0;0;0;1
3;2021;0;0;33;Decap;12396372;0;0;0;0;NA;0;0;0;0;0;0;0;0;0;0;0;0
3;2022;0;0;19;Decap;12396372;9;9;0;1;NA;0;0;3;9;0;0;0;0;0;2;0;2
3;2022;0;0;20;Demacro;9652132;6;0;0;0;NA;0;0;3;3;0;0;0;0;0;0;1;1
3;2022;0;0;21;Deinter 1;2599218;1;0;0;0;NA;0;0;0;0;0;0;0;0;0;0;0;0
3;2022;0;0;22;Deinter 2;3893806;3;1;0;0;NA;0;0;1;2;0;0;0;0;0;0;0;0
3;2022;0;0;23;Deinter 3;3792726;1;0;0;0;NA;0;0;1;0;0;0;0;0;0;0;0;1
3;2022;0;0;24;Deinter 4;1934714;1;0;0;0;NA;0;0;0;0;0;0;0;0;0;0;0;0
3;2022;0;0;25;Deinter 5;1616129;1;0;0;0;NA;0;0;0;1;0;0;0;0;0;0;0;0
3;2022;0;0;26;Deinter 6;2182882;1;1;0;0;NA;0;0;2;3;0;0;0;0;0;0;0;1
3;2022;0;0;27;Deinter 7;3212306;2;0;0;0;NA;0;0;0;0;0;0;0;0;0;0;0;0
3;2022;0;0;28;Deinter 8;1170317;2;0;0;0;NA;0;0;1;0;0;0;0;0;0;0;0;0
3;2022;0;0;29;Deinter 9;3378700;2;0;0;0;NA;0;0;1;1;0;0;0;0;0;0;0;0
3;2022;0;0;30;Deinter 10;819830;0;0;0;0;NA;0;0;0;0;0;0;0;0;0;0;0;0
3;2022;0;0;31;Decap;12396372;4;1;0;0;NA;0;0;1;3;0;0;0;0;0;1;0;0
3;2022;0;0;32;Decap;12396372;0;0;0;0;NA;0;0;0;2;0;0;0;0;0;0;0;3
3;2022;0;0;33;Decap;12396372;0;0;0;0;NA;0;0;0;0;0;0;0;0;0;0;0;0
4;2010;0;0;19;Decap;11244369;21;0;0;3;1;0;0;4;0;0;1;2;0;1;1;13;3
4;2010;0;0;20;Demacro;8428213;15;0;0;0;3;0;1;4;0;0;4;2;0;0;1;0;3
4;2010;0;0;21;Deinter 1;2262723;0;0;0;0;0;0;0;1;0;0;0;0;0;0;1;0;1
4;2010;0;0;22;Deinter 2;3307513;2;0;0;0;0;0;0;0;0;0;3;0;0;0;0;2;1
4;2010;0;0;23;Deinter 3;3302679;0;0;0;0;1;0;0;1;0;0;0;0;0;0;0;1;0
4;2010;0;0;24;Deinter 4;1750734;0;0;0;0;0;0;0;0;0;0;0;0;0;0;0;0;0
4;2010;0;0;25;Deinter 5;1456209;0;0;0;0;0;0;0;0;0;0;0;0;0;0;0;0;0
4;2010;0;0;26;Deinter 6;1936708;6;0;0;0;0;0;0;2;0;0;1;0;0;0;1;2;0
4;2010;0;0;27;Deinter 7;2800360;0;0;0;0;0;0;0;4;0;0;0;0;0;0;0;0;0
4;2010;0;0;28;Deinter 8;1083047;0;0;0;0;0;2;0;3;0;0;0;0;0;0;0;2;0
4;2010;0;0;29;Deinter 9;2943524;3;0;0;0;0;0;0;2;0;1;0;1;0;0;2;1;1
4;2010;0;0;30;Deinter 10;736081;NA;NA;NA;NA;NA;NA;NA;NA;NA;NA;NA;NA;NA;NA;NA;NA;NA
4;2010;0;0;31;Decap;11244369;10;0;0;0;3;0;0;0;0;0;4;0;0;0;0;2;2
4;2010;0;0;32;Decap;11244369;1;0;0;0;2;0;0;0;0;0;1;0;0;0;0;4;0
4;2010;0;0;33;Decap;11244369;NA;NA;NA;NA;NA;NA;NA;NA;NA;NA;NA;NA;NA;NA;NA;NA;NA
4;2011;0;0;19;Decap;11316119;9;0;1;3;2;0;0;9;2;0;6;1;0;1;0;16;11
4;2011;0;0;20;Demacro;8506440;5;0;0;2;2;0;0;5;0;1;10;2;0;0;0;5;2
4;2011;0;0;21;Deinter 1;2285528;2;0;0;0;0;0;0;3;0;1;1;0;0;0;0;1;0
4;2011;0;0;22;Deinter 2;3346411;0;0;0;0;0;0;0;1;0;0;0;2;1;0;0;5;1
4;2011;0;0;23;Deinter 3;3330732;1;0;0;0;0;0;0;2;0;0;0;0;0;0;0;2;0
4;2011;0;0;24;Deinter 4;1760330;0;0;0;0;0;0;0;0;0;0;0;1;0;0;0;3;0
4;2011;0;0;25;Deinter 5;1466615;1;0;0;0;0;0;0;0;0;0;0;0;1;0;0;5;1
4;2011;0;0;26;Deinter 6;1952342;1;0;0;0;0;1;0;2;0;0;2;0;0;0;2;3;2
4;2011;0;0;27;Deinter 7;2825535;0;0;1;0;0;0;0;1;0;0;0;0;0;0;0;3;2
4;2011;0;0;28;Deinter 8;1087849;0;0;0;0;0;0;0;1;0;0;0;0;0;0;0;2;1
4;2011;0;0;29;Deinter 9;2968472;0;0;0;0;0;0;0;2;0;0;1;0;0;0;0;0;2
4;2011;0;0;30;Deinter 10;740809;0;0;0;0;0;0;0;0;0;0;0;0;0;0;0;0;0
4;2011;0;0;31;Decap;11316119;6;0;0;0;0;0;0;0;0;0;1;0;0;0;0;0;1
4;2011;0;0;32;Decap;11316119;0;0;0;3;0;1;0;1;0;1;1;0;0;0;0;1;5
4;2011;0;0;33;Decap;11316119;NA;NA;NA;NA;NA;NA;NA;NA;NA;NA;NA;NA;NA;NA;NA;NA;NA
4;2012;0;0;19;Decap;11376685;14;0;1;2;0;0;0;18;0;1;17;1;0;0;4;7;9
4;2012;0;0;20;Demacro;8579905;5;0;0;1;0;0;0;8;0;0;2;0;1;1;1;4;4
4;2012;0;0;21;Deinter 1;2305758;0;0;0;0;0;0;0;0;0;0;0;0;0;0;0;1;2
4;2012;0;0;22;Deinter 2;3383407;1;0;0;1;0;0;0;1;0;1;2;0;0;0;0;0;4
4;2012;0;0;23;Deinter 3;3358517;0;0;0;0;0;0;0;1;0;0;0;0;0;0;0;0;0
4;2012;0;0;24;Deinter 4;1770282;0;0;0;0;0;0;0;0;0;1;0;0;0;0;0;0;1
4;2012;0;0;25;Deinter 5;1476901;5;0;0;0;0;0;0;0;0;0;0;0;0;0;0;2;0
4;2012;0;0;26;Deinter 6;1966489;2;0;0;0;0;0;0;3;0;2;0;0;0;0;1;3;0
4;2012;0;0;27;Deinter 7;2850458;1;0;0;0;0;0;0;0;0;0;1;0;0;0;0;2;0
4;2012;0;0;28;Deinter 8;1092359;0;0;0;0;0;0;0;0;0;0;0;0;0;0;0;0;0
4;2012;0;0;29;Deinter 9;2994987;1;0;0;0;0;0;0;2;0;0;1;0;0;2;0;3;1
4;2012;0;0;30;Deinter 10;745471;0;0;0;0;0;0;0;0;0;0;0;0;0;0;0;0;0
4;2012;0;0;31;Decap;11376685;7;0;0;1;2;0;0;0;0;0;1;0;0;0;0;1;2
4;2012;0;0;32;Decap;11376685;0;0;0;3;0;0;1;3;0;0;2;0;0;0;1;1;2
4;2012;0;0;33;Decap;11376685;NA;NA;NA;NA;NA;NA;NA;NA;NA;NA;NA;NA;NA;NA;NA;NA;NA
4;2013;0;0;19;Decap;11821873;6;0;0;1;4;0;0;11;2;1;8;3;0;1;3;3;8
4;2013;0;0;20;Demacro;8953241;10;0;0;2;4;1;0;1;0;2;6;0;0;0;0;0;1
4;2013;0;0;21;Deinter 1;2406735;2;0;0;0;0;0;0;0;0;1;0;0;0;0;0;0;0
4;2013;0;0;22;Deinter 2;3541481;2;0;0;1;0;0;0;2;0;1;1;0;0;0;0;1;3
4;2013;0;0;23;Deinter 3;3503301;0;0;0;0;0;0;0;0;0;0;3;0;0;0;0;2;0
4;2013;0;0;24;Deinter 4;1840239;0;0;0;0;0;0;0;0;0;0;0;0;0;0;0;0;0
4;2013;0;0;25;Deinter 5;1537918;1;0;0;0;0;0;0;0;0;0;0;0;0;0;0;1;0
4;2013;0;0;26;Deinter 6;2048410;2;0;0;0;0;0;0;0;0;0;7;1;0;0;2;1;3
4;2013;0;0;27;Deinter 7;2975156;1;0;0;0;0;0;0;1;0;0;0;0;0;0;0;0;0
4;2013;0;0;28;Deinter 8;1133298;0;0;0;0;0;0;0;0;0;0;1;0;2;0;0;0;0
4;2013;0;0;29;Deinter 9;3126459;0;0;0;0;0;0;0;1;0;0;0;0;0;0;0;1;0
4;2013;0;0;30;Deinter 10;775558;0;0;0;0;0;0;0;0;0;0;0;0;0;0;0;0;0
4;2013;0;0;31;Decap;11821873;3;0;0;1;0;1;0;0;0;0;3;1;0;0;1;2;3
4;2013;0;0;32;Decap;11821873;0;0;0;1;0;0;0;1;0;0;0;0;0;0;0;0;1
4;2013;0;0;33;Decap;11821873;0;0;0;0;0;0;0;0;0;0;0;0;0;0;0;0;0
4;2014;0;0;19;Decap;11895893;19;0;1;2;10;0;1;21;0;2;11;0;1;0;1;7;8
4;2014;0;0;20;Demacro;9039311;20;0;0;2;2;0;0;6;0;1;6;0;0;0;1;1;4
4;2014;0;0;21;Deinter 1;2430392;0;0;0;0;1;0;0;3;0;0;3;0;0;0;0;0;1
4;2014;0;0;22;Deinter 2;3584160;3;0;0;0;0;0;0;1;0;0;0;1;0;0;1;2;1
4;2014;0;0;23;Deinter 3;3535932;0;0;0;0;2;0;0;7;0;0;1;0;0;0;0;1;1
4;2014;0;0;24;Deinter 4;1852338;0;0;0;0;0;0;1;1;0;0;0;0;0;0;0;0;3
4;2014;0;0;25;Deinter 5;1550161;0;0;0;0;0;0;0;1;0;0;1;0;0;0;0;1;0
4;2014;0;0;26;Deinter 6;2065208;3;0;0;0;0;0;0;3;0;1;4;1;0;0;0;1;1
4;2014;0;0;27;Deinter 7;3004319;1;0;0;0;0;0;0;1;0;0;0;0;0;1;0;4;0
4;2014;0;0;28;Deinter 8;1138981;0;0;0;0;0;0;0;0;0;0;0;0;0;0;0;0;0
4;2014;0;0;29;Deinter 9;3157448;1;0;0;0;0;0;0;1;0;1;1;0;0;0;0;1;1
4;2014;0;0;30;Deinter 10;781161;0;0;0;0;0;0;0;0;0;0;0;0;0;0;0;0;0
4;2014;0;0;31;Decap;11895893;3;0;0;1;0;0;0;0;0;0;3;0;0;0;1;0;1
4;2014;0;0;32;Decap;11895893;0;0;0;1;2;0;0;0;0;0;3;0;0;0;1;0;2
4;2014;0;0;33;Decap;11895893;0;0;0;0;0;0;0;0;0;0;0;0;0;0;0;0;0
4;2015;1;0;19;Decap;11967825;21;5;0;1;0;0;0;26;10;2;1;0;0;1;3;4;6
4;2015;1;0;20;Demacro;9122966;12;6;0;0;0;0;0;7;5;1;1;0;0;0;1;5;4
4;2015;1;0;21;Deinter 1;2453387;1;0;0;0;0;0;0;3;3;0;0;0;0;0;0;0;1
4;2015;1;0;22;Deinter 2;3625638;3;1;0;0;0;0;0;1;0;0;0;0;0;0;0;0;1
4;2015;1;0;23;Deinter 3;3567652;4;0;0;0;0;0;0;2;0;0;0;0;0;0;0;1;0
4;2015;1;0;24;Deinter 4;1864091;0;0;0;0;0;0;0;0;0;1;0;0;0;1;0;1;0
4;2015;1;0;25;Deinter 5;1562060;0;0;0;0;0;0;0;0;0;1;0;0;0;0;0;0;1
4;2015;1;0;26;Deinter 6;2081531;4;0;0;0;0;0;0;5;2;0;0;0;0;0;0;1;0
4;2015;1;0;27;Deinter 7;3032659;4;0;0;0;0;0;0;2;1;0;0;0;0;0;0;0;0
4;2015;1;0;28;Deinter 8;1144506;0;0;0;0;0;0;0;0;0;0;0;0;0;0;0;0;0
4;2015;1;0;29;Deinter 9;3187564;5;0;0;0;0;0;0;2;0;2;0;0;0;0;0;0;1
4;2015;1;0;30;Deinter 10;786605;0;0;0;0;0;0;0;0;0;0;0;0;0;0;0;0;0
4;2015;1;0;31;Decap;11967825;4;2;0;0;0;0;0;0;4;0;1;0;0;0;0;1;1
4;2015;1;0;32;Decap;11967825;1;0;0;0;0;0;0;1;2;0;0;0;0;0;0;2;2
4;2015;1;0;33;Decap;11967825;0;0;0;0;0;0;0;0;0;0;0;0;0;0;0;0;0
4;2016;0;0;19;Decap;12038175;22;8;0;0;0;0;0;11;12;1;2;1;0;1;1;3;10
4;2016;0;0;20;Demacro;9204764;8;5;0;0;0;0;0;7;5;0;2;0;0;0;1;3;1
4;2016;0;0;21;Deinter 1;2475879;0;0;0;0;0;0;0;1;0;0;0;0;0;0;0;0;0
4;2016;0;0;22;Deinter 2;3666201;2;0;0;0;0;0;0;2;0;0;0;0;0;0;0;1;0
4;2016;0;0;23;Deinter 3;3598661;5;0;0;0;0;0;0;0;0;0;0;0;0;0;0;0;1
4;2016;0;0;24;Deinter 4;1875589;0;0;0;0;0;0;0;0;0;2;0;0;0;0;0;1;0
4;2016;0;0;25;Deinter 5;1573701;0;1;0;0;0;0;0;0;0;0;0;0;0;0;1;0;0
4;2016;0;0;26;Deinter 6;2097502;2;1;0;0;0;0;0;4;1;2;0;0;0;0;0;3;0
4;2016;0;0;27;Deinter 7;3060372;6;0;0;0;0;0;0;0;0;1;0;0;0;0;1;0;1
4;2016;0;0;28;Deinter 8;1149906;1;0;0;0;0;0;0;0;0;0;0;0;0;1;0;0;0
4;2016;0;0;29;Deinter 9;3217014;4;1;0;0;0;0;0;0;1;0;0;0;0;0;0;0;0
4;2016;0;0;30;Deinter 10;791935;0;0;0;0;0;0;0;0;2;0;0;0;0;0;0;0;0
4;2016;0;0;31;Decap;12038175;3;3;0;0;0;0;0;0;3;0;2;0;0;0;0;0;3
4;2016;0;0;32;Decap;12038175;0;1;0;0;0;0;0;1;3;0;0;0;0;2;2;2;6
4;2016;0;0;33;Decap;12038175;0;0;0;0;0;0;0;0;0;0;0;0;0;0;0;0;0
4;2017;1;0;19;Decap;12106920;24;12;0;0;0;1;0;15;6;7;4;0;0;1;0;5;6
4;2017;1;0;20;Demacro;9284704;15;8;0;0;0;2;0;8;5;2;1;0;0;0;0;4;1
4;2017;1;0;21;Deinter 1;2497857;0;0;0;0;0;0;1;5;0;0;0;2;0;0;0;2;0
4;2017;1;0;22;Deinter 2;3705840;2;1;0;0;0;0;0;2;1;0;0;0;0;0;0;0;0
4;2017;1;0;23;Deinter 3;3654014;0;0;0;0;0;0;0;0;1;0;0;0;0;0;0;2;1
4;2017;1;0;24;Deinter 4;1886819;0;0;0;1;0;0;0;4;0;0;2;0;0;0;0;0;0
4;2017;1;0;25;Deinter 5;1565726;2;0;0;0;0;0;0;1;1;0;0;0;0;0;0;0;0
4;2017;1;0;26;Deinter 6;2113105;2;0;0;0;0;1;2;5;1;1;0;0;0;0;1;0;1
4;2017;1;0;27;Deinter 7;3087457;1;0;0;0;0;0;0;1;0;0;0;1;0;0;0;2;0
4;2017;1;0;28;Deinter 8;1149492;0;0;0;0;0;0;0;0;0;0;0;0;0;0;0;2;0
4;2017;1;0;29;Deinter 9;3245798;3;0;0;0;0;0;0;3;0;0;0;0;0;0;0;1;0
4;2017;1;0;30;Deinter 10;797134;0;0;0;0;0;0;0;0;0;0;0;0;0;0;0;0;0
4;2017;1;0;31;Decap;12106920;5;1;0;0;0;0;0;0;0;0;0;0;0;0;0;0;0
4;2017;1;0;32;Decap;12106920;0;3;0;0;0;0;0;1;0;0;0;0;1;0;0;3;3
4;2017;1;0;33;Decap;12106920;0;0;0;0;0;0;0;0;0;0;0;0;0;0;0;0;1
4;2018;0;0;19;Decap;12176866;21;6;0;0;0;0;0;18;9;3;7;0;0;0;1;4;1
4;2018;0;0;20;Demacro;9394415;8;1;0;0;0;0;0;10;0;4;0;2;0;0;1;4;2
4;2018;0;0;21;Deinter 1;2528345;2;0;0;0;0;0;0;1;0;1;0;0;0;0;0;1;0
4;2018;0;0;22;Deinter 2;3765555;3;0;0;0;0;0;0;2;1;0;0;0;0;1;1;6;0
4;2018;0;0;23;Deinter 3;3694912;2;0;0;0;0;0;0;5;0;1;0;0;0;0;0;2;0
4;2018;0;0;24;Deinter 4;1898795;1;0;0;0;0;0;0;0;0;0;0;0;0;0;0;0;0
4;2018;0;0;25;Deinter 5;1579772;3;0;0;0;0;0;0;0;0;0;0;0;0;0;0;1;0
4;2018;0;0;26;Deinter 6;2132735;8;1;0;0;0;0;0;2;0;1;0;1;0;0;2;2;0
4;2018;0;0;27;Deinter 7;3124964;1;0;0;0;0;0;0;0;0;0;0;0;1;0;0;0;2
4;2018;0;0;28;Deinter 8;1153568;0;0;0;0;0;0;0;0;0;0;0;0;0;0;0;0;0
4;2018;0;0;29;Deinter 9;3285865;3;0;0;0;0;0;0;3;2;1;0;0;0;0;0;1;0
4;2018;0;0;30;Deinter 10;803144;0;0;0;0;0;0;0;0;0;0;0;0;0;0;0;0;0
4;2018;0;0;31;Decap;12176866;4;4;0;0;0;0;0;3;0;1;1;0;0;0;0;0;1
4;2018;0;0;32;Decap;12176866;1;0;0;0;0;0;0;0;1;0;0;0;0;0;0;1;3
4;2018;0;0;33;Decap;12176866;0;0;0;0;0;0;0;0;0;0;0;0;0;0;0;0;0
4;2019;1;0;19;Decap;12252023;14;1;0;0;NA;0;0;16;7;1;7;1;0;0;1;5;5
4;2019;1;0;20;Demacro;NA;9;3;0;0;NA;0;0;1;2;0;0;3;1;0;0;1;1
4;2019;1;0;21;Deinter 1;2552610;1;0;0;0;NA;0;0;4;1;0;0;0;0;0;0;0;0
4;2019;1;0;22;Deinter 2;NA;2;0;0;0;NA;0;0;0;1;0;0;0;0;0;0;0;0
4;2019;1;0;23;Deinter 3;3728399;4;0;0;0;NA;0;0;3;0;0;0;0;0;0;0;0;0
4;2019;1;0;24;Deinter 4;1911091;1;0;0;0;NA;0;0;0;0;0;0;0;0;0;0;1;0
4;2019;1;0;25;Deinter 5;1592219;1;0;0;0;NA;0;0;0;0;0;0;0;0;0;0;0;0
4;2019;1;0;26;Deinter 6;2149906;10;0;0;0;NA;0;0;4;0;4;0;0;0;0;0;1;1
4;2019;1;0;27;Deinter 7;3154869;0;0;0;0;NA;0;0;3;0;0;0;0;0;0;0;0;1
4;2019;1;0;28;Deinter 8;1159300;1;0;0;0;NA;0;0;0;0;1;0;0;0;0;0;0;0
4;2019;1;0;29;Deinter 9;3317647;6;0;0;0;NA;0;0;0;0;1;0;0;0;0;0;0;0
4;2019;1;0;30;Deinter 10;808855;0;0;0;0;NA;0;0;0;0;0;0;0;0;0;0;0;0
4;2019;1;0;31;Decap;12252023;21;1;0;0;NA;0;0;0;0;0;1;0;0;0;1;0;1
4;2019;1;0;32;Decap;12252023;1;0;0;0;NA;0;0;1;1;0;1;0;1;1;0;2;4
4;2019;1;0;33;Decap;12252023;0;0;0;0;NA;0;0;0;0;0;0;0;1;0;0;0;0
4;2020;0;0;19;Decap;12325232;28;5;0;0;NA;0;0;13;8;4;2;1;0;1;0;8;3
4;2020;0;0;20;Demacro;9568610;21;6;0;1;NA;0;0;10;2;1;1;0;0;0;0;0;1
4;2020;0;0;21;Deinter 1;2576250;4;0;0;1;NA;0;0;1;1;0;4;1;0;1;0;4;0
4;2020;0;0;22;Deinter 2;3852244;3;1;0;0;NA;0;0;1;0;1;0;0;0;0;0;0;0
4;2020;0;0;23;Deinter 3;3761025;4;0;0;1;NA;0;0;2;0;0;1;0;1;0;0;0;1
4;2020;0;0;24;Deinter 4;1923070;1;0;0;0;NA;0;0;0;0;0;0;0;0;0;0;0;0
4;2020;0;0;25;Deinter 5;1604342;0;0;0;0;NA;0;0;1;0;0;0;0;0;0;0;0;0
4;2020;0;0;26;Deinter 6;2166632;12;0;0;0;NA;0;0;3;0;0;1;0;0;0;0;0;0
4;2020;0;0;27;Deinter 7;3184000;2;0;0;0;NA;0;0;0;0;0;0;1;0;0;0;1;0
4;2020;0;0;28;Deinter 8;1164891;2;0;0;0;NA;0;0;0;0;0;0;0;0;0;0;0;0
4;2020;0;0;29;Deinter 9;3348615;12;1;0;0;NA;0;0;1;0;0;0;0;0;0;0;0;0
4;2020;0;0;30;Deinter 10;814422;0;0;0;0;NA;0;0;0;0;0;0;0;0;0;0;0;0
4;2020;0;0;31;Decap;12325232;13;1;0;0;NA;0;0;0;2;0;1;0;0;0;0;2;0
4;2020;0;0;32;Decap;12325232;0;0;0;0;NA;1;0;0;3;0;0;0;0;1;0;1;2
4;2020;0;0;33;Decap;12325232;0;0;0;0;NA;0;0;0;0;0;0;0;0;0;0;0;0
4;2021;0;0;19;Decap;12396372;8;2;0;1;NA;0;0;2;7;0;0;0;0;0;0;2;0
4;2021;0;0;20;Demacro;9652132;12;0;0;0;NA;1;0;2;1;1;0;0;0;0;0;0;2
4;2021;0;0;21;Deinter 1;2599218;1;0;0;0;NA;0;0;1;0;0;0;0;0;0;0;0;0
4;2021;0;0;22;Deinter 2;3893806;0;0;0;0;NA;0;0;0;0;0;0;0;0;0;0;0;0
4;2021;0;0;23;Deinter 3;3792726;4;0;0;0;NA;0;0;2;0;0;0;0;0;0;0;0;0
4;2021;0;0;24;Deinter 4;1934714;0;0;0;0;NA;0;0;1;0;0;0;0;0;0;0;0;0
4;2021;0;0;25;Deinter 5;1616129;0;0;0;0;NA;0;0;1;0;0;0;0;0;0;0;0;0
4;2021;0;0;26;Deinter 6;2182882;8;0;0;0;NA;0;0;0;0;0;0;0;0;0;0;0;0
4;2021;0;0;27;Deinter 7;3212306;1;0;0;0;NA;0;0;0;0;0;0;0;0;0;0;1;0
4;2021;0;0;28;Deinter 8;1170317;0;0;0;0;NA;0;0;0;0;0;0;0;0;0;0;0;0
4;2021;0;0;29;Deinter 9;3378700;3;2;0;0;NA;0;0;1;0;0;0;0;0;0;0;0;0
4;2021;0;0;30;Deinter 10;819830;0;0;0;0;NA;0;0;0;0;0;0;0;0;0;0;0;0
4;2021;0;0;31;Decap;12396372;8;1;0;0;NA;0;0;0;2;0;0;0;0;0;0;0;0
4;2021;0;0;32;Decap;12396372;0;2;0;0;NA;0;0;3;0;0;1;0;0;0;1;0;0
4;2021;0;0;33;Decap;12396372;0;0;0;0;NA;0;0;0;0;0;0;0;0;0;0;0;0
4;2022;0;0;19;Decap;12396372;7;6;0;1;NA;0;0;4;3;2;0;0;0;0;0;1;3
4;2022;0;0;20;Demacro;9652132;3;0;0;0;NA;0;0;3;1;0;0;0;0;0;0;4;1
4;2022;0;0;21;Deinter 1;2599218;0;0;0;0;NA;0;0;0;0;0;0;0;0;0;0;0;0
4;2022;0;0;22;Deinter 2;3893806;1;0;0;0;NA;0;0;1;0;0;0;0;0;0;0;1;1
4;2022;0;0;23;Deinter 3;3792726;1;2;0;0;NA;0;0;0;1;0;0;0;0;0;0;0;2
4;2022;0;0;24;Deinter 4;1934714;0;0;0;0;NA;0;0;0;1;0;0;0;0;0;0;0;0
4;2022;0;0;25;Deinter 5;1616129;2;0;0;0;NA;0;0;3;3;0;0;0;0;0;0;0;0
4;2022;0;0;26;Deinter 6;2182882;1;1;0;0;NA;0;1;0;2;1;0;0;0;0;0;0;1
4;2022;0;0;27;Deinter 7;3212306;1;0;0;0;NA;0;0;0;0;0;0;0;1;0;0;0;2
4;2022;0;0;28;Deinter 8;1170317;0;0;0;0;NA;0;0;0;0;0;0;0;0;0;0;0;0
4;2022;0;0;29;Deinter 9;3378700;0;0;0;0;NA;0;0;0;1;0;0;1;0;0;0;0;1
4;2022;0;0;30;Deinter 10;819830;0;0;0;0;NA;0;0;0;0;0;0;0;0;0;0;0;0
4;2022;0;0;31;Decap;12396372;0;1;0;0;NA;0;0;0;2;0;0;0;0;0;0;1;0
4;2022;0;0;32;Decap;12396372;0;2;0;0;NA;0;0;1;3;0;0;0;0;0;0;0;1
4;2022;0;0;33;Decap;12396372;0;0;0;0;NA;0;0;0;0;0;0;0;0;0;0;0;0
5;2010;0;0;19;Decap;11244369;13;0;1;1;1;0;0;8;0;0;7;2;1;2;2;14;11
5;2010;0;0;20;Demacro;8428213;10;0;0;0;1;0;0;1;0;1;1;2;0;0;0;1;2
5;2010;0;0;21;Deinter 1;2262723;0;0;0;0;0;0;0;2;0;0;0;0;0;0;0;0;0
5;2010;0;0;22;Deinter 2;3307513;1;0;0;0;0;0;0;1;0;0;0;1;0;0;0;4;1
5;2010;0;0;23;Deinter 3;3302679;0;0;0;0;0;0;0;4;0;0;0;0;0;0;0;0;2
5;2010;0;0;24;Deinter 4;1750734;1;0;0;0;0;0;0;0;0;0;0;0;0;0;0;0;0
5;2010;0;0;25;Deinter 5;1456209;1;0;0;0;0;0;1;1;0;0;0;0;0;0;0;0;0
5;2010;0;0;26;Deinter 6;1936708;1;0;0;0;0;0;0;4;0;0;0;0;0;0;1;3;3
5;2010;0;0;27;Deinter 7;2800360;1;0;0;0;0;0;0;0;0;0;0;0;0;0;0;0;0
5;2010;0;0;28;Deinter 8;1083047;0;0;0;0;0;0;1;1;0;0;0;0;0;0;0;2;1
5;2010;0;0;29;Deinter 9;2943524;2;0;0;0;0;0;1;5;0;1;0;0;0;0;0;3;2
5;2010;0;0;30;Deinter 10;736081;NA;NA;NA;NA;NA;NA;NA;NA;NA;NA;NA;NA;NA;NA;NA;NA;NA
5;2010;0;0;31;Decap;11244369;7;0;0;0;0;0;0;0;0;0;0;0;0;0;0;1;5
5;2010;0;0;32;Decap;11244369;0;0;0;0;2;1;0;0;0;1;2;0;0;0;3;2;6
5;2010;0;0;33;Decap;11244369;NA;NA;NA;NA;NA;NA;NA;NA;NA;NA;NA;NA;NA;NA;NA;NA;NA
5;2011;0;0;19;Decap;11316119;11;0;1;3;1;0;0;4;0;5;8;0;0;0;2;7;8
5;2011;0;0;20;Demacro;8506440;10;0;0;4;2;0;0;6;0;0;6;0;1;0;2;6;8
5;2011;0;0;21;Deinter 1;2285528;2;0;0;0;0;0;0;2;0;0;0;0;0;0;0;2;2
5;2011;0;0;22;Deinter 2;3346411;1;0;0;2;0;0;0;3;0;1;0;0;0;0;0;3;0
5;2011;0;0;23;Deinter 3;3330732;5;0;0;1;0;0;0;1;0;6;0;0;0;0;0;0;0
5;2011;0;0;24;Deinter 4;1760330;1;0;0;0;0;0;0;0;0;0;0;0;0;0;0;1;0
5;2011;0;0;25;Deinter 5;1466615;0;0;0;1;0;0;0;1;0;0;0;0;0;0;0;3;0
5;2011;0;0;26;Deinter 6;1952342;5;0;0;2;0;0;0;1;0;2;2;0;0;0;0;1;2
5;2011;0;0;27;Deinter 7;2825535;0;0;0;0;0;0;0;0;0;0;0;0;0;0;0;0;0
5;2011;0;0;28;Deinter 8;1087849;0;0;0;0;0;0;0;0;0;0;0;0;0;0;0;0;2
5;2011;0;0;29;Deinter 9;2968472;2;0;0;1;2;0;0;4;0;0;0;0;0;0;0;3;2
5;2011;0;0;30;Deinter 10;740809;0;0;0;0;0;0;0;0;0;0;0;0;0;0;0;0;0
5;2011;0;0;31;Decap;11316119;9;0;0;1;0;0;0;0;0;0;1;0;0;0;0;0;1
5;2011;0;0;32;Decap;11316119;0;0;0;0;0;0;0;0;0;0;0;0;0;1;0;3;6
5;2011;0;0;33;Decap;11316119;NA;NA;NA;NA;NA;NA;NA;NA;NA;NA;NA;NA;NA;NA;NA;NA;NA
5;2012;0;0;19;Decap;11376685;21;0;0;5;3;1;0;11;0;2;4;1;0;0;2;3;3
5;2012;0;0;20;Demacro;8579905;10;0;0;1;0;0;0;6;0;2;6;0;0;0;0;1;5
5;2012;0;0;21;Deinter 1;2305758;0;0;0;0;0;0;0;4;0;0;0;0;0;0;0;0;0
5;2012;0;0;22;Deinter 2;3383407;1;0;0;1;0;0;0;2;0;0;1;0;1;0;0;3;1
5;2012;0;0;23;Deinter 3;3358517;0;0;0;0;0;0;0;1;0;2;1;0;0;0;0;0;0
5;2012;0;0;24;Deinter 4;1770282;1;0;0;0;0;0;0;0;0;0;1;0;0;0;0;3;0
5;2012;0;0;25;Deinter 5;1476901;0;0;0;0;0;0;0;0;0;0;0;0;0;0;0;1;0
5;2012;0;0;26;Deinter 6;1966489;1;0;0;1;0;0;0;2;0;0;1;4;0;0;1;1;0
5;2012;0;0;27;Deinter 7;2850458;0;0;0;0;0;0;0;3;0;0;0;0;0;0;0;0;0
5;2012;0;0;28;Deinter 8;1092359;0;0;0;0;0;0;0;0;0;0;0;0;0;0;0;0;0
5;2012;0;0;29;Deinter 9;2994987;1;0;0;0;0;0;0;2;0;0;0;0;0;0;1;1;0
5;2012;0;0;30;Deinter 10;745471;0;0;0;0;0;0;0;0;0;0;0;0;0;0;0;0;0
5;2012;0;0;31;Decap;11376685;17;0;1;0;1;0;0;0;0;0;1;0;0;0;1;0;2
5;2012;0;0;32;Decap;11376685;0;0;0;2;1;0;0;2;0;0;2;0;0;3;1;2;1
5;2012;0;0;33;Decap;11376685;NA;NA;NA;NA;NA;NA;NA;NA;NA;NA;NA;NA;NA;NA;NA;NA;NA
5;2013;0;0;19;Decap;11821873;5;0;0;4;10;1;0;19;0;1;10;2;0;1;1;4;7
5;2013;0;0;20;Demacro;8953241;3;0;0;2;1;0;0;9;0;0;2;0;1;0;1;3;6
5;2013;0;0;21;Deinter 1;2406735;0;0;0;0;0;0;0;1;0;0;0;0;0;0;0;1;0
5;2013;0;0;22;Deinter 2;3541481;1;0;0;2;0;0;0;1;0;0;1;0;0;0;1;0;1
5;2013;0;0;23;Deinter 3;3503301;0;0;0;0;0;0;0;0;0;0;1;0;0;0;0;1;0
5;2013;0;0;24;Deinter 4;1840239;0;0;0;2;0;0;0;1;0;0;0;0;0;0;0;0;1
5;2013;0;0;25;Deinter 5;1537918;0;0;0;0;0;0;0;0;0;0;0;0;0;0;0;1;0
5;2013;0;0;26;Deinter 6;2048410;6;0;0;0;0;0;0;0;0;3;0;0;1;0;0;2;1
5;2013;0;0;27;Deinter 7;2975156;1;0;0;0;0;0;0;0;0;0;0;0;0;0;0;0;1
5;2013;0;0;28;Deinter 8;1133298;0;0;0;0;0;0;0;1;0;0;0;0;0;0;0;0;0
5;2013;0;0;29;Deinter 9;3126459;0;0;0;1;0;0;0;2;0;0;1;0;0;0;0;1;0
5;2013;0;0;30;Deinter 10;775558;0;0;0;0;0;0;0;0;0;0;0;0;0;0;0;0;0
5;2013;0;0;31;Decap;11821873;0;0;0;0;1;0;0;0;0;0;3;0;1;0;0;2;1
5;2013;0;0;32;Decap;11821873;1;0;0;0;1;0;0;0;0;0;0;0;2;1;1;5;3
5;2013;0;0;33;Decap;11821873;0;0;0;0;0;0;0;0;0;0;0;0;0;0;0;0;1
5;2014;0;0;19;Decap;11895893;27;0;0;6;3;0;0;21;0;6;15;0;0;0;4;13;9
5;2014;0;0;20;Demacro;9039311;18;0;0;2;7;0;0;10;0;0;5;0;0;0;1;5;1
5;2014;0;0;21;Deinter 1;2430392;2;0;0;0;0;0;0;2;0;0;0;0;0;0;0;0;1
5;2014;0;0;22;Deinter 2;3584160;3;0;0;0;0;0;0;2;0;0;0;0;0;0;0;0;0
5;2014;0;0;23;Deinter 3;3535932;2;0;0;0;0;0;0;3;0;2;2;0;0;0;0;0;1
5;2014;0;0;24;Deinter 4;1852338;0;0;0;0;0;0;0;0;0;0;0;1;0;0;0;1;0
5;2014;0;0;25;Deinter 5;1550161;0;0;0;0;0;0;0;0;0;0;0;0;0;0;0;0;0
5;2014;0;0;26;Deinter 6;2065208;3;0;0;0;1;0;0;2;0;0;0;0;0;0;0;3;0
5;2014;0;0;27;Deinter 7;3004319;0;0;0;0;0;0;0;2;0;0;0;0;0;0;1;1;0
5;2014;0;0;28;Deinter 8;1138981;0;0;0;0;0;0;0;1;0;0;0;0;0;0;0;0;1
5;2014;0;0;29;Deinter 9;3157448;0;0;0;0;0;0;0;1;0;0;0;0;0;0;0;0;1
5;2014;0;0;30;Deinter 10;781161;0;0;0;0;0;0;0;0;0;0;0;0;0;0;0;0;0
5;2014;0;0;31;Decap;11895893;2;0;0;1;0;0;0;0;0;0;3;1;0;0;0;2;1
5;2014;0;0;32;Decap;11895893;0;0;0;2;1;0;0;1;0;0;5;0;0;2;0;1;3
5;2014;0;0;33;Decap;11895893;0;0;0;0;0;0;0;0;0;0;0;0;0;0;0;0;0
5;2015;0;0;19;Decap;11967825;21;11;0;0;0;0;0;10;10;2;4;0;1;0;3;9;3
5;2015;0;0;20;Demacro;9122966;9;3;0;1;0;0;2;4;2;1;2;1;0;0;2;6;2
5;2015;0;0;21;Deinter 1;2453387;3;0;0;0;0;0;0;0;1;0;0;0;0;0;0;0;0
5;2015;0;0;22;Deinter 2;3625638;1;0;0;0;0;0;0;2;0;0;0;0;0;0;0;3;0
5;2015;0;0;23;Deinter 3;3567652;1;0;0;0;0;0;0;1;1;0;0;0;0;0;0;0;0
5;2015;0;0;24;Deinter 4;1864091;0;0;0;0;0;0;0;1;0;0;0;0;0;0;0;0;1
5;2015;0;0;25;Deinter 5;1562060;0;0;0;0;0;0;0;0;0;0;0;0;0;0;0;0;0
5;2015;0;0;26;Deinter 6;2081531;3;3;0;0;0;0;0;5;0;0;0;0;0;0;0;0;1
5;2015;0;0;27;Deinter 7;3032659;4;0;0;0;0;0;0;0;0;1;0;0;0;0;0;4;0
5;2015;0;0;28;Deinter 8;1144506;0;0;0;0;0;0;0;0;0;0;0;0;0;0;0;0;0
5;2015;0;0;29;Deinter 9;3187564;2;0;0;0;0;0;0;1;0;1;0;0;0;0;0;0;1
5;2015;0;0;30;Deinter 10;786605;0;0;0;0;0;0;0;0;0;0;0;0;0;0;0;0;0
5;2015;0;0;31;Decap;11967825;3;0;0;0;0;0;0;0;2;0;0;0;0;0;0;0;1
5;2015;0;0;32;Decap;11967825;1;3;0;0;0;0;0;2;0;1;0;0;0;0;1;1;4
5;2015;0;0;33;Decap;11967825;0;0;0;0;0;0;0;0;0;0;0;0;1;0;0;0;0
5;2016;0;0;19;Decap;12038175;13;11;0;0;0;0;0;24;9;5;3;0;0;0;3;5;6
5;2016;0;0;20;Demacro;9204764;8;5;0;0;0;0;0;12;2;1;2;0;0;0;0;3;2
5;2016;0;0;21;Deinter 1;2475879;0;0;0;0;0;0;0;3;0;0;0;0;0;1;0;1;0
5;2016;0;0;22;Deinter 2;3666201;1;0;0;0;0;0;0;3;0;0;0;0;0;0;0;0;0
5;2016;0;0;23;Deinter 3;3598661;0;0;0;0;0;0;0;7;0;0;0;0;0;0;0;1;0
5;2016;0;0;24;Deinter 4;1875589;0;0;0;0;0;0;0;0;0;0;0;0;0;0;0;0;2
5;2016;0;0;25;Deinter 5;1573701;4;0;0;0;0;0;0;1;0;1;0;0;0;0;0;0;0
5;2016;0;0;26;Deinter 6;2097502;3;1;0;0;0;0;0;3;1;0;0;0;0;0;0;1;1
5;2016;0;0;27;Deinter 7;3060372;2;0;0;0;0;0;0;6;0;0;0;0;0;0;0;0;0
5;2016;0;0;28;Deinter 8;1149906;0;0;0;0;0;0;0;1;0;0;0;0;0;0;0;0;0
5;2016;0;0;29;Deinter 9;3217014;6;1;0;0;0;0;0;1;0;0;0;0;0;0;0;0;0
5;2016;0;0;30;Deinter 10;791935;0;0;0;0;0;0;0;0;0;0;0;0;0;0;0;0;0
5;2016;0;0;31;Decap;12038175;1;0;0;0;0;0;0;0;2;0;0;0;0;0;0;0;1
5;2016;0;0;32;Decap;12038175;0;0;0;0;0;1;0;0;1;0;0;0;0;0;0;1;3
5;2016;0;0;33;Decap;12038175;0;0;0;0;0;0;0;0;0;0;0;0;0;0;0;0;0
5;2017;0;0;19;Decap;12106920;11;4;0;0;0;0;0;22;9;4;0;0;0;1;0;5;2
5;2017;0;0;20;Demacro;9284704;13;1;0;1;0;2;0;8;4;4;0;0;0;2;0;4;3
5;2017;0;0;21;Deinter 1;2497857;0;0;0;0;0;0;0;2;2;0;0;0;0;0;0;1;0
5;2017;0;0;22;Deinter 2;3705840;5;1;0;0;0;0;0;1;1;1;0;0;0;0;0;0;0
5;2017;0;0;23;Deinter 3;3654014;4;0;0;0;0;0;0;1;1;1;0;0;0;0;0;0;0
5;2017;0;0;24;Deinter 4;1886819;0;0;0;0;0;0;0;1;0;0;0;0;0;0;0;1;1
5;2017;0;0;25;Deinter 5;1565726;0;0;0;0;0;0;0;0;0;0;0;0;0;0;0;0;0
5;2017;0;0;26;Deinter 6;2113105;4;5;0;0;0;0;0;3;0;0;0;0;0;0;0;3;1
5;2017;0;0;27;Deinter 7;3087457;0;1;0;0;0;0;0;0;1;0;0;0;0;0;0;0;1
5;2017;0;0;28;Deinter 8;1149492;1;0;0;0;0;0;0;0;0;0;0;0;0;0;0;0;0
5;2017;0;0;29;Deinter 9;3245798;4;1;0;0;0;0;0;1;0;0;0;0;0;0;0;0;0
5;2017;0;0;30;Deinter 10;797134;0;0;0;0;0;0;0;0;0;0;0;0;0;0;0;0;0
5;2017;0;0;31;Decap;12106920;4;2;0;0;0;0;0;1;0;0;0;0;0;0;1;0;0
5;2017;0;0;32;Decap;12106920;0;1;0;0;0;0;0;1;1;0;1;0;0;0;2;0;1
5;2017;0;0;33;Decap;12106920;0;0;0;0;0;0;0;0;0;0;0;0;0;0;0;0;0
5;2018;0;0;19;Decap;12176866;18;4;0;1;0;0;0;15;16;8;1;0;2;0;0;4;5
5;2018;0;0;20;Demacro;9394415;17;5;0;0;0;0;0;4;3;5;3;0;0;0;1;3;1
5;2018;0;0;21;Deinter 1;2528345;2;0;0;0;0;0;0;1;0;1;0;0;0;0;0;0;0
5;2018;0;0;22;Deinter 2;3765555;3;0;0;0;0;0;0;2;1;0;0;1;0;0;0;2;2
5;2018;0;0;23;Deinter 3;3694912;3;0;0;0;0;0;0;1;0;0;0;0;0;0;0;0;0
5;2018;0;0;24;Deinter 4;1898795;1;0;0;0;0;0;0;0;0;1;0;0;0;0;0;0;0
5;2018;0;0;25;Deinter 5;1579772;0;0;0;0;0;0;0;1;0;0;0;0;0;0;0;0;1
5;2018;0;0;26;Deinter 6;2132735;2;2;0;0;0;0;0;3;1;0;0;1;0;0;0;0;1
5;2018;0;0;27;Deinter 7;3124964;4;1;0;0;0;0;0;5;0;0;0;0;0;0;0;0;0
5;2018;0;0;28;Deinter 8;1153568;0;0;0;0;0;0;0;0;0;0;0;0;0;0;0;0;0
5;2018;0;0;29;Deinter 9;3285865;0;1;0;0;0;0;0;1;1;0;0;0;0;0;0;0;0
5;2018;0;0;30;Deinter 10;803144;0;0;0;0;0;0;0;0;0;0;0;0;0;0;0;0;0
5;2018;0;0;31;Decap;12176866;7;2;0;0;0;0;0;1;0;1;2;0;0;0;0;0;1
5;2018;0;0;32;Decap;12176866;0;3;0;0;0;0;0;2;1;0;3;0;0;0;0;0;3
5;2018;0;0;33;Decap;12176866;0;0;0;0;0;0;0;0;0;0;0;1;0;0;0;0;0
5;2019;0;0;19;Decap;12252023;13;8;0;0;NA;0;0;8;1;0;3;0;0;0;1;3;3
5;2019;0;0;20;Demacro;NA;2;2;1;0;NA;0;0;7;4;1;1;0;0;0;0;2;2
5;2019;0;0;21;Deinter 1;2552610;0;1;0;0;NA;0;0;2;0;0;0;0;0;1;0;0;0
5;2019;0;0;22;Deinter 2;NA;4;1;0;0;NA;0;0;0;0;0;0;1;0;0;0;2;1
5;2019;0;0;23;Deinter 3;3728399;1;0;0;0;NA;0;0;2;0;0;0;0;0;0;0;0;1
5;2019;0;0;24;Deinter 4;1911091;4;0;0;0;NA;0;0;1;0;0;0;0;0;0;0;0;0
5;2019;0;0;25;Deinter 5;1592219;0;0;0;0;NA;0;0;0;0;0;0;0;0;0;0;0;0
5;2019;0;0;26;Deinter 6;2149906;7;1;0;0;NA;0;0;3;0;1;0;0;0;0;0;1;0
5;2019;0;0;27;Deinter 7;3154869;2;1;0;0;NA;0;0;0;0;0;0;0;0;0;0;1;0
5;2019;0;0;28;Deinter 8;1159300;0;0;0;0;NA;0;0;0;0;0;0;0;0;0;0;0;0
5;2019;0;0;29;Deinter 9;3317647;2;0;0;0;NA;0;0;2;1;0;0;0;0;0;0;2;0
5;2019;0;0;30;Deinter 10;808855;0;0;0;0;NA;0;0;0;0;0;0;0;0;0;0;0;0
5;2019;0;0;31;Decap;12252023;13;0;0;0;NA;0;0;2;0;0;0;0;0;0;1;0;1
5;2019;0;0;32;Decap;12252023;1;4;0;1;NA;0;0;1;0;0;3;1;0;0;0;2;3
5;2019;0;0;33;Decap;12252023;0;0;0;0;NA;0;0;0;0;0;0;0;1;0;0;0;0
5;2020;0;0;19;Decap;12325232;19;2;0;1;0;0;0;1;2;0;0;0;0;1;0;2;2
5;2020;0;0;20;Demacro;9568610;12;0;0;3;0;0;0;13;3;0;0;0;0;0;1;1;0
5;2020;0;0;21;Deinter 1;2576250;2;0;0;0;0;0;0;2;0;0;0;0;0;0;0;0;0
5;2020;0;0;22;Deinter 2;3852244;2;0;0;0;0;0;0;0;0;0;0;0;0;0;0;0;0
5;2020;0;0;23;Deinter 3;3761025;1;0;0;0;0;0;0;0;0;0;0;0;0;0;1;0;0
5;2020;0;0;24;Deinter 4;1923070;1;0;0;0;0;0;0;0;0;0;0;0;0;0;0;0;0
5;2020;0;0;25;Deinter 5;1604342;0;0;0;0;0;0;0;1;0;0;0;0;0;0;0;0;0
5;2020;0;0;26;Deinter 6;2166632;7;0;0;1;0;0;0;1;1;1;0;0;0;0;0;3;0
5;2020;0;0;27;Deinter 7;3184000;2;0;0;1;0;0;0;1;0;0;0;0;0;0;1;0;0
5;2020;0;0;28;Deinter 8;1164891;1;0;0;0;0;0;0;0;0;0;0;0;0;0;0;0;0
5;2020;0;0;29;Deinter 9;3348615;4;0;0;1;0;0;0;0;0;0;0;0;0;0;1;0;0
5;2020;0;0;30;Deinter 10;814422;0;0;0;0;0;0;0;0;0;0;0;0;0;0;0;0;0
5;2020;0;0;31;Decap;12325232;16;1;1;0;0;0;0;0;1;0;0;0;0;1;0;0;0
5;2020;0;0;32;Decap;12325232;1;0;0;0;0;0;0;1;1;0;0;0;0;0;0;0;1
5;2020;0;0;33;Decap;12325232;0;0;0;0;0;0;0;0;0;0;0;0;0;0;0;0;0
5;2021;0;0;19;Decap;12396372;13;5;1;1;NA;0;0;11;2;2;0;0;1;0;0;7;1
5;2021;0;0;20;Demacro;9652132;3;0;0;1;NA;0;0;3;1;0;0;1;0;0;0;3;4
5;2021;0;0;21;Deinter 1;2599218;3;0;0;0;NA;0;0;1;0;0;0;0;0;0;0;0;0
5;2021;0;0;22;Deinter 2;3893806;0;0;0;0;NA;0;0;0;0;0;2;0;0;0;0;0;0
5;2021;0;0;23;Deinter 3;3792726;0;1;0;0;NA;0;0;1;0;0;0;0;0;0;0;1;1
5;2021;0;0;24;Deinter 4;1934714;1;0;0;0;NA;0;0;0;0;0;0;0;0;0;0;0;0
5;2021;0;0;25;Deinter 5;1616129;0;1;0;0;NA;0;0;1;0;0;0;1;0;0;0;0;1
5;2021;0;0;26;Deinter 6;2182882;9;0;0;0;NA;1;0;1;0;0;0;1;0;0;0;2;0
5;2021;0;0;27;Deinter 7;3212306;1;1;0;0;NA;0;0;0;0;0;0;0;0;0;0;0;0
5;2021;0;0;28;Deinter 8;1170317;1;0;0;0;NA;0;0;0;0;0;0;0;0;0;0;0;0
5;2021;0;0;29;Deinter 9;3378700;2;1;0;0;NA;0;0;2;0;0;0;0;0;0;0;1;0
5;2021;0;0;30;Deinter 10;819830;0;0;0;0;NA;0;0;0;0;0;0;0;0;0;0;0;0
5;2021;0;0;31;Decap;12396372;9;0;0;0;NA;0;0;0;0;0;0;0;0;0;0;1;0
5;2021;0;0;32;Decap;12396372;6;1;0;0;NA;0;0;1;1;0;0;0;0;0;1;0;2
5;2021;0;0;33;Decap;12396372;0;0;0;0;NA;0;0;0;0;0;0;0;0;0;0;0;0
5;2022;0;0;19;Decap;12396372;4;7;0;0;NA;0;0;10;8;0;0;2;0;1;0;3;2
5;2022;0;0;20;Demacro;9652132;2;3;0;0;NA;0;0;3;1;0;0;0;0;0;0;1;2
5;2022;0;0;21;Deinter 1;2599218;0;0;0;0;NA;0;0;2;0;0;0;0;0;0;0;0;0
5;2022;0;0;22;Deinter 2;3893806;1;0;0;0;NA;0;0;0;0;1;0;0;0;0;0;0;0
5;2022;0;0;23;Deinter 3;3792726;3;0;0;0;NA;0;0;1;0;0;0;0;0;0;0;0;1
5;2022;0;0;24;Deinter 4;1934714;0;0;0;0;NA;0;0;0;0;0;0;0;0;0;0;0;0
5;2022;0;0;25;Deinter 5;1616129;0;0;0;0;NA;0;0;1;0;0;0;0;0;0;0;0;0
5;2022;0;0;26;Deinter 6;2182882;0;0;0;0;NA;0;0;0;1;0;0;0;0;0;0;0;0
5;2022;0;0;27;Deinter 7;3212306;0;1;0;0;NA;0;0;0;0;0;0;0;0;0;0;0;0
5;2022;0;0;28;Deinter 8;1170317;1;0;0;0;NA;0;0;0;0;0;0;0;0;0;0;0;0
5;2022;0;0;29;Deinter 9;3378700;2;0;0;0;NA;0;0;0;0;0;0;0;0;0;0;0;0
5;2022;0;0;30;Deinter 10;819830;2;0;0;0;NA;0;0;0;0;0;0;0;0;0;0;0;0
5;2022;0;0;31;Decap;12396372;1;1;0;0;NA;0;0;1;1;0;0;0;0;0;0;0;0
5;2022;0;0;32;Decap;12396372;1;2;0;0;NA;0;0;0;1;0;0;0;0;0;0;1;2
5;2022;0;0;33;Decap;12396372;0;0;0;0;NA;0;0;0;0;0;0;0;0;0;0;0;1
6;2010;0;0;19;Decap;11244369;9;0;0;1;0;0;0;9;1;1;8;2;0;0;1;13;6
6;2010;0;0;20;Demacro;8428213;6;0;0;1;0;0;0;5;0;0;1;0;0;0;1;6;3
6;2010;0;0;21;Deinter 1;2262723;0;0;0;0;0;0;0;1;0;1;0;0;0;0;0;0;0
6;2010;0;0;22;Deinter 2;3307513;3;0;0;1;0;0;0;2;0;0;1;0;0;0;0;5;0
6;2010;0;0;23;Deinter 3;3302679;1;0;0;0;0;1;0;0;0;0;0;1;0;0;0;2;0
6;2010;0;0;24;Deinter 4;1750734;0;0;0;0;0;0;0;0;0;0;1;1;0;0;0;6;0
6;2010;0;0;25;Deinter 5;1456209;2;0;0;0;0;0;0;0;0;0;0;1;0;0;0;0;1
6;2010;0;0;26;Deinter 6;1936708;1;0;0;0;0;0;0;3;0;0;3;0;0;0;0;1;1
6;2010;0;0;27;Deinter 7;2800360;1;0;0;0;0;0;0;2;0;0;1;0;0;0;0;1;3
6;2010;0;0;28;Deinter 8;1083047;0;0;0;0;0;0;0;1;0;0;0;0;0;0;0;1;1
6;2010;0;0;29;Deinter 9;2943524;1;0;0;0;0;0;0;3;0;1;0;1;0;0;0;2;0
6;2010;0;0;30;Deinter 10;736081;NA;NA;NA;NA;NA;NA;NA;NA;NA;NA;NA;NA;NA;NA;NA;NA;NA
6;2010;0;0;31;Decap;11244369;9;0;0;0;1;0;0;0;0;0;0;1;0;0;0;5;0
6;2010;0;0;32;Decap;11244369;0;0;0;0;1;0;0;1;0;0;1;0;0;0;0;8;6
6;2010;0;0;33;Decap;11244369;NA;NA;NA;NA;NA;NA;NA;NA;NA;NA;NA;NA;NA;NA;NA;NA;NA
6;2011;0;0;19;Decap;11316119;26;0;1;6;3;0;1;7;0;6;1;0;0;0;0;12;11
6;2011;0;0;20;Demacro;8506440;17;0;0;1;0;0;0;4;0;1;3;1;0;0;1;2;6
6;2011;0;0;21;Deinter 1;2285528;2;0;0;0;0;0;0;0;0;0;0;0;0;0;0;0;1
6;2011;0;0;22;Deinter 2;3346411;3;0;0;1;0;0;1;3;0;0;2;0;0;0;0;0;5
6;2011;0;0;23;Deinter 3;3330732;0;0;0;0;0;0;0;2;0;0;0;0;0;0;0;0;0
6;2011;0;0;24;Deinter 4;1760330;0;0;0;0;0;0;0;0;0;0;0;0;0;0;0;0;0
6;2011;0;0;25;Deinter 5;1466615;0;0;0;0;0;0;0;0;0;1;0;0;0;0;0;0;0
6;2011;0;0;26;Deinter 6;1952342;3;0;0;0;0;0;0;0;0;0;2;0;0;0;1;0;1
6;2011;0;0;27;Deinter 7;2825535;2;0;0;0;0;0;0;0;0;0;0;0;1;0;0;2;0
6;2011;0;0;28;Deinter 8;1087849;0;0;0;0;0;0;0;0;0;0;0;0;0;0;0;1;0
6;2011;0;0;29;Deinter 9;2968472;0;0;0;0;0;0;0;4;0;0;0;0;0;0;0;3;0
6;2011;0;0;30;Deinter 10;740809;0;0;0;0;0;0;0;0;0;0;0;0;0;0;0;0;0
6;2011;0;0;31;Decap;11316119;9;0;0;2;1;0;0;0;0;0;2;0;0;0;1;0;1
6;2011;0;0;32;Decap;11316119;0;0;0;2;0;1;1;0;0;1;1;0;0;0;0;6;2
6;2011;0;0;33;Decap;11316119;NA;NA;NA;NA;NA;NA;NA;NA;NA;NA;NA;NA;NA;NA;NA;NA;NA
6;2012;0;0;19;Decap;11376685;14;0;0;5;2;0;0;10;0;0;11;1;0;0;4;10;7
6;2012;0;0;20;Demacro;8579905;4;0;0;1;1;0;0;4;0;1;1;0;1;0;1;3;4
6;2012;0;0;21;Deinter 1;2305758;0;0;0;0;0;0;0;2;0;0;0;0;0;0;0;0;1
6;2012;0;0;22;Deinter 2;3383407;2;0;0;0;0;0;0;0;0;1;0;0;0;0;0;4;0
6;2012;0;0;23;Deinter 3;3358517;2;0;0;0;0;0;0;5;0;0;1;0;0;0;0;1;1
6;2012;0;0;24;Deinter 4;1770282;0;0;0;0;0;0;0;0;0;0;0;0;0;0;0;0;0
6;2012;0;0;25;Deinter 5;1476901;0;0;0;0;0;0;0;0;0;0;0;0;0;0;0;0;0
6;2012;0;0;26;Deinter 6;1966489;2;0;0;0;0;0;0;0;0;0;1;0;0;0;1;0;0
6;2012;0;0;27;Deinter 7;2850458;1;0;0;0;0;0;0;2;0;0;0;0;0;0;0;0;0
6;2012;0;0;28;Deinter 8;1092359;0;0;0;0;0;0;0;1;0;0;0;0;0;0;0;0;0
6;2012;0;0;29;Deinter 9;2994987;1;0;0;0;0;0;0;0;0;0;0;0;0;0;0;1;0
6;2012;0;0;30;Deinter 10;745471;0;0;0;0;0;0;0;0;0;0;0;0;0;0;0;0;0
6;2012;0;0;31;Decap;11376685;3;0;0;1;1;0;0;0;0;0;3;0;0;0;2;0;2
6;2012;0;0;32;Decap;11376685;0;0;0;0;0;0;0;0;0;0;0;0;0;0;2;1;6
6;2012;0;0;33;Decap;11376685;NA;NA;NA;NA;NA;NA;NA;NA;NA;NA;NA;NA;NA;NA;NA;NA;NA
6;2013;0;0;19;Decap;11821873;17;0;0;2;7;0;0;15;0;5;18;0;1;0;0;4;7
6;2013;0;0;20;Demacro;8953241;9;0;0;0;3;0;0;6;0;1;2;0;0;0;3;2;2
6;2013;0;0;21;Deinter 1;2406735;1;0;0;0;0;0;0;2;0;0;1;0;0;0;0;0;1
6;2013;0;0;22;Deinter 2;3541481;3;0;0;0;1;0;1;1;0;0;0;0;0;0;0;2;1
6;2013;0;0;23;Deinter 3;3503301;1;0;0;0;0;0;0;3;0;0;0;0;0;0;0;0;1
6;2013;0;0;24;Deinter 4;1840239;0;0;0;0;0;0;0;0;0;0;0;0;0;0;0;0;0
6;2013;0;0;25;Deinter 5;1537918;1;0;0;0;0;0;0;0;0;0;0;0;0;0;0;1;0
6;2013;0;0;26;Deinter 6;2048410;0;0;0;0;0;0;0;0;0;0;2;0;0;0;0;0;1
6;2013;0;0;27;Deinter 7;2975156;0;0;0;0;0;0;0;0;0;0;0;0;0;1;0;0;0
6;2013;0;0;28;Deinter 8;1133298;0;0;0;0;0;0;0;0;0;0;0;0;0;0;0;0;0
6;2013;0;0;29;Deinter 9;3126459;2;0;0;0;0;0;0;1;0;0;1;0;0;0;0;0;2
6;2013;0;0;30;Deinter 10;775558;0;0;0;0;0;0;0;0;0;0;0;0;0;0;0;0;0
6;2013;0;0;31;Decap;11821873;4;0;0;0;3;0;0;0;0;0;2;0;0;0;0;0;3
6;2013;0;0;32;Decap;11821873;1;0;0;0;1;0;1;1;0;0;1;0;4;0;1;2;6
6;2013;0;0;33;Decap;11821873;0;0;0;0;0;0;0;0;0;0;0;0;0;0;0;0;0
6;2014;0;0;19;Decap;11895893;21;0;0;1;2;0;0;16;0;1;6;3;0;0;6;10;8
6;2014;0;0;20;Demacro;9039311;11;0;0;1;3;0;0;11;0;2;3;1;0;0;3;7;3
6;2014;0;0;21;Deinter 1;2430392;0;0;0;0;0;0;0;2;0;0;0;0;0;0;1;0;2
6;2014;0;0;22;Deinter 2;3584160;4;0;0;0;0;0;0;3;0;0;2;0;0;0;1;0;1
6;2014;0;0;23;Deinter 3;3535932;5;0;0;0;0;0;0;3;0;1;0;0;0;0;0;0;2
6;2014;0;0;24;Deinter 4;1852338;0;0;0;0;0;0;0;1;0;0;1;0;0;0;0;0;0
6;2014;0;0;25;Deinter 5;1550161;0;0;0;0;0;0;0;0;0;1;0;0;0;0;0;0;0
6;2014;0;0;26;Deinter 6;2065208;0;0;0;0;0;0;0;4;0;0;0;0;0;0;0;0;0
6;2014;0;0;27;Deinter 7;3004319;2;0;0;0;0;0;0;2;0;0;0;0;0;0;0;0;4
6;2014;0;0;28;Deinter 8;1138981;0;0;1;0;0;0;0;0;0;0;0;0;0;0;0;0;1
6;2014;0;0;29;Deinter 9;3157448;5;0;0;0;0;0;0;2;0;0;0;0;0;0;1;0;1
6;2014;0;0;30;Deinter 10;781161;0;0;0;0;0;0;0;0;0;0;0;0;0;0;0;0;0
6;2014;0;0;31;Decap;11895893;6;0;0;1;1;0;0;3;0;0;2;0;0;0;0;4;2
6;2014;0;0;32;Decap;11895893;0;0;0;1;1;0;0;1;0;0;0;0;2;0;0;1;4
6;2014;0;0;33;Decap;11895893;0;0;0;0;0;0;0;0;0;0;0;0;0;0;0;0;0
6;2015;0;0;19;Decap;11967825;23;5;0;0;0;0;0;29;1;5;4;0;0;0;0;9;4
6;2015;0;0;20;Demacro;9122966;7;3;0;1;0;0;0;3;0;1;2;0;0;0;1;7;0
6;2015;0;0;21;Deinter 1;2453387;2;0;0;0;0;0;0;0;0;0;0;0;0;0;0;0;0
6;2015;0;0;22;Deinter 2;3625638;1;0;0;0;0;0;0;1;1;0;1;0;0;0;0;2;1
6;2015;0;0;23;Deinter 3;3567652;4;1;0;0;0;0;1;0;1;1;0;0;0;0;0;3;0
6;2015;0;0;24;Deinter 4;1864091;1;0;0;0;0;0;0;1;0;0;0;0;0;0;0;1;1
6;2015;0;0;25;Deinter 5;1562060;0;0;0;0;0;0;0;1;0;0;0;0;0;0;0;0;0
6;2015;0;0;26;Deinter 6;2081531;5;0;0;0;0;0;0;2;0;1;0;0;0;0;0;1;1
6;2015;0;0;27;Deinter 7;3032659;1;0;0;0;0;0;0;1;0;0;0;0;0;1;0;2;1
6;2015;0;0;28;Deinter 8;1144506;0;0;0;0;0;0;0;0;0;0;0;0;0;0;0;0;0
6;2015;0;0;29;Deinter 9;3187564;3;0;0;0;0;0;0;2;1;2;0;0;0;0;0;0;0
6;2015;0;0;30;Deinter 10;786605;0;0;0;0;0;0;0;0;0;0;0;0;0;0;0;0;0
6;2015;0;0;31;Decap;11967825;3;3;0;0;0;0;0;3;1;0;1;0;0;0;0;0;1
6;2015;0;0;32;Decap;11967825;0;1;0;0;0;0;0;0;0;0;2;0;1;1;2;0;5
6;2015;0;0;33;Decap;11967825;0;0;0;0;0;0;0;0;0;0;0;0;0;0;0;0;0
6;2016;1;0;19;Decap;12038175;19;6;0;1;0;0;0;13;10;5;2;0;0;0;0;4;2
6;2016;1;0;20;Demacro;9204764;4;1;0;0;0;1;0;4;2;1;2;0;0;0;0;1;0
6;2016;1;0;21;Deinter 1;2475879;1;0;0;0;0;0;0;3;0;0;0;0;0;0;0;0;0
6;2016;1;0;22;Deinter 2;3666201;4;2;0;0;0;0;0;1;1;0;0;0;0;0;0;0;0
6;2016;1;0;23;Deinter 3;3598661;2;0;0;0;0;0;0;0;0;2;0;0;0;0;1;0;0
6;2016;1;0;24;Deinter 4;1875589;0;0;1;0;0;0;0;5;0;0;0;0;0;0;0;0;0
6;2016;1;0;25;Deinter 5;1573701;0;0;0;0;0;0;0;1;0;0;0;0;0;0;0;0;1
6;2016;1;0;26;Deinter 6;2097502;7;3;0;0;0;0;0;3;1;1;0;0;0;0;0;1;0
6;2016;1;0;27;Deinter 7;3060372;2;0;0;0;0;0;0;2;0;0;0;0;0;0;0;0;0
6;2016;1;0;28;Deinter 8;1149906;0;0;0;0;0;0;0;1;0;0;0;0;0;0;0;0;0
6;2016;1;0;29;Deinter 9;3217014;3;0;0;0;0;0;0;1;0;0;0;0;0;0;0;0;0
6;2016;1;0;30;Deinter 10;791935;0;0;0;0;0;0;0;0;0;0;0;0;0;0;0;0;0
6;2016;1;0;31;Decap;12038175;4;3;0;0;0;0;0;1;1;0;0;0;0;0;0;0;0
6;2016;1;0;32;Decap;12038175;1;2;0;0;0;0;0;2;0;0;0;0;0;0;0;1;2
6;2016;1;0;33;Decap;12038175;0;0;0;0;0;0;0;0;0;0;0;0;0;0;0;0;0
6;2017;0;0;19;Decap;12106920;18;10;0;0;0;0;0;17;9;3;4;0;0;0;3;4;3
6;2017;0;0;20;Demacro;9284704;9;2;0;0;0;0;0;9;6;2;0;0;0;0;0;1;3
6;2017;0;0;21;Deinter 1;2497857;2;1;0;0;0;0;0;1;0;2;0;0;0;0;0;0;1
6;2017;0;0;22;Deinter 2;3705840;2;1;0;0;0;0;0;2;0;1;0;0;0;0;0;1;0
6;2017;0;0;23;Deinter 3;3654014;0;0;0;0;0;0;1;1;0;0;0;1;0;0;1;0;0
6;2017;0;0;24;Deinter 4;1886819;0;0;0;0;0;0;0;0;0;0;0;0;0;0;0;0;0
6;2017;0;0;25;Deinter 5;1565726;1;0;0;0;0;0;0;0;0;0;0;0;0;0;0;0;0
6;2017;0;0;26;Deinter 6;2113105;4;3;0;0;0;0;0;7;1;1;0;0;0;0;1;4;0
6;2017;0;0;27;Deinter 7;3087457;6;0;0;0;0;0;0;2;0;0;0;0;0;0;0;2;1
6;2017;0;0;28;Deinter 8;1149492;0;0;0;0;0;0;0;1;0;0;0;0;0;0;0;0;0
6;2017;0;0;29;Deinter 9;3245798;3;0;0;0;0;0;0;2;0;1;0;0;0;0;0;1;0
6;2017;0;0;30;Deinter 10;797134;0;0;0;0;0;0;0;0;0;0;0;0;0;0;0;0;0
6;2017;0;0;31;Decap;12106920;8;0;0;0;0;0;0;0;1;0;0;0;0;0;1;0;0
6;2017;0;0;32;Decap;12106920;0;3;0;0;0;0;0;1;0;1;1;0;3;1;0;2;1
6;2017;0;0;33;Decap;12106920;0;0;0;0;0;0;0;0;0;0;0;0;0;0;0;0;0
6;2018;1;0;19;Decap;12176866;16;2;0;0;0;0;0;15;7;4;1;0;0;0;0;4;3
6;2018;1;0;20;Demacro;9394415;10;4;0;0;0;1;0;6;4;1;0;0;1;0;1;1;2
6;2018;1;0;21;Deinter 1;2528345;1;0;0;0;0;0;0;2;0;0;0;1;0;0;0;0;2
6;2018;1;0;22;Deinter 2;3765555;0;1;0;0;0;0;0;2;0;1;0;0;0;0;0;1;1
6;2018;1;0;23;Deinter 3;3694912;2;0;0;0;0;0;0;3;0;0;0;0;0;0;0;0;0
6;2018;1;0;24;Deinter 4;1898795;2;0;0;0;0;0;0;0;0;0;0;0;0;0;0;0;1
6;2018;1;0;25;Deinter 5;1579772;1;0;0;0;0;0;0;0;0;0;0;0;0;0;0;0;0
6;2018;1;0;26;Deinter 6;2132735;4;0;0;0;0;0;0;1;0;1;0;0;0;0;0;0;1
6;2018;1;0;27;Deinter 7;3124964;5;0;0;0;0;0;0;2;0;1;0;0;0;0;0;0;0
6;2018;1;0;28;Deinter 8;1153568;0;0;0;0;0;0;0;2;0;1;0;0;0;0;0;1;0
6;2018;1;0;29;Deinter 9;3285865;2;0;0;0;0;0;0;2;1;0;0;0;0;0;0;1;1
6;2018;1;0;30;Deinter 10;803144;0;0;0;0;0;0;0;0;0;0;0;0;0;0;0;0;0
6;2018;1;0;31;Decap;12176866;7;2;0;0;0;0;0;0;1;0;0;0;0;0;0;0;1
6;2018;1;0;32;Decap;12176866;0;2;0;0;0;0;0;4;1;0;0;0;0;0;2;0;5
6;2018;1;0;33;Decap;12176866;0;0;0;0;0;0;0;0;0;0;0;0;0;0;0;0;0
6;2019;0;0;19;Decap;12252023;18;0;0;0;NA;0;0;12;4;2;0;0;0;1;1;6;2
6;2019;0;0;20;Demacro;NA;13;2;0;0;NA;0;0;5;3;2;1;0;0;1;0;1;1
6;2019;0;0;21;Deinter 1;2552610;3;0;0;0;NA;0;0;3;0;0;0;0;0;0;0;0;1
6;2019;0;0;22;Deinter 2;NA;3;0;0;0;NA;0;0;1;0;0;0;0;0;0;0;0;1
6;2019;0;0;23;Deinter 3;3728399;0;0;0;0;NA;0;0;1;0;0;0;0;0;1;1;0;0
6;2019;0;0;24;Deinter 4;1911091;2;0;0;0;NA;0;0;0;0;0;0;0;0;0;0;1;0
6;2019;0;0;25;Deinter 5;1592219;3;0;0;0;NA;0;0;0;0;0;0;0;0;0;0;0;0
6;2019;0;0;26;Deinter 6;2149906;2;1;0;0;NA;0;0;4;0;1;0;0;0;0;0;1;0
6;2019;0;0;27;Deinter 7;3154869;2;0;0;0;NA;0;0;1;0;0;0;0;0;0;0;0;0
6;2019;0;0;28;Deinter 8;1159300;0;0;0;0;NA;0;0;0;0;0;0;0;0;0;0;0;0
6;2019;0;0;29;Deinter 9;3317647;1;0;0;0;NA;0;0;0;0;1;0;0;0;0;0;0;0
6;2019;0;0;30;Deinter 10;808855;0;0;0;0;NA;0;0;0;0;0;0;0;0;0;0;0;0
6;2019;0;0;31;Decap;12252023;12;0;0;0;NA;0;0;1;0;0;0;0;0;0;0;0;0
6;2019;0;0;32;Decap;12252023;0;1;0;1;NA;0;0;0;0;0;0;0;0;0;0;0;3
6;2019;0;0;33;Decap;12252023;0;1;0;0;NA;0;0;0;0;0;1;0;0;0;0;0;0
6;2020;0;0;19;Decap;12325232;16;6;0;1;NA;0;0;8;0;0;0;0;0;0;0;4;1
6;2020;0;0;20;Demacro;9568610;7;3;0;0;NA;0;0;4;4;0;0;1;0;0;0;0;2
6;2020;0;0;21;Deinter 1;2576250;1;0;0;0;NA;0;0;1;0;0;0;0;0;1;0;0;0
6;2020;0;0;22;Deinter 2;3852244;1;0;0;0;NA;0;0;0;0;0;0;1;0;0;0;0;0
6;2020;0;0;23;Deinter 3;3761025;0;0;0;0;NA;0;0;0;0;0;0;0;0;0;0;0;1
6;2020;0;0;24;Deinter 4;1923070;0;0;0;0;NA;0;0;0;0;0;0;0;0;0;0;0;0
6;2020;0;0;25;Deinter 5;1604342;1;0;0;0;NA;0;0;3;0;0;1;0;0;0;0;0;1
6;2020;0;0;26;Deinter 6;2166632;3;0;0;0;NA;0;0;0;0;0;0;0;0;0;0;0;0
6;2020;0;0;27;Deinter 7;3184000;0;0;0;0;NA;0;0;0;0;0;0;0;0;0;0;0;0
6;2020;0;0;28;Deinter 8;1164891;0;0;0;0;NA;0;0;1;0;0;0;0;0;0;0;0;0
6;2020;0;0;29;Deinter 9;3348615;6;0;0;0;NA;0;0;0;0;0;0;0;0;0;0;0;0
6;2020;0;0;30;Deinter 10;814422;0;0;0;0;NA;0;0;0;0;0;0;0;0;0;0;0;0
6;2020;0;0;31;Decap;12325232;12;0;0;0;NA;0;0;0;2;1;0;0;0;0;1;1;0
6;2020;0;0;32;Decap;12325232;0;0;0;0;NA;0;0;0;0;0;1;0;0;0;0;0;0
6;2020;0;0;33;Decap;12325232;0;0;0;0;NA;0;0;0;0;0;0;0;0;0;0;0;0
6;2021;0;0;19;Decap;12396372;6;5;0;0;NA;0;0;1;6;0;0;0;0;0;0;5;1
6;2021;0;0;20;Demacro;9652132;6;2;0;0;NA;0;0;7;1;0;0;2;0;0;0;5;1
6;2021;0;0;21;Deinter 1;2599218;3;0;0;0;NA;0;0;4;0;0;0;0;0;0;0;0;0
6;2021;0;0;22;Deinter 2;3893806;1;0;0;0;NA;0;0;1;0;0;0;0;0;0;0;2;1
6;2021;0;0;23;Deinter 3;3792726;0;0;0;0;NA;0;0;0;0;0;0;0;0;0;0;0;1
6;2021;0;0;24;Deinter 4;1934714;1;0;0;0;NA;0;0;0;0;0;0;0;0;0;0;1;0
6;2021;0;0;25;Deinter 5;1616129;0;0;0;0;NA;0;0;0;0;0;0;0;0;0;0;0;0
6;2021;0;0;26;Deinter 6;2182882;0;0;0;0;NA;0;0;1;0;0;0;0;0;0;0;1;0
6;2021;0;0;27;Deinter 7;3212306;0;0;0;0;NA;0;0;0;0;0;0;0;0;0;0;0;0
6;2021;0;0;28;Deinter 8;1170317;0;0;0;0;NA;0;0;0;0;0;0;0;0;0;0;0;0
6;2021;0;0;29;Deinter 9;3378700;1;0;0;0;NA;0;0;4;0;0;0;0;0;0;0;1;0
6;2021;0;0;30;Deinter 10;819830;0;0;0;0;NA;0;0;1;0;0;0;0;0;0;0;0;0
6;2021;0;0;31;Decap;12396372;2;0;0;0;NA;0;0;1;0;0;0;0;0;0;0;0;0
6;2021;0;0;32;Decap;12396372;0;1;0;0;NA;0;0;1;1;0;0;0;0;0;0;0;1
6;2021;0;0;33;Decap;12396372;0;0;0;0;NA;0;0;0;0;0;0;0;0;0;0;0;0
6;2022;0;0;19;Decap;12396372;2;8;0;0;NA;0;0;8;7;0;0;1;1;0;0;1;1
6;2022;0;0;20;Demacro;9652132;2;2;0;0;NA;0;0;3;3;0;0;0;0;0;0;0;1
6;2022;0;0;21;Deinter 1;2599218;0;0;2;0;NA;0;0;0;0;1;0;0;0;1;0;0;0
6;2022;0;0;22;Deinter 2;3893806;3;0;0;0;NA;0;0;1;1;0;0;0;0;0;0;3;0
6;2022;0;0;23;Deinter 3;3792726;0;0;0;0;NA;0;0;0;0;0;0;0;1;0;0;0;1
6;2022;0;0;24;Deinter 4;1934714;1;0;0;0;NA;0;0;0;0;0;0;0;0;0;0;0;0
6;2022;0;0;25;Deinter 5;1616129;1;0;0;0;NA;0;0;0;1;0;0;0;0;0;0;0;0
6;2022;0;0;26;Deinter 6;2182882;2;0;0;0;NA;0;0;1;0;0;0;1;0;0;0;2;0
6;2022;0;0;27;Deinter 7;3212306;2;0;0;0;NA;0;0;0;0;0;0;0;0;0;0;0;1
6;2022;0;0;28;Deinter 8;1170317;0;0;0;0;NA;0;0;0;0;0;0;0;0;0;0;0;0
6;2022;0;0;29;Deinter 9;3378700;1;0;0;0;NA;0;0;0;1;0;0;0;0;0;0;0;0
6;2022;0;0;30;Deinter 10;819830;0;0;0;0;NA;0;0;0;0;0;0;0;0;0;0;0;0
6;2022;0;0;31;Decap;12396372;2;0;0;1;NA;0;0;0;0;0;0;0;0;0;0;0;1
6;2022;0;0;32;Decap;12396372;0;0;0;0;NA;0;0;0;0;0;0;0;0;0;0;2;0
6;2022;0;0;33;Decap;12396372;0;0;0;0;NA;0;0;0;0;0;0;0;0;0;0;0;0
7;2010;0;0;19;Decap;11244369;11;0;0;2;2;0;0;11;1;6;4;2;0;0;0;11;7
7;2010;0;0;20;Demacro;8428213;6;0;0;2;0;0;0;5;1;1;3;0;0;0;2;5;4
7;2010;0;0;21;Deinter 1;2262723;1;0;0;0;0;0;0;1;0;0;0;0;0;0;0;0;0
7;2010;0;0;22;Deinter 2;3307513;3;0;0;0;1;0;0;2;0;1;1;0;2;0;0;4;1
7;2010;0;0;23;Deinter 3;3302679;1;0;0;0;0;0;0;2;0;0;0;0;0;0;0;0;0
7;2010;0;0;24;Deinter 4;1750734;0;0;0;0;0;0;0;1;0;0;1;2;1;0;0;1;2
7;2010;0;0;25;Deinter 5;1456209;1;0;0;0;0;0;0;0;0;0;0;0;0;0;0;0;0
7;2010;0;0;26;Deinter 6;1936708;0;0;0;0;0;0;0;0;0;0;0;0;0;0;0;5;0
7;2010;0;0;27;Deinter 7;2800360;1;0;0;0;0;0;0;0;0;0;0;0;0;0;1;0;0
7;2010;0;0;28;Deinter 8;1083047;0;0;0;0;0;0;0;0;0;0;0;0;0;0;0;0;0
7;2010;0;0;29;Deinter 9;2943524;0;0;0;1;0;0;0;0;0;1;0;0;0;0;0;1;2
7;2010;0;0;30;Deinter 10;736081;0;0;0;0;0;0;0;0;0;0;0;0;0;0;0;0;0
7;2010;0;0;31;Decap;11244369;14;0;0;1;2;0;0;0;0;1;0;0;0;0;0;2;0
7;2010;0;0;32;Decap;11244369;1;0;0;0;0;0;0;0;0;0;0;0;3;1;0;10;7
7;2010;0;0;33;Decap;11244369;NA;NA;NA;NA;NA;NA;NA;NA;NA;NA;NA;NA;NA;NA;NA;NA;NA
7;2011;0;0;19;Decap;11316119;7;NA;NA;2;5;NA;NA;5;NA;1;9;2;NA;1;5;18;11
7;2011;0;0;20;Demacro;8506440;6;NA;NA;2;5;NA;NA;4;NA;2;3;2;NA;1;0;8;5
7;2011;0;0;21;Deinter 1;2285528;4;NA;NA;1;NA;NA;NA;1;NA;1;NA;NA;NA;NA;NA;NA;2
7;2011;0;0;22;Deinter 2;3346411;1;NA;NA;NA;NA;NA;NA;NA;NA;NA;NA;NA;NA;NA;NA;5;4
7;2011;0;0;23;Deinter 3;3330732;1;NA;NA;NA;NA;NA;NA;3;NA;NA;NA;NA;NA;NA;NA;1;1
7;2011;0;0;24;Deinter 4;1760330;0;NA;NA;2;NA;NA;NA;2;NA;NA;NA;NA;NA;NA;NA;7;NA
7;2011;0;0;25;Deinter 5;1466615;2;NA;NA;NA;NA;NA;NA;2;NA;NA;NA;NA;NA;NA;NA;1;NA
7;2011;0;0;26;Deinter 6;1952342;2;NA;NA;NA;1;NA;NA;1;NA;NA;NA;NA;NA;NA;NA;1;NA
7;2011;0;0;27;Deinter 7;2825535;2;NA;NA;1;NA;NA;NA;NA;NA;NA;1;NA;NA;NA;NA;1;1
7;2011;0;0;28;Deinter 8;1087849;NA;NA;NA;NA;NA;NA;NA;1;NA;NA;NA;NA;NA;NA;NA;NA;NA
7;2011;0;0;29;Deinter 9;2968472;NA;NA;NA;NA;NA;NA;NA;NA;NA;NA;2;NA;NA;NA;NA;1;NA
7;2011;0;0;30;Deinter 10;740809;NA;NA;NA;NA;NA;NA;NA;NA;NA;NA;NA;NA;NA;NA;NA;NA;NA
7;2011;0;0;31;Decap;11316119;6;NA;NA;NA;2;NA;NA;1;NA;NA;1;NA;NA;NA;NA;NA;5
7;2011;0;0;32;Decap;11316119;NA;NA;NA;NA;NA;NA;NA;1;NA;NA;1;NA;1;1;NA;3;6
7;2011;0;0;33;Decap;11316119;NA;NA;NA;NA;NA;NA;NA;NA;NA;NA;NA;NA;NA;NA;NA;NA;NA
7;2012;0;0;19;Decap;11376685;29;0;1;2;1;0;0;13;0;4;5;0;0;2;3;6;10
7;2012;0;0;20;Demacro;8579905;11;0;2;0;2;0;0;2;0;3;1;0;0;0;1;1;2
7;2012;0;0;21;Deinter 1;2305758;1;0;0;0;0;0;0;2;0;0;0;0;0;0;0;1;0
7;2012;0;0;22;Deinter 2;3383407;2;0;0;0;1;0;0;0;0;2;1;0;0;0;0;1;0
7;2012;0;0;23;Deinter 3;3358517;1;0;0;0;0;0;0;0;0;1;0;0;0;0;0;1;0
7;2012;0;0;24;Deinter 4;1770282;0;0;0;0;0;0;0;0;0;0;0;0;0;0;0;0;0
7;2012;0;0;25;Deinter 5;1476901;0;0;0;0;0;0;0;2;0;0;0;0;0;0;0;0;0
7;2012;0;0;26;Deinter 6;1966489;3;0;0;0;1;0;0;2;0;7;1;0;1;0;1;1;1
7;2012;0;0;27;Deinter 7;2850458;0;0;0;0;0;0;0;1;0;0;1;0;0;0;1;0;1
7;2012;0;0;28;Deinter 8;1092359;1;0;0;0;0;0;0;0;0;0;0;0;0;0;0;0;0
7;2012;0;0;29;Deinter 9;2994987;0;0;0;0;0;0;0;3;0;0;0;0;0;0;0;0;2
7;2012;0;0;30;Deinter 10;745471;0;0;0;0;0;0;0;0;0;0;0;0;0;0;0;0;0
7;2012;0;0;31;Decap;11376685;12;0;0;0;0;0;0;0;0;0;0;0;0;0;0;1;1
7;2012;0;0;32;Decap;11376685;1;0;0;1;2;0;0;0;0;1;1;0;0;0;0;0;4
7;2012;0;0;33;Decap;11376685;NA;NA;NA;NA;NA;NA;NA;NA;NA;NA;NA;NA;NA;NA;NA;NA;NA
7;2013;0;0;19;Decap;11821873;5;0;0;0;6;0;1;20;0;2;11;0;2;0;1;13;6
7;2013;0;0;20;Demacro;8953241;3;0;0;0;3;0;1;12;0;0;4;0;3;0;1;8;2
7;2013;0;0;21;Deinter 1;2406735;3;0;0;0;0;0;0;2;0;0;1;0;0;0;0;0;1
7;2013;0;0;22;Deinter 2;3541481;1;0;0;0;0;0;0;0;0;0;1;0;0;1;0;1;3
7;2013;0;0;23;Deinter 3;3503301;1;0;0;0;1;0;0;4;0;1;1;0;0;0;0;0;0
7;2013;0;0;24;Deinter 4;1840239;0;0;0;0;0;0;0;2;0;0;1;0;0;0;0;1;0
7;2013;0;0;25;Deinter 5;1537918;1;0;0;0;0;1;0;0;0;0;0;0;0;0;0;1;0
7;2013;0;0;26;Deinter 6;2048410;2;0;0;1;0;0;0;1;0;0;2;0;0;0;0;2;3
7;2013;0;0;27;Deinter 7;2975156;2;0;0;0;0;0;0;0;0;0;0;0;0;0;0;1;0
7;2013;0;0;28;Deinter 8;1133298;0;0;0;0;0;0;0;0;0;0;0;0;1;0;0;0;1
7;2013;0;0;29;Deinter 9;3126459;1;0;0;0;0;0;0;4;0;0;0;0;0;0;0;0;2
7;2013;0;0;30;Deinter 10;775558;0;0;0;0;0;0;0;0;0;0;0;0;0;0;0;0;0
7;2013;0;0;31;Decap;11821873;4;0;0;2;1;0;0;3;0;0;1;0;0;0;0;1;3
7;2013;0;0;32;Decap;11821873;0;0;0;0;0;0;1;0;0;0;2;0;0;1;0;1;5
7;2013;0;0;33;Decap;11821873;0;0;0;0;0;0;0;0;0;0;0;0;0;0;0;0;0
7;2014;0;0;19;Decap;11895893;24;0;0;4;7;0;0;21;0;1;14;0;0;0;2;6;4
7;2014;0;0;20;Demacro;9039311;17;0;0;0;3;0;0;8;0;4;3;0;0;1;2;2;3
7;2014;0;0;21;Deinter 1;2430392;4;0;0;0;0;0;0;1;0;0;0;0;0;1;0;2;0
7;2014;0;0;22;Deinter 2;3584160;3;0;0;0;0;1;0;2;0;0;0;0;0;0;0;2;0
7;2014;0;0;23;Deinter 3;3535932;2;0;0;0;0;0;0;0;0;2;1;0;0;0;0;0;0
7;2014;0;0;24;Deinter 4;1852338;0;0;0;0;0;0;1;0;0;0;0;0;0;0;0;0;1
7;2014;0;0;25;Deinter 5;1550161;2;0;0;0;0;0;0;0;0;0;0;0;0;0;0;0;0
7;2014;0;0;26;Deinter 6;2065208;0;0;0;0;2;0;0;2;0;0;0;0;0;0;0;0;1
7;2014;0;0;27;Deinter 7;3004319;4;0;0;0;0;0;0;3;0;0;0;0;0;0;0;0;0
7;2014;0;0;28;Deinter 8;1138981;0;0;0;0;0;0;0;0;0;0;0;0;0;0;0;0;0
7;2014;0;0;29;Deinter 9;3157448;1;0;0;0;0;0;0;4;0;0;2;0;0;0;0;0;2
7;2014;0;0;30;Deinter 10;781161;0;0;0;0;0;0;0;0;0;0;0;0;0;0;0;0;0
7;2014;0;0;31;Decap;11895893;7;0;0;0;0;0;0;0;0;1;3;0;0;0;1;0;1
7;2014;0;0;32;Decap;11895893;1;0;0;0;0;0;0;1;0;0;5;0;1;1;3;4;6
7;2014;0;0;33;Decap;11895893;0;0;0;0;0;0;0;0;0;0;0;0;0;0;0;0;0
7;2015;0;0;19;Decap;11967825;10;8;0;0;0;0;0;13;3;4;1;0;0;0;2;6;4
7;2015;0;0;20;Demacro;9122966;10;1;0;0;0;0;0;5;3;1;1;2;0;1;1;5;3
7;2015;0;0;21;Deinter 1;2453387;1;1;0;0;0;1;0;2;0;0;0;1;0;0;0;1;2
7;2015;0;0;22;Deinter 2;3625638;1;0;0;0;0;0;0;2;2;0;0;0;0;0;0;1;3
7;2015;0;0;23;Deinter 3;3567652;1;0;0;0;0;0;0;2;0;0;0;1;0;0;0;1;0
7;2015;0;0;24;Deinter 4;1864091;0;0;0;0;0;0;0;1;0;0;0;0;0;0;0;2;1
7;2015;0;0;25;Deinter 5;1562060;1;2;0;0;0;0;0;0;0;0;0;0;0;0;0;0;0
7;2015;0;0;26;Deinter 6;2081531;1;0;0;0;0;0;0;3;0;0;1;1;0;0;0;1;2
7;2015;0;0;27;Deinter 7;3032659;0;0;0;0;0;0;0;3;1;0;0;0;0;0;0;1;1
7;2015;0;0;28;Deinter 8;1144506;1;0;0;0;0;0;0;0;0;1;0;0;0;0;0;0;0
7;2015;0;0;29;Deinter 9;3187564;4;0;0;0;0;0;0;0;0;0;1;0;0;0;0;0;0
7;2015;0;0;30;Deinter 10;786605;0;0;0;0;0;0;0;0;0;0;0;0;0;0;0;0;0
7;2015;0;0;31;Decap;11967825;5;3;0;0;0;0;0;1;3;0;1;0;0;0;1;2;2
7;2015;0;0;32;Decap;11967825;0;3;0;1;0;0;0;2;5;0;3;0;0;0;0;0;5
7;2015;0;0;33;Decap;11967825;0;0;0;0;0;0;0;0;0;0;0;0;0;0;0;0;0
7;2016;0;0;19;Decap;12038175;2;12;0;0;0;0;0;11;3;0;4;1;0;1;0;4;3
7;2016;0;0;20;Demacro;9204764;4;4;0;0;0;0;0;8;5;1;1;0;0;0;0;3;2
7;2016;0;0;21;Deinter 1;2475879;1;0;0;0;0;0;0;0;0;0;0;0;0;0;0;0;0
7;2016;0;0;22;Deinter 2;3666201;1;3;0;0;0;0;0;4;0;0;0;0;0;0;0;1;0
7;2016;0;0;23;Deinter 3;3598661;3;0;0;0;0;0;0;1;0;1;0;1;0;0;0;2;1
7;2016;0;0;24;Deinter 4;1875589;0;0;0;0;0;0;0;0;1;0;0;0;0;0;0;0;0
7;2016;0;0;25;Deinter 5;1573701;1;0;0;0;0;0;0;0;0;0;0;0;0;0;0;0;0
7;2016;0;0;26;Deinter 6;2097502;4;0;0;0;0;0;0;2;0;1;0;0;0;0;0;1;1
7;2016;0;0;27;Deinter 7;3060372;2;0;0;0;0;0;0;2;0;0;0;0;0;0;0;0;0
7;2016;0;0;28;Deinter 8;1149906;0;0;0;0;0;0;0;0;0;0;0;0;0;0;1;0;0
7;2016;0;0;29;Deinter 9;3217014;2;0;0;0;0;0;0;3;0;0;0;0;0;0;0;0;0
7;2016;0;0;30;Deinter 10;791935;0;0;0;0;0;0;0;0;0;0;0;0;0;0;0;0;0
7;2016;0;0;31;Decap;12038175;2;3;0;0;0;0;0;0;0;0;0;0;0;0;0;0;1
7;2016;0;0;32;Decap;12038175;0;3;0;0;0;0;0;0;1;0;0;0;0;1;0;3;3
7;2016;0;0;33;Decap;12038175;0;0;0;0;0;0;0;0;0;0;0;0;0;0;0;0;0
7;2017;1;0;19;Decap;12106920;10;14;2;1;0;0;0;13;5;5;5;1;0;0;0;10;2
7;2017;1;0;20;Demacro;9284704;8;7;0;0;0;0;0;4;0;2;1;1;0;1;1;3;3
7;2017;1;0;21;Deinter 1;2497857;3;0;0;0;0;0;0;0;1;3;0;0;0;0;0;0;0
7;2017;1;0;22;Deinter 2;3705840;3;0;0;0;0;0;0;3;1;0;0;0;0;0;0;1;0
7;2017;1;0;23;Deinter 3;3654014;5;0;0;0;0;0;0;3;0;3;1;0;0;0;0;1;0
7;2017;1;0;24;Deinter 4;1886819;1;0;0;0;0;0;0;2;0;0;0;0;0;0;0;0;0
7;2017;1;0;25;Deinter 5;1565726;1;0;0;0;0;0;0;2;0;0;0;0;0;0;0;0;0
7;2017;1;0;26;Deinter 6;2113105;4;0;0;0;0;0;0;2;4;0;0;0;0;0;0;0;0
7;2017;1;0;27;Deinter 7;3087457;1;0;0;0;0;0;1;1;1;0;0;0;0;0;0;0;2
7;2017;1;0;28;Deinter 8;1149492;0;0;0;0;0;0;0;2;0;0;0;0;0;0;0;1;0
7;2017;1;0;29;Deinter 9;3245798;2;3;0;0;0;0;0;2;0;1;0;0;0;0;0;2;0
7;2017;1;0;30;Deinter 10;797134;0;0;0;0;0;0;0;0;0;0;0;0;0;0;0;0;0
7;2017;1;0;31;Decap;12106920;4;3;0;0;0;0;0;0;3;0;0;0;0;0;0;0;1
7;2017;1;0;32;Decap;12106920;0;3;0;0;0;0;0;1;4;0;1;1;0;0;1;0;3
7;2017;1;0;33;Decap;12106920;0;0;0;0;0;0;0;0;0;0;0;0;0;0;0;0;0
7;2018;1;0;19;Decap;12176866;13;7;0;1;0;0;0;11;6;1;5;0;0;0;0;3;3
7;2018;1;0;20;Demacro;9394415;5;3;0;0;0;0;0;5;1;1;0;0;1;1;0;0;2
7;2018;1;0;21;Deinter 1;2528345;3;0;0;0;0;0;0;1;0;1;0;0;0;0;0;0;0
7;2018;1;0;22;Deinter 2;3765555;3;0;0;0;0;0;0;1;1;0;0;0;0;0;0;1;1
7;2018;1;0;23;Deinter 3;3694912;3;0;0;0;0;0;0;0;0;1;0;0;0;0;0;2;0
7;2018;1;0;24;Deinter 4;1898795;0;0;0;0;0;0;0;0;0;0;0;0;0;0;0;1;0
7;2018;1;0;25;Deinter 5;1579772;2;0;0;0;0;0;0;0;0;0;0;0;0;0;0;0;0
7;2018;1;0;26;Deinter 6;2132735;6;0;0;0;0;0;0;10;0;1;0;1;2;0;0;4;1
7;2018;1;0;27;Deinter 7;3124964;1;0;0;0;0;0;0;1;0;1;0;0;0;0;0;0;2
7;2018;1;0;28;Deinter 8;1153568;0;0;0;0;0;0;0;1;0;0;0;0;0;0;0;0;0
7;2018;1;0;29;Deinter 9;3285865;7;0;0;0;0;0;0;2;0;0;0;0;0;0;0;0;0
7;2018;1;0;30;Deinter 10;803144;0;0;0;0;0;0;0;0;0;0;0;0;0;0;0;0;0
7;2018;1;0;31;Decap;12176866;7;2;0;0;0;0;0;0;0;0;1;0;0;0;0;1;0
7;2018;1;0;32;Decap;12176866;0;2;0;1;0;0;0;2;2;0;0;0;0;0;2;1;2
7;2018;1;0;33;Decap;12176866;0;0;0;0;0;0;0;0;0;0;0;0;0;0;0;0;0
7;2019;0;0;19;Decap;12252023;20;8;0;0;NA;0;0;15;7;3;1;0;0;0;2;5;5
7;2019;0;0;20;Demacro;NA;15;4;0;0;NA;0;0;6;2;3;1;0;0;0;0;0;2
7;2019;0;0;21;Deinter 1;2552610;1;0;0;0;NA;0;0;2;0;0;0;0;0;0;0;0;0
7;2019;0;0;22;Deinter 2;NA;0;1;0;0;NA;0;0;2;1;0;2;0;0;0;1;0;0
7;2019;0;0;23;Deinter 3;3728399;2;0;0;0;NA;0;0;3;0;0;0;0;0;0;0;1;2
7;2019;0;0;24;Deinter 4;1911091;0;0;0;0;NA;0;0;2;0;0;0;0;0;0;0;0;0
7;2019;0;0;25;Deinter 5;1592219;1;0;0;0;NA;0;0;0;0;0;0;0;0;0;0;0;0
7;2019;0;0;26;Deinter 6;2149906;6;1;0;0;NA;0;0;2;0;0;0;0;0;0;0;2;0
7;2019;0;0;27;Deinter 7;3154869;2;0;0;0;NA;0;0;0;0;1;0;0;0;0;0;0;0
7;2019;0;0;28;Deinter 8;1159300;0;0;0;0;NA;0;0;0;0;0;0;0;0;0;0;0;0
7;2019;0;0;29;Deinter 9;3317647;3;0;0;0;NA;0;0;0;0;1;0;0;0;0;0;2;0
7;2019;0;0;30;Deinter 10;808855;0;0;0;0;NA;0;0;0;0;0;0;0;0;0;0;0;0
7;2019;0;0;31;Decap;12252023;5;3;0;0;NA;0;0;0;0;1;1;0;0;0;0;1;1
7;2019;0;0;32;Decap;12252023;1;1;0;0;NA;0;0;1;1;0;2;0;0;0;0;0;0
7;2019;0;0;33;Decap;12252023;0;0;0;0;NA;0;0;0;0;0;0;0;0;0;0;0;0
7;2020;0;0;19;Decap;12325232;11;5;1;0;NA;0;0;10;7;2;2;0;0;0;0;6;4
7;2020;0;0;20;Demacro;9568610;7;0;0;0;NA;0;0;0;3;1;1;0;0;0;0;5;0
7;2020;0;0;21;Deinter 1;2576250;3;0;0;0;NA;0;0;2;0;0;0;0;0;0;0;0;0
7;2020;0;0;22;Deinter 2;3852244;2;0;0;0;NA;0;0;1;1;0;0;0;0;0;0;1;0
7;2020;0;0;23;Deinter 3;3761025;3;0;0;0;NA;0;0;0;0;0;0;0;0;0;0;1;0
7;2020;0;0;24;Deinter 4;1923070;1;0;0;0;NA;0;0;1;0;0;0;0;0;1;0;0;1
7;2020;0;0;25;Deinter 5;1604342;0;0;0;0;NA;0;0;0;0;0;0;0;0;0;0;0;0
7;2020;0;0;26;Deinter 6;2166632;7;0;0;0;NA;0;0;1;0;0;1;0;0;0;0;2;0
7;2020;0;0;27;Deinter 7;3184000;0;0;0;0;NA;0;0;0;0;0;0;0;0;0;0;2;0
7;2020;0;0;28;Deinter 8;1164891;0;0;0;0;NA;0;0;0;0;0;0;0;0;0;0;0;0
7;2020;0;0;29;Deinter 9;3348615;4;0;0;0;NA;0;0;1;0;0;0;0;0;0;0;0;0
7;2020;0;0;30;Deinter 10;814422;0;0;0;0;NA;0;0;0;0;0;0;0;0;0;0;0;0
7;2020;0;0;31;Decap;12325232;4;2;0;0;NA;0;0;0;1;0;0;0;0;0;0;0;0
7;2020;0;0;32;Decap;12325232;0;2;0;0;NA;0;0;0;1;0;0;0;0;0;0;0;1
7;2020;0;0;33;Decap;12325232;0;0;0;0;NA;0;0;0;0;0;0;0;0;0;0;0;0
7;2021;0;0;19;Decap;12396372;8;3;0;0;NA;1;0;2;3;0;0;0;0;0;0;6;1
7;2021;0;0;20;Demacro;9652132;9;2;0;0;NA;0;0;3;3;1;0;0;0;1;1;4;0
7;2021;0;0;21;Deinter 1;2599218;2;0;0;0;NA;0;0;0;0;0;0;0;0;0;0;4;0
7;2021;0;0;22;Deinter 2;3893806;0;0;0;0;NA;0;0;0;0;0;0;0;0;0;0;0;0
7;2021;0;0;23;Deinter 3;3792726;1;0;0;0;NA;0;0;0;0;0;0;0;0;0;0;0;1
7;2021;0;0;24;Deinter 4;1934714;0;0;0;0;NA;0;0;1;0;0;0;0;0;0;0;0;0
7;2021;0;0;25;Deinter 5;1616129;0;0;0;0;NA;0;0;0;0;0;0;0;0;0;0;1;0
7;2021;0;0;26;Deinter 6;2182882;6;1;0;0;NA;0;0;1;2;1;0;0;0;0;0;0;0
7;2021;0;0;27;Deinter 7;3212306;0;0;0;0;NA;0;0;0;0;0;0;0;0;0;0;0;0
7;2021;0;0;28;Deinter 8;1170317;0;0;0;0;NA;0;0;0;0;0;0;0;0;0;0;0;0
7;2021;0;0;29;Deinter 9;3378700;0;0;0;0;NA;0;0;0;0;0;0;0;0;0;0;0;0
7;2021;0;0;30;Deinter 10;819830;0;0;0;0;NA;0;0;0;0;0;0;0;0;0;0;0;0
7;2021;0;0;31;Decap;12396372;0;0;0;0;NA;0;0;0;1;0;0;0;0;0;0;0;0
7;2021;0;0;32;Decap;12396372;0;2;0;0;NA;0;0;0;2;0;0;0;0;0;0;0;1
7;2021;0;0;33;Decap;12396372;0;0;0;0;NA;0;0;0;0;0;0;0;0;0;0;0;0
8;2010;0;0;19;Decap;11244369;8;0;0;0;3;1;0;5;0;3;9;2;0;0;2;11;9
8;2010;0;0;20;Demacro;8428213;7;0;0;0;0;0;0;5;1;2;2;0;1;0;0;4;11
8;2010;0;0;21;Deinter 1;2262723;1;0;0;0;0;0;0;0;0;0;0;0;0;0;0;0;0
8;2010;0;0;22;Deinter 2;3307513;3;0;0;0;0;0;0;2;0;0;1;1;0;0;0;1;0
8;2010;0;0;23;Deinter 3;3302679;1;0;0;0;0;0;0;0;0;0;2;0;0;1;0;1;2
8;2010;0;0;24;Deinter 4;1750734;1;0;0;0;0;0;0;0;0;0;0;0;0;0;0;1;0
8;2010;0;0;25;Deinter 5;1456209;2;0;0;0;0;0;0;0;0;0;0;0;0;0;0;0;1
8;2010;0;0;26;Deinter 6;1936708;2;0;0;0;1;0;0;0;0;2;2;0;0;0;0;5;2
8;2010;0;0;27;Deinter 7;2800360;1;0;0;0;0;0;0;1;0;1;0;1;1;0;0;0;2
8;2010;0;0;28;Deinter 8;1083047;0;0;0;0;0;1;0;0;0;0;1;1;0;0;0;2;0
8;2010;0;0;29;Deinter 9;2943524;3;0;0;0;0;0;0;3;0;0;0;0;0;0;0;3;0
8;2010;0;0;30;Deinter 10;736081;0;0;0;0;0;0;0;0;0;0;0;0;0;0;0;0;0
8;2010;0;0;31;Decap;11244369;9;0;0;0;0;0;0;1;0;0;0;0;0;0;0;2;1
8;2010;0;0;32;Decap;11244369;0;0;0;0;2;0;0;1;0;1;2;0;3;1;0;5;7
8;2010;0;0;33;Decap;11244369;NA;NA;NA;NA;NA;NA;NA;NA;NA;NA;NA;NA;NA;NA;NA;NA;NA
8;2011;0;0;19;Decap;11316119;10;0;0;0;7;0;0;9;0;1;6;0;0;0;1;2;2
8;2011;0;0;20;Demacro;8506440;8;0;0;0;2;0;0;5;0;0;2;0;0;0;0;4;4
8;2011;0;0;21;Deinter 1;2285528;0;0;0;0;0;0;0;3;0;0;0;0;0;0;0;0;1
8;2011;0;0;22;Deinter 2;3346411;3;0;0;0;0;0;0;3;0;0;1;0;0;0;0;4;0
8;2011;0;0;23;Deinter 3;3330732;1;0;0;0;0;0;0;1;0;0;0;0;0;0;0;1;1
8;2011;0;0;24;Deinter 4;1760330;0;0;0;0;0;0;0;2;0;0;0;0;0;0;0;1;0
8;2011;0;0;25;Deinter 5;1466615;0;0;0;0;0;0;0;1;0;0;0;0;0;0;0;0;1
8;2011;0;0;26;Deinter 6;1952342;1;0;0;0;0;0;0;3;0;1;1;0;0;0;0;0;2
8;2011;0;0;27;Deinter 7;2825535;0;0;0;0;0;0;0;0;0;0;0;0;0;0;0;0;0
8;2011;0;0;28;Deinter 8;1087849;0;0;0;0;0;0;0;1;0;0;0;0;0;0;0;0;0
8;2011;0;0;29;Deinter 9;2968472;6;0;0;0;0;0;0;3;0;0;0;0;0;0;0;0;0
8;2011;0;0;30;Deinter 10;740809;0;0;0;0;0;0;0;0;0;0;0;0;0;0;0;0;0
8;2011;0;0;31;Decap;11316119;8;0;0;0;0;0;0;0;0;1;0;0;0;0;0;1;1
8;2011;0;0;32;Decap;11316119;0;0;0;0;2;0;0;0;0;0;6;0;0;0;0;1;1
8;2011;0;0;33;Decap;11316119;NA;NA;NA;NA;NA;NA;NA;NA;NA;NA;NA;NA;NA;NA;NA;NA;NA
8;2012;0;0;19;Decap;11376685;16;0;1;3;1;0;0;13;1;2;8;0;0;0;2;4;7
8;2012;0;0;20;Demacro;8579905;11;0;0;1;0;0;0;6;0;0;8;0;1;1;0;3;2
8;2012;0;0;21;Deinter 1;2305758;0;0;0;1;0;0;0;2;1;0;1;0;0;0;0;0;0
8;2012;0;0;22;Deinter 2;3383407;1;0;0;2;0;0;0;0;0;0;2;0;0;0;0;1;1
8;2012;0;0;23;Deinter 3;3358517;0;0;0;0;1;0;0;0;0;0;0;0;0;0;0;1;2
8;2012;0;0;24;Deinter 4;1770282;0;0;0;0;0;0;0;1;0;0;0;0;0;0;0;1;0
8;2012;0;0;25;Deinter 5;1476901;0;0;0;0;0;0;0;2;0;0;0;0;0;0;0;2;0
8;2012;0;0;26;Deinter 6;1966489;1;0;0;1;0;0;0;2;0;1;0;0;0;0;1;2;2
8;2012;0;0;27;Deinter 7;2850458;0;0;0;0;0;0;0;1;0;0;0;0;1;0;0;0;0
8;2012;0;0;28;Deinter 8;1092359;0;0;0;0;0;0;0;1;0;0;0;0;0;0;0;0;1
8;2012;0;0;29;Deinter 9;2994987;3;0;0;0;0;0;0;0;0;0;0;0;0;0;1;0;0
8;2012;0;0;30;Deinter 10;745471;0;0;0;0;0;0;0;0;0;0;0;0;0;0;0;0;0
8;2012;0;0;31;Decap;11376685;5;0;0;1;2;0;0;0;0;0;0;0;1;0;0;0;2
8;2012;0;0;32;Decap;11376685;0;0;0;4;0;0;1;1;0;0;2;2;1;1;0;0;1
8;2012;0;0;33;Decap;11376685;NA;NA;NA;NA;NA;NA;NA;NA;NA;NA;NA;NA;NA;NA;NA;NA;NA
8;2013;0;0;19;Decap;11821873;8;0;0;2;8;0;0;24;0;2;14;1;1;0;4;6;13
8;2013;0;0;20;Demacro;8953241;9;0;0;1;5;0;0;3;0;0;5;2;0;0;0;4;3
8;2013;0;0;21;Deinter 1;2406735;0;0;0;0;0;0;0;2;0;0;0;0;0;0;0;0;0
8;2013;0;0;22;Deinter 2;3541481;3;0;0;0;0;0;0;2;0;0;3;0;0;0;0;0;1
8;2013;0;0;23;Deinter 3;3503301;3;0;0;1;0;0;0;2;0;0;1;0;0;0;0;4;1
8;2013;0;0;24;Deinter 4;1840239;0;0;0;0;0;0;0;3;0;0;0;0;0;0;0;1;1
8;2013;0;0;25;Deinter 5;1537918;1;0;0;0;0;0;0;0;0;0;1;0;0;0;0;2;1
8;2013;0;0;26;Deinter 6;2048410;1;0;0;0;1;0;0;0;0;0;1;0;0;0;0;1;0
8;2013;0;0;27;Deinter 7;2975156;0;0;0;0;0;1;0;1;0;0;0;0;0;0;1;1;0
8;2013;0;0;28;Deinter 8;1133298;0;0;0;0;0;0;0;0;0;0;0;0;0;0;0;0;0
8;2013;0;0;29;Deinter 9;3126459;1;0;0;1;2;0;0;3;0;0;2;0;0;0;0;2;0
8;2013;0;0;30;Deinter 10;775558;0;0;0;0;0;0;0;0;0;0;0;0;0;0;0;0;0
8;2013;0;0;31;Decap;11821873;0;0;0;0;1;0;0;0;0;0;4;1;3;0;1;0;2
8;2013;0;0;32;Decap;11821873;0;0;0;0;3;0;0;2;0;1;3;0;0;0;2;1;3
8;2013;0;0;33;Decap;11821873;0;0;0;0;0;0;0;0;0;0;0;0;0;0;0;0;1
8;2014;0;0;19;Decap;11895893;12;0;0;6;5;0;0;14;0;3;12;0;0;0;0;12;7
8;2014;0;0;20;Demacro;9039311;11;0;0;3;1;0;0;15;0;0;5;2;0;0;1;2;5
8;2014;0;0;21;Deinter 1;2430392;0;0;0;0;0;0;0;5;0;0;0;0;0;0;0;0;0
8;2014;0;0;22;Deinter 2;3584160;5;0;0;0;0;0;0;1;0;0;0;0;0;0;0;2;1
8;2014;0;0;23;Deinter 3;3535932;0;0;0;0;0;0;0;2;0;0;2;0;0;0;0;0;0
8;2014;0;0;24;Deinter 4;1852338;0;0;0;0;0;0;0;0;0;0;0;0;0;0;0;3;1
8;2014;0;0;25;Deinter 5;1550161;0;0;0;0;0;0;0;0;0;0;1;1;0;0;0;3;0
8;2014;0;0;26;Deinter 6;2065208;0;0;0;0;0;0;0;0;0;0;0;0;0;0;0;0;1
8;2014;0;0;27;Deinter 7;3004319;0;0;0;0;0;0;0;1;0;0;0;0;0;0;0;4;1
8;2014;0;0;28;Deinter 8;1138981;0;0;0;0;0;0;0;1;0;0;0;0;0;0;0;1;2
8;2014;0;0;29;Deinter 9;3157448;2;0;0;0;0;0;0;0;0;0;0;0;0;0;0;0;1
8;2014;0;0;30;Deinter 10;781161;0;0;0;0;0;0;0;0;0;0;0;0;0;0;0;0;0
8;2014;0;0;31;Decap;11895893;5;0;0;0;2;0;0;0;0;0;0;0;0;0;0;1;0
8;2014;0;0;32;Decap;11895893;0;0;0;0;1;0;0;1;0;0;3;0;1;0;1;1;1
8;2014;0;0;33;Decap;11895893;0;0;0;0;0;0;0;0;0;0;0;0;0;0;0;0;0
8;2015;1;0;19;Decap;11967825;16;4;0;0;0;0;0;19;8;1;1;0;0;0;0;3;0
8;2015;1;0;20;Demacro;9122966;15;7;0;0;0;0;0;8;4;3;2;0;0;0;2;3;1
8;2015;1;0;21;Deinter 1;2453387;1;1;0;0;0;0;0;1;2;0;1;0;0;0;0;0;2
8;2015;1;0;22;Deinter 2;3625638;1;2;0;0;0;0;0;1;1;0;0;0;0;0;1;0;2
8;2015;1;0;23;Deinter 3;3567652;1;0;0;0;0;0;0;2;1;0;0;0;0;0;0;2;1
8;2015;1;0;24;Deinter 4;1864091;0;0;0;0;0;0;0;2;0;0;0;0;0;0;0;0;0
8;2015;1;0;25;Deinter 5;1562060;1;0;0;0;0;0;0;0;0;0;0;0;0;0;0;0;0
8;2015;1;0;26;Deinter 6;2081531;3;3;0;0;0;0;0;2;0;0;0;0;0;0;1;3;0
8;2015;1;0;27;Deinter 7;3032659;3;0;0;0;0;0;0;1;1;0;0;0;0;0;0;1;0
8;2015;1;0;28;Deinter 8;1144506;0;0;0;0;0;0;0;0;0;0;0;0;0;0;0;0;0
8;2015;1;0;29;Deinter 9;3187564;6;0;0;0;0;0;0;0;0;2;0;0;0;1;0;1;0
8;2015;1;0;30;Deinter 10;786605;0;0;0;0;0;0;0;0;0;0;0;0;0;0;0;0;0
8;2015;1;0;31;Decap;11967825;8;2;0;0;0;0;0;0;1;1;2;0;0;0;0;0;1
8;2015;1;0;32;Decap;11967825;0;3;0;0;0;0;0;0;1;0;3;0;0;0;1;1;1
8;2015;1;0;33;Decap;11967825;0;0;0;0;0;0;0;0;0;0;0;0;0;0;0;0;0
8;2016;0;0;19;Decap;12038175;11;11;0;0;0;0;0;16;9;4;1;1;2;0;1;4;4
8;2016;0;0;20;Demacro;9204764;9;4;0;0;0;0;0;11;12;0;0;1;0;0;0;3;1
8;2016;0;0;21;Deinter 1;2475879;0;1;0;0;0;0;0;4;0;0;1;0;0;0;0;0;0
8;2016;0;0;22;Deinter 2;3666201;6;0;0;0;0;0;0;2;0;0;0;0;0;0;0;1;1
8;2016;0;0;23;Deinter 3;3598661;1;0;0;0;0;0;0;0;0;0;0;0;0;0;0;0;0
8;2016;0;0;24;Deinter 4;1875589;0;1;0;0;0;0;0;0;1;0;0;0;0;0;0;0;0
8;2016;0;0;25;Deinter 5;1573701;3;1;0;0;0;0;0;0;0;0;0;0;0;0;0;3;0
8;2016;0;0;26;Deinter 6;2097502;3;0;0;0;0;0;0;5;1;0;0;0;0;0;0;0;1
8;2016;0;0;27;Deinter 7;3060372;2;0;0;0;0;0;0;3;1;0;0;0;0;0;0;2;1
8;2016;0;0;28;Deinter 8;1149906;1;0;0;0;0;0;0;0;0;0;0;0;0;0;0;0;0
8;2016;0;0;29;Deinter 9;3217014;2;0;0;0;0;0;0;0;0;1;0;0;0;1;0;1;0
8;2016;0;0;30;Deinter 10;791935;0;0;0;0;0;0;0;0;0;0;0;0;0;0;0;0;0
8;2016;0;0;31;Decap;12038175;11;1;0;0;0;0;0;0;0;0;0;0;0;0;0;1;0
8;2016;0;0;32;Decap;12038175;0;0;0;0;0;1;0;1;2;0;0;0;0;0;0;4;1
8;2016;0;0;33;Decap;12038175;0;0;0;0;0;0;0;0;0;0;0;0;0;0;0;0;0
8;2017;1;0;19;Decap;12106920;15;4;0;0;0;0;0;18;8;1;1;1;3;0;0;5;5
8;2017;1;0;20;Demacro;9284704;15;6;0;0;0;0;0;5;3;3;0;0;0;0;0;1;1
8;2017;1;0;21;Deinter 1;2497857;3;0;0;1;0;0;0;1;0;0;0;0;0;0;0;0;1
8;2017;1;0;22;Deinter 2;3705840;2;2;0;0;0;0;0;1;1;0;0;0;0;0;0;1;0
8;2017;1;0;23;Deinter 3;3654014;3;0;0;0;0;0;0;6;0;0;0;0;0;0;0;3;0
8;2017;1;0;24;Deinter 4;1886819;4;0;0;0;0;0;0;3;3;1;0;0;0;0;0;0;0
8;2017;1;0;25;Deinter 5;1565726;3;0;0;0;0;0;0;2;0;0;0;0;0;0;0;1;1
8;2017;1;0;26;Deinter 6;2113105;3;0;0;0;0;0;0;3;3;3;0;1;0;0;0;3;0
8;2017;1;0;27;Deinter 7;3087457;6;0;0;0;0;0;0;3;0;1;0;0;0;0;0;0;0
8;2017;1;0;28;Deinter 8;1149492;2;0;0;0;0;0;0;0;0;0;0;0;0;0;0;0;0
8;2017;1;0;29;Deinter 9;3245798;3;0;0;0;0;0;0;0;1;0;0;0;0;0;0;4;0
8;2017;1;0;30;Deinter 10;797134;0;0;0;0;0;0;0;0;0;0;0;0;0;0;0;0;0
8;2017;1;0;31;Decap;12106920;2;1;0;1;0;0;0;1;1;0;0;0;0;0;0;0;1
8;2017;1;0;32;Decap;12106920;0;0;0;0;0;0;0;0;1;1;0;0;0;0;1;0;0
8;2017;1;0;33;Decap;12106920;0;0;0;0;0;0;0;0;0;0;0;0;0;0;0;0;0
8;2018;1;0;19;Decap;12176866;15;8;0;0;NA;1;0;13;5;3;4;1;0;1;2;9;5
8;2018;1;0;20;Demacro;9394415;10;3;0;0;NA;0;0;8;6;0;4;0;0;0;0;7;1
8;2018;1;0;21;Deinter 1;2528345;0;0;0;0;NA;0;0;1;0;0;0;0;0;0;0;0;0
8;2018;1;0;22;Deinter 2;3765555;2;0;0;0;NA;0;0;0;0;0;0;0;0;0;0;1;0
8;2018;1;0;23;Deinter 3;3694912;2;0;0;0;NA;0;0;1;0;0;0;0;0;0;0;1;2
8;2018;1;0;24;Deinter 4;1898795;2;0;0;0;NA;0;0;0;0;0;0;0;0;0;0;1;1
8;2018;1;0;25;Deinter 5;1579772;2;0;0;0;NA;0;0;1;0;0;0;0;0;0;0;1;1
8;2018;1;0;26;Deinter 6;2132735;6;0;0;0;NA;0;0;4;0;3;0;0;0;0;0;0;0
8;2018;1;0;27;Deinter 7;3124964;2;0;0;0;NA;0;0;1;0;0;0;0;0;0;0;1;0
8;2018;1;0;28;Deinter 8;1153568;0;0;0;0;NA;0;0;1;0;0;0;0;0;0;0;0;0
8;2018;1;0;29;Deinter 9;3285865;5;0;0;0;NA;0;0;0;0;0;0;0;0;0;0;0;0
8;2018;1;0;30;Deinter 10;803144;0;0;0;0;NA;0;0;0;0;0;0;0;0;0;0;0;0
8;2018;1;0;31;Decap;12176866;4;0;0;0;NA;0;0;1;0;0;0;0;0;0;0;2;3
8;2018;1;0;32;Decap;12176866;1;3;0;0;NA;0;1;0;3;1;0;0;0;0;0;0;1
8;2018;1;0;33;Decap;12176866;0;0;0;0;NA;0;0;0;0;0;0;0;0;0;0;0;0
8;2019;0;0;19;Decap;12252023;19;6;0;0;NA;0;0;13;7;1;1;0;0;0;0;2;4
8;2019;0;0;20;Demacro;NA;12;4;0;0;NA;0;0;2;2;0;2;0;0;0;0;1;1
8;2019;0;0;21;Deinter 1;2552610;4;0;0;0;NA;0;0;1;0;0;0;0;0;0;0;0;0
8;2019;0;0;22;Deinter 2;NA;3;0;0;0;NA;0;0;0;0;0;0;0;0;0;0;0;0
8;2019;0;0;23;Deinter 3;3728399;1;0;0;0;NA;0;0;4;2;0;0;0;0;0;0;0;2
8;2019;0;0;24;Deinter 4;1911091;1;0;0;0;NA;0;0;0;0;0;0;0;0;0;0;0;1
8;2019;0;0;25;Deinter 5;1592219;0;0;0;0;NA;0;0;5;0;0;0;0;0;0;0;0;0
8;2019;0;0;26;Deinter 6;2149906;8;0;0;0;NA;0;0;0;0;0;0;0;0;0;0;1;0
8;2019;0;0;27;Deinter 7;3154869;2;0;0;0;NA;0;0;0;0;0;0;0;0;0;0;0;1
8;2019;0;0;28;Deinter 8;1159300;1;0;0;0;NA;0;0;0;0;2;0;0;0;0;0;0;0
8;2019;0;0;29;Deinter 9;3317647;4;0;0;0;NA;0;0;0;0;0;0;0;0;0;0;0;0
8;2019;0;0;30;Deinter 10;808855;0;0;0;0;NA;0;0;0;0;0;0;0;0;0;0;0;0
8;2019;0;0;31;Decap;12252023;6;0;0;0;NA;0;0;1;0;0;0;0;0;0;0;0;0
8;2019;0;0;32;Decap;12252023;0;2;0;0;NA;0;0;0;1;0;0;0;0;0;0;0;1
8;2019;0;0;33;Decap;12252023;0;0;0;0;NA;0;0;0;0;0;0;0;0;0;0;0;0
8;2020;1;0;19;Decap;12325232;17;2;1;1;NA;1;0;4;6;2;1;0;0;3;0;4;5
8;2020;1;0;20;Demacro;9568610;4;1;0;0;NA;0;0;4;1;0;3;0;0;0;2;1;3
8;2020;1;0;21;Deinter 1;2576250;2;0;0;0;NA;0;0;0;0;0;0;0;0;0;0;0;0
8;2020;1;0;22;Deinter 2;3852244;4;0;0;1;NA;0;0;0;0;0;0;0;0;0;0;1;0
8;2020;1;0;23;Deinter 3;3761025;1;0;0;0;NA;0;0;0;0;0;0;0;0;0;0;0;0
8;2020;1;0;24;Deinter 4;1923070;1;0;0;0;NA;0;0;0;0;0;0;0;0;0;0;0;0
8;2020;1;0;25;Deinter 5;1604342;2;0;0;0;NA;0;0;0;0;0;0;0;0;0;0;0;0
8;2020;1;0;26;Deinter 6;2166632;0;0;0;0;NA;0;0;1;0;0;0;0;0;0;0;0;0
8;2020;1;0;27;Deinter 7;3184000;2;0;0;0;NA;0;0;3;0;2;0;0;0;0;0;1;0
8;2020;1;0;28;Deinter 8;1164891;1;0;0;0;NA;0;0;0;0;0;0;0;0;0;0;0;0
8;2020;1;0;29;Deinter 9;3348615;3;0;0;0;NA;0;0;0;1;0;0;0;0;0;0;0;0
8;2020;1;0;30;Deinter 10;814422;0;0;0;0;NA;0;0;0;0;0;0;0;0;0;0;0;0
8;2020;1;0;31;Decap;12325232;8;0;0;0;NA;0;0;0;0;1;0;0;0;0;0;0;0
8;2020;1;0;32;Decap;12325232;1;0;0;0;NA;0;0;0;0;0;2;0;0;0;0;2;1
8;2020;1;0;33;Decap;12325232;0;0;0;0;NA;0;0;0;0;0;0;0;0;0;0;0;0
8;2021;0;0;19;Decap;12396372;6;7;0;1;NA;0;0;6;6;0;0;0;0;0;0;5;1
8;2021;0;0;20;Demacro;9652132;7;2;0;0;NA;0;1;5;3;0;1;0;0;0;0;1;1
8;2021;0;0;21;Deinter 1;2599218;1;0;0;0;NA;0;0;0;1;0;0;0;0;0;0;0;1
8;2021;0;0;22;Deinter 2;3893806;4;0;0;0;NA;1;0;1;0;0;0;0;0;0;0;0;2
8;2021;0;0;23;Deinter 3;3792726;0;1;0;0;NA;0;0;2;1;0;0;0;0;0;0;1;0
8;2021;0;0;24;Deinter 4;1934714;0;0;0;0;NA;0;0;0;0;0;0;0;0;0;0;0;0
8;2021;0;0;25;Deinter 5;1616129;0;0;0;0;NA;0;0;0;0;0;0;0;0;0;0;0;0
8;2021;0;0;26;Deinter 6;2182882;0;0;0;0;NA;0;1;2;0;0;0;0;0;0;0;0;0
8;2021;0;0;27;Deinter 7;3212306;2;0;0;0;NA;0;0;0;0;1;0;0;0;0;0;0;0
8;2021;0;0;28;Deinter 8;1170317;0;0;0;0;NA;0;0;0;1;0;0;0;0;0;0;0;0
8;2021;0;0;29;Deinter 9;3378700;1;1;0;0;NA;0;0;0;1;0;0;0;0;0;0;0;0
8;2021;0;0;30;Deinter 10;819830;1;0;0;0;NA;0;0;0;0;0;0;0;0;0;0;0;0
8;2021;0;0;31;Decap;12396372;4;0;0;0;NA;0;0;0;0;1;0;0;0;0;0;0;0
8;2021;0;0;32;Decap;12396372;0;1;0;0;NA;0;0;1;0;0;1;0;0;0;1;0;0
8;2021;0;0;33;Decap;12396372;0;0;0;0;NA;0;0;0;0;0;0;0;0;0;0;0;0
9;2010;0;0;19;Decap;11244369;11;0;1;2;2;0;0;14;0;1;3;3;1;1;4;10;7
9;2010;0;0;20;Demacro;8428213;9;0;0;0;2;0;2;1;0;1;1;2;0;0;0;1;4
9;2010;0;0;21;Deinter 1;2262723;0;0;0;0;0;0;0;0;0;0;0;0;0;0;0;3;0
9;2010;0;0;22;Deinter 2;3307513;1;0;0;0;1;0;0;1;0;0;0;1;0;0;0;1;0
9;2010;0;0;23;Deinter 3;3302679;0;0;0;0;1;0;0;2;0;0;0;0;0;0;0;2;0
9;2010;0;0;24;Deinter 4;1750734;0;0;0;0;1;0;0;0;0;1;1;0;0;0;0;0;0
9;2010;0;0;25;Deinter 5;1456209;0;0;0;0;0;0;0;0;0;0;0;0;0;0;0;0;0
9;2010;0;0;26;Deinter 6;1936708;0;0;0;0;0;0;0;2;0;0;0;2;0;0;1;2;1
9;2010;0;0;27;Deinter 7;2800360;1;0;0;0;0;0;0;1;0;0;0;0;0;0;0;2;0
9;2010;0;0;28;Deinter 8;1083047;0;0;0;0;0;0;0;1;0;0;0;0;0;0;0;2;1
9;2010;0;0;29;Deinter 9;2943524;0;0;0;0;1;0;0;0;0;0;0;0;1;0;0;0;3
9;2010;0;0;30;Deinter 10;736081;0;0;0;0;0;0;0;0;0;0;0;0;0;0;0;0;0
9;2010;0;0;31;Decap;11244369;1;0;0;0;0;0;0;1;0;0;1;0;0;0;1;0;0
9;2010;0;0;32;Decap;11244369;0;0;0;1;0;0;0;0;0;0;0;2;1;0;0;2;4
9;2010;0;0;33;Decap;11244369;NA;NA;NA;NA;NA;NA;NA;NA;NA;NA;NA;NA;NA;NA;NA;NA;NA
9;2011;1;0;19;Decap;11316119;6;0;0;2;3;0;0;8;0;3;8;1;1;1;0;14;6
9;2011;1;0;20;Demacro;8506440;1;0;0;0;2;0;0;7;0;1;2;1;2;0;2;6;4
9;2011;1;0;21;Deinter 1;2285528;0;0;0;2;0;0;0;0;0;0;0;0;0;0;0;1;2
9;2011;1;0;22;Deinter 2;3346411;3;0;0;0;1;0;0;3;0;0;1;0;0;0;0;0;0
9;2011;1;0;23;Deinter 3;3330732;2;0;0;0;0;0;0;0;0;0;2;0;0;0;0;2;0
9;2011;1;0;24;Deinter 4;1760330;0;0;0;0;0;0;0;0;0;0;0;0;0;0;0;0;0
9;2011;1;0;25;Deinter 5;1466615;0;0;0;0;0;0;0;1;0;0;0;0;0;0;0;0;1
9;2011;1;0;26;Deinter 6;1952342;5;0;0;0;0;0;0;5;0;0;1;0;0;0;0;3;2
9;2011;1;0;27;Deinter 7;2825535;0;0;0;0;0;0;0;1;0;0;0;0;0;0;0;2;1
9;2011;1;0;28;Deinter 8;1087849;0;0;0;0;0;0;0;0;0;0;0;0;0;0;0;0;0
9;2011;1;0;29;Deinter 9;2968472;0;0;0;0;0;0;0;1;0;0;0;1;0;0;0;1;0
9;2011;1;0;30;Deinter 10;740809;0;0;0;0;0;0;0;0;0;0;0;0;0;0;0;0;0
9;2011;1;0;31;Decap;11316119;8;0;0;0;0;0;0;0;0;0;0;0;0;0;0;1;1
9;2011;1;0;32;Decap;11316119;0;0;0;0;1;0;0;2;0;0;3;0;0;0;1;0;4
9;2011;1;0;33;Decap;11316119;NA;NA;NA;NA;NA;NA;NA;NA;NA;NA;NA;NA;NA;NA;NA;NA;NA
9;2012;0;0;19;Decap;11376685;17;0;0;8;3;0;0;7;0;6;6;0;0;1;3;4;10
9;2012;0;0;20;Demacro;8579905;2;0;0;3;1;0;0;2;0;0;4;0;0;0;1;3;4
9;2012;0;0;21;Deinter 1;2305758;0;0;0;0;0;0;0;1;0;0;0;0;0;0;0;0;1
9;2012;0;0;22;Deinter 2;3383407;0;0;0;0;0;0;0;0;0;0;1;1;0;0;0;2;2
9;2012;0;0;23;Deinter 3;3358517;3;0;0;0;0;0;0;2;0;1;0;0;0;0;2;1;2
9;2012;0;0;24;Deinter 4;1770282;0;0;0;0;0;0;0;0;0;0;0;0;0;0;0;1;0
9;2012;0;0;25;Deinter 5;1476901;1;0;0;0;0;0;0;0;0;0;0;0;0;0;0;0;0
9;2012;0;0;26;Deinter 6;1966489;4;0;0;0;1;0;0;2;0;0;2;2;0;0;0;3;1
9;2012;0;0;27;Deinter 7;2850458;1;0;0;0;0;0;0;2;0;0;0;0;0;0;0;0;1
9;2012;0;0;28;Deinter 8;1092359;0;0;0;0;0;0;0;1;0;0;0;0;0;0;0;2;1
9;2012;0;0;29;Deinter 9;2994987;2;0;0;0;0;0;0;0;0;0;1;0;0;0;1;0;1
9;2012;0;0;30;Deinter 10;745471;0;0;0;0;0;0;0;0;0;0;0;0;0;0;0;0;0
9;2012;0;0;31;Decap;11376685;12;0;0;0;0;0;0;0;0;0;2;0;0;0;1;1;1
9;2012;0;0;32;Decap;11376685;0;0;0;1;0;0;0;1;0;0;1;0;2;0;0;1;4
9;2012;0;0;33;Decap;11376685;NA;NA;NA;NA;NA;NA;NA;NA;NA;NA;NA;NA;NA;NA;NA;NA;NA
9;2013;0;0;19;Decap;11821873;12;0;0;2;6;0;0;16;0;1;16;1;0;0;1;2;7
9;2013;0;0;20;Demacro;8953241;10;0;0;1;3;0;0;8;0;1;8;0;0;0;0;5;0
9;2013;0;0;21;Deinter 1;2406735;2;0;0;0;0;0;0;1;0;0;0;0;1;0;0;0;0
9;2013;0;0;22;Deinter 2;3541481;3;0;0;0;0;0;0;3;0;0;1;0;0;0;0;0;0
9;2013;0;0;23;Deinter 3;3503301;1;0;0;0;0;0;0;1;0;1;1;0;0;0;0;0;0
9;2013;0;0;24;Deinter 4;1840239;1;0;0;0;0;0;0;1;0;0;0;0;0;0;0;2;0
9;2013;0;0;25;Deinter 5;1537918;0;0;0;0;0;0;0;2;0;0;0;0;0;0;0;0;0
9;2013;0;0;26;Deinter 6;2048410;2;0;0;1;0;0;0;0;0;1;1;0;0;1;0;2;0
9;2013;0;0;27;Deinter 7;2975156;6;0;1;0;0;0;0;0;0;0;0;0;0;0;0;0;0
9;2013;0;0;28;Deinter 8;1133298;0;0;0;1;0;0;0;0;0;1;0;0;0;0;0;1;0
9;2013;0;0;29;Deinter 9;3126459;1;0;0;0;0;0;0;2;0;0;0;0;0;0;0;0;0
9;2013;0;0;30;Deinter 10;775558;0;0;0;0;0;0;0;0;0;0;0;0;0;0;0;0;0
9;2013;0;0;31;Decap;11821873;0;0;0;0;2;0;0;0;0;0;0;0;0;0;1;0;2
9;2013;0;0;32;Decap;11821873;3;0;0;0;2;0;0;1;0;0;3;0;0;1;1;2;2
9;2013;0;0;33;Decap;11821873;0;0;0;0;0;0;0;0;0;0;0;0;0;0;0;0;0
9;2014;1;0;19;Decap;11895893;23;0;1;7;3;0;0;16;0;3;9;0;0;1;1;2;6
9;2014;1;0;20;Demacro;9039311;14;0;1;1;1;0;0;6;0;0;3;1;0;0;0;0;3
9;2014;1;0;21;Deinter 1;2430392;1;0;0;0;0;0;0;2;0;0;0;0;0;0;0;0;1
9;2014;1;0;22;Deinter 2;3584160;2;0;0;0;0;0;0;2;0;0;0;0;0;0;0;1;0
9;2014;1;0;23;Deinter 3;3535932;1;0;0;0;0;0;0;5;0;0;0;0;0;0;0;0;0
9;2014;1;0;24;Deinter 4;1852338;1;0;0;0;0;0;0;0;0;0;0;0;0;0;0;0;0
9;2014;1;0;25;Deinter 5;1550161;1;0;0;0;0;0;0;0;0;0;0;0;0;0;0;0;0
9;2014;1;0;26;Deinter 6;2065208;3;0;0;1;1;0;1;3;0;0;2;0;0;0;0;1;0
9;2014;1;0;27;Deinter 7;3004319;4;0;0;0;0;0;0;2;0;1;0;0;0;0;0;0;2
9;2014;1;0;28;Deinter 8;1138981;0;0;0;0;0;0;0;0;0;0;0;0;0;0;0;0;0
9;2014;1;0;29;Deinter 9;3157448;1;0;0;0;0;0;0;2;0;0;1;0;0;0;0;2;0
9;2014;1;0;30;Deinter 10;781161;0;0;0;0;0;0;0;0;0;0;0;0;0;0;0;0;0
9;2014;1;0;31;Decap;11895893;8;0;0;0;0;0;0;1;0;0;0;0;0;0;0;0;1
9;2014;1;0;32;Decap;11895893;0;0;0;3;1;0;0;1;0;1;4;0;0;0;0;2;1
9;2014;1;0;33;Decap;11895893;0;0;0;0;0;0;0;0;0;0;0;0;0;0;0;0;0
9;2015;0;0;19;Decap;11967825;20;6;0;0;0;0;0;19;4;1;5;0;0;1;2;5;3
9;2015;0;0;20;Demacro;9122966;5;2;0;0;0;0;0;11;0;1;1;0;0;0;0;1;1
9;2015;0;0;21;Deinter 1;2453387;0;1;0;0;0;0;0;1;0;0;0;0;0;0;0;0;1
9;2015;0;0;22;Deinter 2;3625638;2;1;0;0;0;0;0;0;2;1;1;0;0;0;0;0;1
9;2015;0;0;23;Deinter 3;3567652;1;0;0;0;0;1;0;3;0;0;0;0;0;0;0;0;0
9;2015;0;0;24;Deinter 4;1864091;0;0;0;0;0;0;0;1;0;0;0;0;0;1;0;0;0
9;2015;0;0;25;Deinter 5;1562060;0;0;0;0;0;0;0;0;0;0;0;0;0;0;0;0;0
9;2015;0;0;26;Deinter 6;2081531;4;0;0;0;0;0;0;2;0;0;0;0;2;0;0;0;1
9;2015;0;0;27;Deinter 7;3032659;2;1;0;0;0;0;0;1;0;0;0;0;0;0;0;0;1
9;2015;0;0;28;Deinter 8;1144506;0;0;0;0;0;0;0;0;0;0;0;0;0;0;0;0;0
9;2015;0;0;29;Deinter 9;3187564;3;0;0;0;0;0;0;0;0;0;0;0;0;0;0;0;0
9;2015;0;0;30;Deinter 10;786605;0;0;0;0;0;0;0;0;0;0;0;0;0;0;0;0;0
9;2015;0;0;31;Decap;11967825;0;3;0;0;0;0;0;0;1;0;1;0;0;0;0;1;1
9;2015;0;0;32;Decap;11967825;0;1;0;0;0;0;0;0;3;0;2;0;0;0;1;0;3
9;2015;0;0;33;Decap;11967825;0;0;0;0;0;0;0;0;0;0;0;0;0;0;0;0;0
9;2016;0;0;19;Decap;12038175;17;5;0;0;0;0;0;23;12;1;3;0;0;0;1;6;4
9;2016;0;0;20;Demacro;9204764;8;2;0;0;0;0;0;7;4;1;0;5;0;0;0;12;1
9;2016;0;0;21;Deinter 1;2475879;1;1;0;0;0;0;0;2;0;0;0;0;0;0;0;0;0
9;2016;0;0;22;Deinter 2;3666201;7;1;0;0;0;0;0;3;2;0;0;0;0;0;0;0;0
9;2016;0;0;23;Deinter 3;3598661;0;0;0;0;0;0;0;2;0;1;0;0;0;0;0;3;0
9;2016;0;0;24;Deinter 4;1875589;1;0;0;0;0;0;0;0;0;0;0;0;0;0;0;1;0
9;2016;0;0;25;Deinter 5;1573701;4;0;0;0;0;0;0;4;0;0;0;0;0;0;0;0;0
9;2016;0;0;26;Deinter 6;2097502;4;3;0;0;0;0;0;5;0;3;1;0;0;0;0;1;4
9;2016;0;0;27;Deinter 7;3060372;3;0;0;0;0;0;0;0;0;0;0;0;0;0;0;2;1
9;2016;0;0;28;Deinter 8;1149906;0;0;0;0;0;0;0;0;0;0;0;0;0;0;0;0;0
9;2016;0;0;29;Deinter 9;3217014;3;0;0;0;0;0;0;0;0;0;0;0;0;1;0;1;0
9;2016;0;0;30;Deinter 10;791935;0;0;0;0;0;0;0;0;1;0;0;0;0;0;0;0;0
9;2016;0;0;31;Decap;12038175;5;4;0;0;0;0;0;0;3;0;1;1;0;0;0;2;2
9;2016;0;0;32;Decap;12038175;0;0;0;0;0;0;0;1;2;0;0;0;0;0;0;0;0
9;2016;0;0;33;Decap;12038175;0;0;0;0;0;0;0;0;0;0;0;0;0;0;0;0;0
9;2017;0;0;19;Decap;12106920;9;5;0;0;0;0;0;15;5;1;4;1;0;0;0;2;5
9;2017;0;0;20;Demacro;9284704;12;6;0;0;0;0;0;8;2;7;0;0;0;0;1;3;1
9;2017;0;0;21;Deinter 1;2497857;1;1;0;0;0;0;0;1;0;0;0;0;0;0;0;0;0
9;2017;0;0;22;Deinter 2;3705840;1;2;0;0;0;0;0;0;0;0;0;0;0;0;0;1;0
9;2017;0;0;23;Deinter 3;3654014;1;0;0;0;0;0;0;1;0;0;1;0;0;0;0;0;0
9;2017;0;0;24;Deinter 4;1886819;0;0;0;0;0;0;0;1;0;0;0;0;0;0;0;0;0
9;2017;0;0;25;Deinter 5;1565726;2;0;0;1;0;0;0;0;0;0;0;0;0;0;1;0;0
9;2017;0;0;26;Deinter 6;2113105;4;0;0;1;0;0;0;0;0;1;1;0;0;0;1;1;4
9;2017;0;0;27;Deinter 7;3087457;1;0;0;0;0;0;0;0;0;1;0;0;0;0;0;0;2
9;2017;0;0;28;Deinter 8;1149492;2;0;0;0;0;0;0;1;0;0;1;0;0;0;0;0;0
9;2017;0;0;29;Deinter 9;3245798;1;0;0;0;0;0;0;2;0;0;0;0;0;0;1;0;0
9;2017;0;0;30;Deinter 10;797134;0;0;0;0;0;0;0;0;0;0;0;0;0;0;0;0;0
9;2017;0;0;31;Decap;12106920;4;1;0;0;0;0;0;1;0;0;1;0;0;0;0;0;0
9;2017;0;0;32;Decap;12106920;0;2;0;0;0;0;0;1;1;0;0;1;0;0;1;1;4
9;2017;0;0;33;Decap;12106920;0;0;0;0;0;0;0;0;0;0;0;0;0;0;0;0;0
9;2018;0;0;19;Decap;12176866;15;10;0;0;NA;0;0;7;8;3;5;0;0;0;1;0;3
9;2018;0;0;20;Demacro;9394415;12;3;0;1;NA;0;0;7;0;0;0;0;0;2;0;0;2
9;2018;0;0;21;Deinter 1;2528345;0;0;0;0;NA;0;0;0;0;0;0;0;0;0;0;0;0
9;2018;0;0;22;Deinter 2;3765555;1;0;0;1;NA;0;0;0;1;0;1;0;0;0;0;1;0
9;2018;0;0;23;Deinter 3;3694912;3;0;0;0;NA;0;0;5;0;0;1;0;0;0;0;0;0
9;2018;0;0;24;Deinter 4;1898795;0;0;0;0;NA;0;0;2;0;0;0;0;0;0;0;0;0
9;2018;0;0;25;Deinter 5;1579772;1;0;0;0;NA;0;0;0;0;1;0;0;0;0;0;1;1
9;2018;0;0;26;Deinter 6;2132735;8;1;0;0;NA;0;0;1;0;0;1;0;0;0;1;0;0
9;2018;0;0;27;Deinter 7;3124964;3;2;0;0;NA;0;0;2;0;0;0;0;0;0;0;1;2
9;2018;0;0;28;Deinter 8;1153568;0;0;0;0;NA;0;0;0;0;0;0;0;0;0;0;0;0
9;2018;0;0;29;Deinter 9;3285865;5;0;0;0;NA;0;0;1;0;1;0;0;0;0;0;0;0
9;2018;0;0;30;Deinter 10;803144;0;0;0;0;NA;0;0;0;0;0;0;0;0;0;0;0;0
9;2018;0;0;31;Decap;12176866;7;1;0;0;NA;0;0;0;1;0;0;0;0;0;0;0;1
9;2018;0;0;32;Decap;12176866;0;1;0;0;NA;0;0;2;3;0;0;0;0;1;0;1;2
9;2018;0;0;33;Decap;12176866;0;0;0;0;NA;0;0;0;0;0;0;0;0;0;0;0;1
9;2019;1;0;19;Decap;12252023;7;0;0;0;NA;0;0;11;8;2;1;0;0;0;0;3;2
9;2019;1;0;20;Demacro;NA;10;2;0;0;NA;1;0;1;2;1;1;0;0;0;0;1;1
9;2019;1;0;21;Deinter 1;2552610;3;0;0;0;NA;0;0;1;0;0;0;0;0;0;1;0;0
9;2019;1;0;22;Deinter 2;NA;0;0;0;1;NA;0;0;0;0;0;0;0;0;1;0;0;0
9;2019;1;0;23;Deinter 3;3728399;2;0;0;0;NA;0;0;3;0;0;0;0;0;0;0;0;2
9;2019;1;0;24;Deinter 4;1911091;2;0;0;0;NA;0;0;2;0;0;0;0;0;1;0;3;0
9;2019;1;0;25;Deinter 5;1592219;0;0;0;0;NA;0;0;0;0;0;0;0;0;0;0;0;0
9;2019;1;0;26;Deinter 6;2149906;4;0;0;0;NA;0;0;3;0;0;0;0;0;0;0;2;2
9;2019;1;0;27;Deinter 7;3154869;3;0;0;0;NA;0;0;3;0;0;0;0;0;0;0;0;1
9;2019;1;0;28;Deinter 8;1159300;0;0;0;0;NA;0;0;0;0;0;0;0;0;0;0;0;0
9;2019;1;0;29;Deinter 9;3317647;1;1;0;0;NA;0;0;1;0;0;0;0;0;0;0;0;0
9;2019;1;0;30;Deinter 10;808855;0;0;0;1;NA;0;0;0;0;0;0;0;0;0;0;0;0
9;2019;1;0;31;Decap;12252023;6;1;0;0;NA;0;0;0;2;0;1;0;0;0;0;0;0
9;2019;1;0;32;Decap;12252023;0;6;0;0;NA;0;0;0;0;0;0;0;0;1;0;1;2
9;2019;1;0;33;Decap;12252023;0;0;0;0;NA;0;0;0;0;0;0;0;0;0;0;0;0
9;2020;0;0;19;Decap;12325232;10;11;0;0;NA;0;0;3;1;1;2;0;0;1;0;5;3
9;2020;0;0;20;Demacro;9568610;6;2;0;0;NA;0;0;7;10;0;0;0;0;0;0;2;1
9;2020;0;0;21;Deinter 1;2576250;1;0;0;0;NA;0;0;1;0;0;0;0;0;0;0;0;0
9;2020;0;0;22;Deinter 2;3852244;1;0;0;0;NA;0;0;0;0;0;0;0;0;0;0;0;1
9;2020;0;0;23;Deinter 3;3761025;1;0;0;0;NA;0;0;0;0;0;0;0;0;0;0;0;1
9;2020;0;0;24;Deinter 4;1923070;5;0;0;0;NA;0;0;1;0;0;0;0;0;0;0;0;0
9;2020;0;0;25;Deinter 5;1604342;0;0;0;0;NA;0;0;0;0;0;0;0;0;0;0;0;0
9;2020;0;0;26;Deinter 6;2166632;4;0;0;0;NA;0;0;2;1;0;0;0;0;0;1;0;0
9;2020;0;0;27;Deinter 7;3184000;1;0;0;0;NA;0;0;0;0;0;0;0;0;0;0;0;1
9;2020;0;0;28;Deinter 8;1164891;0;0;0;0;NA;0;0;0;0;0;0;0;0;0;0;0;0
9;2020;0;0;29;Deinter 9;3348615;3;0;0;0;NA;0;0;0;2;0;0;0;0;0;0;1;0
9;2020;0;0;30;Deinter 10;814422;0;0;0;0;NA;0;0;0;0;0;0;0;0;0;0;0;0
9;2020;0;0;31;Decap;12325232;5;2;0;0;NA;0;0;0;0;0;1;0;0;1;1;0;0
9;2020;0;0;32;Decap;12325232;0;0;0;0;NA;0;0;0;3;0;0;0;0;0;0;1;1
9;2020;0;0;33;Decap;12325232;0;0;0;0;NA;0;0;0;0;0;0;0;0;0;0;0;0
9;2021;0;0;19;Decap;12396372;7;4;0;0;NA;0;0;5;7;3;0;0;0;0;0;2;3
9;2021;0;0;20;Demacro;9652132;2;5;0;0;NA;0;1;7;1;1;0;0;0;0;0;1;1
9;2021;0;0;21;Deinter 1;2599218;2;0;0;0;NA;0;0;0;0;1;0;0;0;0;0;0;0
9;2021;0;0;22;Deinter 2;3893806;2;0;0;0;NA;0;0;0;1;0;0;0;0;0;0;0;0
9;2021;0;0;23;Deinter 3;3792726;0;0;0;0;NA;0;0;1;1;0;0;0;0;0;0;0;1
9;2021;0;0;24;Deinter 4;1934714;0;1;1;0;NA;0;0;1;0;0;0;0;0;0;0;3;1
9;2021;0;0;25;Deinter 5;1616129;0;0;0;0;NA;0;0;0;0;0;0;0;0;0;0;0;0
9;2021;0;0;26;Deinter 6;2182882;1;0;0;0;NA;0;0;1;0;0;0;0;0;0;1;0;0
9;2021;0;0;27;Deinter 7;3212306;0;0;0;0;NA;0;0;0;0;0;0;0;0;0;0;0;0
9;2021;0;0;28;Deinter 8;1170317;0;0;0;0;NA;0;0;0;0;0;0;0;0;0;0;0;0
9;2021;0;0;29;Deinter 9;3378700;0;1;0;0;NA;0;0;0;1;0;0;0;0;0;0;0;0
9;2021;0;0;30;Deinter 10;819830;0;0;0;0;NA;0;0;0;0;0;0;0;0;0;0;0;0
9;2021;0;0;31;Decap;12396372;5;1;0;0;NA;0;0;0;0;0;1;0;0;0;0;0;0
9;2021;0;0;32;Decap;12396372;1;2;0;0;NA;0;0;0;1;0;0;0;0;0;0;0;3
9;2021;0;0;33;Decap;12396372;0;0;0;0;NA;0;0;0;0;0;0;0;0;0;0;1;0
10;2010;0;0;19;Decap;11244369;16;0;0;1;3;0;0;10;0;5;7;3;0;0;3;11;7
10;2010;0;0;20;Demacro;8428213;11;0;0;0;4;0;0;4;0;1;3;0;0;0;2;2;6
10;2010;0;0;21;Deinter 1;2262723;0;0;0;0;0;0;0;1;0;0;1;0;0;0;0;0;1
10;2010;0;0;22;Deinter 2;3307513;2;0;0;0;2;0;0;0;0;0;1;0;0;0;0;2;0
10;2010;0;0;23;Deinter 3;3302679;0;0;0;0;0;1;0;5;0;0;1;1;1;0;0;3;0
10;2010;0;0;24;Deinter 4;1750734;2;0;0;0;0;0;0;2;0;0;0;0;0;0;0;0;1
10;2010;0;0;25;Deinter 5;1456209;0;0;0;0;0;0;0;5;0;0;0;2;0;0;0;1;0
10;2010;0;0;26;Deinter 6;1936708;0;0;0;0;0;0;0;5;0;0;2;0;0;0;0;1;3
10;2010;0;0;27;Deinter 7;2800360;0;0;0;0;0;0;0;0;0;0;0;0;0;0;0;2;0
10;2010;0;0;28;Deinter 8;1083047;0;0;0;0;0;0;0;2;0;0;0;0;0;0;0;2;0
10;2010;0;0;29;Deinter 9;2943524;0;0;0;0;1;0;0;1;0;0;0;0;0;0;0;1;1
10;2010;0;0;30;Deinter 10;736081;0;0;0;0;0;0;0;0;0;0;0;0;0;0;0;0;0
10;2010;0;0;31;Decap;11244369;2;0;0;0;0;0;0;0;0;0;1;0;0;0;0;1;0
10;2010;0;0;32;Decap;11244369;0;0;0;0;0;0;0;0;0;0;2;0;2;1;2;5;5
10;2010;0;0;33;Decap;11244369;NA;NA;NA;NA;NA;NA;NA;NA;NA;NA;NA;NA;NA;NA;NA;NA;NA
10;2011;0;0;19;Decap;11316119;7;0;0;0;3;0;0;14;0;3;3;0;0;0;2;5;3
10;2011;0;0;20;Demacro;8506440;9;0;0;0;1;0;0;4;0;4;1;1;0;0;0;1;1
10;2011;0;0;21;Deinter 1;2285528;1;0;0;0;1;0;0;1;0;0;0;0;0;0;0;0;0
10;2011;0;0;22;Deinter 2;3346411;0;0;0;0;0;0;0;1;0;0;0;2;0;0;0;1;0
10;2011;0;0;23;Deinter 3;3330732;1;0;0;0;0;0;0;2;0;0;0;0;0;0;0;2;3
10;2011;0;0;24;Deinter 4;1760330;0;0;0;0;0;0;0;1;0;0;0;0;0;0;0;0;1
10;2011;0;0;25;Deinter 5;1466615;0;0;0;0;0;0;0;0;0;0;0;0;0;0;0;0;0
10;2011;0;0;26;Deinter 6;1952342;1;0;0;0;0;0;0;3;0;0;0;0;0;1;0;1;0
10;2011;0;0;27;Deinter 7;2825535;0;0;0;0;1;0;0;3;0;0;0;0;0;0;0;4;0
10;2011;0;0;28;Deinter 8;1087849;0;0;0;0;0;0;0;0;0;0;0;0;0;0;0;0;0
10;2011;0;0;29;Deinter 9;2968472;3;0;0;0;2;0;0;1;0;0;0;0;0;0;0;0;1
10;2011;0;0;30;Deinter 10;740809;0;0;0;0;0;0;0;0;0;0;0;0;0;0;0;0;0
10;2011;0;0;31;Decap;11316119;4;0;0;0;0;0;0;0;0;1;0;0;0;0;0;0;1
10;2011;0;0;32;Decap;11316119;0;0;0;1;0;0;0;2;0;0;0;0;0;1;0;1;2
10;2011;0;0;33;Decap;11316119;NA;NA;NA;NA;NA;NA;NA;NA;NA;NA;NA;NA;NA;NA;NA;NA;NA
10;2012;0;0;19;Decap;11376685;27;0;0;2;1;0;0;13;0;2;12;3;0;0;6;6;4
10;2012;0;0;20;Demacro;8579905;18;0;0;1;0;0;0;5;0;2;4;1;0;0;1;5;4
10;2012;0;0;21;Deinter 1;2305758;0;0;0;0;0;1;0;1;0;0;0;0;0;0;0;2;0
10;2012;0;0;22;Deinter 2;3383407;1;0;0;0;0;0;0;3;0;0;0;0;0;0;0;3;0
10;2012;0;0;23;Deinter 3;3358517;3;0;0;0;1;0;0;2;0;0;1;0;0;0;0;1;1
10;2012;0;0;24;Deinter 4;1770282;0;0;0;0;0;0;0;2;0;0;0;0;0;0;0;0;0
10;2012;0;0;25;Deinter 5;1476901;0;0;0;0;0;0;0;0;0;0;0;0;0;0;0;0;0
10;2012;0;0;26;Deinter 6;1966489;1;0;0;1;0;0;0;6;0;0;2;0;0;0;2;2;0
10;2012;0;0;27;Deinter 7;2850458;0;0;0;0;0;0;0;1;0;1;0;0;1;0;1;0;1
10;2012;0;0;28;Deinter 8;1092359;0;0;0;0;0;0;0;0;0;0;0;0;0;0;0;0;0
10;2012;0;0;29;Deinter 9;2994987;2;0;0;1;0;0;0;1;0;0;2;0;0;0;0;1;1
10;2012;0;0;30;Deinter 10;745471;0;0;0;0;0;0;0;0;0;0;0;0;0;0;0;0;0
10;2012;0;0;31;Decap;11376685;6;0;0;1;0;0;0;0;0;0;2;0;0;0;1;0;3
10;2012;0;0;32;Decap;11376685;0;0;0;1;0;0;0;1;0;0;1;0;0;0;0;3;5
10;2012;0;0;33;Decap;11376685;NA;NA;NA;NA;NA;NA;NA;NA;NA;NA;NA;NA;NA;NA;NA;NA;NA
10;2013;0;0;19;Decap;11821873;8;0;1;0;7;0;0;27;0;3;13;0;0;0;1;5;6
10;2013;0;0;20;Demacro;8953241;5;0;0;3;6;0;0;5;0;0;8;1;0;1;1;3;6
10;2013;0;0;21;Deinter 1;2406735;0;0;0;1;0;1;0;2;0;0;0;2;0;1;0;3;0
10;2013;0;0;22;Deinter 2;3541481;1;0;0;0;0;0;0;0;0;0;3;0;0;0;1;0;1
10;2013;0;0;23;Deinter 3;3503301;0;0;0;0;0;0;0;1;0;1;0;0;0;0;0;3;1
10;2013;0;0;24;Deinter 4;1840239;0;0;0;0;0;0;0;3;0;1;0;0;0;0;0;1;1
10;2013;0;0;25;Deinter 5;1537918;1;0;0;0;0;0;0;1;0;0;0;0;0;0;0;0;0
10;2013;0;0;26;Deinter 6;2048410;0;0;0;0;1;0;0;0;0;0;0;0;0;0;1;0;0
10;2013;0;0;27;Deinter 7;2975156;2;0;0;0;1;0;0;1;0;1;0;0;0;0;0;0;2
10;2013;0;0;28;Deinter 8;1133298;0;0;0;0;0;0;0;0;0;0;0;0;0;0;0;0;0
10;2013;0;0;29;Deinter 9;3126459;1;0;0;0;2;0;0;1;0;0;0;0;0;0;0;0;1
10;2013;0;0;30;Deinter 10;775558;0;0;0;0;0;0;0;0;0;0;0;0;0;0;0;0;0
10;2013;0;0;31;Decap;11821873;5;0;1;0;2;0;0;0;0;0;0;0;0;0;0;7;1
10;2013;0;0;32;Decap;11821873;1;0;0;0;2;0;0;1;0;0;1;0;0;0;0;0;2
10;2013;0;0;33;Decap;11821873;0;0;0;0;0;0;0;0;0;0;0;0;0;0;0;0;0
10;2014;0;0;19;Decap;11895893;12;0;0;3;8;0;1;31;0;3;21;0;0;1;1;5;6
10;2014;0;0;20;Demacro;9039311;15;0;0;3;4;0;0;15;0;1;6;1;0;0;2;6;1
10;2014;0;0;21;Deinter 1;2430392;1;0;0;0;0;0;0;0;0;0;1;0;0;0;0;1;0
10;2014;0;0;22;Deinter 2;3584160;4;0;0;1;0;0;0;8;0;0;0;0;0;0;1;0;0
10;2014;0;0;23;Deinter 3;3535932;1;0;0;0;0;0;0;3;0;0;1;0;0;0;0;1;1
10;2014;0;0;24;Deinter 4;1852338;1;0;0;2;0;0;0;1;0;0;0;0;0;0;0;1;0
10;2014;0;0;25;Deinter 5;1550161;0;0;0;0;0;0;0;0;0;0;0;0;0;0;0;0;0
10;2014;0;0;26;Deinter 6;2065208;2;0;0;0;0;0;0;3;0;0;0;0;0;0;0;0;0
10;2014;0;0;27;Deinter 7;3004319;2;0;0;0;0;1;0;3;0;0;0;0;0;0;0;0;1
10;2014;0;0;28;Deinter 8;1138981;0;0;0;0;0;0;0;0;0;0;0;0;0;0;0;0;0
10;2014;0;0;29;Deinter 9;3157448;3;0;0;0;0;0;0;0;0;1;0;0;0;1;0;3;0
10;2014;0;0;30;Deinter 10;781161;0;0;0;0;0;0;0;0;0;0;0;0;0;0;0;0;1
10;2014;0;0;31;Decap;11895893;11;0;0;1;2;0;0;0;0;0;1;0;0;0;0;3;1
10;2014;0;0;32;Decap;11895893;0;0;0;0;1;0;1;1;0;0;0;0;0;0;1;2;3
10;2014;0;0;33;Decap;11895893;0;0;0;0;0;0;0;0;0;0;0;0;0;1;0;0;0
10;2015;1;0;19;Decap;11967825;7;9;0;0;0;0;0;16;7;1;1;0;1;0;1;4;7
10;2015;1;0;20;Demacro;9122966;6;8;0;0;0;0;0;4;9;1;2;0;0;0;1;0;2
10;2015;1;0;21;Deinter 1;2453387;1;0;0;0;0;0;0;2;1;0;0;0;0;0;0;2;0
10;2015;1;0;22;Deinter 2;3625638;4;2;0;0;0;0;0;0;2;1;0;0;0;0;0;0;0
10;2015;1;0;23;Deinter 3;3567652;3;0;0;0;0;0;0;2;0;1;0;0;0;0;0;1;2
10;2015;1;0;24;Deinter 4;1864091;3;0;0;0;0;0;0;1;1;0;0;0;0;0;0;0;2
10;2015;1;0;25;Deinter 5;1562060;0;0;0;0;0;0;0;1;1;0;0;0;0;0;0;2;0
10;2015;1;0;26;Deinter 6;2081531;0;3;0;0;0;0;0;3;1;0;1;0;0;0;0;0;0
10;2015;1;0;27;Deinter 7;3032659;6;0;0;0;0;0;0;1;0;0;0;1;0;1;0;2;1
10;2015;1;0;28;Deinter 8;1144506;0;0;0;0;0;0;0;2;0;0;0;0;0;0;0;0;0
10;2015;1;0;29;Deinter 9;3187564;3;1;0;0;0;0;0;4;1;0;1;1;0;0;1;2;1
10;2015;1;0;30;Deinter 10;786605;0;0;0;0;0;0;0;0;0;0;0;0;0;0;0;0;0
10;2015;1;0;31;Decap;11967825;1;2;0;0;0;0;0;1;2;0;0;0;0;0;0;0;0
10;2015;1;0;32;Decap;11967825;2;1;0;0;0;0;0;4;0;1;0;0;0;0;1;0;2
10;2015;1;0;33;Decap;11967825;0;0;0;0;0;0;0;0;0;0;0;0;0;0;0;0;0
10;2016;0;0;19;Decap;12038175;18;10;0;1;0;0;1;36;15;0;1;3;0;1;1;12;5
10;2016;0;0;20;Demacro;9204764;12;4;0;0;0;0;0;13;5;1;1;0;0;1;1;5;1
10;2016;0;0;21;Deinter 1;2475879;3;0;0;0;0;0;0;1;1;0;0;1;0;0;1;0;0
10;2016;0;0;22;Deinter 2;3666201;5;1;0;0;0;0;0;1;0;0;0;0;0;0;0;1;0
10;2016;0;0;23;Deinter 3;3598661;1;0;0;1;1;0;0;3;0;0;1;1;0;0;0;0;0
10;2016;0;0;24;Deinter 4;1875589;1;0;0;0;0;0;0;1;0;0;0;0;0;0;0;0;0
10;2016;0;0;25;Deinter 5;1573701;0;0;0;0;0;0;0;0;0;0;0;0;0;0;0;0;0
10;2016;0;0;26;Deinter 6;2097502;0;4;0;0;0;0;0;2;1;0;1;0;0;0;1;5;0
10;2016;0;0;27;Deinter 7;3060372;2;0;0;0;0;0;0;2;0;0;0;0;0;0;0;0;0
10;2016;0;0;28;Deinter 8;1149906;0;0;0;0;0;0;0;0;0;0;0;0;0;0;0;0;0
10;2016;0;0;29;Deinter 9;3217014;4;0;0;0;0;0;0;0;0;0;0;0;0;0;0;0;0
10;2016;0;0;30;Deinter 10;791935;0;0;0;0;0;0;0;0;0;0;0;0;0;0;0;0;0
10;2016;0;0;31;Decap;12038175;3;2;0;0;0;0;0;0;2;0;0;0;0;0;0;0;1
10;2016;0;0;32;Decap;12038175;0;2;0;0;0;0;0;0;2;0;1;0;0;2;1;0;1
10;2016;0;0;33;Decap;12038175;0;0;0;0;0;0;0;0;0;0;0;0;0;0;0;0;0
10;2017;0;0;19;Decap;12106920;27;6;0;0;0;0;0;19;7;1;2;3;0;0;2;4;7
10;2017;0;0;20;Demacro;9284704;18;8;0;0;0;0;0;5;3;3;2;2;0;0;0;1;0
10;2017;0;0;21;Deinter 1;2497857;0;0;0;0;0;0;0;0;0;0;0;0;0;0;0;0;0
10;2017;0;0;22;Deinter 2;3705840;3;2;0;0;0;0;0;0;0;1;0;0;0;0;0;2;0
10;2017;0;0;23;Deinter 3;3654014;4;0;0;0;0;0;0;3;0;0;0;1;0;0;0;0;0
10;2017;0;0;24;Deinter 4;1886819;0;1;0;0;0;0;0;0;0;0;1;0;0;0;0;0;0
10;2017;0;0;25;Deinter 5;1565726;3;0;0;0;0;0;0;2;1;0;0;0;0;0;0;2;0
10;2017;0;0;26;Deinter 6;2113105;4;0;0;0;0;0;0;3;1;0;0;0;0;0;0;0;0
10;2017;0;0;27;Deinter 7;3087457;9;0;0;0;0;0;0;1;0;1;0;0;0;0;0;0;1
10;2017;0;0;28;Deinter 8;1149492;0;0;0;0;0;0;0;0;0;0;0;0;0;0;0;0;0
10;2017;0;0;29;Deinter 9;3245798;2;1;0;0;0;0;0;7;3;0;0;2;0;0;0;1;0
10;2017;0;0;30;Deinter 10;797134;0;0;0;0;0;0;0;0;0;0;0;0;0;0;0;0;0
10;2017;0;0;31;Decap;12106920;7;1;0;0;0;0;0;1;0;0;0;0;0;0;0;0;0
10;2017;0;0;32;Decap;12106920;0;1;0;0;0;0;0;1;3;1;0;0;0;0;1;1;1
10;2017;0;0;33;Decap;12106920;0;0;0;0;0;0;0;0;0;0;0;0;0;0;0;0;0
10;2018;0;0;19;Decap;12176866;20;10;0;0;NA;0;0;13;12;0;4;1;0;1;2;7;7
10;2018;0;0;20;Demacro;9394415;10;4;0;0;NA;0;0;8;5;2;1;0;0;0;2;9;2
10;2018;0;0;21;Deinter 1;2528345;1;0;0;0;NA;0;0;1;0;0;0;0;0;0;0;0;0
10;2018;0;0;22;Deinter 2;3765555;5;1;0;0;NA;0;0;0;0;0;0;0;0;0;0;0;1
10;2018;0;0;23;Deinter 3;3694912;5;1;0;0;NA;0;0;2;0;1;0;0;0;0;0;0;0
10;2018;0;0;24;Deinter 4;1898795;1;0;0;0;NA;0;0;2;0;0;0;0;0;0;0;0;0
10;2018;0;0;25;Deinter 5;1579772;1;0;0;0;NA;0;0;0;0;0;0;0;0;0;0;1;0
10;2018;0;0;26;Deinter 6;2132735;2;0;0;0;NA;0;0;1;0;0;0;0;0;1;0;2;0
10;2018;0;0;27;Deinter 7;3124964;1;0;0;1;NA;0;0;2;0;0;0;0;0;1;0;0;0
10;2018;0;0;28;Deinter 8;1153568;0;0;0;0;NA;0;0;1;0;0;0;0;0;0;0;1;0
10;2018;0;0;29;Deinter 9;3285865;7;2;0;0;NA;0;0;2;1;0;0;0;0;0;0;0;0
10;2018;0;0;30;Deinter 10;803144;0;0;0;0;NA;0;0;0;0;0;0;0;0;0;0;0;0
10;2018;0;0;31;Decap;12176866;5;3;0;0;NA;0;0;1;0;1;1;0;0;0;0;0;0
10;2018;0;0;32;Decap;12176866;0;1;0;0;NA;0;0;1;3;0;0;1;0;0;0;3;2
10;2018;0;0;33;Decap;12176866;0;0;0;0;NA;0;0;0;0;0;0;0;0;0;0;0;0
10;2019;0;0;19;Decap;12252023;16;4;0;1;NA;0;0;16;3;1;4;0;0;0;1;5;2
10;2019;0;0;20;Demacro;NA;10;1;0;0;NA;0;0;5;3;0;0;0;0;0;0;3;2
10;2019;0;0;21;Deinter 1;2552610;1;0;0;0;NA;0;0;3;0;0;0;0;0;0;0;1;1
10;2019;0;0;22;Deinter 2;NA;6;0;0;0;NA;0;0;0;2;0;0;0;0;0;0;0;0
10;2019;0;0;23;Deinter 3;3728399;0;0;0;0;NA;0;0;3;0;0;0;0;0;0;0;0;0
10;2019;0;0;24;Deinter 4;1911091;4;0;0;2;NA;0;0;3;0;0;0;0;0;0;2;1;0
10;2019;0;0;25;Deinter 5;1592219;10;0;0;0;NA;0;0;2;0;0;0;0;0;0;0;2;0
10;2019;0;0;26;Deinter 6;2149906;2;0;0;1;NA;0;0;1;0;0;0;0;0;0;0;1;0
10;2019;0;0;27;Deinter 7;3154869;2;0;0;0;NA;0;0;0;0;0;0;0;0;0;0;0;0
10;2019;0;0;28;Deinter 8;1159300;1;0;0;0;NA;0;0;1;0;0;0;0;0;0;0;0;0
10;2019;0;0;29;Deinter 9;3317647;7;0;0;0;NA;0;0;1;0;0;0;0;0;0;0;0;1
10;2019;0;0;30;Deinter 10;808855;0;0;0;0;NA;0;0;0;0;0;0;0;0;0;0;0;0
10;2019;0;0;31;Decap;12252023;11;0;0;0;NA;0;0;0;0;0;0;0;0;0;0;2;1
10;2019;0;0;32;Decap;12252023;1;1;0;0;NA;0;0;0;0;0;0;0;0;0;0;0;3
10;2019;0;0;33;Decap;12252023;0;0;0;0;NA;0;0;0;0;0;0;0;0;0;0;0;0
10;2020;0;0;19;Decap;12325232;8;6;0;0;NA;0;0;2;3;0;2;1;0;0;1;3;0
10;2020;0;0;20;Demacro;9568610;6;3;0;1;NA;0;0;5;0;3;1;0;0;0;0;0;1
10;2020;0;0;21;Deinter 1;2576250;4;0;0;0;NA;0;0;0;0;0;0;0;0;0;0;0;0
10;2020;0;0;22;Deinter 2;3852244;5;0;0;0;NA;0;0;2;0;0;0;0;0;0;0;0;1
10;2020;0;0;23;Deinter 3;3761025;1;0;0;0;NA;0;0;2;0;0;1;0;0;0;0;0;1
10;2020;0;0;24;Deinter 4;1923070;1;1;0;0;NA;0;0;1;0;0;0;0;0;0;0;0;0
10;2020;0;0;25;Deinter 5;1604342;1;0;0;0;NA;0;0;1;0;0;0;0;0;0;0;0;0
10;2020;0;0;26;Deinter 6;2166632;1;0;0;0;NA;0;0;0;1;0;0;0;0;0;0;0;0
10;2020;0;0;27;Deinter 7;3184000;0;0;0;0;NA;0;0;0;0;0;0;0;0;0;0;0;0
10;2020;0;0;28;Deinter 8;1164891;1;0;0;0;NA;0;0;0;0;0;0;0;0;0;1;0;0
10;2020;0;0;29;Deinter 9;3348615;0;0;0;0;NA;0;0;0;0;0;0;0;0;0;0;0;0
10;2020;0;0;30;Deinter 10;814422;0;0;0;0;NA;0;0;0;0;0;0;0;0;0;0;0;0
10;2020;0;0;31;Decap;12325232;6;1;0;0;NA;0;0;0;0;0;0;0;0;0;0;0;0
10;2020;0;0;32;Decap;12325232;0;0;0;0;NA;0;0;0;0;0;0;0;0;0;0;1;0
10;2020;0;0;33;Decap;12325232;0;0;0;0;NA;0;0;0;0;0;0;0;0;0;0;0;0
10;2021;1;0;19;Decap;12396372;8;8;0;0;NA;0;0;5;3;0;3;0;0;0;1;4;2
10;2021;1;0;20;Demacro;9652132;6;1;0;1;NA;0;0;6;0;0;3;0;0;0;0;0;1
10;2021;1;0;21;Deinter 1;2599218;4;0;0;0;NA;0;0;3;0;0;0;0;0;0;0;1;0
10;2021;1;0;22;Deinter 2;3893806;1;0;0;1;NA;0;0;2;1;0;0;1;0;0;0;1;0
10;2021;1;0;23;Deinter 3;3792726;2;0;0;0;NA;1;0;0;0;0;0;0;0;0;0;2;1
10;2021;1;0;24;Deinter 4;1934714;0;0;0;0;NA;0;0;1;0;0;0;1;0;0;0;2;0
10;2021;1;0;25;Deinter 5;1616129;0;0;0;0;NA;0;0;1;0;0;0;0;0;0;0;0;0
10;2021;1;0;26;Deinter 6;2182882;1;0;0;0;NA;0;0;0;0;0;0;0;0;0;0;0;0
10;2021;1;0;27;Deinter 7;3212306;3;0;0;0;NA;0;0;1;0;0;0;0;0;0;0;0;0
10;2021;1;0;28;Deinter 8;1170317;0;0;0;0;NA;0;0;0;0;0;0;0;0;0;0;0;0
10;2021;1;0;29;Deinter 9;3378700;3;0;0;0;NA;0;0;1;0;0;0;0;0;2;0;0;0
10;2021;1;0;30;Deinter 10;819830;0;0;0;0;NA;0;0;0;0;0;0;0;0;0;0;1;0
10;2021;1;0;31;Decap;12396372;3;2;0;0;NA;0;0;0;0;0;0;0;0;0;0;0;1
10;2021;1;0;32;Decap;12396372;0;0;0;0;NA;0;0;0;1;0;0;0;1;0;0;0;1
10;2021;1;0;33;Decap;12396372;0;0;0;0;NA;0;0;0;0;0;0;0;0;0;0;0;0
11;2010;0;0;19;Decap;11244369;13;0;0;0;10;0;0;9;0;0;7;3;1;0;2;17;9
11;2010;0;0;20;Demacro;8428213;13;0;0;0;1;0;0;3;0;0;3;0;0;0;1;5;4
11;2010;0;0;21;Deinter 1;2262723;0;0;0;3;0;0;0;1;0;0;0;0;0;0;0;0;0
11;2010;0;0;22;Deinter 2;3307513;1;0;0;0;0;0;0;4;0;1;1;0;0;0;0;0;3
11;2010;0;0;23;Deinter 3;3302679;1;0;0;0;0;0;0;2;0;0;1;0;0;0;0;5;2
11;2010;0;0;24;Deinter 4;1750734;0;0;0;0;0;0;0;1;0;0;0;0;0;0;0;0;0
11;2010;0;0;25;Deinter 5;1456209;0;0;0;0;0;0;0;0;0;0;0;1;0;0;0;3;0
11;2010;0;0;26;Deinter 6;1936708;3;0;0;0;1;0;0;3;0;0;0;0;0;0;0;4;0
11;2010;0;0;27;Deinter 7;2800360;1;0;0;0;0;0;0;0;0;0;0;0;0;0;0;0;0
11;2010;0;0;28;Deinter 8;1083047;0;0;0;2;0;0;0;0;0;0;0;0;0;0;0;0;0
11;2010;0;0;29;Deinter 9;2943524;1;0;0;0;0;0;0;1;0;1;1;0;0;0;0;1;1
11;2010;0;0;30;Deinter 10;736081;0;0;0;0;0;0;0;0;0;0;0;0;0;0;0;0;0
11;2010;0;0;31;Decap;11244369;10;0;0;0;0;0;0;0;0;0;1;0;0;0;0;3;3
11;2010;0;0;32;Decap;11244369;0;0;0;0;0;0;0;0;0;0;1;1;0;0;0;1;5
11;2010;0;0;33;Decap;11244369;NA;NA;NA;NA;NA;NA;NA;NA;NA;NA;NA;NA;NA;NA;NA;NA;NA
11;2011;0;0;19;Decap;11316119;17;0;0;0;2;0;0;12;0;2;1;1;0;0;4;6;9
11;2011;0;0;20;Demacro;8506440;7;0;0;0;1;0;0;4;0;1;1;0;0;0;0;1;5
11;2011;0;0;21;Deinter 1;2285528;0;0;0;0;0;0;0;0;0;1;0;0;0;0;0;0;0
11;2011;0;0;22;Deinter 2;3346411;2;0;0;0;0;0;0;1;0;1;0;0;0;0;0;2;0
11;2011;0;0;23;Deinter 3;3330732;0;0;0;0;0;0;0;1;0;0;0;0;0;0;0;0;0
11;2011;0;0;24;Deinter 4;1760330;2;0;0;0;0;0;0;1;0;0;0;0;0;0;0;0;0
11;2011;0;0;25;Deinter 5;1466615;0;0;0;0;0;0;0;0;0;0;0;0;0;0;0;1;1
11;2011;0;0;26;Deinter 6;1952342;6;0;0;0;0;0;0;3;0;1;1;0;0;0;2;0;1
11;2011;0;0;27;Deinter 7;2825535;0;0;0;0;0;0;0;0;0;0;0;0;0;0;0;2;1
11;2011;0;0;28;Deinter 8;1087849;0;0;0;0;0;0;0;0;0;0;0;0;0;0;0;1;0
11;2011;0;0;29;Deinter 9;2968472;2;0;0;0;2;0;0;0;0;0;2;0;0;0;0;1;0
11;2011;0;0;30;Deinter 10;740809;0;0;0;0;0;0;0;0;0;0;0;0;0;0;0;0;0
11;2011;0;0;31;Decap;11316119;9;0;0;1;0;0;0;2;0;0;0;0;0;0;0;0;1
11;2011;0;0;32;Decap;11316119;0;0;0;0;0;0;1;0;0;0;1;1;0;0;0;0;2
11;2011;0;0;33;Decap;11316119;NA;NA;NA;NA;NA;NA;NA;NA;NA;NA;NA;NA;NA;NA;NA;NA;NA
11;2012;0;0;19;Decap;11376685;30;0;0;4;2;0;1;13;0;5;9;1;0;0;1;7;8
11;2012;0;0;20;Demacro;8579905;20;0;0;3;2;0;1;4;0;1;7;1;0;0;1;4;5
11;2012;0;0;21;Deinter 1;2305758;4;0;0;1;0;0;0;2;0;2;2;0;0;0;0;0;1
11;2012;0;0;22;Deinter 2;3383407;7;0;1;0;1;0;0;3;0;2;0;0;0;0;0;0;3
11;2012;0;0;23;Deinter 3;3358517;2;0;0;0;0;0;0;3;0;0;0;0;0;0;0;1;0
11;2012;0;0;24;Deinter 4;1770282;1;0;0;0;0;0;0;0;0;0;0;0;0;0;0;2;0
11;2012;0;0;25;Deinter 5;1476901;1;0;0;0;0;0;0;0;0;0;0;0;0;0;0;1;0
11;2012;0;0;26;Deinter 6;1966489;5;0;0;0;0;0;0;4;0;1;0;0;0;0;0;1;3
11;2012;0;0;27;Deinter 7;2850458;1;0;0;2;0;0;0;0;0;1;0;0;0;0;0;1;0
11;2012;0;0;28;Deinter 8;1092359;1;0;0;0;0;0;0;0;0;0;0;0;0;0;0;0;1
11;2012;0;0;29;Deinter 9;2994987;3;0;0;0;0;0;0;2;0;3;0;0;0;0;0;2;0
11;2012;0;0;30;Deinter 10;745471;0;0;0;0;0;0;0;0;0;0;0;0;0;0;0;0;0
11;2012;0;0;31;Decap;11376685;4;0;0;1;0;0;0;0;0;0;3;0;0;0;0;0;1
11;2012;0;0;32;Decap;11376685;0;0;0;1;0;0;0;1;0;0;4;0;0;0;2;2;6
11;2012;0;0;33;Decap;11376685;NA;NA;NA;NA;NA;NA;NA;NA;NA;NA;NA;NA;NA;NA;NA;NA;NA
11;2013;0;0;19;Decap;11821873;16;0;0;3;8;1;0;13;0;3;15;0;1;0;3;7;10
11;2013;0;0;20;Demacro;8953241;5;0;1;0;6;0;0;9;0;1;7;0;0;0;0;1;4
11;2013;0;0;21;Deinter 1;2406735;0;0;0;0;0;0;0;0;0;0;0;0;0;0;1;0;0
11;2013;0;0;22;Deinter 2;3541481;0;0;0;1;0;0;0;5;0;0;0;0;0;1;0;0;0
11;2013;0;0;23;Deinter 3;3503301;0;0;0;0;1;0;0;0;0;0;0;0;0;0;0;0;0
11;2013;0;0;24;Deinter 4;1840239;0;0;0;0;0;0;0;1;0;0;0;0;0;0;0;1;0
11;2013;0;0;25;Deinter 5;1537918;1;0;0;0;0;0;0;1;0;0;0;0;0;0;0;0;0
11;2013;0;0;26;Deinter 6;2048410;4;0;0;0;0;0;0;5;0;0;4;0;0;1;0;1;1
11;2013;0;0;27;Deinter 7;2975156;1;0;0;0;0;2;0;2;0;0;0;0;0;0;0;0;0
11;2013;0;0;28;Deinter 8;1133298;0;0;0;0;0;0;0;0;0;0;0;0;0;0;0;0;0
11;2013;0;0;29;Deinter 9;3126459;1;0;0;0;0;0;0;0;0;0;3;0;0;0;0;0;0
11;2013;0;0;30;Deinter 10;775558;0;0;0;0;0;0;0;0;0;0;0;0;0;0;0;0;0
11;2013;0;0;31;Decap;11821873;2;0;0;1;1;0;0;0;0;0;4;0;0;0;0;0;1
11;2013;0;0;32;Decap;11821873;1;0;0;0;0;0;0;0;0;0;1;0;0;1;1;0;2
11;2013;0;0;33;Decap;11821873;0;0;0;0;0;0;0;0;0;0;0;0;0;0;0;0;0
11;2014;0;0;19;Decap;11895893;32;0;0;0;4;0;0;20;0;1;16;0;0;0;0;4;8
11;2014;0;0;20;Demacro;9039311;19;0;0;0;3;0;0;13;0;1;10;0;0;0;0;11;3
11;2014;0;0;21;Deinter 1;2430392;0;0;0;0;0;0;0;0;0;0;0;0;0;0;0;0;0
11;2014;0;0;22;Deinter 2;3584160;4;0;0;0;0;0;0;1;0;0;0;0;0;0;0;0;0
11;2014;0;0;23;Deinter 3;3535932;3;0;0;0;0;0;0;3;0;0;0;0;0;0;0;2;0
11;2014;0;0;24;Deinter 4;1852338;1;0;0;0;0;0;0;0;0;0;0;0;0;0;0;0;0
11;2014;0;0;25;Deinter 5;1550161;1;0;0;0;0;0;0;3;0;0;1;0;0;0;0;0;0
11;2014;0;0;26;Deinter 6;2065208;6;0;0;1;0;1;0;6;0;0;0;0;0;0;2;8;0
11;2014;0;0;27;Deinter 7;3004319;7;0;0;1;0;0;0;0;0;1;0;0;0;0;0;0;1
11;2014;0;0;28;Deinter 8;1138981;0;0;0;0;0;0;0;0;0;0;0;0;0;0;0;1;0
11;2014;0;0;29;Deinter 9;3157448;3;0;0;0;0;0;0;3;0;0;0;0;0;0;0;0;0
11;2014;0;0;30;Deinter 10;781161;0;0;0;0;0;0;0;0;0;0;0;0;0;0;0;0;0
11;2014;0;0;31;Decap;11895893;5;0;0;0;1;0;0;0;0;0;2;0;0;0;0;0;0
11;2014;0;0;32;Decap;11895893;0;0;0;0;2;0;0;2;0;0;4;0;0;0;0;3;1
11;2014;0;0;33;Decap;11895893;0;0;0;0;0;0;0;0;0;0;0;0;0;0;0;0;0
11;2015;0;0;19;Decap;11967825;11;11;0;0;0;0;0;16;8;3;1;2;0;0;0;7;1
11;2015;0;0;20;Demacro;9122966;4;3;0;1;0;0;0;10;2;0;0;0;0;0;0;4;1
11;2015;0;0;21;Deinter 1;2453387;0;0;0;0;0;0;0;0;0;0;0;0;0;0;0;0;0
11;2015;0;0;22;Deinter 2;3625638;7;0;0;0;0;0;0;4;0;2;0;0;0;0;0;3;1
11;2015;0;0;23;Deinter 3;3567652;3;0;0;0;0;0;0;6;0;0;0;0;0;0;0;3;0
11;2015;0;0;24;Deinter 4;1864091;1;0;0;0;0;0;0;0;0;0;0;0;0;0;0;0;0
11;2015;0;0;25;Deinter 5;1562060;0;0;0;0;0;0;0;0;0;0;0;0;0;0;0;0;0
11;2015;0;0;26;Deinter 6;2081531;1;0;0;1;0;0;0;8;0;0;0;0;0;0;0;0;1
11;2015;0;0;27;Deinter 7;3032659;0;0;0;0;0;0;0;4;1;0;0;0;0;0;0;1;0
11;2015;0;0;28;Deinter 8;1144506;0;0;0;0;0;0;0;0;0;0;0;0;0;0;0;0;0
11;2015;0;0;29;Deinter 9;3187564;0;0;0;0;0;0;0;0;0;0;0;0;0;0;0;2;0
11;2015;0;0;30;Deinter 10;786605;0;0;0;0;0;0;0;0;0;0;0;0;0;0;0;0;0
11;2015;0;0;31;Decap;11967825;0;2;0;0;0;0;0;0;0;0;0;0;0;0;0;0;0
11;2015;0;0;32;Decap;11967825;0;2;0;0;0;0;0;0;2;0;1;0;0;0;0;1;1
11;2015;0;0;33;Decap;11967825;0;0;0;0;0;0;0;0;0;0;0;0;0;0;0;0;0
11;2016;1;0;19;Decap;12038175;18;17;0;0;0;1;0;19;10;2;1;2;1;0;4;6;6
11;2016;1;0;20;Demacro;9204764;12;9;0;0;0;0;0;9;4;3;0;0;1;1;0;1;2
11;2016;1;0;21;Deinter 1;2475879;0;1;0;0;0;0;0;5;0;0;0;0;0;0;0;0;0
11;2016;1;0;22;Deinter 2;3666201;2;3;0;0;0;0;0;2;0;0;0;2;0;0;0;2;0
11;2016;1;0;23;Deinter 3;3598661;0;0;0;0;0;0;0;3;0;0;0;0;0;0;0;0;0
11;2016;1;0;24;Deinter 4;1875589;0;0;0;0;0;0;0;1;0;0;0;0;0;0;0;0;1
11;2016;1;0;25;Deinter 5;1573701;2;0;0;0;0;0;0;0;0;0;0;0;0;1;0;0;0
11;2016;1;0;26;Deinter 6;2097502;2;0;0;0;0;1;0;5;1;0;0;0;0;0;0;0;1
11;2016;1;0;27;Deinter 7;3060372;7;1;0;0;0;0;0;0;0;1;0;0;0;0;0;0;0
11;2016;1;0;28;Deinter 8;1149906;0;0;0;0;0;0;0;0;0;0;0;1;0;0;0;1;0
11;2016;1;0;29;Deinter 9;3217014;2;1;0;0;0;0;0;3;0;0;0;0;0;1;0;0;0
11;2016;1;0;30;Deinter 10;791935;0;0;0;0;0;0;0;0;0;0;0;0;0;0;0;0;0
11;2016;1;0;31;Decap;12038175;9;3;0;0;0;0;0;0;4;0;2;0;0;0;0;0;0
11;2016;1;0;32;Decap;12038175;0;1;0;0;0;0;0;1;2;0;2;0;0;0;1;0;1
11;2016;1;0;33;Decap;12038175;0;0;0;0;0;0;0;0;0;0;0;0;0;0;0;0;0
11;2017;0;0;19;Decap;12106920;14;7;0;0;0;1;0;15;6;2;0;0;0;1;1;3;5
11;2017;0;0;20;Demacro;9284704;10;4;0;0;0;0;0;4;1;0;0;0;0;0;0;4;0
11;2017;0;0;21;Deinter 1;2497857;2;0;0;0;0;0;0;2;0;0;0;0;0;0;0;1;0
11;2017;0;0;22;Deinter 2;3705840;4;0;0;0;0;0;0;1;0;0;0;0;0;0;0;0;0
11;2017;0;0;23;Deinter 3;3654014;2;0;0;0;0;0;0;2;0;0;0;0;0;0;0;1;1
11;2017;0;0;24;Deinter 4;1886819;2;0;0;0;0;0;0;0;0;0;1;0;0;0;0;0;1
11;2017;0;0;25;Deinter 5;1565726;0;0;0;0;0;0;0;1;0;0;0;0;0;0;0;1;0
11;2017;0;0;26;Deinter 6;2113105;5;2;0;0;0;0;0;3;0;0;0;0;0;0;0;1;1
11;2017;0;0;27;Deinter 7;3087457;1;0;0;0;0;0;0;0;0;0;0;0;0;0;0;2;0
11;2017;0;0;28;Deinter 8;1149492;1;0;0;0;0;0;0;1;0;0;0;0;0;0;0;0;0
11;2017;0;0;29;Deinter 9;3245798;3;0;0;0;0;0;0;0;0;0;0;0;0;0;0;1;0
11;2017;0;0;30;Deinter 10;797134;0;0;0;0;0;0;0;0;0;0;0;0;0;0;0;0;0
11;2017;0;0;31;Decap;12106920;9;2;0;0;0;0;0;0;0;1;2;0;0;0;0;1;1
11;2017;0;0;32;Decap;12106920;1;3;0;0;0;0;0;1;1;0;2;0;0;1;1;1;1
11;2017;0;0;33;Decap;12106920;0;0;0;0;0;0;0;0;0;0;0;0;0;0;0;0;0
11;2018;1;0;19;Decap;12176866;21;9;0;0;NA;1;0;19;4;3;5;0;0;0;2;7;4
11;2018;1;0;20;Demacro;9394415;12;1;0;0;NA;1;0;12;2;2;1;0;0;1;2;2;1
11;2018;1;0;21;Deinter 1;2528345;1;0;0;0;NA;0;0;0;0;0;0;0;0;0;0;0;1
11;2018;1;0;22;Deinter 2;3765555;1;2;0;0;NA;0;0;1;0;0;0;0;0;0;0;1;0
11;2018;1;0;23;Deinter 3;3694912;2;0;0;0;NA;0;0;2;0;0;0;0;0;0;0;2;1
11;2018;1;0;24;Deinter 4;1898795;3;0;0;0;NA;0;0;1;0;0;0;0;0;0;0;1;0
11;2018;1;0;25;Deinter 5;1579772;3;0;0;0;NA;0;0;2;0;0;0;0;0;0;0;0;0
11;2018;1;0;26;Deinter 6;2132735;2;0;0;0;NA;0;0;3;0;0;0;0;0;0;0;1;0
11;2018;1;0;27;Deinter 7;3124964;2;0;0;0;NA;0;0;1;0;0;0;0;0;0;0;0;1
11;2018;1;0;28;Deinter 8;1153568;0;0;0;0;NA;0;0;1;0;0;0;0;0;0;0;0;0
11;2018;1;0;29;Deinter 9;3285865;4;2;0;0;NA;0;0;1;0;0;0;0;0;0;0;0;0
11;2018;1;0;30;Deinter 10;803144;0;0;0;0;NA;0;0;0;0;0;0;0;0;0;0;0;0
11;2018;1;0;31;Decap;12176866;0;2;0;0;NA;0;0;0;1;0;2;0;0;1;0;0;0
11;2018;1;0;32;Decap;12176866;0;2;0;0;NA;0;0;0;3;0;0;0;0;0;0;0;0
11;2018;1;0;33;Decap;12176866;0;0;0;0;NA;0;0;0;0;0;1;0;0;0;1;0;0
11;2019;0;0;19;Decap;12252023;22;3;0;0;NA;1;0;8;6;0;1;0;0;2;1;2;5
11;2019;0;0;20;Demacro;NA;13;4;0;0;NA;0;0;10;1;2;1;0;0;0;0;3;0
11;2019;0;0;21;Deinter 1;2552610;1;0;0;0;NA;0;0;0;0;0;1;0;0;0;0;2;0
11;2019;0;0;22;Deinter 2;NA;3;1;0;0;NA;0;0;0;0;0;0;0;0;0;0;1;0
11;2019;0;0;23;Deinter 3;3728399;1;0;0;0;NA;0;0;0;0;1;0;0;0;0;0;3;0
11;2019;0;0;24;Deinter 4;1911091;0;1;0;0;NA;0;0;1;0;0;0;0;0;0;0;0;0
11;2019;0;0;25;Deinter 5;1592219;1;0;0;0;NA;0;0;0;0;0;0;0;0;0;0;0;0
11;2019;0;0;26;Deinter 6;2149906;5;1;4;0;NA;0;0;2;0;1;1;0;0;0;0;1;1
11;2019;0;0;27;Deinter 7;3154869;4;1;0;0;NA;0;0;1;0;0;0;0;0;0;0;2;0
11;2019;0;0;28;Deinter 8;1159300;3;0;0;0;NA;0;0;1;0;0;0;0;0;0;0;0;0
11;2019;0;0;29;Deinter 9;3317647;3;0;0;0;NA;0;0;1;0;0;0;0;0;0;0;1;0
11;2019;0;0;30;Deinter 10;808855;0;0;0;0;NA;0;0;0;0;0;0;0;0;0;0;0;0
11;2019;0;0;31;Decap;12252023;5;0;0;0;NA;0;0;0;1;0;0;0;0;0;0;1;3
11;2019;0;0;32;Decap;12252023;0;1;0;0;NA;0;0;1;1;0;0;0;0;0;1;0;1
11;2019;0;0;33;Decap;12252023;0;0;0;0;NA;0;0;0;0;0;0;0;0;0;0;0;0
11;2020;0;0;19;Decap;12325232;11;7;0;2;NA;0;0;5;10;1;1;0;0;0;1;0;0
11;2020;0;0;20;Demacro;9568610;4;1;0;0;NA;0;0;3;3;0;0;0;0;0;1;2;0
11;2020;0;0;21;Deinter 1;2576250;0;0;0;0;NA;0;0;1;0;0;0;0;0;0;0;0;0
11;2020;0;0;22;Deinter 2;3852244;0;0;0;0;NA;0;0;2;0;0;0;0;0;0;0;0;0
11;2020;0;0;23;Deinter 3;3761025;0;0;0;0;NA;0;0;0;0;0;0;0;0;0;0;0;1
11;2020;0;0;24;Deinter 4;1923070;0;0;0;0;NA;0;0;2;0;0;0;0;0;0;0;0;0
11;2020;0;0;25;Deinter 5;1604342;0;0;0;0;NA;0;0;2;0;0;0;0;0;0;0;0;0
11;2020;0;0;26;Deinter 6;2166632;2;0;0;0;NA;0;0;2;0;0;0;0;0;0;0;0;1
11;2020;0;0;27;Deinter 7;3184000;0;0;0;0;NA;0;0;3;0;0;0;0;0;0;0;0;0
11;2020;0;0;28;Deinter 8;1164891;0;0;0;0;NA;0;0;0;0;0;0;0;0;0;0;0;0
11;2020;0;0;29;Deinter 9;3348615;2;0;0;0;NA;0;0;0;0;0;0;0;0;0;0;0;0
11;2020;0;0;30;Deinter 10;814422;0;0;0;0;NA;0;0;0;0;0;0;0;0;0;0;0;0
11;2020;0;0;31;Decap;12325232;9;0;0;0;NA;0;0;0;0;0;0;0;0;0;0;0;0
11;2020;0;0;32;Decap;12325232;0;0;0;0;NA;0;0;1;3;0;0;0;0;0;0;0;0
11;2020;0;0;33;Decap;12325232;0;0;0;0;NA;0;0;0;0;0;0;0;0;0;0;0;0
11;2021;0;0;19;Decap;12396372;6;1;0;1;NA;0;0;7;3;0;0;0;0;0;0;0;1
11;2021;0;0;20;Demacro;9652132;12;3;0;0;NA;0;0;4;4;0;0;0;0;0;0;0;3
11;2021;0;0;21;Deinter 1;2599218;0;0;0;0;NA;1;0;1;0;0;0;0;0;0;0;0;0
11;2021;0;0;22;Deinter 2;3893806;2;0;0;0;NA;0;0;0;0;0;0;0;0;0;0;0;0
11;2021;0;0;23;Deinter 3;3792726;2;1;0;2;NA;0;0;1;0;0;0;0;0;0;0;0;0
11;2021;0;0;24;Deinter 4;1934714;0;1;0;0;NA;0;0;0;0;0;0;0;0;0;0;0;0
11;2021;0;0;25;Deinter 5;1616129;1;0;0;0;NA;0;0;0;0;0;0;0;0;0;0;0;0
11;2021;0;0;26;Deinter 6;2182882;1;0;0;0;NA;0;0;1;0;0;0;0;0;1;0;0;0
11;2021;0;0;27;Deinter 7;3212306;1;0;0;0;NA;0;0;0;0;0;0;0;0;0;0;1;0
11;2021;0;0;28;Deinter 8;1170317;0;0;0;0;NA;0;0;0;0;0;0;0;0;0;0;0;0
11;2021;0;0;29;Deinter 9;3378700;2;0;0;0;NA;0;0;0;0;0;0;0;0;0;0;0;0
11;2021;0;0;30;Deinter 10;819830;0;0;0;0;NA;0;0;0;0;0;0;0;0;0;0;0;0
11;2021;0;0;31;Decap;12396372;1;1;0;0;NA;0;0;1;0;0;0;0;0;0;0;0;0
11;2021;0;0;32;Decap;12396372;0;0;0;1;NA;0;0;0;0;0;0;0;0;0;0;0;0
11;2021;0;0;33;Decap;12396372;0;1;0;0;NA;0;0;0;1;0;0;0;0;0;0;0;0
12;2010;0;0;19;Decap;11244369;16;0;0;0;5;1;0;12;0;3;7;2;0;1;3;14;9
12;2010;0;0;20;Demacro;8428213;15;0;0;0;1;0;0;4;0;2;6;0;0;0;2;3;2
12;2010;0;0;21;Deinter 1;2262723;0;0;0;0;0;0;0;0;0;0;0;0;0;0;0;1;2
12;2010;0;0;22;Deinter 2;3307513;1;0;0;0;0;0;0;4;0;0;0;2;1;0;0;0;0
12;2010;0;0;23;Deinter 3;3302679;1;0;0;1;0;0;0;2;0;0;0;0;0;0;0;1;1
12;2010;0;0;24;Deinter 4;1750734;1;0;0;0;0;0;0;0;0;0;0;0;0;0;0;0;0
12;2010;0;0;25;Deinter 5;1456209;1;0;0;0;1;0;0;3;0;0;1;1;0;0;0;1;1
12;2010;0;0;26;Deinter 6;1936708;7;0;0;0;0;0;0;1;0;0;0;0;0;0;0;1;1
12;2010;0;0;27;Deinter 7;2800360;0;0;0;0;0;0;0;2;0;1;0;0;1;0;0;3;2
12;2010;0;0;28;Deinter 8;1083047;0;0;0;0;0;0;0;1;0;0;0;0;0;0;0;0;2
12;2010;0;0;29;Deinter 9;2943524;0;0;0;0;1;0;1;4;0;0;2;0;0;0;0;1;1
12;2010;0;0;30;Deinter 10;736081;0;0;0;0;0;0;0;0;0;0;0;0;0;0;0;0;0
12;2010;0;0;31;Decap;11244369;3;0;0;1;1;0;0;0;0;0;1;0;0;0;1;1;0
12;2010;0;0;32;Decap;11244369;0;0;0;0;2;0;0;0;0;0;2;0;0;0;0;1;1
12;2010;0;0;33;Decap;11244369;NA;NA;NA;NA;NA;NA;NA;NA;NA;NA;NA;NA;NA;NA;NA;NA;NA
12;2011;0;0;19;Decap;11316119;12;0;0;3;4;1;0;13;0;0;5;0;0;1;0;11;11
12;2011;0;0;20;Demacro;8506440;4;0;0;1;2;0;0;2;0;2;5;2;0;0;1;5;7
12;2011;0;0;21;Deinter 1;2285528;0;0;0;1;1;0;0;1;0;0;0;0;1;0;0;0;1
12;2011;0;0;22;Deinter 2;3346411;1;0;0;0;0;0;0;1;0;1;0;0;0;0;0;1;1
12;2011;0;0;23;Deinter 3;3330732;2;0;0;0;0;0;0;1;0;0;1;0;0;0;0;5;1
12;2011;0;0;24;Deinter 4;1760330;0;0;0;0;0;0;1;1;0;0;0;0;0;0;0;2;0
12;2011;0;0;25;Deinter 5;1466615;0;0;0;0;0;0;0;1;0;0;0;0;0;0;0;1;0
12;2011;0;0;26;Deinter 6;1952342;2;0;0;0;1;0;0;1;0;0;2;0;0;0;1;0;1
12;2011;0;0;27;Deinter 7;2825535;0;0;0;0;0;0;0;3;0;0;0;0;0;0;0;0;0
12;2011;0;0;28;Deinter 8;1087849;1;0;0;0;0;0;0;0;0;0;0;0;0;0;0;1;1
12;2011;0;0;29;Deinter 9;2968472;2;0;0;0;0;0;0;1;0;2;1;0;0;0;0;0;2
12;2011;0;0;30;Deinter 10;740809;0;0;0;0;0;0;0;0;0;0;0;0;0;0;0;0;0
12;2011;0;0;31;Decap;11316119;7;0;0;0;2;0;0;0;0;0;4;0;0;0;0;1;2
12;2011;0;0;32;Decap;11316119;0;0;0;1;0;0;1;1;0;0;3;1;0;0;0;4;1
12;2011;0;0;33;Decap;11316119;NA;NA;NA;NA;NA;NA;NA;NA;NA;NA;NA;NA;NA;NA;NA;NA;NA
12;2012;0;0;19;Decap;11376685;21;0;0;0;6;0;0;15;0;2;4;2;0;0;3;7;5
12;2012;0;0;20;Demacro;8579905;8;0;0;1;4;0;0;8;0;0;5;0;0;0;1;4;3
12;2012;0;0;21;Deinter 1;2305758;0;0;0;1;0;0;0;4;0;1;0;0;0;0;0;1;0
12;2012;0;0;22;Deinter 2;3383407;4;0;0;0;0;0;0;2;0;0;1;0;0;0;0;2;0
12;2012;0;0;23;Deinter 3;3358517;2;0;0;0;0;0;0;2;0;1;1;0;0;0;0;1;3
12;2012;0;0;24;Deinter 4;1770282;0;0;0;0;0;0;0;0;0;0;0;0;0;0;0;1;0
12;2012;0;0;25;Deinter 5;1476901;1;0;0;0;0;0;0;0;0;0;0;0;0;0;0;0;0
12;2012;0;0;26;Deinter 6;1966489;2;0;0;0;0;0;0;0;0;1;0;0;0;0;0;1;0
12;2012;0;0;27;Deinter 7;2850458;0;0;0;0;0;0;0;0;0;0;0;0;0;0;0;1;1
12;2012;0;0;28;Deinter 8;1092359;0;0;0;0;0;0;0;0;0;0;0;0;0;0;0;1;0
12;2012;0;0;29;Deinter 9;2994987;0;0;0;0;0;0;0;1;0;0;1;0;0;0;1;0;2
12;2012;0;0;30;Deinter 10;745471;0;0;0;0;0;0;0;0;0;0;0;0;0;0;0;0;0
12;2012;0;0;31;Decap;11376685;3;0;0;0;0;0;0;0;0;0;3;0;0;0;0;1;1
12;2012;0;0;32;Decap;11376685;0;0;0;0;3;0;0;2;0;0;4;1;0;1;1;5;2
12;2012;0;0;33;Decap;11376685;NA;NA;NA;NA;NA;NA;NA;NA;NA;NA;NA;NA;NA;NA;NA;NA;NA
12;2013;0;0;19;Decap;11821873;19;0;0;0;7;0;1;14;0;6;29;0;0;1;4;2;13
12;2013;0;0;20;Demacro;8953241;6;0;0;1;4;0;0;4;0;1;16;2;0;0;0;3;5
12;2013;0;0;21;Deinter 1;2406735;0;0;0;0;0;0;0;0;0;0;0;0;0;0;0;2;0
12;2013;0;0;22;Deinter 2;3541481;1;0;0;0;0;0;0;4;0;0;1;0;0;0;1;0;0
12;2013;0;0;23;Deinter 3;3503301;1;0;0;0;0;0;0;2;0;0;2;0;0;0;0;0;0
12;2013;0;0;24;Deinter 4;1840239;1;0;0;1;0;0;0;0;0;0;1;0;0;0;0;1;0
12;2013;0;0;25;Deinter 5;1537918;2;0;0;0;0;0;0;0;0;0;1;0;0;0;1;0;0
12;2013;0;0;26;Deinter 6;2048410;6;0;0;1;1;0;0;6;0;0;0;0;0;1;0;0;2
12;2013;0;0;27;Deinter 7;2975156;0;0;0;0;0;0;0;0;0;0;1;1;0;0;0;1;1
12;2013;0;0;28;Deinter 8;1133298;0;0;0;0;0;0;0;0;0;0;1;0;0;0;0;0;0
12;2013;0;0;29;Deinter 9;3126459;2;0;0;0;0;0;0;1;0;0;0;0;0;0;0;0;0
12;2013;0;0;30;Deinter 10;775558;0;0;0;0;0;0;0;0;0;0;0;0;0;0;0;0;0
12;2013;0;0;31;Decap;11821873;1;0;0;0;0;0;0;1;0;0;1;0;0;0;0;0;1
12;2013;0;0;32;Decap;11821873;0;0;0;0;0;0;0;0;0;1;6;1;0;3;0;6;0
12;2013;0;0;33;Decap;11821873;0;0;0;0;0;0;0;0;0;0;0;0;0;0;0;0;0
12;2014;1;0;19;Decap;11895893;26;0;0;1;11;0;0;30;0;0;21;0;0;1;3;8;4
12;2014;1;0;20;Demacro;9039311;22;0;0;1;6;0;0;17;0;3;7;0;1;0;0;2;1
12;2014;1;0;21;Deinter 1;2430392;3;0;0;0;0;0;0;2;0;2;0;0;0;0;0;0;1
12;2014;1;0;22;Deinter 2;3584160;3;0;0;0;0;0;0;1;0;0;0;0;0;0;0;0;1
12;2014;1;0;23;Deinter 3;3535932;7;0;0;0;0;0;0;0;0;0;0;0;0;0;0;0;0
12;2014;1;0;24;Deinter 4;1852338;0;0;0;0;0;0;0;2;0;0;0;0;0;0;0;0;0
12;2014;1;0;25;Deinter 5;1550161;0;0;0;0;0;0;0;0;0;0;0;0;0;0;0;0;0
12;2014;1;0;26;Deinter 6;2065208;7;0;0;0;1;0;0;6;0;1;0;0;0;0;0;0;1
12;2014;1;0;27;Deinter 7;3004319;8;0;0;0;0;0;0;0;0;1;0;0;0;0;0;0;1
12;2014;1;0;28;Deinter 8;1138981;0;0;0;0;0;0;0;0;0;0;0;0;0;0;0;0;0
12;2014;1;0;29;Deinter 9;3157448;1;0;0;0;0;0;0;0;0;0;0;0;0;0;0;0;0
12;2014;1;0;30;Deinter 10;781161;0;0;1;0;0;0;0;0;0;0;0;0;0;0;0;0;0
12;2014;1;0;31;Decap;11895893;6;0;0;1;4;0;0;4;0;0;4;0;0;0;0;0;2
12;2014;1;0;32;Decap;11895893;0;0;0;0;1;0;0;2;0;0;5;0;0;0;2;0;4
12;2014;1;0;33;Decap;11895893;0;0;0;0;0;0;0;0;0;0;0;0;0;0;0;0;0
12;2015;0;0;19;Decap;11967825;13;7;0;0;0;0;0;28;10;1;2;0;0;0;3;9;4
12;2015;0;0;20;Demacro;9122966;9;9;0;0;0;0;0;13;9;2;2;0;0;0;1;1;3
12;2015;0;0;21;Deinter 1;2453387;0;0;0;0;0;0;0;1;0;1;0;0;0;0;0;1;0
12;2015;0;0;22;Deinter 2;3625638;2;1;0;0;0;0;0;3;0;1;1;0;0;0;0;0;1
12;2015;0;0;23;Deinter 3;3567652;3;0;0;0;0;0;0;2;0;0;0;0;0;0;0;0;0
12;2015;0;0;24;Deinter 4;1864091;1;0;0;0;0;0;0;2;0;1;0;0;0;0;0;1;1
12;2015;0;0;25;Deinter 5;1562060;0;1;0;0;0;0;0;1;0;0;1;0;0;0;0;0;0
12;2015;0;0;26;Deinter 6;2081531;6;1;0;0;0;0;0;10;3;3;1;0;0;0;0;0;3
12;2015;0;0;27;Deinter 7;3032659;3;1;0;0;0;0;0;3;0;0;1;0;0;0;0;1;0
12;2015;0;0;28;Deinter 8;1144506;0;0;0;0;0;0;0;2;0;0;0;0;0;0;0;0;0
12;2015;0;0;29;Deinter 9;3187564;1;1;0;0;0;0;0;0;0;0;0;0;0;0;0;0;0
12;2015;0;0;30;Deinter 10;786605;0;0;0;0;0;0;0;0;0;0;0;0;0;0;0;0;0
12;2015;0;0;31;Decap;11967825;7;0;0;0;0;0;0;2;1;0;0;0;0;0;0;0;0
12;2015;0;0;32;Decap;11967825;3;3;0;0;0;0;0;1;2;0;2;0;0;0;0;2;1
12;2015;0;0;33;Decap;11967825;0;0;0;0;0;0;0;0;0;0;0;0;0;0;0;0;0
12;2016;0;0;19;Decap;12038175;31;10;1;0;0;0;0;30;16;6;2;0;0;0;0;6;3
12;2016;0;0;20;Demacro;9204764;15;5;0;0;0;0;0;10;4;3;1;0;0;0;0;4;3
12;2016;0;0;21;Deinter 1;2475879;3;0;0;0;0;0;0;2;1;0;0;0;0;0;1;0;0
12;2016;0;0;22;Deinter 2;3666201;4;1;0;0;0;0;0;4;2;1;0;1;0;0;0;0;1
12;2016;0;0;23;Deinter 3;3598661;6;1;0;0;0;0;0;3;0;2;0;0;0;0;0;0;1
12;2016;0;0;24;Deinter 4;1875589;1;0;0;0;0;0;0;2;0;0;0;0;0;0;0;1;0
12;2016;0;0;25;Deinter 5;1573701;3;0;0;0;0;0;0;0;0;0;0;0;0;0;0;0;0
12;2016;0;0;26;Deinter 6;2097502;3;1;0;0;0;0;0;4;1;0;0;1;0;0;0;0;0
12;2016;0;0;27;Deinter 7;3060372;1;1;0;0;0;0;0;2;0;0;0;0;0;0;0;0;0
12;2016;0;0;28;Deinter 8;1149906;0;0;0;0;0;0;0;0;0;0;0;0;0;0;0;1;0
12;2016;0;0;29;Deinter 9;3217014;2;0;0;0;0;0;0;2;0;0;0;0;0;0;0;2;0
12;2016;0;0;30;Deinter 10;791935;0;0;0;0;0;0;0;0;0;0;0;0;0;0;0;0;0
12;2016;0;0;31;Decap;12038175;1;3;0;0;0;0;0;0;4;0;3;0;0;0;0;0;1
12;2016;0;0;32;Decap;12038175;1;0;0;0;0;1;0;2;1;0;0;0;0;0;0;0;3
12;2016;0;0;33;Decap;12038175;0;0;0;0;0;0;0;0;0;0;0;0;0;0;0;0;0
12;2017;0;0;19;Decap;12106920;24;11;0;0;0;0;0;17;18;3;2;0;0;0;1;7;5
12;2017;0;0;20;Demacro;9284704;7;5;0;1;0;0;0;12;1;2;1;0;0;0;1;2;1
12;2017;0;0;21;Deinter 1;2497857;2;0;0;0;0;0;0;0;0;0;0;0;0;0;0;1;0
12;2017;0;0;22;Deinter 2;3705840;3;0;0;0;0;0;0;2;0;0;0;0;0;0;0;0;0
12;2017;0;0;23;Deinter 3;3654014;1;0;0;0;0;0;0;0;0;0;0;0;0;0;1;1;1
12;2017;0;0;24;Deinter 4;1886819;0;0;0;0;0;0;0;0;0;0;0;0;0;1;0;0;0
12;2017;0;0;25;Deinter 5;1565726;0;0;0;0;0;0;0;7;0;0;0;0;0;0;0;0;1
12;2017;0;0;26;Deinter 6;2113105;7;0;0;0;0;0;1;2;0;1;0;0;0;0;1;2;1
12;2017;0;0;27;Deinter 7;3087457;0;0;0;0;0;0;0;2;0;0;0;0;0;0;0;0;0
12;2017;0;0;28;Deinter 8;1149492;0;0;0;0;0;0;0;0;0;0;0;0;0;0;0;0;0
12;2017;0;0;29;Deinter 9;3245798;6;1;0;0;0;0;0;4;0;0;0;0;0;0;0;0;0
12;2017;0;0;30;Deinter 10;797134;0;0;0;0;0;0;0;0;0;0;0;0;0;0;0;0;0
12;2017;0;0;31;Decap;12106920;7;1;0;0;0;0;0;0;0;0;0;0;0;0;0;0;0
12;2017;0;0;32;Decap;12106920;1;1;0;0;0;0;0;1;4;0;0;0;0;0;2;0;3
12;2017;0;0;33;Decap;12106920;0;0;0;0;0;0;0;0;0;0;0;0;0;0;0;0;0
12;2018;0;0;19;Decap;12176866;15;6;1;0;NA;0;0;10;7;4;0;0;0;0;1;4;6
12;2018;0;0;20;Demacro;9394415;16;2;1;0;NA;0;0;7;3;3;0;0;0;0;0;1;0
12;2018;0;0;21;Deinter 1;2528345;2;1;0;0;NA;0;0;1;0;1;0;0;0;0;0;0;0
12;2018;0;0;22;Deinter 2;3765555;4;0;0;0;NA;0;0;4;0;0;0;0;0;1;0;4;2
12;2018;0;0;23;Deinter 3;3694912;5;0;0;0;NA;0;0;2;0;1;0;0;0;0;0;0;0
12;2018;0;0;24;Deinter 4;1898795;0;0;0;0;NA;0;0;3;0;0;1;0;0;0;0;0;2
12;2018;0;0;25;Deinter 5;1579772;0;0;0;0;NA;0;0;1;0;0;0;0;0;0;0;1;0
12;2018;0;0;26;Deinter 6;2132735;2;3;0;0;NA;0;0;4;0;1;0;0;0;0;1;0;0
12;2018;0;0;27;Deinter 7;3124964;1;0;0;0;NA;1;0;3;0;0;0;0;0;0;0;2;0
12;2018;0;0;28;Deinter 8;1153568;0;0;0;0;NA;0;0;0;0;0;0;0;0;0;0;0;0
12;2018;0;0;29;Deinter 9;3285865;7;0;0;0;NA;0;0;2;0;0;0;0;0;0;0;0;0
12;2018;0;0;30;Deinter 10;803144;0;0;0;0;NA;0;0;0;0;0;0;0;0;0;0;0;0
12;2018;0;0;31;Decap;12176866;4;3;0;0;NA;0;0;0;3;0;1;0;0;0;0;0;2
12;2018;0;0;32;Decap;12176866;0;2;0;0;NA;0;0;2;0;0;0;0;0;0;0;1;0
12;2018;0;0;33;Decap;12176866;0;0;0;0;NA;0;0;0;0;0;0;0;0;0;0;0;0
12;2019;0;0;19;Decap;12252023;26;8;0;0;NA;0;0;19;12;4;3;0;0;1;1;3;4
12;2019;0;0;20;Demacro;NA;16;1;0;0;NA;0;0;2;8;3;0;0;0;0;0;1;1
12;2019;0;0;21;Deinter 1;2552610;2;2;0;0;NA;0;0;3;0;0;0;0;0;0;0;0;0
12;2019;0;0;22;Deinter 2;NA;3;0;0;0;NA;0;0;5;1;0;0;0;0;0;0;2;0
12;2019;0;0;23;Deinter 3;3728399;0;1;0;1;NA;0;0;5;0;0;0;0;0;0;0;3;0
12;2019;0;0;24;Deinter 4;1911091;2;0;0;0;NA;0;0;2;0;0;0;0;0;0;0;1;0
12;2019;0;0;25;Deinter 5;1592219;1;0;0;0;NA;0;0;0;0;0;0;0;0;0;0;0;0
12;2019;0;0;26;Deinter 6;2149906;2;0;0;0;NA;0;0;2;0;0;0;0;0;0;0;2;0
12;2019;0;0;27;Deinter 7;3154869;2;0;0;0;NA;0;0;2;0;0;0;0;0;0;0;1;0
12;2019;0;0;28;Deinter 8;1159300;0;0;0;0;NA;0;0;0;0;0;0;0;0;0;0;1;0
12;2019;0;0;29;Deinter 9;3317647;4;0;0;0;NA;0;0;2;0;2;0;0;0;1;0;1;0
12;2019;0;0;30;Deinter 10;808855;0;0;0;0;NA;0;0;0;0;0;0;0;0;0;0;0;0
12;2019;0;0;31;Decap;12252023;13;1;0;0;NA;0;0;0;3;0;0;0;0;0;0;1;0
12;2019;0;0;32;Decap;12252023;0;2;0;1;NA;0;0;0;1;0;2;0;0;0;0;0;4
12;2019;0;0;33;Decap;12252023;0;0;0;0;NA;0;0;0;0;0;1;0;0;0;0;0;0
12;2020;0;0;19;Decap;12325232;17;7;0;0;NA;0;0;8;4;2;5;0;0;0;0;2;5
12;2020;0;0;20;Demacro;9568610;4;1;0;0;NA;0;0;5;4;0;0;0;0;0;0;0;2
12;2020;0;0;21;Deinter 1;2576250;1;0;0;0;NA;0;0;0;0;1;0;0;0;0;0;0;0
12;2020;0;0;22;Deinter 2;3852244;1;0;0;0;NA;0;0;2;2;0;0;0;0;0;0;0;0
12;2020;0;0;23;Deinter 3;3761025;0;0;0;0;NA;0;0;0;1;0;0;0;0;0;0;0;0
12;2020;0;0;24;Deinter 4;1923070;0;0;0;0;NA;0;0;0;0;0;0;0;0;0;0;0;0
12;2020;0;0;25;Deinter 5;1604342;0;0;0;0;NA;0;0;1;0;0;0;0;0;0;0;0;1
12;2020;0;0;26;Deinter 6;2166632;5;0;0;0;NA;0;0;3;0;0;0;0;0;0;0;0;1
12;2020;0;0;27;Deinter 7;3184000;0;0;0;0;NA;0;0;2;0;0;0;0;0;0;0;1;0
12;2020;0;0;28;Deinter 8;1164891;0;0;0;0;NA;0;0;0;0;0;0;0;0;0;0;1;0
12;2020;0;0;29;Deinter 9;3348615;1;1;0;1;NA;0;0;0;0;0;1;0;0;0;0;0;0
12;2020;0;0;30;Deinter 10;814422;0;0;0;0;NA;0;0;0;0;0;0;0;0;0;0;0;0
12;2020;0;0;31;Decap;12325232;7;0;0;0;NA;0;0;0;1;0;0;0;0;0;0;1;1
12;2020;0;0;32;Decap;12325232;1;3;0;1;NA;0;0;2;1;0;0;0;0;0;0;0;0
12;2020;0;0;33;Decap;12325232;0;0;0;0;NA;0;0;0;0;0;0;0;0;0;0;0;0
12;2021;0;0;19;Decap;12396372;9;2;0;0;NA;0;0;6;6;1;0;0;2;0;0;4;4
12;2021;0;0;20;Demacro;9652132;6;1;0;0;NA;0;0;6;4;1;1;1;0;0;0;2;3
12;2021;0;0;21;Deinter 1;2599218;0;0;0;0;NA;0;0;0;1;0;0;0;0;0;0;0;0
12;2021;0;0;22;Deinter 2;3893806;0;0;0;0;NA;0;0;0;0;0;0;0;0;0;0;0;0
12;2021;0;0;23;Deinter 3;3792726;1;0;0;0;NA;0;0;1;0;0;0;0;0;0;0;0;0
12;2021;0;0;24;Deinter 4;1934714;0;0;0;0;NA;0;0;3;0;0;0;0;0;0;0;2;0
12;2021;0;0;25;Deinter 5;1616129;0;0;0;0;NA;0;0;1;0;0;0;0;0;0;0;0;0
12;2021;0;0;26;Deinter 6;2182882;2;0;0;0;NA;0;0;3;1;0;0;0;0;0;0;2;0
12;2021;0;0;27;Deinter 7;3212306;1;1;0;0;NA;0;0;1;0;0;0;0;0;0;0;0;0
12;2021;0;0;28;Deinter 8;1170317;0;0;0;0;NA;0;0;0;0;0;0;0;0;0;0;0;0
12;2021;0;0;29;Deinter 9;3378700;0;0;0;0;NA;0;0;2;2;0;0;0;0;0;0;0;0
12;2021;0;0;30;Deinter 10;819830;0;0;0;0;NA;0;0;0;0;0;0;0;0;0;0;0;0
12;2021;0;0;31;Decap;12396372;0;1;0;0;NA;0;0;0;0;0;0;0;0;0;0;0;1
12;2021;0;0;32;Decap;12396372;1;4;0;0;NA;0;0;2;1;0;0;0;0;0;0;3;1
12;2021;0;0;33;Decap;12396372;0;0;0;0;NA;0;0;0;0;0;0;0;0;0;0;0;0
1;2010;0;1;1;Decap;11244369;0;0;0;1;NA;0;0;2;0;0;1;0;0;0;4;0;0
1;2010;0;1;2;Demacro;8428213;0;0;0;0;NA;0;0;0;0;0;0;0;0;0;0;0;0
1;2010;0;1;3;Deinter 1;2262723;0;0;0;0;NA;0;0;0;0;0;0;0;0;0;0;0;0
1;2010;0;1;4;Deinter 2;3307513;0;0;0;0;NA;0;0;0;0;0;0;0;0;0;0;0;0
1;2010;0;1;5;Deinter 3;3302679;0;0;0;0;NA;0;0;0;0;0;0;0;0;0;0;0;0
1;2010;0;1;6;Deinter 4;1750734;0;0;0;0;NA;0;0;0;0;0;0;0;1;0;0;0;0
1;2010;0;1;7;Deinter 5;1456209;0;0;0;0;NA;0;0;0;0;0;0;0;0;0;0;0;0
1;2010;0;1;8;Deinter 6;1936708;0;0;0;0;NA;0;0;0;0;0;0;0;0;0;0;0;0
1;2010;0;1;9;Deinter 7;2800360;0;0;0;0;NA;0;0;0;0;0;1;0;0;0;0;0;0
1;2010;0;1;10;Deinter 8;1083047;0;0;0;0;NA;0;0;0;0;0;0;0;0;0;0;0;0
1;2010;0;1;11;Deinter 9;2943524;0;0;0;0;NA;0;0;0;0;0;1;0;0;0;0;0;0
1;2010;0;1;12;Deinter 10;736081;0;0;0;0;NA;0;0;0;0;0;0;0;0;0;0;0;0
1;2010;0;1;13;Decap;11244369;0;0;0;0;NA;0;0;0;0;0;0;0;0;0;0;0;0
1;2010;0;1;14;Decap;11244369;0;0;0;0;NA;0;0;0;0;0;0;0;0;0;0;0;0
1;2010;0;1;15;Decap;11244369;0;0;0;0;NA;0;0;0;0;0;0;0;0;0;0;0;0
1;2010;0;1;16;Decap;11244369;0;0;0;0;NA;0;0;0;0;0;0;0;0;0;0;0;0
1;2010;0;1;17;Decap;11244369;0;0;0;0;NA;0;0;0;0;0;0;0;0;0;0;0;0
1;2010;0;1;18;Decap;11244369;0;0;0;0;NA;0;0;0;0;0;0;0;0;0;0;0;2
1;2010;0;1;NA;NA;NA;0;0;0;0;NA;0;0;0;0;0;0;0;0;0;0;0;0
1;2011;0;1;1;Decap;11316119;1;0;0;0;NA;0;0;0;0;0;2;0;0;0;0;2;2
1;2011;0;1;2;Demacro;8506440;0;1;0;0;NA;0;0;4;3;0;0;0;0;0;0;4;0
1;2011;0;1;3;Deinter 1;2285528;0;0;0;0;NA;0;0;0;0;0;1;0;0;0;0;0;0
1;2011;0;1;4;Deinter 2;3346411;0;0;0;0;NA;0;0;0;0;0;0;0;0;0;0;0;0
1;2011;0;1;5;Deinter 3;3330732;0;0;0;0;NA;0;0;0;0;0;0;0;0;0;0;0;0
1;2011;0;1;6;Deinter 4;1760330;0;0;0;0;NA;0;0;0;0;0;1;0;0;0;0;0;0
1;2011;0;1;7;Deinter 5;1466615;0;0;0;0;NA;0;0;0;0;0;0;0;0;0;0;0;0
1;2011;0;1;8;Deinter 6;1952342;0;2;0;0;NA;0;0;0;0;0;0;0;0;0;0;0;0
1;2011;0;1;9;Deinter 7;2825535;0;0;0;0;NA;0;0;0;0;0;0;0;0;0;0;0;0
1;2011;0;1;10;Deinter 8;1087849;0;0;0;0;NA;0;0;0;0;0;0;0;0;0;0;0;0
1;2011;0;1;11;Deinter 9;2968472;0;0;0;0;NA;0;0;0;0;0;0;0;0;0;0;0;0
1;2011;0;1;12;Deinter 10;740809;0;0;0;0;NA;0;0;0;0;0;0;0;0;0;0;0;0
1;2011;0;1;13;Decap;11316119;0;0;0;0;NA;0;0;0;0;0;0;0;0;0;0;0;0
1;2011;0;1;14;Decap;11316119;0;0;0;0;NA;0;0;1;0;0;0;0;0;0;0;0;0
1;2011;0;1;15;Decap;11316119;0;0;0;0;NA;0;0;0;0;0;0;0;0;0;0;0;0
1;2011;0;1;16;Decap;11316119;0;0;0;0;NA;0;0;0;0;0;0;0;0;0;0;0;0
1;2011;0;1;17;Decap;11316119;0;0;0;0;NA;0;0;0;0;0;0;0;0;0;0;0;0
1;2011;0;1;18;Decap;11316119;0;0;0;0;NA;0;0;0;0;0;0;0;0;0;0;0;0
1;2011;0;1;NA;NA;NA;0;0;0;0;NA;0;0;0;0;0;0;0;0;0;0;0;0
1;2012;0;1;1;Decap;11376685;0;0;0;0;NA;0;0;0;1;0;0;0;0;0;0;0;0
1;2012;0;1;2;Demacro;8579905;0;0;0;0;NA;0;0;1;0;0;0;0;0;0;0;0;0
1;2012;0;1;3;Deinter 1;2305758;0;0;0;0;NA;0;0;0;0;0;0;0;0;0;0;2;0
1;2012;0;1;4;Deinter 2;3383407;0;0;0;0;NA;0;0;0;0;0;0;0;0;0;0;0;2
1;2012;0;1;5;Deinter 3;3358517;0;0;0;0;NA;0;0;0;0;0;0;0;0;0;0;0;0
1;2012;0;1;6;Deinter 4;1770282;0;0;0;0;NA;0;0;0;0;0;1;0;0;0;0;0;0
1;2012;0;1;7;Deinter 5;1476901;0;0;0;0;NA;0;0;0;0;0;0;0;0;0;0;0;0
1;2012;0;1;8;Deinter 6;1966489;0;0;0;0;NA;0;0;0;0;0;0;1;0;0;0;0;0
1;2012;0;1;9;Deinter 7;2850458;0;0;0;0;NA;0;0;0;0;0;0;0;0;0;0;0;0
1;2012;0;1;10;Deinter 8;1092359;0;0;0;0;NA;0;0;0;0;0;0;0;0;0;0;0;0
1;2012;0;1;11;Deinter 9;2994987;1;0;0;0;NA;0;0;0;0;0;1;0;0;0;0;0;0
1;2012;0;1;12;Deinter 10;745471;0;0;0;0;NA;0;0;0;0;0;0;0;0;0;0;0;0
1;2012;0;1;13;Decap;11376685;0;0;0;0;NA;0;0;2;0;0;0;0;0;0;0;0;0
1;2012;0;1;14;Decap;11376685;0;0;0;0;NA;0;0;0;0;0;0;0;0;0;0;0;0
1;2012;0;1;15;Decap;11376685;0;0;0;0;NA;0;0;0;0;0;0;0;0;0;0;0;0
1;2012;0;1;16;Decap;11376685;0;0;0;0;NA;0;0;0;0;0;0;0;0;0;0;0;0
1;2012;0;1;17;Decap;11376685;0;0;0;0;NA;0;0;0;0;0;0;0;0;0;0;0;0
1;2012;0;1;18;Decap;11376685;0;0;0;0;NA;0;0;0;0;0;0;0;0;0;0;0;1
1;2012;0;1;NA;NA;NA;0;0;0;0;NA;0;0;0;0;0;0;0;0;0;0;0;0
1;2013;0;1;1;Decap;11821873;0;0;0;0;NA;0;0;0;0;0;1;0;0;0;0;1;0
1;2013;0;1;2;Demacro;8953241;0;0;0;0;NA;0;0;0;1;0;0;0;1;0;0;1;0
1;2013;0;1;3;Deinter 1;2406735;0;0;0;0;NA;0;0;0;0;0;0;0;0;0;0;0;1
1;2013;0;1;4;Deinter 2;3541481;0;0;0;0;NA;0;0;0;0;0;1;0;0;0;0;0;0
1;2013;0;1;5;Deinter 3;3503301;0;0;0;0;NA;0;0;0;0;0;0;0;0;0;0;0;0
1;2013;0;1;6;Deinter 4;1840239;0;0;0;0;NA;0;0;0;0;0;0;0;0;0;0;0;0
1;2013;0;1;7;Deinter 5;1537918;0;0;0;0;NA;0;0;0;0;0;1;0;0;0;0;0;0
1;2013;0;1;8;Deinter 6;2048410;0;0;0;0;NA;0;0;0;0;0;0;0;0;0;0;0;0
1;2013;0;1;9;Deinter 7;2975156;0;0;0;0;NA;0;0;0;0;0;0;0;0;0;0;0;0
1;2013;0;1;10;Deinter 8;1133298;0;0;0;0;NA;0;0;0;0;0;0;0;0;0;0;0;0
1;2013;0;1;11;Deinter 9;3126459;0;0;0;0;NA;0;0;0;0;0;0;0;0;0;0;1;0
1;2013;0;1;12;Deinter 10;775558;0;0;0;0;NA;0;0;0;0;0;0;0;0;0;0;0;0
1;2013;0;1;13;Decap;11821873;0;0;0;0;NA;0;0;0;0;0;0;0;0;0;0;0;0
1;2013;0;1;14;Decap;11821873;0;3;0;0;NA;0;0;1;1;0;0;0;0;0;0;0;0
1;2013;0;1;15;Decap;11821873;0;0;0;0;NA;0;0;0;0;0;0;0;0;0;0;0;0
1;2013;0;1;16;Decap;11821873;0;0;0;0;NA;0;0;0;0;0;0;0;0;0;0;0;0
1;2013;0;1;17;Decap;11821873;0;0;0;0;NA;0;0;0;0;0;0;0;0;0;0;0;0
1;2013;0;1;18;Decap;11821873;0;0;0;1;NA;0;0;0;0;0;0;0;0;0;0;0;0
1;2013;0;1;NA;NA;NA;0;0;0;0;NA;0;0;0;0;0;0;0;0;0;0;0;0
1;2014;1;1;1;Decap;11895893;0;0;0;0;NA;0;0;0;5;0;1;0;0;1;0;0;1
1;2014;1;1;2;Demacro;9039311;0;1;0;0;NA;0;0;2;0;0;0;0;0;0;0;0;0
1;2014;1;1;3;Deinter 1;2430392;1;0;0;0;NA;1;0;0;0;0;0;0;0;0;0;0;0
1;2014;1;1;4;Deinter 2;3584160;0;0;0;0;NA;0;0;0;0;0;0;0;0;0;0;0;0
1;2014;1;1;5;Deinter 3;3535932;0;0;0;0;NA;0;0;0;0;0;0;0;0;0;0;0;0
1;2014;1;1;6;Deinter 4;1852338;0;0;0;0;NA;0;0;0;0;0;0;0;0;0;0;1;0
1;2014;1;1;7;Deinter 5;1550161;0;0;0;0;NA;0;0;0;0;0;0;0;0;0;0;0;0
1;2014;1;1;8;Deinter 6;2065208;0;0;0;0;NA;0;0;0;0;0;0;0;0;0;0;0;0
1;2014;1;1;9;Deinter 7;3004319;0;0;0;0;NA;0;0;0;0;0;0;0;0;0;0;0;0
1;2014;1;1;10;Deinter 8;1138981;0;0;0;0;NA;0;0;0;0;0;0;0;0;0;0;0;0
1;2014;1;1;11;Deinter 9;3157448;0;0;0;0;NA;0;0;0;0;0;0;0;0;0;0;0;0
1;2014;1;1;12;Deinter 10;781161;0;0;0;0;NA;0;0;0;0;0;0;0;0;0;0;0;0
1;2014;1;1;13;Decap;11895893;0;0;0;0;NA;0;0;1;0;0;1;0;0;0;0;0;0
1;2014;1;1;14;Decap;11895893;2;0;0;0;NA;0;0;1;0;0;0;0;0;0;0;0;0
1;2014;1;1;15;Decap;11895893;0;0;0;0;NA;0;0;0;0;0;0;0;0;0;0;4;0
1;2014;1;1;16;Decap;11895893;0;0;0;0;NA;0;0;0;0;0;0;0;0;0;0;0;0
1;2014;1;1;17;Decap;11895893;0;0;0;0;NA;0;0;0;0;0;0;0;0;0;0;0;0
1;2014;1;1;18;Decap;11895893;0;0;0;0;NA;0;0;0;0;0;0;0;0;0;0;0;0
1;2014;1;1;NA;NA;NA;0;0;0;0;NA;0;0;0;0;0;0;0;0;0;0;0;0
1;2015;0;1;1;Decap;11967825;0;0;0;0;NA;0;0;0;0;0;3;0;0;0;1;0;1
1;2015;0;1;2;Demacro;9122966;0;2;0;0;NA;0;0;0;2;0;0;0;0;0;1;2;1
1;2015;0;1;3;Deinter 1;2453387;0;1;0;0;NA;0;0;0;2;0;0;0;0;0;1;0;0
1;2015;0;1;4;Deinter 2;3625638;0;0;0;0;NA;0;0;0;0;0;0;0;0;0;0;0;0
1;2015;0;1;5;Deinter 3;3567652;0;0;0;0;NA;0;0;0;0;0;0;0;0;0;0;0;0
1;2015;0;1;6;Deinter 4;1864091;0;0;0;0;NA;0;0;0;0;0;0;0;0;0;0;0;0
1;2015;0;1;7;Deinter 5;1562060;0;0;0;0;NA;0;0;1;0;0;0;0;0;0;0;1;1
1;2015;0;1;8;Deinter 6;2081531;0;0;0;0;NA;0;0;0;0;0;0;0;0;0;0;0;1
1;2015;0;1;9;Deinter 7;3032659;0;0;0;0;NA;0;0;1;0;0;0;0;0;0;0;1;0
1;2015;0;1;10;Deinter 8;1144506;0;0;0;0;NA;0;0;0;0;0;0;0;0;0;0;0;0
1;2015;0;1;11;Deinter 9;3187564;1;0;0;0;NA;0;0;0;0;0;0;0;0;0;0;0;0
1;2015;0;1;12;Deinter 10;786605;0;0;0;0;NA;0;0;0;0;0;0;0;0;0;0;0;0
1;2015;0;1;13;Decap;11967825;0;0;0;0;NA;0;0;0;1;0;1;0;0;0;0;0;0
1;2015;0;1;14;Decap;11967825;0;0;0;0;NA;0;0;0;0;0;0;0;0;0;0;0;0
1;2015;0;1;15;Decap;11967825;0;0;0;0;NA;0;0;0;0;0;0;0;0;0;0;0;0
1;2015;0;1;16;Decap;11967825;0;0;0;0;NA;0;0;0;0;0;0;0;0;0;0;0;0
1;2015;0;1;17;Decap;11967825;0;0;0;0;NA;0;0;0;0;0;0;0;0;0;0;0;0
1;2015;0;1;18;Decap;11967825;0;0;0;0;NA;0;0;0;0;0;0;0;0;0;0;0;0
1;2015;0;1;NA;NA;NA;0;0;0;0;NA;0;0;0;0;0;0;0;0;0;0;0;0
1;2016;0;1;1;Decap;12038175;0;1;0;0;NA;0;0;0;1;0;1;0;0;0;0;0;1
1;2016;0;1;2;Demacro;9204764;0;0;0;0;NA;0;0;1;0;0;0;0;0;0;0;0;0
1;2016;0;1;3;Deinter 1;2475879;0;0;0;0;NA;0;0;0;0;0;0;0;0;0;0;0;0
1;2016;0;1;4;Deinter 2;3666201;0;1;0;0;NA;0;0;0;0;0;1;0;0;0;0;0;0
1;2016;0;1;5;Deinter 3;3598661;1;0;0;0;NA;0;0;0;0;0;0;0;0;0;0;0;0
1;2016;0;1;6;Deinter 4;1875589;0;0;0;0;NA;0;0;0;0;0;0;0;0;0;0;0;0
1;2016;0;1;7;Deinter 5;1573701;0;0;0;0;NA;0;0;0;0;0;0;0;0;0;0;0;0
1;2016;0;1;8;Deinter 6;2097502;0;0;0;0;NA;0;0;0;0;0;0;0;0;0;0;0;0
1;2016;0;1;9;Deinter 7;3060372;0;0;0;0;NA;0;0;0;0;0;0;0;0;0;0;0;0
1;2016;0;1;10;Deinter 8;1149906;0;0;0;0;NA;0;0;0;0;0;0;0;0;0;0;0;0
1;2016;0;1;11;Deinter 9;3217014;0;0;0;0;NA;0;0;0;0;0;0;0;0;0;0;0;1
1;2016;0;1;12;Deinter 10;791935;0;0;0;0;NA;0;0;0;0;0;0;0;0;0;0;0;0
1;2016;0;1;13;Decap;12038175;0;0;0;0;NA;0;0;0;0;0;0;0;0;0;0;0;0
1;2016;0;1;14;Decap;12038175;0;0;0;0;NA;0;0;0;0;0;0;0;0;0;2;0;0
1;2016;0;1;15;Decap;12038175;0;0;0;0;NA;0;0;3;0;0;0;0;0;0;0;0;0
1;2016;0;1;16;Decap;12038175;0;0;0;0;NA;0;0;0;0;0;0;0;0;0;0;0;0
1;2016;0;1;17;Decap;12038175;0;0;0;0;NA;0;0;0;0;0;0;0;0;0;0;0;0
1;2016;0;1;18;Decap;12038175;0;0;0;0;NA;0;0;0;0;0;0;0;0;0;0;0;0
1;2016;0;1;NA;NA;NA;0;0;0;0;NA;0;0;0;0;0;0;0;0;0;0;0;0
1;2017;0;1;1;Decap;12106920;0;0;0;0;NA;0;0;1;0;0;0;1;0;0;0;0;0
1;2017;0;1;2;Demacro;9284704;2;0;0;0;NA;1;0;1;0;0;0;0;0;0;0;0;0
1;2017;0;1;3;Deinter 1;2497857;0;0;0;0;NA;0;0;0;0;0;2;0;0;0;0;0;1
1;2017;0;1;4;Deinter 2;3705840;0;0;0;0;NA;0;0;0;0;0;0;0;0;0;0;0;0
1;2017;0;1;5;Deinter 3;3654014;0;0;0;0;NA;0;0;0;0;0;0;0;1;0;0;0;1
1;2017;0;1;6;Deinter 4;1886819;0;0;0;0;NA;0;0;0;0;0;0;0;0;0;0;0;0
1;2017;0;1;7;Deinter 5;1565726;0;0;0;0;NA;0;0;0;0;0;0;0;0;0;0;0;0
1;2017;0;1;8;Deinter 6;2113105;0;0;0;0;NA;0;0;1;0;0;0;0;0;0;0;1;0
1;2017;0;1;9;Deinter 7;3087457;0;2;0;0;NA;0;0;0;0;0;0;0;0;0;0;1;0
1;2017;0;1;10;Deinter 8;1149492;0;0;0;0;NA;0;0;0;0;0;0;0;0;0;0;2;0
1;2017;0;1;11;Deinter 9;3245798;0;0;0;0;NA;0;3;0;0;0;0;0;3;0;0;1;2
1;2017;0;1;12;Deinter 10;797134;0;0;0;0;NA;0;0;0;0;0;0;0;1;0;0;1;0
1;2017;0;1;13;Decap;12106920;0;0;0;0;NA;0;0;1;0;0;0;0;0;0;0;0;0
1;2017;0;1;14;Decap;12106920;0;2;0;0;NA;0;0;0;0;0;0;0;0;0;0;0;0
1;2017;0;1;15;Decap;12106920;0;0;0;0;NA;0;0;2;0;0;0;0;0;0;0;1;0
1;2017;0;1;16;Decap;12106920;0;0;0;0;NA;0;0;0;0;1;2;0;0;0;0;0;0
1;2017;0;1;17;Decap;12106920;0;0;0;0;NA;0;0;0;0;0;0;0;0;0;0;1;0
1;2017;0;1;18;Decap;12106920;0;0;0;0;NA;0;0;0;0;0;0;0;0;0;0;0;0
1;2017;0;1;NA;NA;NA;0;0;0;0;NA;0;0;0;0;0;0;0;0;0;0;0;0
1;2018;0;1;1;Decap;12176866;0;0;0;0;NA;0;0;1;0;0;0;0;0;0;0;4;0
1;2018;0;1;2;Demacro;9394415;0;0;0;0;NA;0;0;0;0;0;0;0;0;0;0;1;0
1;2018;0;1;3;Deinter 1;2528345;0;0;0;0;NA;0;0;0;1;0;0;0;0;0;0;0;0
1;2018;0;1;4;Deinter 2;3765555;0;0;0;0;NA;0;0;0;0;1;0;0;0;0;0;0;0
1;2018;0;1;5;Deinter 3;3694912;0;0;0;0;NA;0;0;0;0;0;0;0;0;0;0;0;0
1;2018;0;1;6;Deinter 4;1898795;0;0;0;0;NA;0;0;0;0;0;0;0;0;0;0;0;0
1;2018;0;1;7;Deinter 5;1579772;0;0;0;0;NA;0;0;0;0;0;0;0;0;0;0;0;0
1;2018;0;1;8;Deinter 6;2132735;0;1;0;0;NA;0;0;0;0;0;1;0;0;0;0;1;1
1;2018;0;1;9;Deinter 7;3124964;0;0;0;0;NA;0;0;0;0;0;0;0;0;0;0;0;0
1;2018;0;1;10;Deinter 8;1153568;0;0;0;0;NA;0;0;0;0;0;0;0;0;0;0;0;0
1;2018;0;1;11;Deinter 9;3285865;0;0;0;0;NA;0;0;0;0;0;0;0;0;0;0;0;0
1;2018;0;1;12;Deinter 10;803144;0;0;0;0;NA;0;0;0;0;0;0;0;0;0;0;1;0
1;2018;0;1;13;Decap;12176866;0;0;0;0;NA;0;0;0;0;0;0;0;0;0;0;0;0
1;2018;0;1;14;Decap;12176866;0;1;0;0;NA;0;0;0;0;0;0;0;0;0;0;0;0
1;2018;0;1;15;Decap;12176866;0;0;0;0;NA;0;0;2;0;0;0;0;0;0;0;3;0
1;2018;0;1;16;Decap;12176866;0;0;0;0;NA;0;0;0;0;0;0;1;1;0;0;0;1
1;2018;0;1;17;Decap;12176866;0;0;0;0;NA;0;0;0;0;0;0;0;0;0;0;0;0
1;2018;0;1;18;Decap;12176866;0;0;0;0;NA;0;0;0;0;0;0;0;0;0;0;0;0
1;2018;0;1;NA;NA;NA;0;0;0;0;NA;0;0;0;0;0;0;0;0;0;0;0;0
1;2019;1;1;1;Decap;12252023;1;0;0;0;NA;0;0;1;0;0;0;0;0;0;0;0;1
1;2019;1;1;2;Demacro;NA;0;0;0;0;NA;0;0;1;0;0;0;1;0;0;0;2;0
1;2019;1;1;3;Deinter 1;2552610;0;0;0;0;NA;0;0;0;0;0;0;0;0;0;0;0;0
1;2019;1;1;4;Deinter 2;NA;0;0;0;0;NA;0;0;1;0;0;0;0;0;0;0;0;1
1;2019;1;1;5;Deinter 3;3728399;0;0;0;0;NA;0;0;0;0;0;0;0;0;0;0;0;0
1;2019;1;1;6;Deinter 4;1911091;0;0;0;0;NA;0;0;1;0;0;0;0;0;0;0;2;0
1;2019;1;1;7;Deinter 5;1592219;0;0;0;0;NA;0;0;0;0;0;0;0;0;0;0;0;0
1;2019;1;1;8;Deinter 6;2149906;0;1;0;0;NA;0;0;0;0;0;1;0;0;0;0;1;0
1;2019;1;1;9;Deinter 7;3154869;0;0;0;0;NA;0;0;0;0;0;0;0;0;0;0;3;0
1;2019;1;1;10;Deinter 8;1159300;0;0;0;0;NA;0;0;0;0;0;0;0;0;0;0;1;0
1;2019;1;1;11;Deinter 9;3317647;0;1;0;0;NA;0;0;0;0;0;0;0;0;0;0;0;0
1;2019;1;1;12;Deinter 10;808855;0;0;0;0;NA;0;0;0;0;0;1;0;0;0;0;0;1
1;2019;1;1;13;Decap;12252023;0;0;0;0;NA;0;0;0;0;0;0;0;0;0;0;2;0
1;2019;1;1;14;Decap;12252023;0;0;0;0;NA;0;0;0;0;0;0;0;0;0;0;0;0
1;2019;1;1;15;Decap;12252023;0;0;0;0;NA;0;0;0;0;0;0;0;0;0;0;0;0
1;2019;1;1;16;Decap;12252023;0;0;0;0;NA;0;0;0;0;0;1;0;0;0;0;2;1
1;2019;1;1;17;Decap;12252023;0;0;0;0;NA;0;0;0;0;0;0;0;0;0;0;0;0
1;2019;1;1;18;Decap;12252023;0;0;0;0;NA;0;0;0;0;0;0;0;0;0;0;0;0
1;2019;1;1;NA;NA;NA;0;0;0;0;NA;0;0;0;0;0;0;0;0;0;0;0;0
1;2020;0;1;1;Decap;12325232;0;0;0;0;NA;0;0;0;0;0;0;2;0;0;0;1;0
1;2020;0;1;2;Demacro;9568610;0;2;0;0;NA;0;0;1;1;0;2;2;0;0;0;1;1
1;2020;0;1;3;Deinter 1;2576250;0;0;0;0;NA;0;0;0;0;0;0;0;0;0;0;0;0
1;2020;0;1;4;Deinter 2;3852244;0;0;0;0;NA;0;0;0;1;0;0;0;0;0;0;0;0
1;2020;0;1;5;Deinter 3;3761025;0;0;0;0;NA;0;0;0;0;0;0;1;0;0;0;0;0
1;2020;0;1;6;Deinter 4;1923070;0;0;0;0;NA;0;0;0;0;0;0;0;0;0;0;0;0
1;2020;0;1;7;Deinter 5;1604342;0;0;0;0;NA;0;0;0;0;0;0;0;0;0;0;0;0
1;2020;0;1;8;Deinter 6;2166632;0;0;0;0;NA;0;0;1;0;0;0;0;0;0;0;1;0
1;2020;0;1;9;Deinter 7;3184000;0;0;0;0;NA;0;0;0;0;0;0;0;0;0;0;0;0
1;2020;0;1;10;Deinter 8;1164891;0;0;0;0;NA;0;0;0;0;0;0;0;0;0;0;0;1
1;2020;0;1;11;Deinter 9;3348615;0;0;0;0;NA;0;0;0;0;0;0;0;0;0;0;0;0
1;2020;0;1;12;Deinter 10;814422;0;0;0;0;NA;0;0;0;0;0;0;0;0;0;0;0;0
1;2020;0;1;13;Decap;12325232;0;0;0;0;NA;0;0;0;0;0;0;0;0;0;0;0;0
1;2020;0;1;14;Decap;12325232;0;0;0;0;NA;0;0;0;0;0;0;0;0;0;0;0;0
1;2020;0;1;15;Decap;12325232;0;0;0;0;NA;0;0;0;0;0;0;0;0;0;0;0;0
1;2020;0;1;16;Decap;12325232;0;0;0;0;NA;0;0;0;0;0;2;0;0;0;0;0;0
1;2020;0;1;17;Decap;12325232;0;0;0;0;NA;0;0;0;0;0;0;0;0;0;0;0;0
1;2020;0;1;18;Decap;12325232;0;0;0;0;NA;0;0;0;0;0;0;0;0;0;0;0;0
1;2020;0;1;NA;NA;NA;0;0;0;0;NA;0;0;0;0;0;0;0;0;0;0;0;0
1;2021;0;1;1;Decap;12396372;0;0;0;0;NA;0;0;1;2;0;0;0;0;0;0;4;0
1;2021;0;1;2;Demacro;9652132;0;0;0;0;NA;0;0;3;0;0;0;0;0;0;0;5;0
1;2021;0;1;3;Deinter 1;2599218;0;0;0;0;NA;0;0;0;0;0;0;0;0;0;0;0;1
1;2021;0;1;4;Deinter 2;3893806;0;0;0;0;NA;0;0;0;0;0;0;0;0;0;0;0;0
1;2021;0;1;5;Deinter 3;3792726;0;0;0;0;NA;0;0;0;0;0;0;0;0;0;0;0;1
1;2021;0;1;6;Deinter 4;1934714;0;0;0;0;NA;0;0;0;0;0;0;0;0;0;0;0;0
1;2021;0;1;7;Deinter 5;1616129;0;0;0;0;NA;0;0;0;0;0;0;0;0;0;0;0;0
1;2021;0;1;8;Deinter 6;2182882;0;0;0;0;NA;0;0;0;0;0;0;0;0;0;0;0;0
1;2021;0;1;9;Deinter 7;3212306;0;0;0;0;NA;0;0;0;0;0;0;0;0;0;0;0;0
1;2021;0;1;10;Deinter 8;1170317;0;0;0;0;NA;0;0;0;0;0;0;0;0;0;0;0;0
1;2021;0;1;11;Deinter 9;3378700;0;0;0;0;NA;0;0;0;0;0;0;0;0;0;0;1;0
1;2021;0;1;12;Deinter 10;819830;0;0;0;0;NA;0;0;0;0;0;0;0;0;0;0;0;0
1;2021;0;1;13;Decap;12396372;0;0;0;0;NA;0;0;0;0;0;0;0;0;0;0;0;0
1;2021;0;1;14;Decap;12396372;0;2;0;0;NA;0;0;0;0;0;0;0;0;0;0;0;0
1;2021;0;1;15;Decap;12396372;0;0;0;0;NA;0;0;0;0;0;0;0;0;0;0;0;0
1;2021;0;1;16;Decap;12396372;0;0;0;0;NA;0;0;0;0;1;1;0;0;0;0;0;1
1;2021;0;1;17;Decap;12396372;0;0;0;0;NA;0;0;0;0;0;0;0;0;0;0;0;0
1;2021;0;1;18;Decap;12396372;0;0;0;0;NA;0;0;0;0;0;0;0;0;0;0;0;0
1;2021;0;1;NA;NA;NA;0;0;0;0;NA;0;0;0;0;0;0;0;0;0;0;0;0
1;2022;0;1;1;Decap;12396372;1;0;0;0;NA;0;0;0;0;0;0;0;0;0;0;0;1
1;2022;0;1;2;Demacro;9652132;0;0;0;0;NA;0;0;3;0;0;0;1;0;0;1;3;0
1;2022;0;1;3;Deinter 1;2599218;0;0;0;0;NA;0;0;1;0;0;0;0;0;0;0;2;2
1;2022;0;1;4;Deinter 2;3893806;0;0;0;0;NA;0;0;0;0;0;0;0;0;0;0;0;0
1;2022;0;1;5;Deinter 3;3792726;0;0;0;0;NA;0;0;0;0;0;0;0;0;0;0;0;0
1;2022;0;1;6;Deinter 4;1934714;0;0;0;0;NA;0;0;0;0;0;0;0;0;0;0;0;0
1;2022;0;1;7;Deinter 5;1616129;0;0;0;0;NA;0;0;0;0;0;0;0;0;0;0;0;1
1;2022;0;1;8;Deinter 6;2182882;1;0;0;0;NA;0;0;1;0;0;0;0;0;0;0;0;1
1;2022;0;1;9;Deinter 7;3212306;2;0;0;0;NA;0;0;0;0;0;0;0;0;0;0;0;0
1;2022;0;1;10;Deinter 8;1170317;0;0;0;0;NA;0;0;0;0;0;0;0;0;0;0;1;0
1;2022;0;1;11;Deinter 9;3378700;0;0;0;0;NA;0;0;0;0;0;0;0;0;0;0;0;0
1;2022;0;1;12;Deinter 10;819830;0;0;0;0;NA;0;0;0;0;0;0;0;0;0;0;1;0
1;2022;0;1;13;Decap;12396372;0;1;0;0;NA;0;0;0;0;0;0;0;0;0;0;0;0
1;2022;0;1;14;Decap;12396372;0;0;0;0;NA;0;0;0;0;0;0;0;0;0;0;0;0
1;2022;0;1;15;Decap;12396372;0;0;0;0;NA;0;0;0;0;0;0;0;0;0;0;0;0
1;2022;0;1;16;Decap;12396372;0;0;0;0;NA;0;0;0;0;1;4;0;0;0;0;0;0
1;2022;0;1;17;Decap;12396372;0;0;0;0;NA;0;0;0;1;0;0;0;0;0;0;0;0
1;2022;0;1;18;Decap;12396372;0;0;0;0;NA;0;0;0;0;0;0;0;0;0;0;0;0
1;2022;0;1;NA;NA;NA;0;0;0;0;NA;0;0;0;0;0;0;0;0;0;0;0;0
2;2010;0;1;1;Decap;11244369;0;0;0;0;NA;0;0;0;0;3;1;0;0;0;4;0;1
2;2010;0;1;2;Demacro;8428213;0;0;0;0;NA;0;0;1;0;0;0;0;0;0;0;0;0
2;2010;0;1;3;Deinter 1;2262723;0;0;0;0;NA;0;0;0;0;0;0;0;0;0;0;0;0
2;2010;0;1;4;Deinter 2;3307513;0;0;0;0;NA;0;0;0;0;0;0;0;0;0;0;0;0
2;2010;0;1;5;Deinter 3;3302679;0;0;0;0;NA;0;0;2;0;0;0;0;0;0;0;4;0
2;2010;0;1;6;Deinter 4;1750734;0;0;0;0;NA;0;0;0;0;0;0;0;0;0;0;1;0
2;2010;0;1;7;Deinter 5;1456209;0;0;0;0;NA;0;0;0;0;0;0;0;0;0;0;0;0
2;2010;0;1;8;Deinter 6;1936708;0;0;0;0;NA;0;0;1;0;0;0;0;0;0;0;0;0
2;2010;0;1;9;Deinter 7;2800360;0;0;0;0;NA;0;0;0;0;0;0;0;0;0;0;0;0
2;2010;0;1;10;Deinter 8;1083047;0;0;0;0;NA;0;0;0;0;0;0;0;0;0;0;0;0
2;2010;0;1;11;Deinter 9;2943524;0;0;0;0;NA;0;0;0;0;0;0;0;0;0;0;0;0
2;2010;0;1;12;Deinter 10;736081;0;0;0;0;NA;0;0;0;0;0;0;0;0;0;0;0;0
2;2010;0;1;13;Decap;11244369;0;0;0;0;NA;0;0;1;0;0;0;1;0;0;0;0;0
2;2010;0;1;14;Decap;11244369;0;0;0;0;NA;0;0;0;0;0;0;0;0;0;0;0;0
2;2010;0;1;15;Decap;11244369;0;0;0;0;NA;0;0;0;0;0;0;0;0;0;0;0;0
2;2010;0;1;16;Decap;11244369;0;0;0;0;NA;0;0;0;0;0;0;0;0;0;0;0;0
2;2010;0;1;17;Decap;11244369;0;0;0;0;NA;0;0;0;0;0;0;0;0;0;0;0;0
2;2010;0;1;18;Decap;11244369;0;0;0;0;NA;0;0;0;0;1;0;0;0;0;0;0;0
2;2010;0;1;NA;NA;NA;0;0;0;0;NA;0;0;0;0;0;0;0;0;0;0;0;0
2;2011;0;1;1;Decap;11316119;0;0;0;0;NA;0;0;0;0;0;0;0;1;0;0;0;0
2;2011;0;1;2;Demacro;8506440;0;0;0;0;NA;0;0;0;0;0;0;0;0;0;0;0;0
2;2011;0;1;3;Deinter 1;2285528;0;0;0;0;NA;0;0;4;0;0;0;0;0;1;0;0;0
2;2011;0;1;4;Deinter 2;3346411;0;0;0;0;NA;0;0;0;0;0;0;0;0;0;0;0;0
2;2011;0;1;5;Deinter 3;3330732;0;0;0;0;NA;0;0;0;0;0;0;0;0;0;0;0;0
2;2011;0;1;6;Deinter 4;1760330;0;0;0;0;NA;0;0;0;0;0;0;0;0;0;0;2;0
2;2011;0;1;7;Deinter 5;1466615;0;0;0;0;NA;0;0;0;0;0;0;0;0;0;0;0;0
2;2011;0;1;8;Deinter 6;1952342;0;0;0;0;NA;0;0;0;0;0;0;0;0;0;0;0;0
2;2011;0;1;9;Deinter 7;2825535;0;0;0;0;NA;0;0;0;0;0;0;0;0;0;0;0;0
2;2011;0;1;10;Deinter 8;1087849;0;0;0;0;NA;0;0;0;0;0;0;0;0;0;0;0;0
2;2011;0;1;11;Deinter 9;2968472;0;0;0;0;NA;0;0;0;0;0;0;0;0;0;0;1;0
2;2011;0;1;12;Deinter 10;740809;0;0;0;0;NA;0;0;0;0;0;0;0;0;0;0;0;0
2;2011;0;1;13;Decap;11316119;0;0;0;0;NA;0;0;0;0;0;0;0;0;0;0;0;0
2;2011;0;1;14;Decap;11316119;1;0;0;0;NA;0;0;4;0;0;0;0;0;0;0;2;0
2;2011;0;1;15;Decap;11316119;0;0;0;0;NA;0;0;0;0;0;0;0;0;0;0;0;0
2;2011;0;1;16;Decap;11316119;0;0;0;0;NA;0;0;0;0;0;0;0;0;0;0;0;0
2;2011;0;1;17;Decap;11316119;0;0;0;0;NA;0;0;0;0;0;0;0;0;0;0;0;0
2;2011;0;1;18;Decap;11316119;0;0;0;0;NA;0;0;0;0;0;0;0;0;0;0;0;0
2;2011;0;1;NA;NA;NA;0;0;0;0;NA;0;0;0;0;0;0;0;0;0;0;0;0
2;2012;0;1;1;Decap;11376685;0;0;0;0;NA;0;0;1;1;2;2;0;0;0;0;1;1
2;2012;0;1;2;Demacro;8579905;0;0;0;0;NA;0;0;0;0;3;1;0;0;0;0;4;0
2;2012;0;1;3;Deinter 1;2305758;0;0;0;0;NA;0;0;0;0;0;0;0;0;0;0;0;0
2;2012;0;1;4;Deinter 2;3383407;0;0;0;0;NA;0;0;0;0;0;0;0;0;0;0;0;0
2;2012;0;1;5;Deinter 3;3358517;0;0;0;0;NA;0;0;0;0;0;0;0;0;0;0;2;0
2;2012;0;1;6;Deinter 4;1770282;0;0;0;0;NA;0;0;2;0;0;0;0;0;0;0;0;0
2;2012;0;1;7;Deinter 5;1476901;0;0;0;0;NA;0;0;0;0;0;0;0;0;0;0;0;0
2;2012;0;1;8;Deinter 6;1966489;0;0;0;0;NA;0;0;0;0;0;0;0;0;0;0;0;0
2;2012;0;1;9;Deinter 7;2850458;0;0;0;0;NA;0;0;0;0;0;0;0;0;0;0;1;0
2;2012;0;1;10;Deinter 8;1092359;0;0;0;0;NA;0;0;0;0;0;0;0;0;0;0;0;0
2;2012;0;1;11;Deinter 9;2994987;1;0;0;0;NA;0;0;0;0;0;0;0;0;0;0;1;0
2;2012;0;1;12;Deinter 10;745471;0;0;0;0;NA;0;0;0;0;0;0;0;0;0;0;0;0
2;2012;0;1;13;Decap;11376685;0;0;0;0;NA;0;0;4;0;0;0;0;0;0;0;0;0
2;2012;0;1;14;Decap;11376685;0;3;0;0;NA;0;0;0;0;0;0;0;0;0;0;0;0
2;2012;0;1;15;Decap;11376685;0;0;0;0;NA;0;0;0;0;0;0;0;0;0;0;0;0
2;2012;0;1;16;Decap;11376685;0;0;0;0;NA;0;0;0;0;0;0;0;0;0;0;0;0
2;2012;0;1;17;Decap;11376685;0;0;0;0;NA;0;0;0;0;0;0;0;0;0;0;0;0
2;2012;0;1;18;Decap;11376685;0;0;0;0;NA;0;0;0;0;0;0;0;0;0;0;0;0
2;2012;0;1;NA;NA;NA;0;0;0;0;NA;0;0;0;0;0;0;0;0;0;0;0;0
2;2013;0;1;1;Decap;11821873;0;0;0;0;NA;0;0;2;0;1;1;0;1;0;1;2;0
2;2013;0;1;2;Demacro;8953241;0;0;0;0;NA;0;0;1;0;0;1;0;0;0;2;1;0
2;2013;0;1;3;Deinter 1;2406735;0;0;0;0;NA;0;0;1;0;0;0;0;0;0;0;0;0
2;2013;0;1;4;Deinter 2;3541481;0;0;0;0;NA;0;0;0;0;0;0;0;0;0;0;0;0
2;2013;0;1;5;Deinter 3;3503301;0;0;0;0;NA;0;0;0;0;0;0;0;0;0;0;1;0
2;2013;0;1;6;Deinter 4;1840239;1;0;0;0;NA;0;0;0;0;0;0;0;0;0;0;0;0
2;2013;0;1;7;Deinter 5;1537918;0;0;0;0;NA;0;0;0;0;0;0;0;0;0;0;0;0
2;2013;0;1;8;Deinter 6;2048410;0;0;0;0;NA;0;0;0;0;0;0;0;0;0;0;0;0
2;2013;0;1;9;Deinter 7;2975156;0;0;0;0;NA;0;0;0;0;0;0;0;0;0;0;0;0
2;2013;0;1;10;Deinter 8;1133298;0;0;0;0;NA;0;0;0;0;0;0;0;0;0;0;1;0
2;2013;0;1;11;Deinter 9;3126459;1;0;0;0;NA;0;0;1;0;0;0;0;0;0;0;0;0
2;2013;0;1;12;Deinter 10;775558;0;0;0;0;NA;0;0;0;0;0;0;0;0;0;0;0;0
2;2013;0;1;13;Decap;11821873;0;0;0;0;NA;0;0;2;0;1;1;0;0;0;0;1;0
2;2013;0;1;14;Decap;11821873;0;1;0;0;NA;0;0;0;0;0;0;0;0;1;1;0;0
2;2013;0;1;15;Decap;11821873;0;0;0;0;NA;0;0;0;0;0;1;0;0;0;0;0;0
2;2013;0;1;16;Decap;11821873;0;0;0;0;NA;0;0;0;0;0;0;0;0;0;0;0;0
2;2013;0;1;17;Decap;11821873;0;0;0;0;NA;0;0;0;0;0;0;0;0;0;0;0;0
2;2013;0;1;18;Decap;11821873;0;0;0;0;NA;0;0;0;0;0;0;0;1;0;0;0;0
2;2013;0;1;NA;NA;NA;0;0;0;0;NA;0;0;0;0;0;0;0;0;0;0;0;0
2;2014;0;1;1;Decap;11895893;0;1;0;0;NA;1;0;0;1;0;0;0;0;0;0;1;2
2;2014;0;1;2;Demacro;9039311;2;2;0;0;NA;0;0;3;0;0;0;0;0;0;1;1;2
2;2014;0;1;3;Deinter 1;2430392;0;0;0;0;NA;0;0;0;0;0;0;2;0;0;0;0;0
2;2014;0;1;4;Deinter 2;3584160;0;0;0;0;NA;0;0;1;1;0;0;0;0;0;0;0;0
2;2014;0;1;5;Deinter 3;3535932;0;0;0;0;NA;0;0;0;0;0;1;0;0;0;0;0;1
2;2014;0;1;6;Deinter 4;1852338;0;0;0;0;NA;0;0;0;0;0;0;0;0;0;0;0;0
2;2014;0;1;7;Deinter 5;1550161;0;0;0;0;NA;0;0;0;0;0;0;0;0;0;0;0;0
2;2014;0;1;8;Deinter 6;2065208;0;0;0;0;NA;0;0;0;0;0;0;0;0;0;0;0;0
2;2014;0;1;9;Deinter 7;3004319;0;0;0;0;NA;0;0;0;0;0;0;0;0;0;0;0;0
2;2014;0;1;10;Deinter 8;1138981;0;0;0;0;NA;0;0;0;0;0;0;0;0;0;0;0;0
2;2014;0;1;11;Deinter 9;3157448;0;0;0;0;NA;0;0;0;0;0;0;0;0;0;0;0;0
2;2014;0;1;12;Deinter 10;781161;0;0;0;0;NA;0;0;0;0;0;0;0;0;0;0;0;0
2;2014;0;1;13;Decap;11895893;0;0;0;0;NA;0;0;0;0;0;0;0;0;0;0;0;0
2;2014;0;1;14;Decap;11895893;0;0;0;0;NA;0;0;0;0;0;0;0;0;0;1;0;0
2;2014;0;1;15;Decap;11895893;0;0;0;0;NA;0;0;0;0;0;0;0;0;0;0;1;0
2;2014;0;1;16;Decap;11895893;0;0;0;0;NA;0;0;0;0;0;0;0;0;0;0;0;0
2;2014;0;1;17;Decap;11895893;0;0;0;0;NA;0;0;0;0;0;0;0;0;0;0;0;0
2;2014;0;1;18;Decap;11895893;0;0;0;0;NA;0;0;0;0;0;0;0;0;0;0;0;0
2;2014;0;1;NA;NA;NA;0;0;0;0;NA;0;0;0;0;0;0;0;0;0;0;0;0
2;2015;0;1;1;Decap;11967825;0;1;0;0;NA;0;0;0;0;0;1;0;0;0;0;1;0
2;2015;0;1;2;Demacro;9122966;3;0;0;0;NA;0;0;0;0;0;0;0;0;0;0;0;1
2;2015;0;1;3;Deinter 1;2453387;1;0;0;0;NA;0;0;0;0;0;0;0;0;0;0;0;1
2;2015;0;1;4;Deinter 2;3625638;0;0;0;0;NA;0;0;0;0;0;0;0;0;0;0;0;1
2;2015;0;1;5;Deinter 3;3567652;0;0;0;0;NA;0;0;0;1;0;0;0;0;0;0;0;0
2;2015;0;1;6;Deinter 4;1864091;0;0;0;0;NA;0;0;0;0;0;0;0;0;0;0;1;0
2;2015;0;1;7;Deinter 5;1562060;0;0;0;0;NA;0;0;0;0;0;0;0;0;0;0;2;0
2;2015;0;1;8;Deinter 6;2081531;0;0;0;0;NA;0;0;0;0;0;0;0;0;0;0;0;0
2;2015;0;1;9;Deinter 7;3032659;0;0;0;0;NA;0;0;1;0;0;0;0;0;0;0;0;0
2;2015;0;1;10;Deinter 8;1144506;0;0;0;0;NA;0;0;0;0;0;0;0;0;0;0;1;0
2;2015;0;1;11;Deinter 9;3187564;0;0;0;0;NA;0;0;0;0;0;0;0;0;0;0;0;0
2;2015;0;1;12;Deinter 10;786605;0;0;0;0;NA;0;0;0;0;0;0;0;0;0;0;0;0
2;2015;0;1;13;Decap;11967825;0;0;0;0;NA;0;0;0;0;0;0;0;0;0;0;1;0
2;2015;0;1;14;Decap;11967825;2;0;0;0;NA;0;0;0;0;0;0;0;0;0;0;0;0
2;2015;0;1;15;Decap;11967825;0;0;0;0;NA;0;0;0;0;0;0;0;0;0;0;0;0
2;2015;0;1;16;Decap;11967825;0;0;0;0;NA;0;0;0;0;0;0;0;0;0;0;0;0
2;2015;0;1;17;Decap;11967825;0;0;0;0;NA;0;0;0;0;0;0;0;0;0;0;0;0
2;2015;0;1;18;Decap;11967825;0;0;0;0;NA;0;0;0;0;0;0;0;0;0;0;0;1
2;2015;0;1;NA;NA;NA;0;0;0;0;NA;0;0;0;0;0;0;0;0;0;0;0;0
2;2016;0;1;1;Decap;12038175;1;0;0;0;NA;0;0;2;5;1;1;0;0;0;1;0;0
2;2016;0;1;2;Demacro;9204764;0;2;0;0;NA;0;0;3;3;0;0;1;0;0;0;2;1
2;2016;0;1;3;Deinter 1;2475879;0;0;0;0;NA;0;0;0;0;0;0;0;0;0;0;0;0
2;2016;0;1;4;Deinter 2;3666201;0;0;0;0;NA;0;0;0;0;0;1;0;0;0;0;0;0
2;2016;0;1;5;Deinter 3;3598661;0;0;0;0;NA;0;0;0;0;0;0;0;0;0;0;0;0
2;2016;0;1;6;Deinter 4;1875589;0;0;0;0;NA;0;0;0;0;0;0;0;0;0;0;1;0
2;2016;0;1;7;Deinter 5;1573701;0;0;0;0;NA;0;0;0;0;0;0;0;0;0;0;0;0
2;2016;0;1;8;Deinter 6;2097502;0;1;0;0;NA;0;0;0;0;0;0;0;0;0;1;0;1
2;2016;0;1;9;Deinter 7;3060372;0;0;0;0;NA;0;0;0;0;0;1;0;0;0;1;0;1
2;2016;0;1;10;Deinter 8;1149906;0;0;0;0;NA;0;0;0;0;0;0;0;0;0;0;0;0
2;2016;0;1;11;Deinter 9;3217014;0;0;0;0;NA;0;0;0;0;0;0;0;0;0;0;1;0
2;2016;0;1;12;Deinter 10;791935;0;0;0;0;NA;0;0;0;0;0;0;0;0;0;0;1;0
2;2016;0;1;13;Decap;12038175;0;0;0;0;NA;0;0;0;0;0;0;0;0;0;0;0;0
2;2016;0;1;14;Decap;12038175;1;0;0;0;NA;0;0;0;0;0;1;0;0;0;0;0;0
2;2016;0;1;15;Decap;12038175;0;0;0;0;NA;0;0;0;0;0;0;0;0;0;0;0;0
2;2016;0;1;16;Decap;12038175;0;0;0;0;NA;0;0;0;0;0;0;0;0;0;0;0;0
2;2016;0;1;17;Decap;12038175;0;0;0;0;NA;0;0;0;0;0;0;0;0;0;0;0;0
2;2016;0;1;18;Decap;12038175;0;0;0;0;NA;0;0;0;0;0;0;0;0;0;0;0;0
2;2016;0;1;NA;NA;NA;0;0;0;0;NA;0;0;0;0;0;0;0;0;0;0;0;0
2;2017;0;1;1;Decap;12106920;0;0;0;0;NA;0;1;0;2;0;0;1;0;0;0;0;0
2;2017;0;1;2;Demacro;9284704;3;0;0;0;NA;0;0;1;0;0;0;1;0;0;0;0;0
2;2017;0;1;3;Deinter 1;2497857;0;0;0;0;NA;0;0;0;0;0;0;0;0;0;0;0;0
2;2017;0;1;4;Deinter 2;3705840;0;0;0;0;NA;0;0;0;0;0;0;0;0;0;0;2;0
2;2017;0;1;5;Deinter 3;3654014;0;0;0;0;NA;0;0;0;0;0;0;0;0;0;0;0;0
2;2017;0;1;6;Deinter 4;1886819;0;0;0;0;NA;0;0;0;0;0;0;0;0;0;0;1;0
2;2017;0;1;7;Deinter 5;1565726;0;0;0;0;NA;0;0;1;0;0;0;0;0;0;0;2;0
2;2017;0;1;8;Deinter 6;2113105;0;0;0;0;NA;0;0;1;0;0;0;0;0;0;0;0;0
2;2017;0;1;9;Deinter 7;3087457;0;0;0;0;NA;0;0;1;0;0;0;0;0;0;0;3;0
2;2017;0;1;10;Deinter 8;1149492;0;0;0;0;NA;0;0;1;0;0;0;0;0;0;0;0;0
2;2017;0;1;11;Deinter 9;3245798;0;0;0;0;NA;0;0;0;0;0;0;0;0;0;0;0;0
2;2017;0;1;12;Deinter 10;797134;0;0;0;0;NA;0;0;0;0;0;0;0;0;0;0;0;0
2;2017;0;1;13;Decap;12106920;0;0;0;0;NA;0;0;4;0;0;0;0;0;0;0;4;0
2;2017;0;1;14;Decap;12106920;0;1;0;0;NA;0;0;0;0;0;0;0;0;0;0;0;0
2;2017;0;1;15;Decap;12106920;0;0;0;0;NA;0;0;1;0;0;0;0;0;0;0;0;0
2;2017;0;1;16;Decap;12106920;0;0;0;0;NA;0;0;0;0;1;3;1;0;0;0;0;1
2;2017;0;1;17;Decap;12106920;0;0;0;0;NA;0;0;0;0;0;0;0;0;0;0;0;0
2;2017;0;1;18;Decap;12106920;0;0;0;0;NA;0;0;0;0;0;0;0;0;0;0;0;0
2;2017;0;1;NA;NA;NA;0;0;0;0;NA;0;0;0;0;0;0;0;0;0;0;0;0
2;2018;0;1;1;Decap;12176866;0;0;0;0;NA;0;0;1;2;0;0;0;0;1;0;0;1
2;2018;0;1;2;Demacro;9394415;0;1;0;0;NA;0;0;1;1;0;0;0;0;0;0;1;0
2;2018;0;1;3;Deinter 1;2528345;0;0;0;0;NA;0;0;2;0;0;0;0;0;0;0;0;0
2;2018;0;1;4;Deinter 2;3765555;0;0;0;0;NA;0;0;0;0;0;0;0;0;0;0;2;0
2;2018;0;1;5;Deinter 3;3694912;0;0;0;0;NA;0;0;1;1;0;0;0;0;0;0;0;0
2;2018;0;1;6;Deinter 4;1898795;0;0;0;0;NA;0;0;0;0;0;1;0;0;0;0;0;0
2;2018;0;1;7;Deinter 5;1579772;0;0;0;0;NA;0;0;0;0;0;1;0;0;0;1;0;0
2;2018;0;1;8;Deinter 6;2132735;0;0;0;0;NA;0;0;0;1;0;0;0;0;0;2;0;1
2;2018;0;1;9;Deinter 7;3124964;0;0;0;0;NA;0;0;0;0;0;0;0;0;0;0;1;0
2;2018;0;1;10;Deinter 8;1153568;0;0;0;0;NA;0;0;0;0;0;0;0;0;0;0;0;0
2;2018;0;1;11;Deinter 9;3285865;0;0;0;0;NA;0;0;0;0;0;0;0;0;0;0;2;0
2;2018;0;1;12;Deinter 10;803144;0;0;0;0;NA;0;0;0;0;0;0;0;0;0;0;2;0
2;2018;0;1;13;Decap;12176866;0;0;0;0;NA;0;0;0;0;0;0;0;0;0;0;0;0
2;2018;0;1;14;Decap;12176866;1;0;0;0;NA;0;0;0;0;0;0;0;0;0;0;0;0
2;2018;0;1;15;Decap;12176866;0;0;0;0;NA;0;0;6;0;0;0;0;0;0;0;0;0
2;2018;0;1;16;Decap;12176866;0;0;0;0;NA;0;0;0;0;0;1;0;1;0;0;0;0
2;2018;0;1;17;Decap;12176866;0;0;0;0;NA;0;0;0;0;0;0;0;0;0;0;0;0
2;2018;0;1;18;Decap;12176866;0;0;0;0;NA;0;0;0;0;0;0;0;0;0;0;0;0
2;2018;0;1;NA;NA;NA;0;0;0;0;NA;0;0;0;0;0;0;0;0;0;0;0;0
2;2019;1;1;1;Decap;12252023;0;0;0;0;NA;1;0;0;1;0;0;1;0;1;0;0;1
2;2019;1;1;2;Demacro;NA;0;0;0;0;NA;0;0;2;0;0;0;0;0;0;0;2;1
2;2019;1;1;3;Deinter 1;2552610;0;0;0;0;NA;0;0;0;0;0;1;0;0;0;0;1;1
2;2019;1;1;4;Deinter 2;NA;0;0;0;0;NA;0;0;1;0;0;0;0;0;0;0;0;0
2;2019;1;1;5;Deinter 3;3728399;0;0;0;0;NA;0;0;0;0;0;0;0;0;0;0;0;0
2;2019;1;1;6;Deinter 4;1911091;0;0;0;0;NA;0;0;0;1;0;0;0;0;0;0;0;2
2;2019;1;1;7;Deinter 5;1592219;0;0;0;0;NA;0;0;0;0;0;0;0;0;0;0;0;0
2;2019;1;1;8;Deinter 6;2149906;0;0;0;0;NA;0;0;0;0;0;0;0;0;0;0;0;0
2;2019;1;1;9;Deinter 7;3154869;0;0;0;0;NA;0;0;1;0;0;0;0;0;0;0;0;1
2;2019;1;1;10;Deinter 8;1159300;0;0;0;0;NA;0;0;0;0;0;0;0;0;0;0;0;0
2;2019;1;1;11;Deinter 9;3317647;0;0;0;0;NA;0;0;0;0;0;0;0;0;0;0;0;1
2;2019;1;1;12;Deinter 10;808855;0;0;0;0;NA;0;0;0;0;0;1;0;0;0;0;0;0
2;2019;1;1;13;Decap;12252023;0;0;0;0;NA;0;0;0;0;0;0;0;0;0;0;0;0
2;2019;1;1;14;Decap;12252023;1;0;0;0;NA;0;0;0;0;0;0;0;0;0;0;0;0
2;2019;1;1;15;Decap;12252023;0;0;0;0;NA;0;0;0;0;0;0;0;0;0;0;1;0
2;2019;1;1;16;Decap;12252023;0;0;0;0;NA;0;0;0;0;0;6;0;0;0;0;0;0
2;2019;1;1;17;Decap;12252023;0;0;0;0;NA;0;0;0;0;0;0;0;0;0;0;0;0
2;2019;1;1;18;Decap;12252023;0;0;0;0;NA;0;0;0;0;0;0;0;0;0;0;0;0
2;2019;1;1;NA;NA;NA;0;0;0;0;NA;0;0;0;0;0;0;0;0;0;0;0;0
2;2020;0;1;1;Decap;12325232;0;0;0;0;NA;0;0;1;2;0;0;1;0;0;0;1;3
2;2020;0;1;2;Demacro;9568610;0;1;0;0;NA;0;0;3;1;0;0;1;0;0;0;3;0
2;2020;0;1;3;Deinter 1;2576250;0;0;0;0;NA;0;0;0;0;0;0;0;0;0;0;0;0
2;2020;0;1;4;Deinter 2;3852244;0;0;0;0;NA;0;0;0;0;0;0;0;0;0;0;0;0
2;2020;0;1;5;Deinter 3;3761025;0;0;0;0;NA;0;0;0;0;0;0;0;0;0;0;0;1
2;2020;0;1;6;Deinter 4;1923070;0;0;0;0;NA;0;0;0;0;0;0;0;0;0;0;0;0
2;2020;0;1;7;Deinter 5;1604342;0;0;0;0;NA;0;0;0;0;0;0;0;0;0;0;0;0
2;2020;0;1;8;Deinter 6;2166632;0;0;0;0;NA;0;0;0;0;0;0;0;0;0;0;0;0
2;2020;0;1;9;Deinter 7;3184000;0;0;0;0;NA;0;0;0;0;0;0;0;0;0;0;0;0
2;2020;0;1;10;Deinter 8;1164891;0;0;0;0;NA;0;0;0;0;0;0;0;0;0;0;1;0
2;2020;0;1;11;Deinter 9;3348615;0;0;0;0;NA;0;0;0;0;0;0;0;0;0;0;0;0
2;2020;0;1;12;Deinter 10;814422;0;0;0;0;NA;0;0;0;0;0;0;0;0;0;0;0;0
2;2020;0;1;13;Decap;12325232;0;0;0;0;NA;0;0;1;0;0;0;0;0;0;0;1;0
2;2020;0;1;14;Decap;12325232;0;1;0;0;NA;0;0;1;0;0;0;0;0;0;0;0;0
2;2020;0;1;15;Decap;12325232;0;0;0;0;NA;0;0;0;0;0;0;0;0;0;0;0;0
2;2020;0;1;16;Decap;12325232;0;0;0;0;NA;0;0;0;0;2;3;0;0;0;0;0;1
2;2020;0;1;17;Decap;12325232;0;0;0;0;NA;0;0;0;0;0;0;0;0;0;0;0;0
2;2020;0;1;18;Decap;12325232;0;0;0;0;NA;0;0;0;0;0;0;0;0;0;0;0;0
2;2020;0;1;NA;NA;NA;0;0;0;0;NA;0;0;0;0;0;0;0;0;0;0;0;0
2;2021;0;1;1;Decap;12396372;0;1;0;0;NA;0;0;0;2;0;0;0;0;0;1;0;0
2;2021;0;1;2;Demacro;9652132;1;0;0;0;NA;0;0;0;0;0;0;0;0;0;0;0;1
2;2021;0;1;3;Deinter 1;2599218;0;0;0;0;NA;0;0;0;0;0;0;0;0;0;0;0;0
2;2021;0;1;4;Deinter 2;3893806;0;0;0;0;NA;0;0;0;0;0;0;0;0;0;0;0;0
2;2021;0;1;5;Deinter 3;3792726;0;0;0;0;NA;0;0;0;0;0;1;0;0;0;0;0;1
2;2021;0;1;6;Deinter 4;1934714;0;0;0;0;NA;0;0;0;0;0;0;0;0;0;0;0;0
2;2021;0;1;7;Deinter 5;1616129;0;0;0;0;NA;0;0;0;0;0;0;0;0;0;0;0;0
2;2021;0;1;8;Deinter 6;2182882;0;0;0;0;NA;0;0;0;0;0;0;0;0;0;0;0;0
2;2021;0;1;9;Deinter 7;3212306;1;0;0;0;NA;1;0;0;1;0;0;0;0;0;0;0;1
2;2021;0;1;10;Deinter 8;1170317;0;0;0;0;NA;0;0;0;0;0;0;0;0;0;0;0;0
2;2021;0;1;11;Deinter 9;3378700;0;0;0;0;NA;0;0;1;0;0;0;1;0;0;0;2;1
2;2021;0;1;12;Deinter 10;819830;0;0;0;0;NA;0;0;0;0;0;0;0;0;0;0;0;0
2;2021;0;1;13;Decap;12396372;0;0;0;0;NA;0;0;1;0;0;0;0;0;0;0;0;0
2;2021;0;1;14;Decap;12396372;0;0;0;0;NA;0;0;0;0;0;0;0;0;0;0;0;0
2;2021;0;1;15;Decap;12396372;0;0;0;0;NA;0;0;0;0;0;0;0;0;0;0;0;0
2;2021;0;1;16;Decap;12396372;0;0;0;0;NA;0;0;0;0;0;2;0;0;0;0;0;0
2;2021;0;1;17;Decap;12396372;0;0;0;0;NA;0;0;0;0;0;0;0;0;0;0;0;0
2;2021;0;1;18;Decap;12396372;0;0;0;0;NA;0;0;0;0;0;0;0;0;0;0;0;0
2;2021;0;1;NA;NA;NA;0;0;0;0;NA;0;0;0;0;0;0;0;0;0;0;0;0
2;2022;0;1;1;Decap;12396372;0;0;0;0;NA;0;0;1;1;0;0;0;0;0;0;0;0
2;2022;0;1;2;Demacro;9652132;2;1;0;0;NA;0;0;1;0;0;0;0;0;0;0;1;0
2;2022;0;1;3;Deinter 1;2599218;0;0;0;0;NA;0;0;0;0;0;0;0;0;0;0;0;1
2;2022;0;1;4;Deinter 2;3893806;0;0;0;0;NA;0;0;2;0;0;1;0;0;0;0;1;1
2;2022;0;1;5;Deinter 3;3792726;0;0;0;0;NA;0;0;0;0;0;0;1;0;0;0;1;0
2;2022;0;1;6;Deinter 4;1934714;0;0;0;0;NA;0;0;0;0;0;0;0;0;0;0;2;1
2;2022;0;1;7;Deinter 5;1616129;0;0;0;0;NA;0;0;1;0;0;0;0;0;0;1;0;0
2;2022;0;1;8;Deinter 6;2182882;0;0;0;0;NA;0;0;0;0;0;0;0;0;0;1;3;0
2;2022;0;1;9;Deinter 7;3212306;0;0;0;0;NA;0;0;0;0;0;0;0;4;0;1;1;0
2;2022;0;1;10;Deinter 8;1170317;0;0;0;0;NA;0;0;0;0;0;0;0;0;0;0;0;0
2;2022;0;1;11;Deinter 9;3378700;0;0;0;0;NA;0;0;0;0;0;0;0;0;0;0;1;0
2;2022;0;1;12;Deinter 10;819830;0;0;0;0;NA;0;0;0;1;0;0;0;0;0;0;0;0
2;2022;0;1;13;Decap;12396372;0;0;0;0;NA;0;0;0;0;0;0;0;0;0;0;0;0
2;2022;0;1;14;Decap;12396372;1;0;0;0;NA;0;0;0;0;0;0;0;0;0;0;1;0
2;2022;0;1;15;Decap;12396372;0;0;0;0;NA;0;0;0;0;0;0;0;0;0;0;0;0
2;2022;0;1;16;Decap;12396372;0;0;0;1;NA;0;0;0;0;0;1;0;0;0;0;0;0
2;2022;0;1;17;Decap;12396372;0;0;0;0;NA;0;0;0;0;0;0;0;0;0;0;0;0
2;2022;0;1;18;Decap;12396372;0;0;0;0;NA;0;0;0;0;0;0;0;0;0;0;0;0
2;2022;0;1;NA;NA;NA;0;0;0;0;NA;0;0;0;0;0;0;0;0;0;0;0;0
3;2010;0;1;1;Decap;11244369;0;1;0;0;NA;0;0;0;0;0;1;0;0;0;0;1;2
3;2010;0;1;2;Demacro;8428213;1;1;0;0;NA;0;0;0;0;0;0;0;0;0;0;0;0
3;2010;0;1;3;Deinter 1;2262723;0;0;0;0;NA;0;0;0;0;0;0;0;0;0;0;0;0
3;2010;0;1;4;Deinter 2;3307513;0;0;0;0;NA;0;0;0;0;0;0;0;0;0;0;0;0
3;2010;0;1;5;Deinter 3;3302679;0;0;0;0;NA;0;0;1;0;0;0;0;0;0;0;3;0
3;2010;0;1;6;Deinter 4;1750734;0;0;0;0;NA;0;0;0;0;0;0;0;0;0;0;0;0
3;2010;0;1;7;Deinter 5;1456209;0;0;0;0;NA;0;0;0;0;0;0;0;0;1;0;1;0
3;2010;0;1;8;Deinter 6;1936708;0;0;0;0;NA;0;0;0;0;0;0;0;0;0;0;0;0
3;2010;0;1;9;Deinter 7;2800360;0;0;0;0;NA;0;0;0;0;0;0;0;0;0;0;0;0
3;2010;0;1;10;Deinter 8;1083047;0;0;0;0;NA;0;0;0;0;0;0;0;0;0;0;0;0
3;2010;0;1;11;Deinter 9;2943524;0;0;0;0;NA;0;0;0;0;0;0;0;0;0;0;1;0
3;2010;0;1;12;Deinter 10;736081;0;0;0;0;NA;0;0;0;0;0;0;0;0;0;0;0;0
3;2010;0;1;13;Decap;11244369;0;0;0;0;NA;0;0;0;0;0;0;0;0;0;0;0;0
3;2010;0;1;14;Decap;11244369;0;0;0;0;NA;0;0;0;0;0;0;0;0;0;0;0;0
3;2010;0;1;15;Decap;11244369;0;0;0;0;NA;0;0;0;0;0;0;0;0;0;0;0;0
3;2010;0;1;16;Decap;11244369;0;0;0;0;NA;0;0;0;0;0;0;0;0;0;0;0;0
3;2010;0;1;17;Decap;11244369;0;0;0;0;NA;0;0;0;0;0;0;0;0;0;0;0;0
3;2010;0;1;18;Decap;11244369;0;0;0;0;NA;0;0;0;0;0;0;0;0;0;0;0;0
3;2010;0;1;NA;NA;NA;0;0;0;0;NA;0;0;0;0;0;0;0;0;0;0;0;0
3;2011;0;1;1;Decap;11316119;0;0;0;0;NA;0;0;0;0;1;1;0;0;0;1;1;0
3;2011;0;1;2;Demacro;8506440;1;0;0;0;NA;0;0;5;0;0;1;0;0;0;1;1;0
3;2011;0;1;3;Deinter 1;2285528;0;0;0;0;NA;0;0;0;0;0;0;0;0;0;0;0;0
3;2011;0;1;4;Deinter 2;3346411;0;0;0;0;NA;0;0;0;0;0;1;0;0;0;0;1;0
3;2011;0;1;5;Deinter 3;3330732;0;0;0;0;NA;0;0;0;0;0;0;0;0;0;0;0;0
3;2011;0;1;6;Deinter 4;1760330;0;0;0;0;NA;0;0;0;0;0;0;0;0;0;1;0;0
3;2011;0;1;7;Deinter 5;1466615;0;0;0;0;NA;0;0;0;0;0;0;0;0;0;0;0;0
3;2011;0;1;8;Deinter 6;1952342;0;0;0;0;NA;0;0;0;0;0;0;0;0;0;0;0;0
3;2011;0;1;9;Deinter 7;2825535;0;0;0;0;NA;0;0;0;0;0;0;0;0;0;0;0;0
3;2011;0;1;10;Deinter 8;1087849;0;0;0;0;NA;0;0;0;0;0;0;0;0;0;0;2;0
3;2011;0;1;11;Deinter 9;2968472;0;0;0;0;NA;0;0;0;0;0;0;0;0;0;0;1;0
3;2011;0;1;12;Deinter 10;740809;0;0;0;0;NA;0;0;0;0;0;0;0;0;0;0;0;0
3;2011;0;1;13;Decap;11316119;0;0;0;0;NA;0;0;2;0;1;0;0;0;0;0;0;0
3;2011;0;1;14;Decap;11316119;0;0;0;0;NA;0;0;0;0;0;0;0;0;0;0;0;0
3;2011;0;1;15;Decap;11316119;0;0;0;0;NA;0;0;0;0;1;0;0;0;0;0;0;0
3;2011;0;1;16;Decap;11316119;0;0;0;0;NA;0;0;0;0;0;0;0;0;0;0;0;0
3;2011;0;1;17;Decap;11316119;0;0;0;0;NA;0;0;0;0;0;0;0;0;0;0;0;0
3;2011;0;1;18;Decap;11316119;0;0;0;0;NA;0;0;0;0;0;1;0;0;0;0;0;0
3;2011;0;1;NA;NA;NA;0;0;0;0;NA;0;0;0;0;0;0;0;0;0;0;0;0
3;2012;0;1;1;Decap;11376685;0;1;0;0;NA;0;0;0;0;1;0;0;0;1;0;1;0
3;2012;0;1;2;Demacro;8579905;0;0;0;0;NA;0;0;0;1;0;0;0;0;0;0;0;0
3;2012;0;1;3;Deinter 1;2305758;0;0;0;0;NA;0;1;0;0;0;0;0;0;0;0;0;0
3;2012;0;1;4;Deinter 2;3383407;0;1;0;0;NA;0;0;0;0;0;0;0;0;0;0;0;0
3;2012;0;1;5;Deinter 3;3358517;0;0;0;0;NA;0;0;0;1;0;0;1;0;0;0;0;0
3;2012;0;1;6;Deinter 4;1770282;0;0;0;0;NA;0;0;0;0;0;0;0;0;0;0;0;1
3;2012;0;1;7;Deinter 5;1476901;0;0;0;0;NA;0;0;0;0;0;0;1;0;0;0;0;0
3;2012;0;1;8;Deinter 6;1966489;0;0;0;0;NA;0;0;0;0;0;0;0;0;0;0;0;0
3;2012;0;1;9;Deinter 7;2850458;0;0;0;0;NA;0;0;0;0;0;0;0;0;0;0;0;1
3;2012;0;1;10;Deinter 8;1092359;0;0;0;0;NA;0;0;0;0;0;0;0;1;0;0;0;1
3;2012;0;1;11;Deinter 9;2994987;1;0;0;0;NA;0;0;1;0;2;0;0;0;0;0;1;0
3;2012;0;1;12;Deinter 10;745471;0;0;0;0;NA;0;0;0;0;0;0;0;0;0;0;0;0
3;2012;0;1;13;Decap;11376685;0;0;0;0;NA;0;0;2;0;0;0;0;0;0;0;1;0
3;2012;0;1;14;Decap;11376685;4;4;0;0;NA;0;0;1;0;0;0;0;0;0;1;2;0
3;2012;0;1;15;Decap;11376685;0;0;0;0;NA;0;0;0;0;0;0;0;0;0;0;0;0
3;2012;0;1;16;Decap;11376685;0;0;0;0;NA;0;0;0;0;0;0;0;0;0;0;0;0
3;2012;0;1;17;Decap;11376685;0;0;0;0;NA;0;0;0;0;0;0;0;0;0;0;0;0
3;2012;0;1;18;Decap;11376685;0;0;0;0;NA;0;0;0;0;0;0;0;0;0;0;0;0
3;2012;0;1;NA;NA;NA;0;0;0;0;NA;0;0;0;0;0;0;0;0;0;0;0;0
3;2013;0;1;1;Decap;11821873;0;0;0;0;NA;0;0;1;0;2;1;0;0;0;1;0;0
3;2013;0;1;2;Demacro;8953241;0;0;0;0;NA;0;0;2;1;0;0;0;0;0;0;0;0
3;2013;0;1;3;Deinter 1;2406735;0;0;0;0;NA;0;0;0;0;0;0;1;0;0;0;0;0
3;2013;0;1;4;Deinter 2;3541481;0;0;0;0;NA;0;0;0;0;0;0;0;0;0;0;0;0
3;2013;0;1;5;Deinter 3;3503301;0;0;0;0;NA;0;0;0;1;0;0;0;0;0;0;0;0
3;2013;0;1;6;Deinter 4;1840239;0;0;0;0;NA;0;0;0;0;0;0;0;0;0;0;2;0
3;2013;0;1;7;Deinter 5;1537918;0;0;0;0;NA;0;0;0;0;0;0;0;0;0;0;1;0
3;2013;0;1;8;Deinter 6;2048410;0;1;0;0;NA;0;0;0;0;0;0;0;0;0;0;0;0
3;2013;0;1;9;Deinter 7;2975156;0;0;0;0;NA;0;0;0;0;0;0;0;0;0;0;0;0
3;2013;0;1;10;Deinter 8;1133298;0;0;0;0;NA;0;0;0;0;0;0;0;0;0;0;1;0
3;2013;0;1;11;Deinter 9;3126459;0;0;0;0;NA;0;0;0;0;0;0;0;0;0;0;0;0
3;2013;0;1;12;Deinter 10;775558;0;0;0;0;NA;0;0;0;0;0;0;0;0;0;0;0;0
3;2013;0;1;13;Decap;11821873;0;0;0;0;NA;0;0;1;0;0;1;0;0;0;0;0;0
3;2013;0;1;14;Decap;11821873;0;0;0;0;NA;0;0;0;0;0;0;2;0;0;0;0;0
3;2013;0;1;15;Decap;11821873;0;0;0;0;NA;0;0;0;0;0;0;0;0;0;0;0;0
3;2013;0;1;16;Decap;11821873;0;0;0;0;NA;0;0;0;0;0;0;0;0;0;0;0;0
3;2013;0;1;17;Decap;11821873;0;0;0;0;NA;0;0;0;0;0;0;0;0;0;0;0;0
3;2013;0;1;18;Decap;11821873;0;0;0;1;NA;0;0;0;0;0;1;0;0;0;0;0;0
3;2013;0;1;NA;NA;NA;0;0;0;0;NA;0;0;0;0;0;0;0;0;0;0;0;0
3;2014;0;1;1;Decap;11895893;0;2;0;0;NA;0;0;1;4;1;4;0;0;0;0;1;3
3;2014;0;1;2;Demacro;9039311;0;0;0;0;NA;0;0;0;1;0;0;0;0;0;0;0;0
3;2014;0;1;3;Deinter 1;2430392;0;0;0;0;NA;0;0;0;1;0;0;0;0;0;0;0;0
3;2014;0;1;4;Deinter 2;3584160;0;0;0;0;NA;0;0;0;0;0;0;0;0;0;0;0;0
3;2014;0;1;5;Deinter 3;3535932;0;0;0;0;NA;0;0;0;0;0;0;0;0;0;0;0;0
3;2014;0;1;6;Deinter 4;1852338;0;0;0;0;NA;0;0;0;0;0;0;0;0;0;0;0;0
3;2014;0;1;7;Deinter 5;1550161;0;0;0;0;NA;0;0;0;0;0;0;0;0;0;0;1;0
3;2014;0;1;8;Deinter 6;2065208;0;0;0;0;NA;0;0;0;0;0;0;0;0;0;0;0;0
3;2014;0;1;9;Deinter 7;3004319;0;0;0;0;NA;0;0;0;0;0;1;0;0;0;0;0;0
3;2014;0;1;10;Deinter 8;1138981;0;0;0;0;NA;0;0;0;0;0;0;0;0;0;0;0;0
3;2014;0;1;11;Deinter 9;3157448;0;1;0;0;NA;0;0;0;0;0;0;0;0;0;0;0;1
3;2014;0;1;12;Deinter 10;781161;0;0;0;0;NA;0;0;0;0;0;0;0;0;0;0;0;0
3;2014;0;1;13;Decap;11895893;0;0;0;0;NA;0;0;0;0;0;0;0;0;0;0;0;0
3;2014;0;1;14;Decap;11895893;1;0;0;0;NA;0;0;0;0;0;0;0;0;0;0;0;0
3;2014;0;1;15;Decap;11895893;0;0;0;0;NA;0;0;0;0;0;1;0;0;0;0;0;1
3;2014;0;1;16;Decap;11895893;0;0;0;0;NA;0;0;0;0;0;0;0;0;0;0;0;0
3;2014;0;1;17;Decap;11895893;0;0;0;0;NA;0;0;0;0;0;0;0;0;0;0;0;0
3;2014;0;1;18;Decap;11895893;0;0;0;0;NA;0;0;0;0;0;0;0;0;0;0;0;0
3;2014;0;1;NA;NA;NA;0;0;0;0;NA;0;0;0;0;0;0;0;0;0;0;0;0
3;2015;0;1;1;Decap;11967825;1;0;0;0;NA;0;0;0;0;0;0;0;0;0;0;1;1
3;2015;0;1;2;Demacro;9122966;0;1;0;0;NA;0;0;0;1;0;0;0;0;0;0;2;0
3;2015;0;1;3;Deinter 1;2453387;0;0;0;0;NA;0;0;0;0;0;0;0;0;0;0;0;0
3;2015;0;1;4;Deinter 2;3625638;0;0;0;0;NA;0;0;0;0;0;0;0;0;0;0;0;0
3;2015;0;1;5;Deinter 3;3567652;0;0;0;0;NA;0;0;0;1;0;0;0;0;0;0;0;0
3;2015;0;1;6;Deinter 4;1864091;0;0;0;0;NA;0;0;1;0;0;0;0;0;1;0;3;0
3;2015;0;1;7;Deinter 5;1562060;0;0;0;0;NA;0;0;0;0;0;0;0;0;0;0;0;0
3;2015;0;1;8;Deinter 6;2081531;0;1;0;0;NA;0;0;0;0;0;0;0;0;0;0;0;1
3;2015;0;1;9;Deinter 7;3032659;0;0;0;0;NA;0;0;1;0;0;0;0;0;0;0;1;0
3;2015;0;1;10;Deinter 8;1144506;0;0;0;0;NA;0;0;0;0;0;2;0;0;0;0;0;0
3;2015;0;1;11;Deinter 9;3187564;0;0;0;0;NA;0;0;0;1;0;0;0;0;0;0;0;0
3;2015;0;1;12;Deinter 10;786605;0;0;0;0;NA;0;0;0;0;0;0;0;0;0;0;0;0
3;2015;0;1;13;Decap;11967825;0;0;0;0;NA;0;0;0;0;0;0;0;0;0;0;0;0
3;2015;0;1;14;Decap;11967825;1;1;0;0;NA;0;0;0;0;0;0;0;0;0;0;1;0
3;2015;0;1;15;Decap;11967825;0;0;0;0;NA;0;0;0;0;0;0;0;0;0;0;0;0
3;2015;0;1;16;Decap;11967825;0;0;0;0;NA;0;0;0;0;0;0;0;0;0;0;0;0
3;2015;0;1;17;Decap;11967825;0;0;0;0;NA;0;0;0;0;0;0;0;0;0;0;0;0
3;2015;0;1;18;Decap;11967825;0;0;0;0;NA;0;0;0;0;0;0;0;0;0;0;0;0
3;2015;0;1;NA;NA;NA;0;0;0;0;NA;0;0;0;0;0;0;0;0;0;0;0;0
3;2016;0;1;1;Decap;12038175;0;0;0;0;NA;0;0;0;1;1;0;0;0;0;1;2;2
3;2016;0;1;2;Demacro;9204764;3;0;0;0;NA;0;0;0;0;0;1;0;0;0;0;0;0
3;2016;0;1;3;Deinter 1;2475879;0;0;0;0;NA;0;0;2;0;0;0;0;0;0;0;1;0
3;2016;0;1;4;Deinter 2;3666201;0;0;0;0;NA;0;0;1;0;0;0;1;0;0;0;3;0
3;2016;0;1;5;Deinter 3;3598661;0;0;0;0;NA;0;0;0;0;0;0;1;1;0;0;2;0
3;2016;0;1;6;Deinter 4;1875589;0;0;0;0;NA;0;0;0;0;0;0;0;0;0;0;0;0
3;2016;0;1;7;Deinter 5;1573701;0;0;0;0;NA;0;0;1;0;0;0;0;0;0;0;0;0
3;2016;0;1;8;Deinter 6;2097502;0;0;0;0;NA;0;0;0;0;0;0;0;0;0;0;0;0
3;2016;0;1;9;Deinter 7;3060372;0;0;0;0;NA;0;0;0;0;0;0;0;0;0;0;2;0
3;2016;0;1;10;Deinter 8;1149906;0;0;0;0;NA;0;0;0;0;0;0;0;0;0;0;0;0
3;2016;0;1;11;Deinter 9;3217014;0;0;0;0;NA;0;0;0;0;0;0;0;0;0;0;0;0
3;2016;0;1;12;Deinter 10;791935;0;0;0;0;NA;0;0;0;0;0;0;0;0;0;0;1;0
3;2016;0;1;13;Decap;12038175;0;0;0;0;NA;0;0;0;0;0;0;0;0;0;0;0;0
3;2016;0;1;14;Decap;12038175;1;2;0;0;NA;0;0;0;0;0;1;0;0;0;0;0;0
3;2016;0;1;15;Decap;12038175;0;0;0;0;NA;0;0;3;0;0;0;0;0;0;0;3;0
3;2016;0;1;16;Decap;12038175;0;0;0;0;NA;0;0;0;0;0;0;0;0;0;0;0;0
3;2016;0;1;17;Decap;12038175;0;0;0;0;NA;0;0;0;0;0;0;0;0;0;0;0;0
3;2016;0;1;18;Decap;12038175;0;0;0;0;NA;0;0;0;0;0;1;0;0;0;0;0;0
3;2016;0;1;NA;NA;NA;0;0;0;0;NA;0;0;0;0;0;0;0;0;0;0;0;0
3;2017;0;1;1;Decap;12106920;0;1;0;0;NA;0;0;1;0;0;0;2;0;0;0;4;0
3;2017;0;1;2;Demacro;9284704;3;0;0;0;NA;0;0;1;1;0;0;0;0;0;0;2;0
3;2017;0;1;3;Deinter 1;2497857;0;0;0;0;NA;0;0;1;0;0;0;0;0;0;0;0;0
3;2017;0;1;4;Deinter 2;3705840;0;0;0;0;NA;0;0;0;0;0;0;2;0;0;0;2;0
3;2017;0;1;5;Deinter 3;3654014;0;0;0;0;NA;0;0;0;0;0;0;0;2;0;0;0;1
3;2017;0;1;6;Deinter 4;1886819;0;0;0;0;NA;0;0;0;0;0;0;0;0;0;0;1;1
3;2017;0;1;7;Deinter 5;1565726;0;0;0;0;NA;0;0;0;1;0;0;0;0;1;0;0;1
3;2017;0;1;8;Deinter 6;2113105;0;0;0;0;NA;0;0;1;1;0;0;0;0;0;0;2;0
3;2017;0;1;9;Deinter 7;3087457;0;0;0;0;NA;0;0;0;0;0;0;0;0;0;0;1;0
3;2017;0;1;10;Deinter 8;1149492;0;0;0;0;NA;0;0;0;0;0;0;0;0;0;1;0;0
3;2017;0;1;11;Deinter 9;3245798;1;0;0;0;NA;0;0;0;0;0;0;1;0;0;0;0;0
3;2017;0;1;12;Deinter 10;797134;0;0;0;0;NA;0;0;0;0;0;0;0;0;0;0;0;0
3;2017;0;1;13;Decap;12106920;1;0;0;0;NA;0;0;4;0;0;0;0;0;0;0;0;0
3;2017;0;1;14;Decap;12106920;4;1;0;0;NA;0;0;0;0;0;0;0;0;0;0;0;0
3;2017;0;1;15;Decap;12106920;0;0;0;0;NA;0;0;0;0;0;0;0;0;0;0;0;0
3;2017;0;1;16;Decap;12106920;0;0;0;0;NA;0;0;0;0;2;3;0;7;0;0;0;0
3;2017;0;1;17;Decap;12106920;0;0;0;0;NA;0;0;0;0;0;0;0;0;0;0;0;0
3;2017;0;1;18;Decap;12106920;0;0;0;0;NA;0;0;0;0;0;0;0;0;0;0;0;0
3;2017;0;1;NA;NA;NA;0;0;0;0;NA;0;0;0;0;0;0;0;0;0;0;0;0
3;2018;1;1;1;Decap;12176866;0;0;0;0;NA;0;1;0;2;0;0;0;0;0;0;0;1
3;2018;1;1;2;Demacro;9394415;0;0;0;0;NA;0;0;1;0;0;0;0;0;0;0;1;0
3;2018;1;1;3;Deinter 1;2528345;0;0;0;0;NA;0;0;0;1;0;0;1;0;0;0;0;0
3;2018;1;1;4;Deinter 2;3765555;0;0;0;0;NA;0;0;0;0;0;0;0;0;0;0;0;0
3;2018;1;1;5;Deinter 3;3694912;0;0;0;0;NA;0;0;0;0;0;0;1;0;0;0;0;0
3;2018;1;1;6;Deinter 4;1898795;0;0;0;0;NA;0;0;0;0;0;0;0;0;0;0;1;0
3;2018;1;1;7;Deinter 5;1579772;0;0;0;0;NA;0;0;0;0;0;0;0;0;0;0;0;0
3;2018;1;1;8;Deinter 6;2132735;0;0;0;0;NA;0;0;1;0;0;0;0;0;0;0;3;0
3;2018;1;1;9;Deinter 7;3124964;0;0;0;0;NA;0;0;1;0;0;0;0;0;0;0;1;0
3;2018;1;1;10;Deinter 8;1153568;0;0;0;0;NA;0;0;0;0;0;0;0;0;0;0;0;0
3;2018;1;1;11;Deinter 9;3285865;0;0;0;0;NA;0;0;0;0;0;0;0;0;0;0;0;0
3;2018;1;1;12;Deinter 10;803144;0;0;0;0;NA;0;0;0;0;0;0;0;0;0;0;0;0
3;2018;1;1;13;Decap;12176866;0;0;0;0;NA;0;0;1;0;0;0;0;0;0;0;0;0
3;2018;1;1;14;Decap;12176866;0;1;0;0;NA;0;0;0;0;0;0;0;0;0;0;0;0
3;2018;1;1;15;Decap;12176866;0;0;0;0;NA;0;0;1;0;0;0;0;0;0;0;0;0
3;2018;1;1;16;Decap;12176866;0;0;0;0;NA;0;0;0;0;0;2;0;1;0;0;0;0
3;2018;1;1;17;Decap;12176866;0;0;0;0;NA;0;0;0;0;0;0;0;0;0;0;0;0
3;2018;1;1;18;Decap;12176866;0;0;0;0;NA;0;0;0;0;0;0;0;0;0;0;0;0
3;2018;1;1;NA;NA;NA;0;0;0;0;NA;0;0;0;0;0;0;0;0;0;0;0;0
3;2019;0;1;1;Decap;12252023;0;0;0;0;NA;0;0;0;3;0;1;1;0;1;0;0;0
3;2019;0;1;2;Demacro;NA;0;1;0;0;NA;0;0;1;1;0;0;0;0;0;0;1;2
3;2019;0;1;3;Deinter 1;2552610;0;0;0;0;NA;0;0;1;0;1;0;0;0;0;0;1;0
3;2019;0;1;4;Deinter 2;NA;0;0;0;0;NA;0;0;0;0;0;1;0;0;0;0;0;1
3;2019;0;1;5;Deinter 3;3728399;0;0;0;0;NA;0;0;0;0;0;0;0;0;0;0;0;0
3;2019;0;1;6;Deinter 4;1911091;0;0;0;0;NA;0;0;0;0;0;0;0;0;0;0;1;0
3;2019;0;1;7;Deinter 5;1592219;0;0;0;1;NA;0;0;0;0;0;0;0;0;0;0;1;0
3;2019;0;1;8;Deinter 6;2149906;1;0;0;0;NA;0;0;0;0;0;0;0;0;0;0;0;0
3;2019;0;1;9;Deinter 7;3154869;0;0;0;0;NA;0;0;0;0;0;0;0;0;0;0;0;0
3;2019;0;1;10;Deinter 8;1159300;0;0;0;0;NA;0;0;0;0;0;0;0;0;0;0;0;0
3;2019;0;1;11;Deinter 9;3317647;0;0;0;0;NA;0;0;0;0;0;0;0;0;0;0;0;0
3;2019;0;1;12;Deinter 10;808855;0;0;0;0;NA;0;0;0;0;0;0;0;0;0;0;0;0
3;2019;0;1;13;Decap;12252023;0;0;0;0;NA;0;0;1;0;0;0;0;0;0;0;0;0
3;2019;0;1;14;Decap;12252023;0;0;0;0;NA;0;0;0;0;0;0;0;0;0;0;0;0
3;2019;0;1;15;Decap;12252023;0;0;0;0;NA;0;0;2;0;0;0;0;0;0;0;2;0
3;2019;0;1;16;Decap;12252023;0;0;0;0;NA;0;0;0;0;3;1;1;0;0;0;0;0
3;2019;0;1;17;Decap;12252023;0;0;0;0;NA;0;0;0;0;0;0;0;0;0;0;0;0
3;2019;0;1;18;Decap;12252023;0;0;0;0;NA;0;0;0;0;0;0;0;0;0;0;0;0
3;2019;0;1;NA;NA;NA;0;0;0;0;NA;0;0;0;0;0;0;0;0;0;0;0;0
3;2020;0;1;1;Decap;12325232;0;0;0;1;NA;0;0;0;0;0;0;1;0;1;1;1;0
3;2020;0;1;2;Demacro;9568610;0;1;0;0;NA;0;0;0;2;0;0;0;1;1;0;2;1
3;2020;0;1;3;Deinter 1;2576250;0;0;0;0;NA;0;0;0;0;0;0;0;0;0;0;0;0
3;2020;0;1;4;Deinter 2;3852244;0;0;0;0;NA;0;0;0;0;0;0;0;0;0;0;1;0
3;2020;0;1;5;Deinter 3;3761025;0;0;0;0;NA;0;0;0;0;0;0;0;0;0;0;0;0
3;2020;0;1;6;Deinter 4;1923070;0;0;0;0;NA;0;0;0;0;0;0;2;0;0;0;0;0
3;2020;0;1;7;Deinter 5;1604342;0;0;0;0;NA;0;0;0;0;0;0;0;0;0;0;0;0
3;2020;0;1;8;Deinter 6;2166632;0;0;0;0;NA;0;0;1;0;0;0;0;0;0;0;1;0
3;2020;0;1;9;Deinter 7;3184000;0;0;0;0;NA;0;0;0;0;0;0;0;0;0;0;1;0
3;2020;0;1;10;Deinter 8;1164891;0;0;0;0;NA;0;0;0;0;0;0;0;0;0;0;0;0
3;2020;0;1;11;Deinter 9;3348615;0;0;0;0;NA;0;0;0;0;0;0;0;0;0;0;0;0
3;2020;0;1;12;Deinter 10;814422;0;0;0;0;NA;0;0;0;0;0;0;0;0;0;0;1;0
3;2020;0;1;13;Decap;12325232;0;0;0;0;NA;0;0;2;0;0;0;0;0;0;0;1;0
3;2020;0;1;14;Decap;12325232;2;0;0;0;NA;0;0;2;0;0;0;0;0;0;1;0;0
3;2020;0;1;15;Decap;12325232;0;0;0;0;NA;0;0;0;0;0;0;0;0;0;0;0;0
3;2020;0;1;16;Decap;12325232;0;0;0;1;NA;0;0;0;0;0;2;0;0;0;0;0;0
3;2020;0;1;17;Decap;12325232;0;0;0;0;NA;0;0;0;0;0;0;0;0;0;0;0;0
3;2020;0;1;18;Decap;12325232;0;0;0;0;NA;0;0;0;0;0;0;0;0;0;0;0;0
3;2020;0;1;NA;NA;NA;0;0;0;0;NA;0;0;0;0;0;0;0;0;0;0;0;0
3;2021;0;1;1;Decap;12396372;0;0;0;0;NA;0;0;0;2;0;0;0;0;0;0;2;1
3;2021;0;1;2;Demacro;9652132;1;0;0;0;NA;0;0;3;1;0;1;0;0;0;1;1;0
3;2021;0;1;3;Deinter 1;2599218;0;0;0;0;NA;0;0;0;0;0;0;0;0;0;0;0;0
3;2021;0;1;4;Deinter 2;3893806;0;0;0;0;NA;0;0;0;0;0;0;0;0;0;0;0;0
3;2021;0;1;5;Deinter 3;3792726;0;0;0;0;NA;0;0;0;0;0;0;0;0;0;0;3;0
3;2021;0;1;6;Deinter 4;1934714;0;0;0;0;NA;0;0;0;0;0;0;0;0;0;0;0;0
3;2021;0;1;7;Deinter 5;1616129;0;0;0;0;NA;0;0;1;0;0;0;0;0;0;0;1;0
3;2021;0;1;8;Deinter 6;2182882;1;0;0;0;NA;0;0;0;0;0;0;0;0;0;0;0;0
3;2021;0;1;9;Deinter 7;3212306;0;0;0;0;NA;0;0;0;0;0;0;0;0;0;0;0;0
3;2021;0;1;10;Deinter 8;1170317;0;0;0;0;NA;0;0;0;0;0;0;0;0;0;0;0;0
3;2021;0;1;11;Deinter 9;3378700;0;0;0;0;NA;0;0;1;0;0;1;1;0;0;0;2;0
3;2021;0;1;12;Deinter 10;819830;0;0;0;0;NA;0;0;0;0;0;0;0;0;0;0;0;0
3;2021;0;1;13;Decap;12396372;0;0;0;0;NA;0;0;0;0;0;0;1;0;0;0;1;0
3;2021;0;1;14;Decap;12396372;0;1;0;0;NA;0;0;0;0;0;0;0;0;0;0;0;0
3;2021;0;1;15;Decap;12396372;0;0;0;0;NA;0;0;0;0;0;0;0;0;0;0;0;0
3;2021;0;1;16;Decap;12396372;0;0;0;0;NA;0;0;0;0;0;1;0;0;0;0;0;0
3;2021;0;1;17;Decap;12396372;0;0;0;0;NA;0;0;0;0;0;0;0;0;0;0;0;0
3;2021;0;1;18;Decap;12396372;0;0;0;0;NA;0;0;0;0;0;0;0;0;0;0;0;0
3;2021;0;1;NA;NA;NA;0;0;0;0;NA;0;0;0;0;0;0;0;0;0;0;0;0
3;2022;0;1;1;Decap;12396372;0;0;0;0;NA;0;0;1;0;0;0;1;0;0;1;2;0
3;2022;0;1;2;Demacro;9652132;0;0;0;0;NA;0;0;0;0;0;1;0;0;0;0;0;0
3;2022;0;1;3;Deinter 1;2599218;0;0;0;0;NA;0;0;0;0;0;0;0;0;0;0;0;0
3;2022;0;1;4;Deinter 2;3893806;0;0;0;0;NA;0;0;0;0;0;0;1;0;0;0;0;0
3;2022;0;1;5;Deinter 3;3792726;0;1;0;0;NA;0;0;0;0;1;0;0;0;0;0;0;1
3;2022;0;1;6;Deinter 4;1934714;0;0;0;0;NA;0;0;0;0;0;1;0;0;0;0;1;0
3;2022;0;1;7;Deinter 5;1616129;0;0;0;0;NA;0;0;0;0;0;0;0;0;0;0;0;0
3;2022;0;1;8;Deinter 6;2182882;0;0;0;0;NA;0;0;0;0;0;2;0;0;0;0;0;1
3;2022;0;1;9;Deinter 7;3212306;1;0;0;0;NA;0;0;0;0;0;0;0;1;0;0;0;0
3;2022;0;1;10;Deinter 8;1170317;0;0;0;0;NA;0;0;0;0;0;0;0;0;0;0;0;0
3;2022;0;1;11;Deinter 9;3378700;0;0;0;0;NA;0;0;1;0;0;0;0;0;0;0;4;0
3;2022;0;1;12;Deinter 10;819830;0;0;0;0;NA;0;0;0;0;0;0;0;0;1;0;0;0
3;2022;0;1;13;Decap;12396372;0;0;0;0;NA;0;0;2;0;0;0;1;0;0;0;0;0
3;2022;0;1;14;Decap;12396372;0;1;0;0;NA;0;0;0;0;0;0;0;0;0;0;0;0
3;2022;0;1;15;Decap;12396372;0;0;0;0;NA;0;0;0;0;0;0;0;0;0;0;0;0
3;2022;0;1;16;Decap;12396372;0;0;0;0;NA;0;0;0;0;0;3;1;0;0;0;0;0
3;2022;0;1;17;Decap;12396372;0;0;0;0;NA;0;0;0;0;0;0;0;0;0;0;0;0
3;2022;0;1;18;Decap;12396372;0;0;0;0;NA;0;0;0;0;0;0;0;0;0;0;0;0
3;2022;0;1;NA;NA;NA;0;0;0;0;NA;0;0;0;0;0;0;0;0;0;0;0;0
4;2010;0;1;1;Decap;11244369;1;0;0;0;NA;0;0;1;0;0;1;0;0;1;0;1;0
4;2010;0;1;2;Demacro;8428213;0;0;0;0;NA;0;0;0;0;0;0;0;0;1;0;0;1
4;2010;0;1;3;Deinter 1;2262723;2;0;0;0;NA;0;0;0;0;0;0;0;0;0;0;0;0
4;2010;0;1;4;Deinter 2;3307513;0;0;0;0;NA;0;0;0;0;0;0;0;0;0;0;0;0
4;2010;0;1;5;Deinter 3;3302679;0;0;0;0;NA;0;0;0;0;0;0;0;0;1;0;0;0
4;2010;0;1;6;Deinter 4;1750734;0;0;0;0;NA;0;0;0;0;0;0;0;0;0;0;0;0
4;2010;0;1;7;Deinter 5;1456209;0;0;0;0;NA;0;0;0;0;0;0;0;0;0;0;0;0
4;2010;0;1;8;Deinter 6;1936708;0;0;0;0;NA;0;0;0;0;0;0;0;0;0;0;0;0
4;2010;0;1;9;Deinter 7;2800360;0;0;0;0;NA;0;0;0;0;0;0;0;0;1;0;0;0
4;2010;0;1;10;Deinter 8;1083047;0;0;0;0;NA;0;0;0;0;0;0;0;0;0;0;0;0
4;2010;0;1;11;Deinter 9;2943524;1;0;0;0;NA;0;0;0;0;0;0;0;0;0;0;0;0
4;2010;0;1;12;Deinter 10;736081;0;0;0;0;NA;0;0;0;0;0;0;0;0;0;0;0;0
4;2010;0;1;13;Decap;11244369;0;0;0;0;NA;0;0;0;0;0;0;0;0;0;0;0;0
4;2010;0;1;14;Decap;11244369;0;0;0;0;NA;0;0;0;0;0;0;0;0;0;0;0;0
4;2010;0;1;15;Decap;11244369;0;0;0;0;NA;0;0;0;0;0;0;0;0;0;0;0;0
4;2010;0;1;16;Decap;11244369;0;0;0;0;NA;0;0;0;0;0;0;0;0;0;0;0;0
4;2010;0;1;17;Decap;11244369;0;0;0;0;NA;0;0;0;0;0;0;0;0;0;0;0;0
4;2010;0;1;18;Decap;11244369;0;0;0;0;NA;0;0;0;0;0;0;0;0;0;0;0;0
4;2010;0;1;NA;NA;NA;0;0;0;0;NA;0;0;0;0;0;0;0;0;0;0;0;0
4;2011;0;1;1;Decap;11316119;1;0;0;0;NA;0;0;0;1;0;1;0;0;0;1;0;0
4;2011;0;1;2;Demacro;8506440;3;0;0;0;NA;0;0;3;0;0;1;0;0;0;0;0;0
4;2011;0;1;3;Deinter 1;2285528;0;0;0;0;NA;0;0;0;0;0;0;0;0;0;0;0;1
4;2011;0;1;4;Deinter 2;3346411;0;0;0;0;NA;0;0;1;0;0;0;0;0;0;0;0;0
4;2011;0;1;5;Deinter 3;3330732;0;0;0;0;NA;0;0;0;0;0;0;0;0;0;0;0;0
4;2011;0;1;6;Deinter 4;1760330;0;0;0;0;NA;0;0;0;0;0;0;0;0;0;0;0;0
4;2011;0;1;7;Deinter 5;1466615;0;0;0;0;NA;0;0;0;0;0;0;0;0;0;0;0;0
4;2011;0;1;8;Deinter 6;1952342;0;0;0;0;NA;0;0;0;0;0;0;0;0;0;0;0;0
4;2011;0;1;9;Deinter 7;2825535;0;0;0;0;NA;0;0;0;0;0;0;0;0;0;0;0;0
4;2011;0;1;10;Deinter 8;1087849;0;0;0;0;NA;0;0;0;0;0;0;0;0;0;0;0;0
4;2011;0;1;11;Deinter 9;2968472;0;0;0;0;NA;0;0;0;0;0;0;0;0;0;0;0;1
4;2011;0;1;12;Deinter 10;740809;0;0;0;0;NA;0;0;0;0;0;0;0;0;0;0;0;0
4;2011;0;1;13;Decap;11316119;1;0;0;0;NA;0;0;4;0;0;0;0;0;0;0;1;0
4;2011;0;1;14;Decap;11316119;0;0;0;0;NA;0;0;0;0;0;0;0;0;0;0;0;0
4;2011;0;1;15;Decap;11316119;0;0;0;0;NA;0;0;0;0;0;0;0;0;0;0;0;0
4;2011;0;1;16;Decap;11316119;0;0;0;0;NA;0;0;0;0;0;0;0;0;0;0;0;0
4;2011;0;1;17;Decap;11316119;0;0;0;0;NA;0;0;0;0;0;0;0;0;0;0;0;0
4;2011;0;1;18;Decap;11316119;0;0;0;0;NA;0;0;0;0;1;0;0;0;0;0;0;0
4;2011;0;1;NA;NA;NA;0;0;0;0;NA;0;0;0;0;0;0;0;0;0;0;0;0
4;2012;0;1;1;Decap;11376685;1;0;0;0;NA;0;0;0;0;0;2;0;0;0;0;1;0
4;2012;0;1;2;Demacro;8579905;0;0;0;0;NA;0;0;0;1;0;2;1;0;0;0;0;1
4;2012;0;1;3;Deinter 1;2305758;0;1;0;0;NA;0;0;0;0;0;0;0;0;0;0;0;0
4;2012;0;1;4;Deinter 2;3383407;0;0;0;0;NA;0;0;0;0;0;0;2;0;0;0;1;0
4;2012;0;1;5;Deinter 3;3358517;0;0;0;0;NA;0;0;0;0;0;0;0;0;0;0;0;0
4;2012;0;1;6;Deinter 4;1770282;0;0;0;0;NA;0;0;0;0;0;0;0;0;0;0;1;1
4;2012;0;1;7;Deinter 5;1476901;0;0;0;0;NA;0;0;0;0;0;0;0;0;0;0;0;0
4;2012;0;1;8;Deinter 6;1966489;0;0;0;0;NA;0;0;0;0;0;0;0;0;0;0;0;0
4;2012;0;1;9;Deinter 7;2850458;0;0;0;0;NA;0;0;0;0;0;0;0;0;0;0;0;0
4;2012;0;1;10;Deinter 8;1092359;0;0;0;0;NA;0;0;0;0;0;0;0;0;0;0;0;0
4;2012;0;1;11;Deinter 9;2994987;0;0;0;0;NA;0;0;0;0;0;1;2;0;0;0;0;1
4;2012;0;1;12;Deinter 10;745471;0;0;0;0;NA;0;0;0;0;0;0;0;0;0;0;0;0
4;2012;0;1;13;Decap;11376685;0;0;0;0;NA;0;0;2;0;0;0;0;0;0;0;1;0
4;2012;0;1;14;Decap;11376685;1;1;0;0;NA;0;0;0;1;0;0;0;0;0;1;1;1
4;2012;0;1;15;Decap;11376685;0;0;0;0;NA;0;0;0;0;0;1;0;0;0;0;0;0
4;2012;0;1;16;Decap;11376685;0;0;0;0;NA;0;0;0;0;0;0;0;0;0;0;0;0
4;2012;0;1;17;Decap;11376685;0;0;0;0;NA;0;0;0;0;0;0;0;0;0;0;0;0
4;2012;0;1;18;Decap;11376685;0;0;0;0;NA;0;0;0;0;0;1;0;0;0;0;0;0
4;2012;0;1;NA;NA;NA;0;0;0;0;NA;0;0;0;0;0;0;0;0;0;0;0;0
4;2013;0;1;1;Decap;11821873;0;0;0;1;NA;0;0;0;0;0;1;0;0;0;0;0;0
4;2013;0;1;2;Demacro;8953241;2;0;0;0;NA;0;0;3;0;0;0;0;0;0;0;4;0
4;2013;0;1;3;Deinter 1;2406735;0;0;0;0;NA;0;0;0;0;0;0;0;0;0;0;0;0
4;2013;0;1;4;Deinter 2;3541481;0;0;0;0;NA;0;0;0;0;0;0;0;0;0;0;0;0
4;2013;0;1;5;Deinter 3;3503301;0;0;0;0;NA;0;0;0;0;0;0;0;0;0;0;0;1
4;2013;0;1;6;Deinter 4;1840239;0;0;0;0;NA;0;0;0;0;0;0;0;0;0;0;3;0
4;2013;0;1;7;Deinter 5;1537918;0;0;0;0;NA;0;0;0;0;0;0;0;0;0;0;0;0
4;2013;0;1;8;Deinter 6;2048410;0;0;0;0;NA;0;0;0;0;0;0;0;0;0;0;2;0
4;2013;0;1;9;Deinter 7;2975156;0;0;0;0;NA;0;0;0;0;0;0;1;0;0;0;0;0
4;2013;0;1;10;Deinter 8;1133298;0;0;0;0;NA;0;0;0;0;0;0;0;0;0;0;0;0
4;2013;0;1;11;Deinter 9;3126459;0;0;0;0;NA;0;0;0;0;0;0;0;0;0;0;0;0
4;2013;0;1;12;Deinter 10;775558;0;0;0;0;NA;0;0;0;0;0;0;0;0;0;0;0;0
4;2013;0;1;13;Decap;11821873;0;0;0;0;NA;0;0;5;0;0;0;0;0;0;0;1;0
4;2013;0;1;14;Decap;11821873;1;0;0;0;NA;0;0;1;0;0;0;0;0;0;0;0;0
4;2013;0;1;15;Decap;11821873;0;0;0;0;NA;0;0;0;0;0;0;0;0;0;0;0;0
4;2013;0;1;16;Decap;11821873;0;0;0;0;NA;0;0;0;0;0;0;0;0;0;0;0;0
4;2013;0;1;17;Decap;11821873;0;0;0;0;NA;0;0;0;0;0;0;0;0;0;0;0;0
4;2013;0;1;18;Decap;11821873;0;0;0;0;NA;0;0;0;0;0;0;0;0;0;0;0;0
4;2013;0;1;NA;NA;NA;0;0;0;0;NA;0;0;0;0;0;0;0;0;0;0;0;0
4;2014;0;1;1;Decap;11895893;0;2;0;0;NA;0;0;0;3;0;1;0;0;0;0;0;0
4;2014;0;1;2;Demacro;9039311;0;1;0;0;NA;1;0;0;1;0;0;1;0;0;0;1;0
4;2014;0;1;3;Deinter 1;2430392;0;0;0;0;NA;0;0;0;0;0;0;0;0;0;0;0;0
4;2014;0;1;4;Deinter 2;3584160;0;0;0;0;NA;0;0;0;0;0;0;0;0;0;0;0;0
4;2014;0;1;5;Deinter 3;3535932;0;0;0;0;NA;0;0;0;0;0;0;0;0;0;0;0;0
4;2014;0;1;6;Deinter 4;1852338;0;0;0;0;NA;0;0;0;0;0;0;0;0;0;0;0;0
4;2014;0;1;7;Deinter 5;1550161;0;0;0;0;NA;0;0;0;0;0;0;0;0;0;0;0;0
4;2014;0;1;8;Deinter 6;2065208;0;0;0;0;NA;0;0;0;0;0;0;0;0;0;0;0;0
4;2014;0;1;9;Deinter 7;3004319;0;0;0;0;NA;0;0;0;0;0;0;0;0;0;0;0;1
4;2014;0;1;10;Deinter 8;1138981;0;0;0;0;NA;0;0;0;0;0;0;0;1;0;0;0;1
4;2014;0;1;11;Deinter 9;3157448;0;0;0;0;NA;0;0;0;0;0;0;0;0;0;0;0;1
4;2014;0;1;12;Deinter 10;781161;0;0;0;0;NA;0;0;0;0;0;0;0;0;0;0;0;0
4;2014;0;1;13;Decap;11895893;0;0;0;0;NA;0;0;4;0;0;0;0;0;0;0;0;0
4;2014;0;1;14;Decap;11895893;0;1;0;0;NA;0;0;0;0;0;0;0;0;0;0;0;0
4;2014;0;1;15;Decap;11895893;0;0;0;0;NA;0;0;0;0;0;0;0;0;0;0;0;0
4;2014;0;1;16;Decap;11895893;0;0;0;0;NA;0;0;0;0;0;0;0;0;0;0;0;0
4;2014;0;1;17;Decap;11895893;0;0;0;0;NA;0;0;0;0;0;0;0;0;0;0;0;0
4;2014;0;1;18;Decap;11895893;0;0;0;0;NA;0;0;0;0;0;0;0;0;0;0;0;0
4;2014;0;1;NA;NA;NA;0;0;0;0;NA;0;0;0;0;0;0;0;0;0;0;0;0
4;2015;0;1;1;Decap;11967825;0;0;0;0;NA;0;0;0;1;0;2;0;0;0;0;3;1
4;2015;0;1;2;Demacro;9122966;2;0;0;0;NA;0;0;0;0;0;0;0;0;0;0;0;1
4;2015;0;1;3;Deinter 1;2453387;1;1;0;0;NA;0;0;0;0;0;0;0;0;0;1;1;0
4;2015;0;1;4;Deinter 2;3625638;0;0;0;0;NA;0;0;0;0;0;0;0;0;0;0;0;0
4;2015;0;1;5;Deinter 3;3567652;0;0;0;0;NA;0;0;0;0;0;1;0;0;0;0;0;0
4;2015;0;1;6;Deinter 4;1864091;0;0;0;0;NA;0;0;0;0;0;0;0;0;0;0;2;0
4;2015;0;1;7;Deinter 5;1562060;0;0;0;0;NA;0;0;0;0;0;0;0;0;0;0;0;0
4;2015;0;1;8;Deinter 6;2081531;0;0;0;0;NA;0;0;0;0;0;0;0;0;0;0;0;0
4;2015;0;1;9;Deinter 7;3032659;0;0;0;0;NA;0;0;1;0;0;0;0;0;0;0;0;0
4;2015;0;1;10;Deinter 8;1144506;0;0;0;0;NA;0;0;0;0;0;0;0;0;0;0;0;0
4;2015;0;1;11;Deinter 9;3187564;0;0;0;0;NA;0;0;0;0;0;0;0;0;0;0;0;0
4;2015;0;1;12;Deinter 10;786605;0;0;0;0;NA;0;0;0;0;0;0;0;0;0;0;0;0
4;2015;0;1;13;Decap;11967825;0;0;0;0;NA;0;0;0;0;0;0;0;0;0;0;0;0
4;2015;0;1;14;Decap;11967825;0;1;0;0;NA;0;0;0;0;0;0;0;0;0;1;0;1
4;2015;0;1;15;Decap;11967825;0;0;0;0;NA;0;0;0;0;0;0;0;0;0;0;2;0
4;2015;0;1;16;Decap;11967825;0;0;0;0;NA;0;0;0;0;0;0;0;0;0;0;0;0
4;2015;0;1;17;Decap;11967825;0;0;0;0;NA;0;0;0;0;0;0;0;0;0;0;0;0
4;2015;0;1;18;Decap;11967825;0;0;0;0;NA;0;0;0;0;0;0;0;0;0;0;0;0
4;2015;0;1;NA;NA;NA;0;0;0;0;NA;0;0;0;0;0;0;0;0;0;0;0;0
4;2016;0;1;1;Decap;12038175;0;1;0;0;NA;0;0;0;1;0;0;0;0;0;0;3;1
4;2016;0;1;2;Demacro;9204764;2;0;0;0;NA;0;0;1;0;0;3;0;1;0;0;1;1
4;2016;0;1;3;Deinter 1;2475879;0;0;0;0;NA;0;0;0;1;0;0;1;0;0;1;0;2
4;2016;0;1;4;Deinter 2;3666201;0;0;0;0;NA;0;0;1;0;0;0;0;0;0;0;1;0
4;2016;0;1;5;Deinter 3;3598661;0;0;0;0;NA;0;0;0;0;0;0;1;0;0;0;0;0
4;2016;0;1;6;Deinter 4;1875589;0;0;0;0;NA;0;0;0;0;0;0;0;0;0;0;0;0
4;2016;0;1;7;Deinter 5;1573701;0;0;0;0;NA;0;0;0;0;0;0;0;0;0;0;0;0
4;2016;0;1;8;Deinter 6;2097502;0;0;0;0;NA;0;0;2;0;0;0;0;0;0;0;1;1
4;2016;0;1;9;Deinter 7;3060372;0;0;0;0;NA;0;0;0;0;0;0;0;0;0;0;0;0
4;2016;0;1;10;Deinter 8;1149906;0;0;0;0;NA;0;0;0;0;0;0;0;0;0;0;1;0
4;2016;0;1;11;Deinter 9;3217014;0;0;0;0;NA;0;0;0;0;0;0;0;0;0;0;0;0
4;2016;0;1;12;Deinter 10;791935;0;0;0;0;NA;0;0;0;0;0;0;0;0;0;0;0;0
4;2016;0;1;13;Decap;12038175;0;0;0;0;NA;0;0;1;0;0;0;0;0;0;0;0;0
4;2016;0;1;14;Decap;12038175;0;2;0;0;NA;0;0;0;1;0;4;0;0;0;0;0;1
4;2016;0;1;15;Decap;12038175;0;0;0;0;NA;0;0;5;0;0;0;0;0;0;0;5;0
4;2016;0;1;16;Decap;12038175;0;0;0;0;NA;0;0;0;0;0;0;0;0;0;0;0;0
4;2016;0;1;17;Decap;12038175;0;0;0;0;NA;0;0;0;0;0;0;0;0;0;0;0;0
4;2016;0;1;18;Decap;12038175;0;0;0;0;NA;0;0;0;0;0;0;0;0;0;0;0;0
4;2016;0;1;NA;NA;NA;0;0;0;0;NA;0;0;0;0;0;0;0;0;0;0;0;0
4;2017;0;1;1;Decap;12106920;0;0;0;0;NA;0;0;3;0;0;0;0;0;0;0;1;1
4;2017;0;1;2;Demacro;9284704;1;1;0;0;NA;0;0;1;0;0;0;1;0;0;0;5;2
4;2017;0;1;3;Deinter 1;2497857;0;0;0;0;NA;0;0;0;0;0;0;0;0;0;0;0;0
4;2017;0;1;4;Deinter 2;3705840;0;0;0;0;NA;0;0;0;0;0;0;0;0;0;0;0;0
4;2017;0;1;5;Deinter 3;3654014;0;0;0;0;NA;0;0;1;0;0;0;0;0;0;1;1;2
4;2017;0;1;6;Deinter 4;1886819;0;0;0;0;NA;0;0;0;0;0;0;0;0;0;0;1;0
4;2017;0;1;7;Deinter 5;1565726;0;0;0;0;NA;0;0;0;0;0;0;0;0;0;0;0;0
4;2017;0;1;8;Deinter 6;2113105;0;0;0;0;NA;0;0;0;0;0;0;0;0;0;0;0;1
4;2017;0;1;9;Deinter 7;3087457;0;0;0;0;NA;0;0;0;0;0;0;0;0;0;0;0;0
4;2017;0;1;10;Deinter 8;1149492;0;0;0;0;NA;0;0;0;0;0;0;0;0;0;0;0;0
4;2017;0;1;11;Deinter 9;3245798;0;0;0;0;NA;0;0;0;0;0;0;0;1;0;0;0;0
4;2017;0;1;12;Deinter 10;797134;0;0;0;0;NA;0;0;0;0;0;0;0;0;0;0;0;0
4;2017;0;1;13;Decap;12106920;0;0;0;0;NA;0;0;0;0;0;0;0;0;0;0;0;0
4;2017;0;1;14;Decap;12106920;0;0;0;0;NA;0;0;0;0;0;0;0;0;1;0;0;0
4;2017;0;1;15;Decap;12106920;0;0;0;0;NA;0;0;0;0;0;0;0;0;0;0;1;0
4;2017;0;1;16;Decap;12106920;0;0;0;0;NA;0;0;0;0;3;4;0;0;0;1;0;2
4;2017;0;1;17;Decap;12106920;0;0;0;0;NA;0;0;0;0;0;0;0;0;0;0;0;0
4;2017;0;1;18;Decap;12106920;0;0;0;0;NA;0;0;0;0;0;0;0;0;0;0;0;0
4;2017;0;1;NA;NA;NA;0;0;0;0;NA;0;0;0;0;0;0;0;0;0;0;0;0
4;2018;0;1;1;Decap;12176866;0;0;0;0;NA;0;0;0;0;0;0;0;0;0;0;0;1
4;2018;0;1;2;Demacro;9394415;1;0;0;0;NA;0;0;5;0;0;0;1;0;0;0;1;0
4;2018;0;1;3;Deinter 1;2528345;0;0;0;0;NA;0;0;1;0;0;0;0;0;0;0;4;0
4;2018;0;1;4;Deinter 2;3765555;1;0;0;0;NA;0;0;0;0;0;1;0;0;0;0;1;0
4;2018;0;1;5;Deinter 3;3694912;0;0;0;0;NA;0;0;0;0;0;0;0;0;0;0;0;0
4;2018;0;1;6;Deinter 4;1898795;0;0;0;0;NA;0;0;0;0;0;0;0;0;0;0;0;0
4;2018;0;1;7;Deinter 5;1579772;0;0;0;0;NA;0;0;1;0;0;0;0;0;0;0;1;0
4;2018;0;1;8;Deinter 6;2132735;0;0;0;0;NA;0;0;1;0;0;0;0;2;0;0;3;1
4;2018;0;1;9;Deinter 7;3124964;0;0;0;0;NA;0;0;1;0;0;0;1;0;0;0;0;0
4;2018;0;1;10;Deinter 8;1153568;0;0;0;0;NA;0;0;0;0;0;0;0;0;0;0;0;0
4;2018;0;1;11;Deinter 9;3285865;0;0;0;0;NA;0;0;0;1;0;0;1;0;0;0;2;0
4;2018;0;1;12;Deinter 10;803144;0;0;0;0;NA;0;0;0;0;0;0;0;0;0;0;1;0
4;2018;0;1;13;Decap;12176866;0;0;0;0;NA;0;0;0;0;0;0;0;0;0;0;0;0
4;2018;0;1;14;Decap;12176866;0;1;0;0;NA;0;0;0;0;0;0;0;0;0;0;0;0
4;2018;0;1;15;Decap;12176866;0;0;0;0;NA;0;0;0;0;0;0;0;0;0;0;0;0
4;2018;0;1;16;Decap;12176866;0;0;0;0;NA;0;0;0;0;0;0;0;0;0;0;0;0
4;2018;0;1;17;Decap;12176866;0;0;0;0;NA;0;0;0;0;0;0;0;0;0;0;0;0
4;2018;0;1;18;Decap;12176866;0;0;0;0;NA;0;0;0;0;0;0;0;0;0;0;0;0
4;2018;0;1;NA;NA;NA;0;0;0;0;NA;0;0;0;0;0;0;0;0;0;0;0;0
4;2019;0;1;1;Decap;12252023;0;0;0;0;NA;0;0;1;2;1;0;0;0;0;0;1;0
4;2019;0;1;2;Demacro;NA;1;0;0;0;NA;0;0;1;1;0;0;0;0;0;0;2;1
4;2019;0;1;3;Deinter 1;2552610;0;0;0;0;NA;0;0;0;0;0;0;0;0;0;0;1;0
4;2019;0;1;4;Deinter 2;NA;0;0;0;0;NA;0;0;0;0;0;0;0;0;0;0;3;1
4;2019;0;1;5;Deinter 3;3728399;0;0;0;0;NA;0;0;0;0;0;0;0;0;0;0;0;0
4;2019;0;1;6;Deinter 4;1911091;0;0;0;0;NA;0;0;0;0;0;0;0;0;0;0;1;1
4;2019;0;1;7;Deinter 5;1592219;0;0;0;0;NA;0;0;0;0;0;0;0;0;0;0;0;0
4;2019;0;1;8;Deinter 6;2149906;0;0;0;0;NA;0;0;0;0;0;0;0;0;0;0;2;0
4;2019;0;1;9;Deinter 7;3154869;0;0;0;0;NA;0;0;2;0;0;0;0;0;0;0;1;0
4;2019;0;1;10;Deinter 8;1159300;0;0;0;0;NA;0;0;0;0;0;0;0;0;0;0;0;0
4;2019;0;1;11;Deinter 9;3317647;0;0;0;0;NA;0;0;0;0;0;2;1;0;0;0;0;1
4;2019;0;1;12;Deinter 10;808855;0;0;0;0;NA;0;0;0;0;0;0;0;0;0;0;0;0
4;2019;0;1;13;Decap;12252023;0;0;0;0;NA;0;0;0;0;0;0;0;0;0;0;0;0
4;2019;0;1;14;Decap;12252023;2;0;0;0;NA;0;0;0;0;0;0;0;0;0;0;0;0
4;2019;0;1;15;Decap;12252023;0;0;0;0;NA;0;0;0;0;0;0;0;0;0;0;0;0
4;2019;0;1;16;Decap;12252023;0;0;0;0;NA;0;0;0;0;2;1;0;0;0;0;0;0
4;2019;0;1;17;Decap;12252023;0;0;0;0;NA;0;0;0;0;0;0;0;0;0;0;0;0
4;2019;0;1;18;Decap;12252023;0;0;0;0;NA;0;0;0;0;0;0;0;0;0;0;0;0
4;2019;0;1;NA;NA;NA;0;0;0;0;NA;0;0;0;0;0;0;0;0;0;0;0;0
4;2020;0;1;1;Decap;12325232;0;0;0;0;NA;0;0;0;0;0;0;0;0;0;0;0;0
4;2020;0;1;2;Demacro;9568610;0;2;0;0;NA;0;0;0;0;0;0;0;0;0;0;0;2
4;2020;0;1;3;Deinter 1;2576250;0;0;0;0;NA;0;0;0;0;0;0;0;0;0;0;0;0
4;2020;0;1;4;Deinter 2;3852244;0;0;0;0;NA;0;0;0;0;0;0;0;0;0;0;0;0
4;2020;0;1;5;Deinter 3;3761025;0;0;0;0;NA;0;0;0;0;0;0;0;0;0;0;0;0
4;2020;0;1;6;Deinter 4;1923070;0;0;0;0;NA;0;0;0;0;0;0;0;0;0;0;0;0
4;2020;0;1;7;Deinter 5;1604342;0;0;0;0;NA;0;0;0;0;0;0;0;0;0;0;0;0
4;2020;0;1;8;Deinter 6;2166632;0;0;0;0;NA;0;0;0;0;0;0;0;0;0;0;0;0
4;2020;0;1;9;Deinter 7;3184000;0;0;0;0;NA;0;0;0;0;0;0;0;0;0;0;0;0
4;2020;0;1;10;Deinter 8;1164891;0;0;0;0;NA;0;0;0;0;0;0;0;0;0;0;0;0
4;2020;0;1;11;Deinter 9;3348615;0;0;0;0;NA;0;0;0;0;0;0;0;0;0;0;1;0
4;2020;0;1;12;Deinter 10;814422;0;0;0;0;NA;0;0;0;0;0;0;0;0;0;0;0;0
4;2020;0;1;13;Decap;12325232;0;0;0;0;NA;0;0;0;0;0;0;0;0;0;0;0;0
4;2020;0;1;14;Decap;12325232;1;0;0;0;NA;0;0;0;0;0;0;0;0;0;0;0;0
4;2020;0;1;15;Decap;12325232;0;0;0;0;NA;0;0;0;0;0;0;0;0;0;0;0;0
4;2020;0;1;16;Decap;12325232;0;0;0;0;NA;0;0;0;0;0;3;0;0;0;0;0;0
4;2020;0;1;17;Decap;12325232;0;0;0;0;NA;0;0;0;0;0;0;0;0;0;0;0;0
4;2020;0;1;18;Decap;12325232;0;0;0;0;NA;0;0;0;0;0;0;0;0;0;0;0;0
4;2020;0;1;NA;NA;NA;0;0;0;0;NA;0;0;1;0;0;0;0;0;0;0;0;0
4;2021;0;1;1;Decap;12396372;0;0;0;0;NA;0;0;4;0;0;0;0;0;0;0;0;1
4;2021;0;1;2;Demacro;9652132;0;0;0;0;NA;0;0;0;0;0;0;1;0;0;0;1;1
4;2021;0;1;3;Deinter 1;2599218;0;0;0;0;NA;0;0;0;0;1;0;0;0;0;0;1;0
4;2021;0;1;4;Deinter 2;3893806;0;0;0;0;NA;0;0;0;0;0;0;0;0;0;0;0;0
4;2021;0;1;5;Deinter 3;3792726;0;0;0;0;NA;0;0;0;0;0;0;0;0;0;0;0;0
4;2021;0;1;6;Deinter 4;1934714;0;0;0;0;NA;0;0;0;0;0;0;1;0;0;0;1;0
4;2021;0;1;7;Deinter 5;1616129;0;0;0;0;NA;0;0;0;0;0;0;0;0;0;0;0;0
4;2021;0;1;8;Deinter 6;2182882;0;0;0;0;NA;0;0;0;0;0;0;0;0;0;0;1;0
4;2021;0;1;9;Deinter 7;3212306;0;0;0;0;NA;0;0;0;0;0;0;1;0;0;0;1;0
4;2021;0;1;10;Deinter 8;1170317;0;0;0;0;NA;0;0;0;0;0;0;0;0;0;0;0;0
4;2021;0;1;11;Deinter 9;3378700;0;0;0;0;NA;0;0;0;0;0;0;0;0;0;0;0;0
4;2021;0;1;12;Deinter 10;819830;0;0;0;0;NA;0;0;0;0;0;0;2;0;0;0;0;0
4;2021;0;1;13;Decap;12396372;0;0;0;0;NA;0;0;2;0;0;0;0;0;0;0;1;0
4;2021;0;1;14;Decap;12396372;0;0;0;0;NA;0;0;0;0;0;0;0;0;0;0;0;0
4;2021;0;1;15;Decap;12396372;0;0;0;0;NA;0;0;0;0;0;0;0;0;0;0;0;0
4;2021;0;1;16;Decap;12396372;0;0;0;0;NA;0;0;0;0;0;1;0;0;0;0;0;0
4;2021;0;1;17;Decap;12396372;0;0;0;0;NA;0;0;0;0;0;0;0;0;0;0;0;0
4;2021;0;1;18;Decap;12396372;0;0;0;0;NA;0;0;0;0;0;0;0;0;0;0;0;0
4;2021;0;1;NA;NA;NA;0;0;0;0;NA;0;0;0;0;0;0;0;0;0;0;0;0
4;2022;0;1;1;Decap;12396372;0;0;0;0;NA;0;0;0;0;0;0;0;0;0;0;1;1
4;2022;0;1;2;Demacro;9652132;0;1;0;0;NA;0;0;1;1;0;0;0;0;0;0;2;0
4;2022;0;1;3;Deinter 1;2599218;0;0;0;0;NA;0;0;0;0;0;0;0;0;0;0;1;0
4;2022;0;1;4;Deinter 2;3893806;0;1;0;0;NA;0;0;0;0;0;0;0;0;0;0;0;0
4;2022;0;1;5;Deinter 3;3792726;0;0;0;0;NA;0;0;0;0;0;1;0;0;0;0;0;0
4;2022;0;1;6;Deinter 4;1934714;0;0;0;0;NA;0;0;0;0;0;0;0;0;0;0;1;0
4;2022;0;1;7;Deinter 5;1616129;0;0;0;0;NA;0;0;0;0;0;0;0;0;0;0;0;0
4;2022;0;1;8;Deinter 6;2182882;0;0;0;0;NA;0;0;0;0;0;0;0;0;0;0;0;0
4;2022;0;1;9;Deinter 7;3212306;0;0;0;0;NA;0;0;0;0;0;0;0;0;0;0;0;0
4;2022;0;1;10;Deinter 8;1170317;0;0;0;0;NA;0;0;0;0;0;0;0;0;0;0;0;0
4;2022;0;1;11;Deinter 9;3378700;0;0;0;0;NA;0;0;0;0;0;0;0;0;0;0;0;0
4;2022;0;1;12;Deinter 10;819830;0;0;0;0;NA;0;0;0;0;0;0;0;0;0;0;0;0
4;2022;0;1;13;Decap;12396372;0;0;0;0;NA;0;0;4;0;0;0;0;0;0;0;1;0
4;2022;0;1;14;Decap;12396372;1;0;0;0;NA;0;0;1;0;0;0;0;0;0;0;0;0
4;2022;0;1;15;Decap;12396372;0;0;0;0;NA;0;0;0;0;0;0;0;0;0;0;0;0
4;2022;0;1;16;Decap;12396372;0;0;0;0;NA;0;0;0;0;0;3;0;0;0;0;0;2
4;2022;0;1;17;Decap;12396372;0;0;0;0;NA;0;0;0;0;0;0;0;0;0;0;0;0
4;2022;0;1;18;Decap;12396372;0;0;0;0;NA;0;0;0;0;0;0;0;0;0;0;0;0
4;2022;0;1;NA;NA;NA;0;0;0;0;NA;0;0;0;0;0;0;0;0;0;0;0;0
5;2010;0;1;1;Decap;11244369;0;0;0;0;NA;0;0;0;0;2;0;1;0;0;1;1;1
5;2010;0;1;2;Demacro;8428213;0;1;0;0;NA;0;0;2;0;0;0;0;0;0;0;0;1
5;2010;0;1;3;Deinter 1;2262723;0;0;0;0;NA;0;0;0;0;0;0;0;0;0;0;0;0
5;2010;0;1;4;Deinter 2;3307513;0;0;0;0;NA;0;0;0;0;0;0;1;0;0;0;1;0
5;2010;0;1;5;Deinter 3;3302679;0;0;0;0;NA;0;0;1;0;0;0;0;0;0;0;1;0
5;2010;0;1;6;Deinter 4;1750734;0;0;0;0;NA;0;0;1;0;0;0;0;0;0;0;0;0
5;2010;0;1;7;Deinter 5;1456209;0;0;0;0;NA;0;2;0;0;0;0;0;2;0;0;0;0
5;2010;0;1;8;Deinter 6;1936708;0;0;0;0;NA;0;0;0;0;0;0;0;0;0;0;0;0
5;2010;0;1;9;Deinter 7;2800360;0;0;0;0;NA;0;0;0;0;0;0;0;0;0;0;0;0
5;2010;0;1;10;Deinter 8;1083047;0;0;0;0;NA;0;0;0;0;0;0;0;0;0;0;0;0
5;2010;0;1;11;Deinter 9;2943524;0;0;0;0;NA;0;0;0;0;0;0;0;0;0;0;0;0
5;2010;0;1;12;Deinter 10;736081;0;0;0;0;NA;0;0;0;0;0;0;0;0;0;0;0;0
5;2010;0;1;13;Decap;11244369;0;0;0;0;NA;0;0;0;0;1;0;0;0;1;0;2;0
5;2010;0;1;14;Decap;11244369;0;0;0;0;NA;0;0;0;0;0;0;0;0;0;0;0;0
5;2010;0;1;15;Decap;11244369;0;0;0;0;NA;0;0;0;0;0;0;0;0;0;0;0;0
5;2010;0;1;16;Decap;11244369;0;0;0;0;NA;0;0;0;0;0;0;0;0;0;0;0;0
5;2010;0;1;17;Decap;11244369;0;0;0;0;NA;0;0;0;0;0;0;0;0;0;0;0;0
5;2010;0;1;18;Decap;11244369;0;0;0;0;NA;0;0;0;0;0;0;0;0;0;0;0;0
5;2010;0;1;NA;NA;NA;0;0;0;0;NA;0;0;0;0;0;0;0;0;0;0;0;0
5;2011;0;1;1;Decap;11316119;0;0;0;0;NA;0;0;0;0;1;3;0;0;0;0;0;0
5;2011;0;1;2;Demacro;8506440;0;0;0;0;NA;0;0;2;0;1;1;0;0;0;0;1;0
5;2011;0;1;3;Deinter 1;2285528;0;0;0;0;NA;0;0;0;1;0;0;0;0;1;0;1;3
5;2011;0;1;4;Deinter 2;3346411;0;0;0;0;NA;0;0;0;0;0;0;0;0;0;0;0;0
5;2011;0;1;5;Deinter 3;3330732;0;0;0;0;NA;0;0;0;0;0;0;0;0;1;0;0;0
5;2011;0;1;6;Deinter 4;1760330;0;0;0;0;NA;0;0;0;0;0;1;0;0;0;0;1;0
5;2011;0;1;7;Deinter 5;1466615;0;0;0;0;NA;0;0;0;0;0;0;0;0;0;0;0;0
5;2011;0;1;8;Deinter 6;1952342;0;0;0;0;NA;0;0;0;0;0;0;0;0;1;0;1;0
5;2011;0;1;9;Deinter 7;2825535;0;0;0;0;NA;0;0;0;0;0;0;0;0;0;0;1;0
5;2011;0;1;10;Deinter 8;1087849;0;0;0;0;NA;0;0;0;0;0;0;0;0;0;0;1;0
5;2011;0;1;11;Deinter 9;2968472;0;0;0;1;NA;0;0;1;0;0;0;0;0;0;0;0;1
5;2011;0;1;12;Deinter 10;740809;0;0;0;0;NA;0;0;0;0;0;0;0;0;0;0;0;0
5;2011;0;1;13;Decap;11316119;1;0;0;0;NA;0;0;0;0;0;0;0;0;0;0;1;1
5;2011;0;1;14;Decap;11316119;0;0;0;0;NA;0;0;0;0;0;0;0;0;0;0;0;0
5;2011;0;1;15;Decap;11316119;0;0;0;0;NA;0;0;0;0;0;0;0;0;0;0;0;0
5;2011;0;1;16;Decap;11316119;0;0;0;0;NA;0;0;0;0;0;0;0;0;0;0;0;0
5;2011;0;1;17;Decap;11316119;0;0;0;0;NA;0;0;0;0;0;0;0;0;0;0;0;0
5;2011;0;1;18;Decap;11316119;0;0;0;0;NA;0;0;0;0;0;3;0;0;0;0;0;0
5;2011;0;1;NA;NA;NA;0;0;0;0;NA;0;0;0;0;0;0;0;0;0;0;0;0
5;2012;0;1;1;Decap;11376685;0;0;0;1;NA;0;0;0;0;1;1;0;0;0;0;1;1
5;2012;0;1;2;Demacro;8579905;0;0;0;0;NA;0;0;1;0;0;0;0;0;0;0;1;0
5;2012;0;1;3;Deinter 1;2305758;0;0;0;0;NA;0;0;0;0;0;0;0;0;0;0;0;1
5;2012;0;1;4;Deinter 2;3383407;0;0;0;0;NA;0;0;0;0;0;0;0;0;0;0;0;0
5;2012;0;1;5;Deinter 3;3358517;0;0;0;0;NA;0;0;1;0;0;0;0;0;0;0;1;1
5;2012;0;1;6;Deinter 4;1770282;0;0;0;0;NA;0;0;0;0;0;0;0;0;0;0;0;0
5;2012;0;1;7;Deinter 5;1476901;0;0;0;0;NA;0;0;0;0;0;0;0;0;0;0;0;1
5;2012;0;1;8;Deinter 6;1966489;0;0;0;0;NA;0;0;0;0;0;0;0;0;0;0;0;0
5;2012;0;1;9;Deinter 7;2850458;0;0;0;0;NA;0;0;0;0;0;0;0;0;0;0;1;0
5;2012;0;1;10;Deinter 8;1092359;0;0;0;0;NA;0;0;0;0;0;0;0;0;0;0;2;0
5;2012;0;1;11;Deinter 9;2994987;0;0;0;0;NA;0;0;0;0;0;0;0;0;0;1;0;0
5;2012;0;1;12;Deinter 10;745471;0;0;0;0;NA;0;0;0;0;0;0;0;0;0;0;0;0
5;2012;0;1;13;Decap;11376685;0;0;0;0;NA;0;0;4;0;0;0;0;0;0;0;0;1
5;2012;0;1;14;Decap;11376685;0;0;0;0;NA;0;0;0;0;0;0;0;0;0;0;0;0
5;2012;0;1;15;Decap;11376685;0;0;0;0;NA;0;0;0;0;0;0;0;0;0;0;0;0
5;2012;0;1;16;Decap;11376685;0;0;0;0;NA;0;0;0;0;0;0;0;0;0;0;0;0
5;2012;0;1;17;Decap;11376685;0;0;0;0;NA;0;0;0;0;0;0;0;0;0;0;0;0
5;2012;0;1;18;Decap;11376685;0;0;0;0;NA;0;0;0;0;0;0;0;0;0;0;0;0
5;2012;0;1;NA;NA;NA;0;0;0;0;NA;0;0;0;0;0;0;0;0;0;0;0;0
5;2013;0;1;1;Decap;11821873;0;0;0;0;NA;0;0;0;0;0;1;0;0;1;0;1;0
5;2013;0;1;2;Demacro;8953241;0;1;0;0;NA;0;0;2;0;0;0;0;0;0;0;0;0
5;2013;0;1;3;Deinter 1;2406735;0;0;0;0;NA;0;0;0;0;0;0;0;0;0;0;0;0
5;2013;0;1;4;Deinter 2;3541481;0;0;0;0;NA;0;0;0;0;0;0;0;0;0;0;1;0
5;2013;0;1;5;Deinter 3;3503301;0;0;0;0;NA;0;0;0;0;0;0;0;0;0;0;0;0
5;2013;0;1;6;Deinter 4;1840239;0;0;0;0;NA;0;0;1;0;0;0;0;0;0;0;0;0
5;2013;0;1;7;Deinter 5;1537918;0;0;0;0;NA;0;0;0;0;0;0;0;0;0;0;0;0
5;2013;0;1;8;Deinter 6;2048410;0;0;0;0;NA;0;0;0;0;0;0;0;0;0;0;0;0
5;2013;0;1;9;Deinter 7;2975156;0;0;0;0;NA;0;0;0;0;0;0;0;0;0;0;2;0
5;2013;0;1;10;Deinter 8;1133298;0;0;0;0;NA;0;0;0;0;0;0;0;0;0;0;0;1
5;2013;0;1;11;Deinter 9;3126459;0;0;0;0;NA;0;0;0;0;0;0;0;0;0;0;0;0
5;2013;0;1;12;Deinter 10;775558;0;0;0;0;NA;0;0;0;0;0;0;0;0;0;0;0;0
5;2013;0;1;13;Decap;11821873;0;0;0;0;NA;0;0;2;0;0;0;0;0;0;0;0;0
5;2013;0;1;14;Decap;11821873;1;0;0;0;NA;0;0;0;0;0;0;0;0;0;0;0;0
5;2013;0;1;15;Decap;11821873;0;0;0;0;NA;0;0;0;0;0;0;0;0;0;0;0;0
5;2013;0;1;16;Decap;11821873;0;0;0;0;NA;0;0;0;0;0;0;0;0;0;0;0;0
5;2013;0;1;17;Decap;11821873;0;0;0;0;NA;0;0;0;0;0;0;0;0;0;0;0;0
5;2013;0;1;18;Decap;11821873;0;0;0;0;NA;0;0;0;0;0;1;0;0;0;0;0;0
5;2013;0;1;NA;NA;NA;0;0;0;0;NA;0;0;0;0;0;0;0;0;0;0;0;0
5;2014;0;1;1;Decap;11895893;0;0;0;0;NA;0;0;0;0;0;1;0;0;1;0;2;0
5;2014;0;1;2;Demacro;9039311;0;0;0;0;NA;0;0;2;0;0;0;0;0;0;0;0;0
5;2014;0;1;3;Deinter 1;2430392;0;0;0;0;NA;0;0;0;1;0;0;0;0;0;0;1;1
5;2014;0;1;4;Deinter 2;3584160;0;1;0;0;NA;0;0;0;1;0;0;0;0;0;0;0;0
5;2014;0;1;5;Deinter 3;3535932;0;0;0;0;NA;0;0;0;0;0;0;0;0;0;0;0;0
5;2014;0;1;6;Deinter 4;1852338;0;0;0;0;NA;0;0;0;0;0;0;0;0;0;0;0;0
5;2014;0;1;7;Deinter 5;1550161;0;0;0;0;NA;0;0;0;0;0;0;0;0;0;0;1;0
5;2014;0;1;8;Deinter 6;2065208;0;0;0;0;NA;0;0;0;0;0;0;0;0;0;0;0;0
5;2014;0;1;9;Deinter 7;3004319;0;0;0;0;NA;0;0;0;0;0;0;0;0;0;0;2;1
5;2014;0;1;10;Deinter 8;1138981;0;0;0;0;NA;0;0;0;0;0;0;0;0;0;0;0;0
5;2014;0;1;11;Deinter 9;3157448;0;0;0;0;NA;0;0;0;0;0;0;0;0;0;0;0;0
5;2014;0;1;12;Deinter 10;781161;0;0;0;0;NA;0;0;0;0;0;0;0;0;0;0;0;0
5;2014;0;1;13;Decap;11895893;0;0;0;0;NA;0;0;3;1;0;0;0;0;0;0;0;0
5;2014;0;1;14;Decap;11895893;0;0;0;0;NA;0;0;0;0;0;0;0;0;1;0;0;0
5;2014;0;1;15;Decap;11895893;0;0;0;0;NA;0;0;0;0;0;0;0;0;0;0;0;0
5;2014;0;1;16;Decap;11895893;0;0;0;0;NA;0;0;0;0;0;0;0;0;0;0;0;0
5;2014;0;1;17;Decap;11895893;0;0;0;0;NA;0;0;0;0;0;0;0;0;0;0;0;0
5;2014;0;1;18;Decap;11895893;0;0;0;0;NA;0;0;0;0;0;0;0;0;0;0;0;0
5;2014;0;1;NA;NA;NA;0;0;0;0;NA;0;0;0;0;0;0;0;0;0;0;0;0
5;2015;0;1;1;Decap;11967825;0;0;0;0;NA;0;0;0;0;0;1;0;0;0;0;1;1
5;2015;0;1;2;Demacro;9122966;2;0;0;0;NA;0;0;0;0;0;0;0;0;0;0;1;0
5;2015;0;1;3;Deinter 1;2453387;0;0;0;0;NA;0;0;0;1;0;1;0;0;1;0;0;1
5;2015;0;1;4;Deinter 2;3625638;0;0;0;0;NA;0;0;0;0;0;0;0;0;0;0;0;0
5;2015;0;1;5;Deinter 3;3567652;0;0;0;0;NA;0;0;0;0;0;0;0;0;0;0;0;0
5;2015;0;1;6;Deinter 4;1864091;0;0;0;0;NA;0;0;0;0;0;0;0;0;0;0;1;1
5;2015;0;1;7;Deinter 5;1562060;0;0;0;0;NA;0;0;0;0;0;0;0;0;0;0;0;0
5;2015;0;1;8;Deinter 6;2081531;0;0;0;0;NA;0;0;1;0;0;0;0;0;0;0;0;0
5;2015;0;1;9;Deinter 7;3032659;0;0;0;0;NA;0;0;1;0;0;0;0;0;0;0;0;0
5;2015;0;1;10;Deinter 8;1144506;0;0;0;0;NA;0;0;0;0;0;0;0;0;0;0;0;0
5;2015;0;1;11;Deinter 9;3187564;0;0;0;0;NA;0;0;0;0;0;0;0;0;0;0;0;0
5;2015;0;1;12;Deinter 10;786605;0;0;0;0;NA;0;0;0;0;0;0;0;0;0;0;0;0
5;2015;0;1;13;Decap;11967825;0;0;0;0;NA;0;0;1;0;0;0;0;0;0;0;0;0
5;2015;0;1;14;Decap;11967825;0;1;0;0;NA;0;0;0;0;0;0;0;0;0;0;0;0
5;2015;0;1;15;Decap;11967825;0;0;0;0;NA;0;0;0;0;0;0;0;0;0;0;0;0
5;2015;0;1;16;Decap;11967825;0;0;0;0;NA;0;0;0;0;0;0;0;0;0;0;0;0
5;2015;0;1;17;Decap;11967825;0;0;0;0;NA;0;0;0;0;0;0;0;0;0;0;0;0
5;2015;0;1;18;Decap;11967825;0;0;0;0;NA;0;0;0;0;0;0;0;0;0;0;0;0
5;2015;0;1;NA;NA;NA;0;0;0;0;NA;0;0;0;0;0;0;0;0;0;0;0;0
5;2016;0;1;1;Decap;12038175;0;1;0;0;NA;1;1;3;0;1;2;0;0;0;1;0;0
5;2016;0;1;2;Demacro;9204764;0;1;0;0;NA;0;0;0;2;0;0;0;0;0;1;3;1
5;2016;0;1;3;Deinter 1;2475879;0;0;0;0;NA;0;0;0;0;0;0;0;0;0;0;0;1
5;2016;0;1;4;Deinter 2;3666201;0;0;0;0;NA;0;0;0;0;0;0;0;0;0;0;0;0
5;2016;0;1;5;Deinter 3;3598661;0;0;0;0;NA;1;0;1;0;0;1;0;0;1;0;4;0
5;2016;0;1;6;Deinter 4;1875589;0;0;0;0;NA;0;0;0;0;0;0;0;0;0;0;2;0
5;2016;0;1;7;Deinter 5;1573701;0;0;0;0;NA;0;0;1;0;0;0;0;0;0;0;1;0
5;2016;0;1;8;Deinter 6;2097502;0;0;0;0;NA;0;0;0;0;0;0;0;0;0;0;0;0
5;2016;0;1;9;Deinter 7;3060372;0;1;0;0;NA;0;0;0;0;0;0;0;0;0;0;0;0
5;2016;0;1;10;Deinter 8;1149906;0;0;0;0;NA;0;0;0;0;0;0;0;0;0;0;0;0
5;2016;0;1;11;Deinter 9;3217014;0;0;0;0;NA;0;0;0;0;0;0;0;0;0;0;1;0
5;2016;0;1;12;Deinter 10;791935;0;0;0;0;NA;0;0;0;0;0;0;0;0;0;0;0;0
5;2016;0;1;13;Decap;12038175;0;0;0;0;NA;0;0;0;0;0;0;0;0;0;0;0;0
5;2016;0;1;14;Decap;12038175;0;0;0;0;NA;0;0;0;0;0;0;0;0;0;0;0;0
5;2016;0;1;15;Decap;12038175;0;0;0;0;NA;0;0;3;0;0;0;0;0;0;0;1;0
5;2016;0;1;16;Decap;12038175;0;0;0;0;NA;0;0;0;0;0;0;0;0;0;0;0;0
5;2016;0;1;17;Decap;12038175;0;0;0;0;NA;0;0;0;0;0;0;0;0;0;0;0;0
5;2016;0;1;18;Decap;12038175;0;0;0;0;NA;0;0;0;0;0;2;0;0;0;0;0;2
5;2016;0;1;NA;NA;NA;0;0;0;0;NA;0;0;0;0;0;0;0;0;0;0;0;0
5;2017;0;1;1;Decap;12106920;0;0;0;0;NA;0;0;1;0;0;0;0;0;0;0;6;2
5;2017;0;1;2;Demacro;9284704;0;1;0;0;NA;0;0;1;0;0;0;0;0;0;0;0;1
5;2017;0;1;3;Deinter 1;2497857;0;0;0;1;NA;0;0;0;0;0;0;0;0;0;1;0;0
5;2017;0;1;4;Deinter 2;3705840;0;0;0;0;NA;0;0;0;0;0;0;0;0;0;0;0;0
5;2017;0;1;5;Deinter 3;3654014;0;0;0;0;NA;0;0;0;0;0;0;0;0;0;0;0;0
5;2017;0;1;6;Deinter 4;1886819;0;0;0;0;NA;0;0;0;0;0;0;0;0;0;1;0;0
5;2017;0;1;7;Deinter 5;1565726;0;0;0;0;NA;0;0;0;0;0;0;0;0;0;0;2;0
5;2017;0;1;8;Deinter 6;2113105;0;0;0;0;NA;0;0;0;0;0;0;0;0;0;0;0;0
5;2017;0;1;9;Deinter 7;3087457;3;0;0;0;NA;0;0;0;0;0;1;0;0;0;0;1;0
5;2017;0;1;10;Deinter 8;1149492;0;0;0;0;NA;0;0;0;0;0;0;0;0;0;0;0;1
5;2017;0;1;11;Deinter 9;3245798;0;0;0;0;NA;0;0;0;3;0;0;0;0;0;0;3;2
5;2017;0;1;12;Deinter 10;797134;0;0;0;0;NA;0;0;0;1;0;0;0;0;0;1;0;0
5;2017;0;1;13;Decap;12106920;0;0;0;0;NA;0;0;1;0;0;0;0;0;0;0;0;0
5;2017;0;1;14;Decap;12106920;0;2;0;0;NA;0;0;0;0;0;0;0;0;0;0;0;1
5;2017;0;1;15;Decap;12106920;0;0;0;0;NA;0;0;1;0;0;0;0;0;0;0;1;0
5;2017;0;1;16;Decap;12106920;0;0;0;0;NA;0;0;0;0;2;2;0;0;0;0;0;0
5;2017;0;1;17;Decap;12106920;0;0;0;0;NA;0;0;0;0;0;0;0;0;0;0;0;0
5;2017;0;1;18;Decap;12106920;0;0;0;0;NA;0;0;0;0;0;0;0;0;0;0;0;0
5;2017;0;1;NA;NA;NA;0;0;0;0;NA;0;0;0;0;0;0;0;0;0;0;0;0
5;2018;0;1;1;Decap;12176866;0;0;0;0;NA;0;0;1;0;0;0;0;0;0;0;2;2
5;2018;0;1;2;Demacro;9394415;1;1;0;0;NA;0;1;0;0;0;0;0;0;0;0;0;2
5;2018;0;1;3;Deinter 1;2528345;0;0;0;0;NA;0;0;0;0;1;0;0;0;0;0;2;0
5;2018;0;1;4;Deinter 2;3765555;0;1;0;0;NA;0;0;0;0;0;0;0;0;0;0;0;0
5;2018;0;1;5;Deinter 3;3694912;0;0;0;0;NA;0;0;0;0;0;0;0;0;0;0;0;1
5;2018;0;1;6;Deinter 4;1898795;0;0;0;0;NA;0;0;0;0;0;0;0;0;0;0;1;0
5;2018;0;1;7;Deinter 5;1579772;0;0;0;0;NA;0;0;0;0;0;0;0;0;0;0;1;0
5;2018;0;1;8;Deinter 6;2132735;0;0;0;0;NA;0;0;2;0;0;0;0;0;0;0;2;0
5;2018;0;1;9;Deinter 7;3124964;1;0;0;0;NA;0;0;0;0;0;0;0;0;0;0;0;0
5;2018;0;1;10;Deinter 8;1153568;0;0;0;0;NA;0;0;0;0;0;0;0;0;0;0;1;0
5;2018;0;1;11;Deinter 9;3285865;0;0;0;0;NA;0;0;0;0;0;0;0;0;0;0;0;0
5;2018;0;1;12;Deinter 10;803144;0;0;0;0;NA;0;0;0;0;0;0;0;0;0;0;0;0
5;2018;0;1;13;Decap;12176866;1;0;0;0;NA;0;0;1;0;0;0;0;0;0;0;0;0
5;2018;0;1;14;Decap;12176866;1;1;0;0;NA;0;0;0;1;0;0;0;0;0;0;1;1
5;2018;0;1;15;Decap;12176866;0;0;0;0;NA;0;0;0;0;0;0;0;0;0;0;0;0
5;2018;0;1;16;Decap;12176866;0;0;0;0;NA;0;0;0;0;1;2;0;0;0;0;0;0
5;2018;0;1;17;Decap;12176866;0;0;0;0;NA;0;0;0;0;0;0;0;0;0;0;0;0
5;2018;0;1;18;Decap;12176866;0;0;0;0;NA;0;0;0;0;0;0;0;0;0;0;0;0
5;2018;0;1;NA;NA;NA;0;0;0;0;NA;0;0;0;0;0;0;0;0;0;0;0;0
5;2019;0;1;1;Decap;12252023;0;0;0;0;NA;0;0;0;1;0;1;0;0;0;0;0;1
5;2019;0;1;2;Demacro;NA;1;0;0;0;NA;0;0;2;1;0;2;0;0;0;0;0;1
5;2019;0;1;3;Deinter 1;2552610;0;0;0;0;NA;0;0;0;0;0;0;0;0;0;0;0;0
5;2019;0;1;4;Deinter 2;NA;0;0;0;0;NA;0;0;0;0;0;0;0;0;0;0;0;0
5;2019;0;1;5;Deinter 3;3728399;0;0;0;0;NA;0;0;0;0;0;0;0;0;0;0;1;0
5;2019;0;1;6;Deinter 4;1911091;0;0;0;0;NA;0;0;1;0;0;0;0;0;0;0;0;0
5;2019;0;1;7;Deinter 5;1592219;0;0;0;0;NA;0;0;0;0;0;0;0;0;0;0;0;0
5;2019;0;1;8;Deinter 6;2149906;0;0;0;0;NA;0;0;0;0;0;0;0;0;0;0;0;0
5;2019;0;1;9;Deinter 7;3154869;0;0;0;0;NA;0;0;0;0;0;0;0;0;0;0;0;0
5;2019;0;1;10;Deinter 8;1159300;0;0;0;0;NA;0;0;0;0;0;0;0;0;0;0;0;0
5;2019;0;1;11;Deinter 9;3317647;1;0;0;0;NA;0;0;0;0;0;0;0;0;0;0;2;0
5;2019;0;1;12;Deinter 10;808855;0;0;0;0;NA;0;0;0;0;0;0;0;0;0;0;0;0
5;2019;0;1;13;Decap;12252023;0;0;0;0;NA;0;0;0;0;0;0;0;0;0;0;0;0
5;2019;0;1;14;Decap;12252023;0;0;0;0;NA;0;0;0;0;0;0;0;0;0;0;0;0
5;2019;0;1;15;Decap;12252023;0;0;0;0;NA;0;0;1;0;0;0;0;0;0;0;1;0
5;2019;0;1;16;Decap;12252023;0;0;0;0;NA;0;0;0;0;1;0;3;0;0;0;1;0
5;2019;0;1;17;Decap;12252023;0;0;0;0;NA;0;0;0;0;0;0;0;0;0;0;0;0
5;2019;0;1;18;Decap;12252023;0;0;0;0;NA;0;0;0;0;0;0;0;0;0;0;0;0
5;2019;0;1;NA;NA;NA;0;0;0;0;NA;0;0;0;0;0;0;0;0;0;0;0;0
5;2020;0;1;1;Decap;12325232;0;0;0;0;NA;0;0;1;1;0;2;0;0;0;0;1;0
5;2020;0;1;2;Demacro;9568610;2;0;0;1;NA;0;0;1;1;0;0;0;0;0;0;0;1
5;2020;0;1;3;Deinter 1;2576250;0;0;0;0;NA;0;0;0;0;0;0;0;0;0;0;0;0
5;2020;0;1;4;Deinter 2;3852244;0;0;0;0;NA;0;0;0;0;0;0;0;0;0;0;0;0
5;2020;0;1;5;Deinter 3;3761025;0;0;0;0;NA;0;0;0;0;0;0;0;0;0;0;0;0
5;2020;0;1;6;Deinter 4;1923070;0;0;0;0;NA;0;0;0;0;0;0;0;0;0;0;1;0
5;2020;0;1;7;Deinter 5;1604342;0;0;0;0;NA;0;0;0;0;0;0;0;0;0;0;0;0
5;2020;0;1;8;Deinter 6;2166632;0;0;0;0;NA;0;0;1;0;0;0;0;0;0;0;0;2
5;2020;0;1;9;Deinter 7;3184000;0;0;0;0;NA;0;0;0;0;0;0;0;0;0;0;0;0
5;2020;0;1;10;Deinter 8;1164891;0;0;0;0;NA;0;0;0;0;0;0;0;0;0;0;0;0
5;2020;0;1;11;Deinter 9;3348615;0;0;0;0;NA;0;0;0;0;0;0;1;0;0;0;0;0
5;2020;0;1;12;Deinter 10;814422;0;0;0;0;NA;0;0;0;0;0;0;1;0;0;0;0;0
5;2020;0;1;13;Decap;12325232;0;0;0;0;NA;0;0;0;0;0;0;0;0;0;0;0;0
5;2020;0;1;14;Decap;12325232;0;1;0;0;NA;0;0;0;0;0;0;0;0;0;0;0;0
5;2020;0;1;15;Decap;12325232;0;0;0;0;NA;0;0;0;0;0;0;0;0;0;0;0;0
5;2020;0;1;16;Decap;12325232;0;0;0;0;NA;0;0;0;0;0;0;0;1;0;0;0;0
5;2020;0;1;17;Decap;12325232;0;0;0;0;NA;0;0;0;0;0;0;0;0;0;0;0;0
5;2020;0;1;18;Decap;12325232;0;0;0;0;NA;0;0;0;0;0;0;0;0;0;0;0;0
5;2020;0;1;NA;NA;NA;0;0;0;0;NA;0;0;0;0;0;0;0;0;0;0;0;0
5;2021;0;1;1;Decap;12396372;0;0;0;0;NA;0;0;2;0;0;0;0;0;0;1;0;0
5;2021;0;1;2;Demacro;9652132;1;1;0;0;NA;0;0;0;0;0;1;0;0;0;0;0;0
5;2021;0;1;3;Deinter 1;2599218;0;0;0;0;NA;0;0;0;0;0;0;0;0;0;0;0;0
5;2021;0;1;4;Deinter 2;3893806;0;0;0;0;NA;0;0;0;0;0;0;0;0;0;0;0;0
5;2021;0;1;5;Deinter 3;3792726;0;0;0;0;NA;0;0;0;0;0;0;0;0;0;0;0;0
5;2021;0;1;6;Deinter 4;1934714;0;0;0;0;NA;0;0;0;0;0;0;2;0;0;0;2;0
5;2021;0;1;7;Deinter 5;1616129;1;0;0;0;NA;0;0;0;0;0;0;0;0;0;0;0;0
5;2021;0;1;8;Deinter 6;2182882;0;0;0;0;NA;0;0;0;0;0;0;0;0;0;0;1;0
5;2021;0;1;9;Deinter 7;3212306;0;0;0;0;NA;0;0;1;0;0;0;0;0;0;0;1;0
5;2021;0;1;10;Deinter 8;1170317;0;0;0;0;NA;0;0;0;0;0;0;0;0;0;0;1;0
5;2021;0;1;11;Deinter 9;3378700;0;0;0;0;NA;0;0;0;0;0;0;0;0;0;0;0;0
5;2021;0;1;12;Deinter 10;819830;0;0;0;0;NA;0;0;0;0;0;0;0;0;0;0;0;0
5;2021;0;1;13;Decap;12396372;0;0;0;0;NA;0;0;1;0;0;0;0;0;0;0;0;0
5;2021;0;1;14;Decap;12396372;1;0;0;0;NA;0;0;0;0;0;0;0;0;0;0;0;0
5;2021;0;1;15;Decap;12396372;0;0;0;0;NA;0;0;0;0;0;0;0;0;0;0;0;0
5;2021;0;1;16;Decap;12396372;0;0;0;0;NA;0;0;0;0;0;1;0;0;0;0;0;0
5;2021;0;1;17;Decap;12396372;0;0;0;0;NA;0;0;0;0;0;0;0;0;0;0;0;0
5;2021;0;1;18;Decap;12396372;0;0;0;0;NA;0;0;0;0;0;0;0;0;0;0;0;0
5;2021;0;1;NA;NA;NA;0;0;0;0;NA;0;0;0;0;0;0;0;0;0;0;0;0
5;2022;0;1;1;Decap;12396372;0;0;1;0;NA;0;0;1;2;0;0;0;0;0;0;2;0
5;2022;0;1;2;Demacro;9652132;0;2;0;0;NA;0;0;3;1;1;0;2;0;0;0;4;0
5;2022;0;1;3;Deinter 1;2599218;0;0;0;0;NA;0;0;0;0;0;0;0;0;0;0;0;0
5;2022;0;1;4;Deinter 2;3893806;0;1;0;0;NA;0;0;0;1;0;0;0;0;0;0;0;0
5;2022;0;1;5;Deinter 3;3792726;0;0;0;0;NA;0;0;0;0;0;0;0;0;0;0;0;1
5;2022;0;1;6;Deinter 4;1934714;0;0;0;0;NA;0;0;0;0;0;0;0;0;0;0;0;0
5;2022;0;1;7;Deinter 5;1616129;0;0;0;0;NA;0;0;1;0;0;0;0;0;0;0;4;0
5;2022;0;1;8;Deinter 6;2182882;0;0;0;0;NA;0;0;1;0;0;0;0;0;0;0;0;0
5;2022;0;1;9;Deinter 7;3212306;0;0;0;0;NA;0;0;0;0;0;0;0;0;0;0;0;1
5;2022;0;1;10;Deinter 8;1170317;0;0;0;0;NA;0;0;1;0;0;0;0;0;0;0;1;0
5;2022;0;1;11;Deinter 9;3378700;0;0;0;0;NA;0;0;0;0;0;0;0;0;0;0;0;0
5;2022;0;1;12;Deinter 10;819830;0;0;0;0;NA;0;0;0;0;0;0;0;0;0;0;0;0
5;2022;0;1;13;Decap;12396372;0;0;0;0;NA;0;0;0;0;0;0;0;0;0;0;1;0
5;2022;0;1;14;Decap;12396372;1;0;0;0;NA;0;0;0;0;0;0;0;0;0;0;0;0
5;2022;0;1;15;Decap;12396372;0;0;0;0;NA;0;0;0;0;0;0;0;0;0;0;0;0
5;2022;0;1;16;Decap;12396372;0;0;0;0;NA;0;0;0;0;3;7;0;0;0;0;0;1
5;2022;0;1;17;Decap;12396372;0;0;0;0;NA;0;0;0;0;0;0;0;0;0;0;0;0
5;2022;0;1;18;Decap;12396372;0;0;0;0;NA;0;0;0;0;0;0;0;0;0;0;0;0
5;2022;0;1;NA;NA;NA;0;0;0;0;NA;0;0;0;0;0;0;0;0;0;0;0;0
6;2010;0;1;1;Decap;11244369;0;0;0;0;NA;0;0;0;0;2;0;0;0;0;0;2;0
6;2010;0;1;2;Demacro;8428213;1;0;0;1;NA;0;0;1;0;0;1;0;0;0;0;0;1
6;2010;0;1;3;Deinter 1;2262723;1;0;0;0;NA;0;0;0;0;0;0;0;0;0;0;2;0
6;2010;0;1;4;Deinter 2;3307513;0;0;0;0;NA;0;0;0;0;0;0;0;0;0;0;0;0
6;2010;0;1;5;Deinter 3;3302679;1;0;0;0;NA;0;0;0;0;0;0;0;0;0;0;1;0
6;2010;0;1;6;Deinter 4;1750734;0;0;0;0;NA;0;0;1;0;0;0;0;0;0;0;0;1
6;2010;0;1;7;Deinter 5;1456209;0;0;0;0;NA;0;2;0;0;0;0;0;0;0;0;0;0
6;2010;0;1;8;Deinter 6;1936708;0;0;0;0;NA;0;0;0;0;0;0;0;0;0;0;0;1
6;2010;0;1;9;Deinter 7;2800360;0;0;0;0;NA;0;0;0;0;0;0;0;0;0;0;3;0
6;2010;0;1;10;Deinter 8;1083047;0;0;0;0;NA;0;0;0;0;0;0;0;0;0;0;0;0
6;2010;0;1;11;Deinter 9;2943524;0;0;0;0;NA;0;0;0;0;0;0;0;0;0;0;0;0
6;2010;0;1;12;Deinter 10;736081;0;0;0;0;NA;0;0;0;0;0;0;0;0;0;0;0;0
6;2010;0;1;13;Decap;11244369;0;0;0;0;NA;0;0;2;0;0;0;0;0;0;0;0;0
6;2010;0;1;14;Decap;11244369;0;0;0;0;NA;0;0;0;0;0;0;0;0;0;0;0;0
6;2010;0;1;15;Decap;11244369;0;0;0;0;NA;0;0;0;2;0;0;0;0;0;0;0;0
6;2010;0;1;16;Decap;11244369;0;0;0;0;NA;0;0;0;0;0;0;0;0;0;0;0;0
6;2010;0;1;17;Decap;11244369;0;0;0;0;NA;0;0;0;0;0;0;0;0;0;0;0;0
6;2010;0;1;18;Decap;11244369;0;0;0;0;NA;0;0;0;0;1;0;0;0;0;0;0;0
6;2010;0;1;NA;NA;NA;0;0;0;0;NA;0;0;0;0;0;0;0;0;0;0;0;0
6;2011;0;1;1;Decap;11316119;0;1;0;1;NA;0;0;0;0;0;2;0;0;0;0;0;1
6;2011;0;1;2;Demacro;8506440;0;1;0;0;NA;0;0;1;1;0;0;0;0;0;0;3;1
6;2011;0;1;3;Deinter 1;2285528;0;0;0;0;NA;0;0;0;0;0;1;0;0;0;0;0;0
6;2011;0;1;4;Deinter 2;3346411;0;0;0;0;NA;0;0;0;0;0;0;0;0;0;0;0;1
6;2011;0;1;5;Deinter 3;3330732;0;0;0;0;NA;0;0;0;0;0;0;0;0;0;0;0;0
6;2011;0;1;6;Deinter 4;1760330;0;0;0;0;NA;0;0;1;0;0;0;0;0;0;0;1;0
6;2011;0;1;7;Deinter 5;1466615;0;0;0;0;NA;0;0;0;0;0;0;0;0;0;0;0;0
6;2011;0;1;8;Deinter 6;1952342;0;0;0;0;NA;0;0;0;0;0;0;0;0;0;0;0;0
6;2011;0;1;9;Deinter 7;2825535;2;0;0;0;NA;0;0;0;0;0;0;0;0;0;0;0;0
6;2011;0;1;10;Deinter 8;1087849;0;0;0;0;NA;0;0;0;0;1;0;0;0;1;0;0;0
6;2011;0;1;11;Deinter 9;2968472;0;0;0;0;NA;0;0;0;0;0;0;0;0;0;0;0;0
6;2011;0;1;12;Deinter 10;740809;0;0;0;0;NA;0;0;0;0;0;0;0;0;0;0;0;0
6;2011;0;1;13;Decap;11316119;0;0;0;0;NA;0;0;2;0;0;0;0;0;0;0;0;0
6;2011;0;1;14;Decap;11316119;0;0;0;0;NA;0;0;0;0;0;0;0;0;0;0;0;1
6;2011;0;1;15;Decap;11316119;0;0;0;0;NA;0;0;0;0;0;0;0;0;0;0;0;0
6;2011;0;1;16;Decap;11316119;0;0;0;0;NA;0;0;0;0;0;0;0;0;0;0;0;0
6;2011;0;1;17;Decap;11316119;0;0;0;0;NA;0;0;0;0;0;0;0;0;0;0;0;0
6;2011;0;1;18;Decap;11316119;0;0;0;0;NA;0;0;0;0;0;0;0;0;0;0;0;0
6;2011;0;1;NA;NA;NA;0;0;0;0;NA;0;0;0;0;0;0;0;0;0;0;0;0
6;2012;0;1;1;Decap;11376685;0;0;0;1;NA;0;0;1;0;1;5;0;0;0;0;1;0
6;2012;0;1;2;Demacro;8579905;0;0;0;0;NA;0;0;1;0;0;0;0;0;0;0;2;1
6;2012;0;1;3;Deinter 1;2305758;0;0;0;0;NA;0;0;0;0;0;0;0;0;0;0;0;1
6;2012;0;1;4;Deinter 2;3383407;0;0;0;0;NA;0;0;0;0;0;0;0;0;0;0;0;0
6;2012;0;1;5;Deinter 3;3358517;0;0;0;0;NA;0;0;0;0;0;0;0;0;0;0;0;0
6;2012;0;1;6;Deinter 4;1770282;0;0;0;0;NA;0;0;0;0;0;0;0;0;0;0;0;0
6;2012;0;1;7;Deinter 5;1476901;0;0;0;0;NA;0;0;0;0;0;0;0;0;0;1;0;0
6;2012;0;1;8;Deinter 6;1966489;0;0;0;0;NA;0;0;0;0;0;0;0;0;0;0;0;0
6;2012;0;1;9;Deinter 7;2850458;0;0;0;0;NA;0;0;0;0;0;0;0;0;0;0;0;0
6;2012;0;1;10;Deinter 8;1092359;0;0;0;0;NA;0;0;0;0;0;0;0;0;0;0;0;0
6;2012;0;1;11;Deinter 9;2994987;1;1;0;0;NA;0;0;3;0;0;0;0;0;0;0;0;0
6;2012;0;1;12;Deinter 10;745471;0;0;0;0;NA;0;0;0;0;0;0;0;0;0;0;0;0
6;2012;0;1;13;Decap;11376685;0;0;0;0;NA;0;0;0;0;0;0;0;0;0;0;1;0
6;2012;0;1;14;Decap;11376685;0;0;0;0;NA;0;0;0;0;0;0;0;0;0;0;0;0
6;2012;0;1;15;Decap;11376685;0;0;0;0;NA;0;0;0;0;0;1;0;0;0;0;0;0
6;2012;0;1;16;Decap;11376685;0;0;0;0;NA;0;0;0;0;0;0;0;0;0;0;0;0
6;2012;0;1;17;Decap;11376685;0;0;0;0;NA;0;0;0;0;0;0;0;0;0;0;0;0
6;2012;0;1;18;Decap;11376685;0;0;0;0;NA;0;0;0;0;0;0;0;0;0;0;0;0
6;2012;0;1;NA;NA;NA;0;0;0;0;NA;0;0;0;0;0;0;0;0;0;0;0;0
6;2013;1;1;1;Decap;11821873;0;0;0;0;NA;0;0;0;0;0;2;0;0;0;1;0;2
6;2013;1;1;2;Demacro;8953241;1;0;0;0;NA;0;0;1;0;0;0;0;1;0;0;0;1
6;2013;1;1;3;Deinter 1;2406735;0;0;0;0;NA;0;0;1;0;0;1;0;0;0;0;0;0
6;2013;1;1;4;Deinter 2;3541481;0;0;0;0;NA;0;0;0;0;0;0;0;0;0;0;0;0
6;2013;1;1;5;Deinter 3;3503301;0;0;0;0;NA;0;0;0;0;0;0;0;0;0;0;0;0
6;2013;1;1;6;Deinter 4;1840239;0;0;0;0;NA;0;0;0;0;0;0;0;0;0;0;3;0
6;2013;1;1;7;Deinter 5;1537918;0;0;0;0;NA;0;0;0;0;0;0;0;0;0;0;1;0
6;2013;1;1;8;Deinter 6;2048410;0;0;0;0;NA;0;0;0;0;0;0;0;0;0;0;0;0
6;2013;1;1;9;Deinter 7;2975156;0;0;0;0;NA;0;0;0;0;0;0;0;0;0;0;0;0
6;2013;1;1;10;Deinter 8;1133298;0;0;0;0;NA;0;0;0;0;1;0;0;1;0;0;2;1
6;2013;1;1;11;Deinter 9;3126459;0;0;0;0;NA;0;0;0;0;0;0;0;0;0;0;0;0
6;2013;1;1;12;Deinter 10;775558;0;0;0;0;NA;0;0;0;0;0;0;0;0;0;0;0;0
6;2013;1;1;13;Decap;11821873;0;0;0;0;NA;0;0;3;0;0;1;2;0;0;0;0;0
6;2013;1;1;14;Decap;11821873;0;1;0;0;NA;0;0;0;0;0;0;1;0;0;0;0;0
6;2013;1;1;15;Decap;11821873;0;0;0;0;NA;0;0;0;0;0;0;0;0;0;0;0;0
6;2013;1;1;16;Decap;11821873;0;0;0;0;NA;0;0;0;0;0;0;0;0;0;0;0;0
6;2013;1;1;17;Decap;11821873;0;0;0;0;NA;0;0;0;0;0;0;0;0;0;0;0;0
6;2013;1;1;18;Decap;11821873;0;0;0;0;NA;0;0;0;0;0;0;0;0;0;0;0;0
6;2013;1;1;NA;NA;NA;0;0;0;0;NA;0;0;0;0;0;0;0;0;0;0;0;0
6;2014;0;1;1;Decap;11895893;0;0;0;0;NA;0;0;0;0;0;1;0;0;0;0;0;3
6;2014;0;1;2;Demacro;9039311;1;1;0;0;NA;0;0;0;0;0;0;0;0;0;0;0;1
6;2014;0;1;3;Deinter 1;2430392;0;0;0;0;NA;0;0;0;0;0;0;0;0;0;0;0;0
6;2014;0;1;4;Deinter 2;3584160;0;0;0;0;NA;0;0;0;0;0;0;0;0;0;0;0;0
6;2014;0;1;5;Deinter 3;3535932;0;0;0;0;NA;0;0;0;0;0;0;0;0;0;0;0;1
6;2014;0;1;6;Deinter 4;1852338;0;0;0;0;NA;0;0;0;0;0;0;0;0;0;0;0;0
6;2014;0;1;7;Deinter 5;1550161;0;0;0;0;NA;0;0;0;0;0;0;0;0;0;0;0;0
6;2014;0;1;8;Deinter 6;2065208;0;0;0;0;NA;0;0;0;0;0;0;0;0;0;0;0;0
6;2014;0;1;9;Deinter 7;3004319;0;0;0;0;NA;0;0;0;1;1;0;0;0;0;0;1;0
6;2014;0;1;10;Deinter 8;1138981;0;0;0;0;NA;0;0;0;0;0;0;0;0;0;0;3;0
6;2014;0;1;11;Deinter 9;3157448;0;0;0;0;NA;0;0;0;0;0;0;0;0;0;0;0;0
6;2014;0;1;12;Deinter 10;781161;0;0;0;0;NA;0;0;0;0;0;0;0;0;0;0;0;0
6;2014;0;1;13;Decap;11895893;0;0;0;0;NA;0;0;0;0;0;0;0;0;0;0;0;0
6;2014;0;1;14;Decap;11895893;1;0;0;0;NA;0;0;0;0;0;0;0;0;0;0;0;0
6;2014;0;1;15;Decap;11895893;0;0;0;0;NA;0;0;0;0;0;0;0;0;0;0;0;0
6;2014;0;1;16;Decap;11895893;0;0;0;0;NA;0;0;0;0;0;0;0;0;0;0;0;0
6;2014;0;1;17;Decap;11895893;0;0;0;0;NA;0;0;0;0;0;0;0;0;0;0;0;0
6;2014;0;1;18;Decap;11895893;0;0;0;0;NA;0;0;0;0;0;0;0;0;0;0;1;0
6;2014;0;1;NA;NA;NA;0;0;0;0;NA;0;0;0;0;0;0;0;0;0;0;0;0
6;2015;0;1;1;Decap;11967825;0;0;0;0;NA;0;0;0;0;1;3;0;0;0;0;1;0
6;2015;0;1;2;Demacro;9122966;1;0;0;0;NA;0;0;0;0;0;0;0;0;0;0;2;0
6;2015;0;1;3;Deinter 1;2453387;0;0;0;0;NA;0;0;0;0;0;0;0;1;0;0;1;1
6;2015;0;1;4;Deinter 2;3625638;0;0;0;0;NA;0;0;0;0;0;0;0;0;0;0;0;0
6;2015;0;1;5;Deinter 3;3567652;0;0;0;0;NA;0;0;0;0;0;0;0;0;0;0;2;0
6;2015;0;1;6;Deinter 4;1864091;0;0;0;0;NA;0;0;0;0;0;0;0;0;0;0;2;0
6;2015;0;1;7;Deinter 5;1562060;0;0;0;0;NA;0;0;0;0;1;0;0;0;1;0;1;0
6;2015;0;1;8;Deinter 6;2081531;0;0;0;0;NA;0;0;0;0;0;0;0;0;0;0;0;0
6;2015;0;1;9;Deinter 7;3032659;1;0;0;0;NA;0;0;1;0;0;0;0;0;0;0;0;0
6;2015;0;1;10;Deinter 8;1144506;0;0;0;0;NA;0;0;0;0;0;0;0;0;0;0;1;0
6;2015;0;1;11;Deinter 9;3187564;0;0;0;0;NA;0;0;0;1;0;0;0;0;0;0;0;0
6;2015;0;1;12;Deinter 10;786605;0;0;0;0;NA;0;0;0;0;0;0;0;0;0;0;0;0
6;2015;0;1;13;Decap;11967825;0;0;0;0;NA;0;0;0;0;0;0;0;0;0;0;0;0
6;2015;0;1;14;Decap;11967825;0;0;0;0;NA;0;0;1;0;0;0;0;0;0;1;0;0
6;2015;0;1;15;Decap;11967825;0;0;0;0;NA;0;0;0;0;0;0;0;0;0;0;0;0
6;2015;0;1;16;Decap;11967825;0;0;0;0;NA;0;0;0;0;0;0;0;0;0;0;0;0
6;2015;0;1;17;Decap;11967825;0;0;0;0;NA;0;0;0;0;0;0;0;0;0;0;0;0
6;2015;0;1;18;Decap;11967825;0;0;0;0;NA;0;0;0;0;0;0;0;0;0;0;0;0
6;2015;0;1;NA;NA;NA;0;0;0;0;NA;0;0;0;0;0;0;0;0;0;0;0;0
6;2016;0;1;1;Decap;12038175;0;0;0;0;NA;0;0;1;0;0;0;0;0;0;0;2;1
6;2016;0;1;2;Demacro;9204764;0;0;0;0;NA;0;0;1;0;0;0;0;13;1;0;0;0
6;2016;0;1;3;Deinter 1;2475879;0;0;0;0;NA;0;0;0;0;0;0;0;0;0;0;0;0
6;2016;0;1;4;Deinter 2;3666201;0;0;0;0;NA;0;0;0;1;0;0;0;0;0;0;0;1
6;2016;0;1;5;Deinter 3;3598661;0;0;0;0;NA;0;0;1;0;0;0;0;0;0;0;1;0
6;2016;0;1;6;Deinter 4;1875589;0;0;0;0;NA;0;0;0;0;0;0;0;0;0;0;0;0
6;2016;0;1;7;Deinter 5;1573701;0;0;0;0;NA;0;0;0;0;0;0;0;0;0;1;0;0
6;2016;0;1;8;Deinter 6;2097502;0;0;0;0;NA;0;0;1;0;0;0;1;0;0;0;0;0
6;2016;0;1;9;Deinter 7;3060372;0;0;0;0;NA;0;0;0;0;0;0;0;0;0;0;0;0
6;2016;0;1;10;Deinter 8;1149906;0;0;0;0;NA;0;0;0;0;0;0;0;0;0;0;0;0
6;2016;0;1;11;Deinter 9;3217014;0;0;0;0;NA;0;1;0;0;0;0;0;1;0;0;3;0
6;2016;0;1;12;Deinter 10;791935;0;0;0;0;NA;0;0;0;0;0;0;0;0;0;0;0;1
6;2016;0;1;13;Decap;12038175;0;0;0;0;NA;0;0;0;0;0;0;0;0;0;0;2;0
6;2016;0;1;14;Decap;12038175;0;0;0;0;NA;0;0;0;0;0;0;0;0;0;0;0;0
6;2016;0;1;15;Decap;12038175;0;0;0;0;NA;0;0;0;0;0;0;1;0;0;0;0;0
6;2016;0;1;16;Decap;12038175;0;1;0;0;NA;0;0;0;0;0;0;0;0;0;0;0;0
6;2016;0;1;17;Decap;12038175;0;0;0;0;NA;0;0;0;0;0;0;0;0;0;0;0;0
6;2016;0;1;18;Decap;12038175;0;0;0;0;NA;0;0;0;0;0;0;0;0;0;0;0;0
6;2016;0;1;NA;NA;NA;0;0;0;0;NA;0;0;0;0;0;0;0;0;0;0;0;0
6;2017;1;1;1;Decap;12106920;0;0;0;0;NA;0;0;1;0;0;0;0;0;0;0;0;0
6;2017;1;1;2;Demacro;9284704;0;0;0;0;NA;0;0;1;0;0;1;0;0;0;1;1;0
6;2017;1;1;3;Deinter 1;2497857;0;0;0;0;NA;0;0;0;0;0;0;0;0;0;0;0;0
6;2017;1;1;4;Deinter 2;3705840;0;0;0;0;NA;0;0;0;2;0;0;0;0;0;0;0;0
6;2017;1;1;5;Deinter 3;3654014;0;0;0;0;NA;0;0;0;0;0;0;0;0;0;0;3;0
6;2017;1;1;6;Deinter 4;1886819;0;0;0;0;NA;0;0;0;0;0;0;0;0;0;0;0;0
6;2017;1;1;7;Deinter 5;1565726;0;0;0;0;NA;0;0;0;0;0;0;0;0;0;0;0;0
6;2017;1;1;8;Deinter 6;2113105;0;2;0;0;NA;0;0;0;0;0;0;0;0;0;0;0;0
6;2017;1;1;9;Deinter 7;3087457;1;0;0;0;NA;0;0;0;0;0;0;0;0;0;0;0;1
6;2017;1;1;10;Deinter 8;1149492;0;0;0;0;NA;0;0;0;0;0;0;0;0;0;0;0;0
6;2017;1;1;11;Deinter 9;3245798;0;0;0;0;NA;0;0;3;0;0;0;0;0;0;0;0;0
6;2017;1;1;12;Deinter 10;797134;0;0;0;0;NA;0;0;0;0;0;0;0;0;0;0;1;0
6;2017;1;1;13;Decap;12106920;1;0;0;0;NA;0;0;2;0;0;0;0;0;0;0;0;0
6;2017;1;1;14;Decap;12106920;0;1;0;0;NA;0;0;0;0;0;0;0;0;0;0;0;1
6;2017;1;1;15;Decap;12106920;0;0;0;0;NA;0;0;0;0;0;0;0;0;0;0;0;0
6;2017;1;1;16;Decap;12106920;0;0;0;0;NA;0;0;0;0;0;2;0;0;0;0;0;0
6;2017;1;1;17;Decap;12106920;0;0;0;0;NA;0;0;0;0;0;0;0;0;0;0;0;0
6;2017;1;1;18;Decap;12106920;0;0;0;0;NA;0;0;0;0;0;0;0;0;0;0;0;0
6;2017;1;1;NA;NA;NA;0;0;0;0;NA;0;0;0;0;0;0;0;0;0;0;0;0
6;2018;0;1;1;Decap;12176866;0;0;0;0;NA;0;0;1;0;0;0;0;0;0;0;0;1
6;2018;0;1;2;Demacro;9394415;0;1;0;0;NA;0;0;0;0;0;0;1;0;0;0;2;1
6;2018;0;1;3;Deinter 1;2528345;1;0;0;0;NA;0;0;0;0;0;0;0;0;0;0;0;0
6;2018;0;1;4;Deinter 2;3765555;0;0;0;0;NA;0;0;1;0;0;1;0;0;0;0;0;1
6;2018;0;1;5;Deinter 3;3694912;0;0;0;0;NA;0;0;0;0;0;0;0;0;0;0;0;0
6;2018;0;1;6;Deinter 4;1898795;0;0;0;0;NA;0;0;1;0;0;0;0;0;0;0;1;0
6;2018;0;1;7;Deinter 5;1579772;0;0;0;0;NA;0;0;0;0;0;0;0;0;0;0;0;0
6;2018;0;1;8;Deinter 6;2132735;0;0;0;0;NA;0;0;1;1;0;0;1;0;0;0;2;0
6;2018;0;1;9;Deinter 7;3124964;0;0;0;1;NA;0;0;0;0;0;1;0;0;0;0;0;0
6;2018;0;1;10;Deinter 8;1153568;0;0;0;0;NA;0;0;0;0;0;0;0;0;0;0;0;0
6;2018;0;1;11;Deinter 9;3285865;0;0;0;0;NA;0;0;0;0;0;0;1;0;0;0;1;0
6;2018;0;1;12;Deinter 10;803144;0;0;0;0;NA;0;0;0;0;0;0;0;0;0;0;0;0
6;2018;0;1;13;Decap;12176866;0;0;0;0;NA;0;0;2;0;0;0;0;0;0;0;0;0
6;2018;0;1;14;Decap;12176866;1;0;0;0;NA;0;0;0;0;0;0;0;0;0;0;0;0
6;2018;0;1;15;Decap;12176866;0;0;0;0;NA;0;0;0;0;0;0;0;0;0;0;1;0
6;2018;0;1;16;Decap;12176866;0;0;0;0;NA;0;0;0;0;0;5;0;1;0;0;0;1
6;2018;0;1;17;Decap;12176866;0;0;0;0;NA;0;0;0;0;0;0;0;0;0;0;0;0
6;2018;0;1;18;Decap;12176866;0;0;0;0;NA;0;0;0;0;0;0;0;0;0;0;0;0
6;2018;0;1;NA;NA;NA;0;0;0;0;NA;0;0;0;0;0;0;0;0;0;0;0;0
6;2019;0;1;1;Decap;12252023;0;0;0;0;NA;0;0;1;0;0;0;0;0;0;0;3;0
6;2019;0;1;2;Demacro;NA;0;0;0;0;NA;0;0;1;0;0;0;0;0;0;0;3;0
6;2019;0;1;3;Deinter 1;2552610;0;0;0;0;NA;0;0;0;0;0;0;0;0;0;0;0;0
6;2019;0;1;4;Deinter 2;NA;0;0;0;0;NA;0;0;1;0;0;0;0;0;0;0;1;0
6;2019;0;1;5;Deinter 3;3728399;0;0;0;0;NA;0;0;0;0;0;0;0;0;0;0;0;0
6;2019;0;1;6;Deinter 4;1911091;0;0;0;0;NA;0;0;0;0;0;0;0;0;0;0;0;0
6;2019;0;1;7;Deinter 5;1592219;0;0;0;0;NA;0;0;1;0;0;0;0;0;0;0;0;0
6;2019;0;1;8;Deinter 6;2149906;0;0;0;0;NA;0;0;1;0;0;0;0;0;0;0;0;0
6;2019;0;1;9;Deinter 7;3154869;0;0;0;0;NA;0;0;0;0;0;0;0;0;0;0;0;0
6;2019;0;1;10;Deinter 8;1159300;0;0;0;0;NA;0;0;0;0;0;0;0;0;0;0;0;0
6;2019;0;1;11;Deinter 9;3317647;0;0;0;0;NA;0;0;0;0;0;0;2;0;0;0;0;0
6;2019;0;1;12;Deinter 10;808855;0;0;0;0;NA;0;0;0;0;0;0;0;0;0;0;0;0
6;2019;0;1;13;Decap;12252023;0;0;0;0;NA;0;0;0;0;0;0;0;0;0;0;0;0
6;2019;0;1;14;Decap;12252023;1;0;0;0;NA;0;0;0;0;0;0;0;0;0;0;0;0
6;2019;0;1;15;Decap;12252023;0;0;0;0;NA;0;0;0;0;0;0;0;0;0;0;0;0
6;2019;0;1;16;Decap;12252023;0;0;0;0;NA;0;0;0;0;1;1;0;0;0;0;0;1
6;2019;0;1;17;Decap;12252023;0;0;0;0;NA;0;0;0;0;0;0;0;0;0;0;0;0
6;2019;0;1;18;Decap;12252023;0;0;0;0;NA;0;0;0;0;0;0;0;0;0;0;0;0
6;2019;0;1;NA;NA;NA;0;0;0;0;NA;0;0;0;0;0;0;0;0;0;0;0;0
6;2020;0;1;1;Decap;12325232;0;0;0;0;NA;0;0;2;1;0;0;0;0;0;0;1;1
6;2020;0;1;2;Demacro;9568610;0;1;0;0;NA;0;0;1;1;0;0;0;0;0;0;2;0
6;2020;0;1;3;Deinter 1;2576250;0;0;0;0;NA;0;0;0;0;0;0;0;0;0;0;0;0
6;2020;0;1;4;Deinter 2;3852244;0;0;0;0;NA;0;0;0;0;0;0;0;0;0;0;0;0
6;2020;0;1;5;Deinter 3;3761025;0;0;0;0;NA;0;0;0;0;0;0;0;0;0;0;0;0
6;2020;0;1;6;Deinter 4;1923070;0;0;0;0;NA;0;0;0;0;0;0;0;0;0;0;0;0
6;2020;0;1;7;Deinter 5;1604342;0;0;0;0;NA;0;0;0;0;0;0;0;0;0;0;0;0
6;2020;0;1;8;Deinter 6;2166632;0;0;0;0;NA;0;0;0;0;0;0;0;0;0;0;0;0
6;2020;0;1;9;Deinter 7;3184000;0;0;0;0;NA;0;0;0;0;0;0;0;0;0;0;0;0
6;2020;0;1;10;Deinter 8;1164891;0;0;0;0;NA;0;0;0;0;0;0;0;0;0;0;0;0
6;2020;0;1;11;Deinter 9;3348615;0;0;0;0;NA;0;0;0;0;0;0;0;0;0;0;1;0
6;2020;0;1;12;Deinter 10;814422;0;0;0;0;NA;0;0;0;0;0;0;1;0;0;0;0;1
6;2020;0;1;13;Decap;12325232;0;0;0;0;NA;0;0;1;0;0;0;0;0;0;0;0;0
6;2020;0;1;14;Decap;12325232;2;0;0;0;NA;0;0;0;0;0;0;0;0;0;0;0;0
6;2020;0;1;15;Decap;12325232;0;0;0;0;NA;0;0;1;0;0;0;0;0;0;0;1;0
6;2020;0;1;16;Decap;12325232;0;0;0;0;NA;0;0;0;0;0;0;0;0;0;0;0;0
6;2020;0;1;17;Decap;12325232;0;0;0;0;NA;0;0;0;0;0;0;0;0;0;0;0;0
6;2020;0;1;18;Decap;12325232;0;0;0;0;NA;0;0;0;0;0;0;0;0;0;0;0;0
6;2020;0;1;NA;NA;NA;0;0;0;0;NA;0;0;0;0;0;0;0;0;0;0;1;0
6;2021;0;1;1;Decap;12396372;0;0;0;0;NA;0;0;2;0;0;0;0;0;0;0;0;0
6;2021;0;1;2;Demacro;9652132;0;0;0;0;NA;0;0;0;2;0;0;0;0;0;0;0;1
6;2021;0;1;3;Deinter 1;2599218;0;0;0;0;NA;0;0;0;0;0;0;0;0;0;0;0;0
6;2021;0;1;4;Deinter 2;3893806;0;0;0;0;NA;0;0;0;0;0;2;0;0;0;0;1;1
6;2021;0;1;5;Deinter 3;3792726;0;0;0;0;NA;0;0;0;0;0;0;0;0;0;0;3;1
6;2021;0;1;6;Deinter 4;1934714;0;0;0;0;NA;0;0;0;0;0;0;1;0;0;0;1;0
6;2021;0;1;7;Deinter 5;1616129;0;0;0;0;NA;0;0;0;0;0;0;0;0;0;0;0;0
6;2021;0;1;8;Deinter 6;2182882;0;0;0;0;NA;0;0;0;0;0;0;0;0;0;0;1;0
6;2021;0;1;9;Deinter 7;3212306;0;0;0;0;NA;0;0;0;0;0;0;0;0;0;1;0;0
6;2021;0;1;10;Deinter 8;1170317;0;0;0;0;NA;0;0;0;0;0;0;0;0;0;0;2;0
6;2021;0;1;11;Deinter 9;3378700;0;0;0;0;NA;0;0;0;0;0;0;0;0;0;0;0;0
6;2021;0;1;12;Deinter 10;819830;0;0;0;0;NA;0;0;0;0;0;0;0;0;0;0;0;0
6;2021;0;1;13;Decap;12396372;0;0;0;0;NA;0;0;1;0;0;0;0;0;0;0;1;0
6;2021;0;1;14;Decap;12396372;0;1;0;0;NA;0;0;0;0;0;0;0;0;0;0;0;1
6;2021;0;1;15;Decap;12396372;0;0;0;0;NA;0;0;0;0;0;0;0;0;0;0;0;0
6;2021;0;1;16;Decap;12396372;0;0;0;0;NA;0;0;0;0;0;0;0;0;0;0;0;0
6;2021;0;1;17;Decap;12396372;0;0;0;0;NA;0;0;0;0;0;0;0;0;0;0;0;0
6;2021;0;1;18;Decap;12396372;0;0;0;0;NA;0;0;0;0;0;0;0;0;0;0;0;0
6;2021;0;1;NA;NA;NA;0;0;0;0;NA;0;0;0;0;0;0;0;0;0;0;0;0
6;2022;0;1;1;Decap;12396372;0;1;0;0;NA;0;0;0;1;0;1;0;0;0;0;1;1
6;2022;0;1;2;Demacro;9652132;0;0;0;0;NA;0;0;2;1;0;0;0;0;0;0;1;0
6;2022;0;1;3;Deinter 1;2599218;0;0;0;0;NA;0;0;0;0;0;0;0;0;0;1;2;0
6;2022;0;1;4;Deinter 2;3893806;0;0;0;0;NA;0;0;0;0;0;0;0;0;0;0;0;0
6;2022;0;1;5;Deinter 3;3792726;0;0;0;0;NA;0;0;0;0;0;0;0;0;0;0;0;1
6;2022;0;1;6;Deinter 4;1934714;0;0;0;0;NA;0;2;0;0;0;0;1;0;0;0;4;1
6;2022;0;1;7;Deinter 5;1616129;0;0;0;0;NA;0;0;0;0;0;1;0;0;0;0;0;1
6;2022;0;1;8;Deinter 6;2182882;0;0;0;0;NA;0;0;0;0;0;1;0;0;0;0;0;1
6;2022;0;1;9;Deinter 7;3212306;0;0;0;1;NA;0;0;1;0;0;0;0;0;0;0;1;0
6;2022;0;1;10;Deinter 8;1170317;0;0;0;0;NA;0;0;0;0;0;0;0;0;0;0;0;0
6;2022;0;1;11;Deinter 9;3378700;0;0;0;0;NA;0;0;0;0;0;0;0;0;0;0;0;0
6;2022;0;1;12;Deinter 10;819830;0;0;0;0;NA;0;0;0;0;0;0;0;0;0;0;0;0
6;2022;0;1;13;Decap;12396372;0;0;0;0;NA;0;0;1;0;0;0;0;0;0;0;0;0
6;2022;0;1;14;Decap;12396372;0;1;0;0;NA;0;0;0;0;0;0;0;0;0;0;0;0
6;2022;0;1;15;Decap;12396372;0;0;0;0;NA;0;0;0;0;0;0;0;0;0;0;0;0
6;2022;0;1;16;Decap;12396372;0;0;0;0;NA;0;0;0;0;0;0;0;0;0;0;0;0
6;2022;0;1;17;Decap;12396372;0;0;0;0;NA;0;0;0;0;0;0;0;0;0;0;0;0
6;2022;0;1;18;Decap;12396372;0;0;0;0;NA;0;0;0;0;0;0;0;0;0;0;0;0
6;2022;0;1;NA;NA;NA;0;0;0;0;NA;0;0;0;0;0;0;0;0;0;0;0;0
7;2010;0;1;1;Decap;11244369;0;0;0;0;NA;0;0;0;0;2;1;0;0;1;0;2;1
7;2010;0;1;2;Demacro;8428213;1;0;0;0;NA;0;0;1;0;0;0;0;0;0;0;2;0
7;2010;0;1;3;Deinter 1;2262723;0;0;0;0;NA;0;0;1;0;0;0;0;0;0;0;0;0
7;2010;0;1;4;Deinter 2;3307513;0;0;0;0;NA;0;0;0;0;0;0;0;1;1;0;0;1
7;2010;0;1;5;Deinter 3;3302679;0;0;0;0;NA;0;0;0;0;0;0;0;0;0;0;0;0
7;2010;0;1;6;Deinter 4;1750734;0;0;0;0;NA;0;0;0;0;0;0;1;0;0;0;0;0
7;2010;0;1;7;Deinter 5;1456209;0;0;0;0;NA;0;0;0;0;0;0;0;0;0;0;0;0
7;2010;0;1;8;Deinter 6;1936708;1;0;0;0;NA;0;0;0;0;0;0;0;0;0;0;0;0
7;2010;0;1;9;Deinter 7;2800360;1;0;0;0;NA;0;0;0;0;0;0;0;0;0;0;0;1
7;2010;0;1;10;Deinter 8;1083047;0;0;0;0;NA;0;0;0;0;0;0;0;0;0;0;2;0
7;2010;0;1;11;Deinter 9;2943524;0;0;0;0;NA;0;0;0;0;1;0;1;3;0;0;2;0
7;2010;0;1;12;Deinter 10;736081;0;0;0;0;NA;0;0;0;0;0;0;0;0;0;0;0;0
7;2010;0;1;13;Decap;11244369;0;0;0;0;NA;0;0;1;0;0;1;0;0;0;0;0;0
7;2010;0;1;14;Decap;11244369;0;0;0;0;NA;0;0;0;0;0;0;0;0;0;0;0;0
7;2010;0;1;15;Decap;11244369;0;0;0;0;NA;0;0;1;0;1;0;0;0;0;0;0;0
7;2010;0;1;16;Decap;11244369;0;0;0;0;NA;0;0;0;0;0;0;0;0;0;0;0;0
7;2010;0;1;17;Decap;11244369;0;0;0;0;NA;0;0;0;0;0;0;0;0;0;0;0;0
7;2010;0;1;18;Decap;11244369;0;0;0;0;NA;0;0;0;0;0;0;0;0;0;0;0;0
7;2010;0;1;NA;NA;NA;0;0;0;0;NA;0;0;0;0;0;0;0;0;0;0;0;0
7;2011;0;1;1;Decap;11316119;1;1;0;1;NA;0;0;1;0;1;1;1;1;1;0;1;1
7;2011;0;1;2;Demacro;8506440;1;1;0;1;NA;0;0;1;0;1;1;1;1;1;0;0;0
7;2011;0;1;3;Deinter 1;2285528;2;0;0;0;NA;0;0;1;0;0;1;0;2;0;0;1;0
7;2011;0;1;4;Deinter 2;3346411;0;0;0;0;NA;0;0;3;0;0;3;0;0;0;0;0;0
7;2011;0;1;5;Deinter 3;3330732;0;0;0;0;NA;0;0;0;0;0;0;0;0;0;0;0;0
7;2011;0;1;6;Deinter 4;1760330;0;0;0;0;NA;0;0;0;0;0;0;0;0;0;0;1;0
7;2011;0;1;7;Deinter 5;1466615;0;0;0;0;NA;0;0;0;0;0;0;0;0;0;0;0;0
7;2011;0;1;8;Deinter 6;1952342;0;0;0;0;NA;0;0;0;0;0;0;0;0;0;0;0;0
7;2011;0;1;9;Deinter 7;2825535;0;0;0;0;NA;0;0;0;0;0;0;0;0;0;0;0;0
7;2011;0;1;10;Deinter 8;1087849;0;0;0;0;NA;0;0;0;0;0;0;0;0;0;0;1;1
7;2011;0;1;11;Deinter 9;2968472;0;0;0;0;NA;0;0;0;0;0;0;0;0;0;0;0;0
7;2011;0;1;12;Deinter 10;740809;0;0;0;0;NA;0;0;0;0;0;0;0;0;0;0;0;0
7;2011;0;1;13;Decap;11316119;0;0;0;0;NA;0;0;0;0;0;0;0;0;0;0;0;0
7;2011;0;1;14;Decap;11316119;0;0;0;0;NA;0;0;0;0;0;0;0;0;0;0;0;0
7;2011;0;1;15;Decap;11316119;0;0;0;0;NA;0;0;0;0;0;0;0;0;0;0;0;0
7;2011;0;1;16;Decap;11316119;0;0;0;0;NA;0;0;0;0;0;0;0;0;0;0;0;0
7;2011;0;1;17;Decap;11316119;0;0;0;0;NA;0;0;0;0;0;0;0;0;0;0;0;0
7;2011;0;1;18;Decap;11316119;0;0;0;0;NA;0;0;0;0;0;0;0;0;0;0;0;0
7;2011;0;1;NA;NA;NA;0;0;0;0;NA;0;0;0;0;0;0;0;0;0;0;0;0
7;2012;0;1;1;Decap;11376685;0;0;0;0;NA;0;0;0;0;1;2;0;0;1;0;2;0
7;2012;0;1;2;Demacro;8579905;0;0;0;0;NA;0;0;1;1;0;0;0;1;0;1;0;0
7;2012;0;1;3;Deinter 1;2305758;0;0;0;0;NA;0;0;0;0;0;1;0;0;0;0;1;0
7;2012;0;1;4;Deinter 2;3383407;0;0;0;0;NA;0;0;0;0;0;0;0;0;0;0;0;0
7;2012;0;1;5;Deinter 3;3358517;0;0;0;0;NA;0;0;0;0;0;0;0;0;0;1;0;0
7;2012;0;1;6;Deinter 4;1770282;0;0;0;0;NA;0;0;0;0;0;0;0;0;0;0;0;0
7;2012;0;1;7;Deinter 5;1476901;0;0;0;0;NA;0;0;0;0;0;0;0;0;0;0;0;0
7;2012;0;1;8;Deinter 6;1966489;0;0;0;0;NA;0;0;1;0;0;0;0;0;0;0;0;0
7;2012;0;1;9;Deinter 7;2850458;0;0;0;0;NA;0;0;0;0;0;0;0;0;0;0;0;0
7;2012;0;1;10;Deinter 8;1092359;0;0;0;0;NA;0;0;0;0;0;0;0;2;1;0;0;0
7;2012;0;1;11;Deinter 9;2994987;0;0;0;0;NA;0;0;0;0;0;0;0;0;0;0;0;0
7;2012;0;1;12;Deinter 10;745471;0;0;0;0;NA;0;0;0;0;0;0;0;0;0;0;0;0
7;2012;0;1;13;Decap;11376685;0;0;0;0;NA;0;0;1;0;0;0;0;0;0;2;0;0
7;2012;0;1;14;Decap;11376685;1;0;0;0;NA;0;0;0;0;0;0;0;0;0;0;0;0
7;2012;0;1;15;Decap;11376685;0;0;0;0;NA;0;0;0;0;0;0;0;0;0;0;0;0
7;2012;0;1;16;Decap;11376685;0;0;0;0;NA;0;0;0;0;0;0;0;0;0;0;0;0
7;2012;0;1;17;Decap;11376685;0;0;0;0;NA;0;0;0;0;0;0;0;0;0;0;0;0
7;2012;0;1;18;Decap;11376685;0;0;0;0;NA;0;0;0;0;2;0;0;0;0;0;0;1
7;2012;0;1;NA;NA;NA;0;0;0;0;NA;0;0;0;0;0;0;0;0;0;0;0;0
7;2013;0;1;1;Decap;11821873;0;0;0;0;NA;0;0;0;0;0;0;0;0;0;0;1;0
7;2013;0;1;2;Demacro;8953241;0;1;0;0;NA;0;0;3;0;0;0;0;0;0;0;1;0
7;2013;0;1;3;Deinter 1;2406735;0;0;0;0;NA;0;0;0;0;0;0;0;0;0;0;0;0
7;2013;0;1;4;Deinter 2;3541481;0;0;0;0;NA;0;0;0;0;0;1;0;0;0;0;0;0
7;2013;0;1;5;Deinter 3;3503301;0;0;0;0;NA;0;0;0;0;0;0;0;0;0;0;0;0
7;2013;0;1;6;Deinter 4;1840239;0;0;0;0;NA;0;0;0;0;0;0;0;0;0;0;0;1
7;2013;0;1;7;Deinter 5;1537918;0;0;0;0;NA;0;0;0;0;0;0;0;0;0;0;0;0
7;2013;0;1;8;Deinter 6;2048410;0;0;0;0;NA;0;0;0;0;0;0;0;0;0;0;0;0
7;2013;0;1;9;Deinter 7;2975156;0;0;0;0;NA;0;0;0;0;0;0;0;0;0;0;0;0
7;2013;0;1;10;Deinter 8;1133298;0;0;0;0;NA;0;0;0;0;0;0;0;1;0;0;0;0
7;2013;0;1;11;Deinter 9;3126459;0;0;0;0;NA;0;0;0;0;0;0;0;0;0;0;0;0
7;2013;0;1;12;Deinter 10;775558;0;0;0;0;NA;0;0;0;0;0;0;0;0;0;0;0;0
7;2013;0;1;13;Decap;11821873;0;0;0;0;NA;0;0;4;1;0;0;0;0;0;1;0;0
7;2013;0;1;14;Decap;11821873;1;0;0;0;NA;0;0;0;0;1;0;0;0;0;0;0;0
7;2013;0;1;15;Decap;11821873;0;0;0;0;NA;0;0;0;0;0;0;0;0;0;0;0;0
7;2013;0;1;16;Decap;11821873;0;0;0;0;NA;0;0;0;0;0;0;0;0;0;0;0;0
7;2013;0;1;17;Decap;11821873;0;0;0;0;NA;0;0;0;0;0;0;0;0;0;0;0;0
7;2013;0;1;18;Decap;11821873;0;0;0;0;NA;0;0;0;0;1;0;0;0;0;0;0;0
7;2013;0;1;NA;NA;NA;0;0;0;0;NA;0;0;0;0;0;0;0;0;0;0;0;0
7;2014;0;1;1;Decap;11895893;0;0;0;1;NA;0;0;2;3;0;0;0;0;0;0;2;0
7;2014;0;1;2;Demacro;9039311;0;0;0;0;NA;0;0;1;0;0;0;0;0;0;0;1;1
7;2014;0;1;3;Deinter 1;2430392;0;0;0;0;NA;0;0;0;0;0;0;0;0;0;0;0;0
7;2014;0;1;4;Deinter 2;3584160;0;0;0;0;NA;0;0;0;0;0;0;0;0;0;0;0;1
7;2014;0;1;5;Deinter 3;3535932;0;0;0;0;NA;0;0;0;0;0;0;0;0;0;0;0;0
7;2014;0;1;6;Deinter 4;1852338;0;0;0;0;NA;0;0;0;0;0;0;0;0;0;0;0;0
7;2014;0;1;7;Deinter 5;1550161;0;0;0;0;NA;0;0;0;0;0;0;0;0;0;0;0;0
7;2014;0;1;8;Deinter 6;2065208;0;0;0;0;NA;0;0;0;0;0;0;0;0;0;1;0;0
7;2014;0;1;9;Deinter 7;3004319;1;0;0;0;NA;0;0;0;0;0;0;0;0;0;0;0;0
7;2014;0;1;10;Deinter 8;1138981;0;0;0;0;NA;0;0;0;0;0;0;0;0;0;0;2;0
7;2014;0;1;11;Deinter 9;3157448;0;0;0;0;NA;0;0;0;0;0;0;0;0;0;0;0;0
7;2014;0;1;12;Deinter 10;781161;0;0;0;0;NA;0;0;0;0;0;0;0;0;0;0;0;0
7;2014;0;1;13;Decap;11895893;0;0;0;0;NA;0;0;1;0;0;0;0;0;0;0;3;0
7;2014;0;1;14;Decap;11895893;1;0;0;0;NA;0;0;0;0;0;0;0;0;0;1;1;0
7;2014;0;1;15;Decap;11895893;0;0;0;0;NA;0;0;0;0;0;0;0;0;0;0;0;0
7;2014;0;1;16;Decap;11895893;0;0;0;0;NA;0;0;0;0;0;0;0;0;0;0;0;0
7;2014;0;1;17;Decap;11895893;0;0;0;0;NA;0;0;0;0;0;0;0;0;0;0;0;0
7;2014;0;1;18;Decap;11895893;0;0;0;0;NA;0;0;0;0;0;0;0;0;0;0;0;0
7;2014;0;1;NA;NA;NA;0;0;0;0;NA;0;0;0;0;0;0;0;0;0;0;0;0
7;2015;0;1;1;Decap;11967825;0;0;0;0;NA;0;0;2;0;0;1;0;1;0;0;0;1
7;2015;0;1;2;Demacro;9122966;1;0;0;0;NA;0;0;0;1;1;0;0;0;0;0;3;0
7;2015;0;1;3;Deinter 1;2453387;0;1;0;0;NA;0;0;1;0;0;0;0;0;0;0;0;0
7;2015;0;1;4;Deinter 2;3625638;0;0;0;0;NA;0;0;3;0;0;0;1;0;0;0;6;0
7;2015;0;1;5;Deinter 3;3567652;0;0;0;0;NA;0;0;0;0;0;0;0;0;0;0;0;0
7;2015;0;1;6;Deinter 4;1864091;0;0;0;0;NA;0;0;1;0;0;0;0;0;0;0;0;0
7;2015;0;1;7;Deinter 5;1562060;0;0;0;0;NA;0;0;0;0;0;0;0;0;0;0;0;0
7;2015;0;1;8;Deinter 6;2081531;0;1;0;0;NA;0;0;0;0;0;0;0;0;0;0;0;0
7;2015;0;1;9;Deinter 7;3032659;0;0;0;0;NA;0;0;0;0;0;0;0;0;0;0;0;0
7;2015;0;1;10;Deinter 8;1144506;0;0;0;0;NA;0;0;0;0;0;0;0;0;0;0;0;0
7;2015;0;1;11;Deinter 9;3187564;0;0;0;0;NA;0;0;0;0;0;0;0;0;0;0;0;0
7;2015;0;1;12;Deinter 10;786605;0;0;0;0;NA;0;0;1;0;0;0;0;0;0;0;2;0
7;2015;0;1;13;Decap;11967825;1;0;0;0;NA;0;0;2;0;0;0;0;0;0;0;1;0
7;2015;0;1;14;Decap;11967825;2;1;0;0;NA;0;0;0;0;0;0;0;0;0;1;0;0
7;2015;0;1;15;Decap;11967825;0;0;0;0;NA;0;0;0;0;0;0;0;0;0;0;0;0
7;2015;0;1;16;Decap;11967825;0;0;0;0;NA;0;0;0;0;0;0;0;0;0;0;0;0
7;2015;0;1;17;Decap;11967825;0;0;0;0;NA;0;0;0;0;0;0;0;0;0;0;0;0
7;2015;0;1;18;Decap;11967825;0;0;0;0;NA;0;0;0;0;0;0;0;0;0;0;0;0
7;2015;0;1;NA;NA;NA;0;0;0;0;NA;0;0;0;0;0;0;0;0;0;0;0;0
7;2016;0;1;1;Decap;12038175;0;0;0;0;NA;0;0;0;2;0;0;0;0;0;0;4;2
7;2016;0;1;2;Demacro;9204764;0;0;0;0;NA;0;0;0;2;0;0;0;0;0;0;0;1
7;2016;0;1;3;Deinter 1;2475879;0;0;0;0;NA;0;0;0;0;0;0;0;0;0;1;0;0
7;2016;0;1;4;Deinter 2;3666201;0;0;0;0;NA;0;0;1;0;0;0;0;0;0;0;1;0
7;2016;0;1;5;Deinter 3;3598661;0;0;0;0;NA;0;0;0;0;0;0;0;0;0;0;2;0
7;2016;0;1;6;Deinter 4;1875589;0;0;0;0;NA;0;0;0;0;0;0;0;0;0;0;0;1
7;2016;0;1;7;Deinter 5;1573701;0;0;0;0;NA;0;0;0;0;0;0;0;0;0;0;0;0
7;2016;0;1;8;Deinter 6;2097502;0;0;0;0;NA;0;0;0;0;0;0;1;0;0;1;1;0
7;2016;0;1;9;Deinter 7;3060372;0;0;0;0;NA;0;0;0;0;0;0;0;0;0;0;0;0
7;2016;0;1;10;Deinter 8;1149906;0;0;0;0;NA;0;0;0;0;0;0;0;0;0;0;0;0
7;2016;0;1;11;Deinter 9;3217014;0;0;0;0;NA;0;0;0;0;0;1;0;0;0;0;0;0
7;2016;0;1;12;Deinter 10;791935;0;0;0;0;NA;0;0;0;0;0;0;0;0;0;0;1;0
7;2016;0;1;13;Decap;12038175;0;0;0;0;NA;0;0;0;1;0;0;0;0;0;0;1;0
7;2016;0;1;14;Decap;12038175;1;0;0;0;NA;0;0;0;0;0;0;0;0;2;1;0;0
7;2016;0;1;15;Decap;12038175;0;0;0;0;NA;0;0;1;0;0;0;0;0;0;0;0;0
7;2016;0;1;16;Decap;12038175;0;0;0;0;NA;0;0;0;0;1;0;0;0;0;0;0;0
7;2016;0;1;17;Decap;12038175;0;0;0;0;NA;0;0;0;0;0;0;0;0;0;0;0;0
7;2016;0;1;18;Decap;12038175;0;0;0;0;NA;0;0;0;0;0;0;0;0;0;0;0;0
7;2016;0;1;NA;NA;NA;0;0;0;0;NA;0;0;0;0;0;0;0;0;0;0;0;0
7;2017;0;1;1;Decap;12106920;0;0;0;0;NA;0;0;1;0;0;0;0;0;0;0;0;0
7;2017;0;1;2;Demacro;9284704;0;0;0;0;NA;0;0;1;0;0;1;0;0;0;1;1;0
7;2017;0;1;3;Deinter 1;2497857;0;0;0;0;NA;0;0;0;0;0;0;0;0;0;0;0;0
7;2017;0;1;4;Deinter 2;3705840;0;0;0;0;NA;0;0;0;2;0;0;0;0;0;0;0;0
7;2017;0;1;5;Deinter 3;3654014;0;0;0;0;NA;0;0;0;0;0;0;0;0;0;0;3;0
7;2017;0;1;6;Deinter 4;1886819;0;0;0;0;NA;0;0;0;0;0;0;0;0;0;0;0;0
7;2017;0;1;7;Deinter 5;1565726;0;0;0;0;NA;0;0;0;0;0;0;0;0;0;0;0;0
7;2017;0;1;8;Deinter 6;2113105;0;2;0;0;NA;0;0;0;0;0;0;0;0;0;0;0;0
7;2017;0;1;9;Deinter 7;3087457;1;0;0;0;NA;0;0;0;0;0;0;0;0;0;0;0;1
7;2017;0;1;10;Deinter 8;1149492;0;0;0;0;NA;0;0;0;0;0;0;0;0;0;0;0;0
7;2017;0;1;11;Deinter 9;3245798;0;0;0;0;NA;0;0;3;0;0;0;0;0;0;0;0;0
7;2017;0;1;12;Deinter 10;797134;0;0;0;0;NA;0;0;0;0;0;0;0;0;0;0;1;0
7;2017;0;1;13;Decap;12106920;1;0;0;0;NA;0;0;2;0;0;0;0;0;0;0;0;0
7;2017;0;1;14;Decap;12106920;0;1;0;0;NA;0;0;0;0;0;0;0;0;0;0;0;1
7;2017;0;1;15;Decap;12106920;0;0;0;0;NA;0;0;0;0;0;0;0;0;0;0;0;0
7;2017;0;1;16;Decap;12106920;0;0;0;0;NA;0;0;0;0;0;2;0;0;0;0;0;0
7;2017;0;1;17;Decap;12106920;0;0;0;0;NA;0;0;0;0;0;0;0;0;0;0;0;0
7;2017;0;1;18;Decap;12106920;0;0;0;0;NA;0;0;0;0;0;0;0;0;0;0;0;0
7;2017;0;1;NA;NA;NA;0;0;0;0;NA;0;0;0;0;0;0;0;0;0;0;0;0
7;2018;0;1;1;Decap;12176866;0;2;0;0;NA;0;0;0;2;0;0;1;0;0;0;3;2
7;2018;0;1;2;Demacro;9394415;0;0;0;0;NA;0;0;0;1;0;0;0;0;0;0;2;0
7;2018;0;1;3;Deinter 1;2528345;0;0;0;0;NA;0;0;0;1;0;0;0;0;0;0;0;0
7;2018;0;1;4;Deinter 2;3765555;0;0;0;0;NA;0;0;0;0;0;0;0;0;0;0;0;0
7;2018;0;1;5;Deinter 3;3694912;0;0;0;0;NA;0;0;0;0;0;0;1;0;0;0;0;0
7;2018;0;1;6;Deinter 4;1898795;0;0;0;0;NA;0;0;0;0;0;0;0;1;0;0;1;1
7;2018;0;1;7;Deinter 5;1579772;0;0;0;0;NA;0;0;0;0;0;0;0;0;0;0;0;0
7;2018;0;1;8;Deinter 6;2132735;0;0;0;0;NA;0;1;1;0;0;0;0;0;0;0;0;2
7;2018;0;1;9;Deinter 7;3124964;0;0;0;0;NA;0;0;1;0;0;0;0;0;0;0;0;0
7;2018;0;1;10;Deinter 8;1153568;0;0;0;0;NA;0;0;0;0;0;0;0;0;0;0;0;0
7;2018;0;1;11;Deinter 9;3285865;0;0;0;0;NA;0;0;1;0;0;0;0;1;0;0;1;0
7;2018;0;1;12;Deinter 10;803144;0;0;0;0;NA;0;0;0;0;0;0;0;0;0;0;0;0
7;2018;0;1;13;Decap;12176866;0;0;0;0;NA;1;0;0;0;0;0;0;0;0;0;0;0
7;2018;0;1;14;Decap;12176866;0;2;0;0;NA;0;0;0;0;0;0;0;0;0;0;0;0
7;2018;0;1;15;Decap;12176866;0;0;0;0;NA;0;0;0;0;0;0;0;0;0;0;0;0
7;2018;0;1;16;Decap;12176866;0;0;0;0;NA;0;0;0;0;0;1;0;0;0;0;0;0
7;2018;0;1;17;Decap;12176866;0;0;0;0;NA;0;0;0;0;0;0;0;0;0;0;0;0
7;2018;0;1;18;Decap;12176866;0;0;0;0;NA;0;0;0;0;0;0;0;0;0;0;0;0
7;2018;0;1;NA;NA;NA;0;0;0;0;NA;0;0;0;0;0;0;0;0;0;0;0;0
7;2019;0;1;1;Decap;12252023;0;0;0;0;NA;0;0;1;1;0;0;0;0;0;0;0;1
7;2019;0;1;2;Demacro;NA;1;0;0;0;NA;0;0;2;0;0;1;2;0;0;0;0;1
7;2019;0;1;3;Deinter 1;2552610;0;0;0;0;NA;0;0;0;0;0;0;0;0;0;0;0;0
7;2019;0;1;4;Deinter 2;NA;0;0;0;0;NA;0;0;0;0;0;0;0;0;0;0;0;0
7;2019;0;1;5;Deinter 3;3728399;0;0;0;0;NA;0;0;0;1;0;1;0;0;0;0;0;1
7;2019;0;1;6;Deinter 4;1911091;0;0;0;0;NA;0;0;0;0;0;0;0;0;0;0;0;0
7;2019;0;1;7;Deinter 5;1592219;0;0;0;0;NA;0;0;0;0;0;0;0;0;0;0;0;0
7;2019;0;1;8;Deinter 6;2149906;0;0;0;0;NA;0;0;1;0;0;0;0;0;0;0;0;0
7;2019;0;1;9;Deinter 7;3154869;0;0;0;0;NA;0;0;2;0;0;0;0;0;0;0;0;0
7;2019;0;1;10;Deinter 8;1159300;0;0;0;0;NA;0;0;0;0;0;0;0;0;0;0;0;0
7;2019;0;1;11;Deinter 9;3317647;0;0;0;0;NA;0;0;0;0;0;1;1;0;1;0;3;0
7;2019;0;1;12;Deinter 10;808855;0;0;0;0;NA;0;0;0;0;0;0;0;0;0;0;0;0
7;2019;0;1;13;Decap;12252023;0;0;0;0;NA;0;0;0;0;0;0;0;0;0;0;0;0
7;2019;0;1;14;Decap;12252023;0;0;0;0;NA;0;0;0;0;0;0;0;0;0;0;0;0
7;2019;0;1;15;Decap;12252023;0;0;0;0;NA;0;0;0;0;0;0;0;0;0;0;0;0
7;2019;0;1;16;Decap;12252023;0;0;0;0;NA;0;0;0;0;0;0;0;0;0;0;0;1
7;2019;0;1;17;Decap;12252023;0;0;0;0;NA;0;0;0;0;0;0;0;0;0;0;0;0
7;2019;0;1;18;Decap;12252023;0;0;0;0;NA;0;0;0;0;0;0;0;0;0;0;0;0
7;2019;0;1;NA;NA;NA;0;0;0;0;NA;0;0;0;0;0;0;0;0;0;0;0;0
7;2020;0;1;1;Decap;12325232;0;0;0;0;NA;0;0;1;0;0;0;0;0;0;0;1;0
7;2020;0;1;2;Demacro;9568610;0;1;0;0;NA;0;0;2;1;0;0;0;0;0;0;1;1
7;2020;0;1;3;Deinter 1;2576250;1;0;0;0;NA;0;0;0;0;0;0;0;0;0;0;0;0
7;2020;0;1;4;Deinter 2;3852244;0;0;0;0;NA;0;0;1;0;0;0;0;0;0;0;0;0
7;2020;0;1;5;Deinter 3;3761025;0;0;0;0;NA;0;0;0;0;0;0;0;0;0;0;0;0
7;2020;0;1;6;Deinter 4;1923070;0;0;0;0;NA;0;0;0;0;0;0;0;0;0;0;1;0
7;2020;0;1;7;Deinter 5;1604342;0;0;0;0;NA;0;0;0;0;0;0;0;0;0;0;1;0
7;2020;0;1;8;Deinter 6;2166632;1;0;0;0;NA;0;0;0;0;0;0;0;0;0;0;0;0
7;2020;0;1;9;Deinter 7;3184000;2;0;0;0;NA;0;0;0;0;0;0;0;0;0;0;0;0
7;2020;0;1;10;Deinter 8;1164891;0;0;0;0;NA;0;0;0;0;0;0;0;0;0;0;0;0
7;2020;0;1;11;Deinter 9;3348615;2;0;0;0;NA;0;0;0;0;0;0;0;0;0;0;2;0
7;2020;0;1;12;Deinter 10;814422;0;0;0;0;NA;0;0;0;0;0;0;0;0;0;0;0;0
7;2020;0;1;13;Decap;12325232;0;0;0;0;NA;0;0;1;0;0;0;0;0;0;0;0;0
7;2020;0;1;14;Decap;12325232;0;0;0;0;NA;0;0;0;0;0;0;0;0;0;0;0;0
7;2020;0;1;15;Decap;12325232;0;0;0;0;NA;0;0;0;1;0;0;0;0;0;0;0;0
7;2020;0;1;16;Decap;12325232;0;0;0;0;NA;0;0;0;0;0;1;0;0;0;0;0;0
7;2020;0;1;17;Decap;12325232;0;0;0;0;NA;0;0;0;0;0;0;0;0;0;0;0;0
7;2020;0;1;18;Decap;12325232;0;0;0;0;NA;0;0;0;0;0;0;0;0;0;0;0;0
7;2020;0;1;NA;NA;NA;0;0;0;0;NA;0;0;0;0;0;0;0;0;0;0;0;0
7;2021;0;1;1;Decap;12396372;0;0;0;1;NA;0;0;0;1;0;0;0;0;0;0;0;0
7;2021;0;1;2;Demacro;9652132;0;0;0;0;NA;0;0;1;1;0;0;0;0;1;0;3;1
7;2021;0;1;3;Deinter 1;2599218;0;0;0;0;NA;0;0;0;0;0;0;0;0;0;0;0;0
7;2021;0;1;4;Deinter 2;3893806;0;0;0;0;NA;0;0;0;0;0;0;0;0;0;0;0;0
7;2021;0;1;5;Deinter 3;3792726;0;0;0;0;NA;0;0;0;0;0;0;0;0;0;0;1;1
7;2021;0;1;6;Deinter 4;1934714;0;0;0;0;NA;0;0;0;0;0;0;0;1;0;0;2;0
7;2021;0;1;7;Deinter 5;1616129;0;0;0;0;NA;0;0;0;0;0;0;0;0;0;0;0;0
7;2021;0;1;8;Deinter 6;2182882;0;0;0;0;NA;0;0;0;2;0;0;0;0;0;0;0;0
7;2021;0;1;9;Deinter 7;3212306;0;0;0;0;NA;0;0;0;0;0;0;0;0;0;0;0;0
7;2021;0;1;10;Deinter 8;1170317;0;0;0;0;NA;0;0;0;0;0;0;0;0;0;0;0;0
7;2021;0;1;11;Deinter 9;3378700;1;0;0;0;NA;0;0;1;0;0;0;0;0;0;0;0;0
7;2021;0;1;12;Deinter 10;819830;0;0;0;0;NA;0;0;0;0;0;0;0;0;0;0;0;0
7;2021;0;1;13;Decap;12396372;0;0;0;0;NA;0;0;0;0;0;0;0;0;0;0;0;0
7;2021;0;1;14;Decap;12396372;0;1;0;0;NA;0;0;0;1;0;0;0;0;0;0;0;0
7;2021;0;1;15;Decap;12396372;0;0;0;0;NA;0;0;0;0;0;0;0;0;0;0;1;0
7;2021;0;1;16;Decap;12396372;1;0;0;0;NA;0;0;0;0;0;3;0;0;0;0;0;2
7;2021;0;1;17;Decap;12396372;0;0;0;0;NA;0;0;0;0;0;0;0;0;0;0;0;0
7;2021;0;1;18;Decap;12396372;0;0;0;0;NA;0;0;0;0;0;0;0;0;0;0;0;0
7;2021;0;1;NA;NA;NA;0;0;0;0;NA;0;0;0;0;0;0;0;0;0;0;0;0
8;2010;0;1;1;Decap;11244369;0;0;0;0;NA;0;0;0;0;0;1;0;0;0;0;0;0
8;2010;0;1;2;Demacro;8428213;2;0;0;0;NA;0;0;0;0;0;0;0;0;0;1;3;0
8;2010;0;1;3;Deinter 1;2262723;0;0;0;0;NA;0;0;0;1;0;0;0;0;0;0;0;0
8;2010;0;1;4;Deinter 2;3307513;0;0;0;0;NA;0;0;0;0;0;0;0;0;0;0;0;0
8;2010;0;1;5;Deinter 3;3302679;0;0;0;0;NA;0;0;0;0;0;0;0;0;0;0;0;0
8;2010;0;1;6;Deinter 4;1750734;0;0;0;0;NA;0;0;0;0;0;0;0;0;0;0;0;0
8;2010;0;1;7;Deinter 5;1456209;0;1;0;0;NA;0;0;0;0;0;0;0;0;0;0;0;0
8;2010;0;1;8;Deinter 6;1936708;0;0;0;0;NA;0;0;0;0;0;0;0;0;0;0;0;0
8;2010;0;1;9;Deinter 7;2800360;0;0;0;0;NA;0;0;0;0;0;0;0;0;0;0;1;2
8;2010;0;1;10;Deinter 8;1083047;0;0;0;0;NA;0;0;1;0;0;0;0;0;0;0;1;1
8;2010;0;1;11;Deinter 9;2943524;0;0;0;0;NA;0;0;0;0;0;0;0;0;0;0;0;0
8;2010;0;1;12;Deinter 10;736081;0;0;0;0;NA;0;0;0;0;0;0;0;0;0;0;0;0
8;2010;0;1;13;Decap;11244369;0;0;0;0;NA;0;0;1;0;0;0;0;0;0;0;0;0
8;2010;0;1;14;Decap;11244369;0;0;0;0;NA;0;0;0;0;0;0;0;0;0;0;0;0
8;2010;0;1;15;Decap;11244369;0;0;0;0;NA;0;0;0;0;0;0;0;0;0;0;0;0
8;2010;0;1;16;Decap;11244369;0;0;0;0;NA;0;0;0;0;0;0;0;0;0;0;0;0
8;2010;0;1;17;Decap;11244369;0;0;0;0;NA;0;0;0;0;0;0;0;0;0;0;0;0
8;2010;0;1;18;Decap;11244369;0;0;0;0;NA;0;0;0;0;0;0;0;0;0;0;0;0
8;2010;0;1;NA;NA;NA;0;0;0;0;NA;0;0;0;0;0;0;0;0;0;0;0;0
8;2011;0;1;1;Decap;11316119;1;1;0;0;NA;0;0;0;1;0;1;0;0;0;0;1;2
8;2011;0;1;2;Demacro;8506440;0;0;0;0;NA;0;0;1;1;0;0;0;0;0;0;2;0
8;2011;0;1;3;Deinter 1;2285528;0;0;0;0;NA;0;0;0;0;0;0;1;0;0;0;0;1
8;2011;0;1;4;Deinter 2;3346411;0;0;0;0;NA;0;0;0;0;0;2;0;0;0;0;0;1
8;2011;0;1;5;Deinter 3;3330732;0;0;0;0;NA;0;0;0;0;0;0;0;0;0;0;0;0
8;2011;0;1;6;Deinter 4;1760330;2;0;0;0;NA;0;0;0;0;0;0;0;0;1;0;0;0
8;2011;0;1;7;Deinter 5;1466615;0;0;0;0;NA;0;0;0;0;0;0;0;0;0;0;0;0
8;2011;0;1;8;Deinter 6;1952342;0;0;0;0;NA;0;0;0;0;0;0;0;0;0;0;1;0
8;2011;0;1;9;Deinter 7;2825535;0;0;0;0;NA;0;0;0;0;0;0;0;0;0;0;0;0
8;2011;0;1;10;Deinter 8;1087849;0;0;0;0;NA;0;0;0;0;0;0;0;0;0;0;0;1
8;2011;0;1;11;Deinter 9;2968472;0;0;0;0;NA;0;0;0;0;0;1;0;0;0;0;0;0
8;2011;0;1;12;Deinter 10;740809;0;0;0;0;NA;0;0;0;0;0;0;0;0;0;0;0;0
8;2011;0;1;13;Decap;11316119;0;0;0;0;NA;0;0;4;0;0;0;0;0;0;0;2;0
8;2011;0;1;14;Decap;11316119;0;0;0;0;NA;0;0;0;0;0;0;0;0;0;0;0;0
8;2011;0;1;15;Decap;11316119;0;0;0;0;NA;0;0;0;0;0;0;0;0;0;0;0;0
8;2011;0;1;16;Decap;11316119;0;0;0;0;NA;0;0;0;0;0;0;0;0;0;0;0;0
8;2011;0;1;17;Decap;11316119;0;0;0;0;NA;0;0;0;0;0;0;0;0;0;0;0;0
8;2011;0;1;18;Decap;11316119;0;0;0;0;NA;0;0;0;0;0;0;0;0;0;0;0;0
8;2011;0;1;NA;NA;NA;0;0;0;0;NA;0;0;0;0;0;0;0;0;0;0;0;0
8;2012;0;1;1;Decap;11376685;0;0;0;0;NA;0;0;0;1;0;0;0;0;0;0;0;1
8;2012;0;1;2;Demacro;8579905;0;0;0;0;NA;1;0;1;0;0;0;0;0;0;0;1;0
8;2012;0;1;3;Deinter 1;2305758;0;0;0;0;NA;0;0;0;0;0;0;0;0;0;0;1;0
8;2012;0;1;4;Deinter 2;3383407;0;0;0;0;NA;0;0;0;0;0;0;0;0;0;0;0;0
8;2012;0;1;5;Deinter 3;3358517;0;0;0;0;NA;0;0;0;0;0;0;0;0;0;0;0;0
8;2012;0;1;6;Deinter 4;1770282;0;0;0;0;NA;0;0;0;0;0;0;0;0;0;0;0;0
8;2012;0;1;7;Deinter 5;1476901;0;0;0;0;NA;0;0;0;0;0;0;0;0;0;0;0;0
8;2012;0;1;8;Deinter 6;1966489;0;0;0;0;NA;0;0;1;0;0;0;0;0;0;0;2;0
8;2012;0;1;9;Deinter 7;2850458;0;0;0;0;NA;0;0;1;0;0;0;0;0;0;0;3;0
8;2012;0;1;10;Deinter 8;1092359;0;0;0;0;NA;0;0;0;0;0;0;0;0;0;0;0;0
8;2012;0;1;11;Deinter 9;2994987;0;0;0;0;NA;0;0;0;0;0;2;0;0;0;0;3;1
8;2012;0;1;12;Deinter 10;745471;0;0;0;0;NA;0;0;0;0;0;0;0;0;0;0;0;0
8;2012;0;1;13;Decap;11376685;0;0;0;0;NA;0;0;1;0;0;0;0;0;0;0;1;0
8;2012;0;1;14;Decap;11376685;0;3;0;0;NA;0;0;0;0;0;0;0;0;0;2;0;0
8;2012;0;1;15;Decap;11376685;0;0;0;0;NA;0;0;0;0;0;0;0;0;0;0;0;0
8;2012;0;1;16;Decap;11376685;0;0;0;0;NA;0;0;0;0;0;0;0;0;0;0;0;0
8;2012;0;1;17;Decap;11376685;0;0;0;0;NA;0;0;0;0;0;0;0;0;0;0;0;0
8;2012;0;1;18;Decap;11376685;0;0;0;0;NA;0;0;0;0;0;0;0;0;0;0;0;0
8;2012;0;1;NA;NA;NA;0;0;0;0;NA;0;0;0;0;0;0;0;0;0;0;0;0
8;2013;0;1;1;Decap;11821873;0;3;0;0;NA;0;0;0;2;0;0;0;0;0;0;2;0
8;2013;0;1;2;Demacro;8953241;0;0;0;0;NA;0;0;0;1;0;0;0;0;0;0;1;1
8;2013;0;1;3;Deinter 1;2406735;0;0;0;0;NA;0;0;0;0;0;1;0;0;0;0;1;2
8;2013;0;1;4;Deinter 2;3541481;0;0;0;0;NA;0;0;0;0;0;0;0;0;0;0;0;1
8;2013;0;1;5;Deinter 3;3503301;0;0;0;0;NA;0;0;0;0;0;0;0;0;0;0;0;0
8;2013;0;1;6;Deinter 4;1840239;0;0;0;0;NA;0;0;0;0;0;0;0;0;0;0;2;0
8;2013;0;1;7;Deinter 5;1537918;0;0;0;1;NA;0;0;0;0;0;0;0;0;0;0;0;0
8;2013;0;1;8;Deinter 6;2048410;0;0;0;0;NA;0;0;0;0;4;0;0;0;0;0;0;0
8;2013;0;1;9;Deinter 7;2975156;0;0;0;0;NA;0;0;0;0;0;0;0;0;0;0;1;0
8;2013;0;1;10;Deinter 8;1133298;0;0;0;0;NA;0;0;0;0;0;0;0;0;0;0;0;0
8;2013;0;1;11;Deinter 9;3126459;0;0;0;0;NA;0;0;0;0;0;0;0;0;0;0;0;0
8;2013;0;1;12;Deinter 10;775558;0;0;0;0;NA;0;0;0;0;0;0;0;0;0;0;0;0
8;2013;0;1;13;Decap;11821873;0;0;0;0;NA;0;0;1;0;0;0;2;0;0;0;1;0
8;2013;0;1;14;Decap;11821873;0;0;0;0;NA;0;0;0;0;0;0;0;0;0;0;0;0
8;2013;0;1;15;Decap;11821873;0;0;0;0;NA;0;0;0;0;0;0;0;0;0;0;0;0
8;2013;0;1;16;Decap;11821873;0;0;0;0;NA;0;0;0;0;0;0;0;0;0;0;0;0
8;2013;0;1;17;Decap;11821873;0;0;0;0;NA;0;0;0;0;0;0;0;0;0;0;0;0
8;2013;0;1;18;Decap;11821873;0;0;0;0;NA;0;0;0;0;0;1;0;0;0;0;0;1
8;2013;0;1;NA;NA;NA;0;0;0;0;NA;0;0;0;0;0;0;0;0;0;0;0;0
8;2014;0;1;1;Decap;11895893;0;0;0;0;NA;0;0;0;1;0;1;0;0;0;1;0;3
8;2014;0;1;2;Demacro;9039311;0;2;0;0;NA;0;0;0;0;0;0;0;0;0;0;0;0
8;2014;0;1;3;Deinter 1;2430392;0;0;0;0;NA;0;0;0;0;0;0;0;0;0;0;0;0
8;2014;0;1;4;Deinter 2;3584160;0;0;0;0;NA;0;0;0;0;0;0;0;0;0;0;0;0
8;2014;0;1;5;Deinter 3;3535932;0;0;0;0;NA;0;0;0;0;0;0;0;0;0;0;0;0
8;2014;0;1;6;Deinter 4;1852338;0;0;0;0;NA;0;0;0;0;0;0;0;0;0;0;0;0
8;2014;0;1;7;Deinter 5;1550161;0;0;0;0;NA;0;0;0;0;0;0;0;0;0;0;0;0
8;2014;0;1;8;Deinter 6;2065208;0;0;0;0;NA;0;0;0;0;0;0;0;0;0;0;0;0
8;2014;0;1;9;Deinter 7;3004319;0;0;0;0;NA;0;0;0;0;0;1;0;0;0;0;0;1
8;2014;0;1;10;Deinter 8;1138981;0;0;0;0;NA;0;0;0;0;0;0;0;0;0;0;0;1
8;2014;0;1;11;Deinter 9;3157448;0;0;0;0;NA;0;0;0;0;0;0;0;0;0;0;0;0
8;2014;0;1;12;Deinter 10;781161;0;0;0;0;NA;0;0;0;0;0;0;0;0;0;0;0;0
8;2014;0;1;13;Decap;11895893;0;0;0;0;NA;0;0;0;0;0;0;0;0;0;0;0;0
8;2014;0;1;14;Decap;11895893;0;0;0;0;NA;0;0;0;0;0;0;0;0;0;1;0;0
8;2014;0;1;15;Decap;11895893;0;0;0;0;NA;0;0;0;0;0;0;0;0;0;0;0;0
8;2014;0;1;16;Decap;11895893;0;0;0;0;NA;0;0;0;0;0;0;0;0;0;0;0;0
8;2014;0;1;17;Decap;11895893;0;0;0;0;NA;0;0;0;0;0;0;0;0;0;0;0;0
8;2014;0;1;18;Decap;11895893;0;0;0;0;NA;0;0;0;0;0;0;0;0;0;0;0;0
8;2014;0;1;NA;NA;NA;0;0;0;0;NA;0;0;0;0;0;0;0;0;0;0;0;0
8;2015;0;1;1;Decap;11967825;0;0;0;0;NA;0;0;0;0;2;1;0;0;0;1;0;2
8;2015;0;1;2;Demacro;9122966;2;0;0;0;NA;0;0;1;0;0;0;0;0;0;0;2;0
8;2015;0;1;3;Deinter 1;2453387;0;0;0;0;NA;0;0;0;0;0;0;0;0;0;0;0;1
8;2015;0;1;4;Deinter 2;3625638;0;0;0;0;NA;0;0;0;0;0;0;0;0;0;0;0;0
8;2015;0;1;5;Deinter 3;3567652;0;0;0;0;NA;0;0;0;0;0;0;0;0;0;0;1;1
8;2015;0;1;6;Deinter 4;1864091;0;0;0;0;NA;0;0;0;0;0;0;0;0;0;0;1;0
8;2015;0;1;7;Deinter 5;1562060;0;0;0;0;NA;0;0;1;0;0;0;0;0;0;0;0;0
8;2015;0;1;8;Deinter 6;2081531;0;0;0;0;NA;0;0;0;0;0;0;0;0;0;0;0;0
8;2015;0;1;9;Deinter 7;3032659;0;0;0;0;NA;0;0;0;0;0;0;0;0;0;0;0;0
8;2015;0;1;10;Deinter 8;1144506;0;0;0;0;NA;0;0;0;0;0;0;0;0;0;0;0;0
8;2015;0;1;11;Deinter 9;3187564;0;0;0;0;NA;0;0;0;0;0;0;0;0;0;0;0;0
8;2015;0;1;12;Deinter 10;786605;0;0;0;0;NA;0;0;0;0;0;0;0;0;0;0;0;0
8;2015;0;1;13;Decap;11967825;0;0;0;0;NA;0;0;0;0;0;0;0;0;0;0;0;0
8;2015;0;1;14;Decap;11967825;0;0;0;0;NA;0;0;0;0;0;0;0;0;0;0;0;0
8;2015;0;1;15;Decap;11967825;0;0;0;0;NA;0;0;0;0;0;0;0;0;0;0;1;0
8;2015;0;1;16;Decap;11967825;0;0;0;0;NA;0;0;0;0;0;0;0;0;0;0;0;0
8;2015;0;1;17;Decap;11967825;0;0;0;0;NA;0;0;0;0;0;0;0;0;0;0;0;0
8;2015;0;1;18;Decap;11967825;0;0;0;0;NA;0;0;0;0;0;0;0;0;0;0;0;0
8;2015;0;1;NA;NA;NA;0;0;0;0;NA;0;0;0;0;0;0;0;0;0;0;0;0
8;2016;0;1;1;Decap;12038175;0;0;0;0;NA;0;0;0;1;0;0;2;0;0;0;2;1
8;2016;0;1;2;Demacro;9204764;0;0;0;0;NA;0;0;1;1;0;0;0;0;0;0;2;0
8;2016;0;1;3;Deinter 1;2475879;0;0;0;0;NA;0;0;0;0;0;0;0;2;0;0;3;2
8;2016;0;1;4;Deinter 2;3666201;0;0;0;0;NA;0;0;1;0;0;0;0;0;0;0;0;0
8;2016;0;1;5;Deinter 3;3598661;0;0;0;0;NA;0;0;0;0;1;0;0;0;0;0;1;0
8;2016;0;1;6;Deinter 4;1875589;0;0;0;0;NA;0;0;0;0;0;0;1;0;0;0;0;0
8;2016;0;1;7;Deinter 5;1573701;0;0;0;0;NA;0;0;0;0;0;0;0;0;0;0;0;0
8;2016;0;1;8;Deinter 6;2097502;0;0;0;0;NA;0;0;1;0;0;0;0;0;0;1;0;0
8;2016;0;1;9;Deinter 7;3060372;0;0;0;0;NA;0;0;0;1;0;0;0;0;0;0;0;0
8;2016;0;1;10;Deinter 8;1149906;0;0;0;0;NA;0;0;0;0;0;0;0;0;0;0;0;0
8;2016;0;1;11;Deinter 9;3217014;0;0;0;0;NA;0;0;0;1;0;0;0;0;0;1;0;0
8;2016;0;1;12;Deinter 10;791935;0;0;0;0;NA;0;0;0;0;0;0;0;0;0;0;0;0
8;2016;0;1;13;Decap;12038175;0;0;0;0;NA;0;0;0;1;0;0;0;0;0;0;0;0
8;2016;0;1;14;Decap;12038175;0;2;0;0;NA;0;0;0;0;0;0;0;0;0;1;0;0
8;2016;0;1;15;Decap;12038175;0;0;0;0;NA;0;0;2;0;0;0;0;0;0;0;0;0
8;2016;0;1;16;Decap;12038175;0;0;0;0;NA;0;0;0;0;0;1;0;0;0;0;0;1
8;2016;0;1;17;Decap;12038175;0;0;0;0;NA;0;0;0;0;0;0;0;0;0;0;0;0
8;2016;0;1;18;Decap;12038175;0;0;0;0;NA;0;0;0;0;0;0;0;0;0;0;0;0
8;2016;0;1;NA;NA;NA;0;0;0;0;NA;0;0;0;0;0;0;0;0;0;0;0;0
8;2017;0;1;1;Decap;12106920;0;0;0;1;NA;0;0;1;2;0;0;0;0;0;0;1;2
8;2017;0;1;2;Demacro;9284704;3;0;0;0;NA;0;0;1;0;0;0;0;0;1;0;2;1
8;2017;0;1;3;Deinter 1;2497857;1;0;0;0;NA;0;0;1;0;0;0;0;0;0;0;1;0
8;2017;0;1;4;Deinter 2;3705840;3;0;0;0;NA;0;0;1;0;0;0;0;0;0;1;0;1
8;2017;0;1;5;Deinter 3;3654014;0;0;0;0;NA;0;0;0;0;0;0;1;0;0;0;0;0
8;2017;0;1;6;Deinter 4;1886819;0;0;0;0;NA;0;0;0;0;0;0;0;0;0;0;1;0
8;2017;0;1;7;Deinter 5;1565726;0;0;0;0;NA;0;0;0;0;0;0;0;0;0;0;0;0
8;2017;0;1;8;Deinter 6;2113105;0;0;0;0;NA;0;0;2;1;0;0;0;0;0;0;2;0
8;2017;0;1;9;Deinter 7;3087457;0;0;0;0;NA;0;0;1;0;0;0;0;0;0;0;1;0
8;2017;0;1;10;Deinter 8;1149492;0;0;0;0;NA;0;0;0;0;0;0;0;0;0;0;0;0
8;2017;0;1;11;Deinter 9;3245798;0;0;0;0;NA;0;0;1;0;0;0;1;0;0;0;4;1
8;2017;0;1;12;Deinter 10;797134;0;0;0;0;NA;0;0;0;0;0;0;0;0;0;0;0;0
8;2017;0;1;13;Decap;12106920;0;0;0;0;NA;0;0;1;0;0;0;0;0;0;0;1;0
8;2017;0;1;14;Decap;12106920;0;1;0;0;NA;0;0;0;0;0;0;0;0;0;0;0;0
8;2017;0;1;15;Decap;12106920;0;0;0;0;NA;0;0;5;0;0;0;0;0;0;0;0;0
8;2017;0;1;16;Decap;12106920;0;0;0;0;NA;0;0;0;0;0;1;1;0;0;0;1;0
8;2017;0;1;17;Decap;12106920;0;0;0;0;NA;0;0;0;0;0;0;0;0;0;0;0;0
8;2017;0;1;18;Decap;12106920;0;0;0;0;NA;0;0;0;0;0;0;0;0;0;0;0;0
8;2017;0;1;NA;NA;NA;0;0;0;0;NA;0;0;0;0;0;0;0;0;0;0;0;0
8;2018;0;1;1;Decap;12176866;1;0;0;0;NA;0;0;3;2;0;0;0;0;0;0;1;1
8;2018;0;1;2;Demacro;9394415;1;0;0;0;NA;0;0;0;1;0;0;0;0;0;0;0;1
8;2018;0;1;3;Deinter 1;2528345;0;1;0;0;NA;0;0;2;0;0;0;0;0;0;0;3;0
8;2018;0;1;4;Deinter 2;3765555;0;0;0;0;NA;0;0;2;0;0;0;0;0;0;0;2;0
8;2018;0;1;5;Deinter 3;3694912;0;0;0;0;NA;0;0;0;0;0;0;0;0;0;0;0;0
8;2018;0;1;6;Deinter 4;1898795;0;0;0;0;NA;0;0;1;0;0;0;0;0;0;0;1;0
8;2018;0;1;7;Deinter 5;1579772;0;0;0;0;NA;0;0;0;0;0;0;0;0;0;0;0;0
8;2018;0;1;8;Deinter 6;2132735;0;0;0;0;NA;0;0;1;0;0;0;0;0;0;0;1;0
8;2018;0;1;9;Deinter 7;3124964;0;0;0;0;NA;0;0;1;0;0;0;0;0;0;0;0;0
8;2018;0;1;10;Deinter 8;1153568;0;0;0;0;NA;0;0;0;0;0;0;0;0;0;0;0;0
8;2018;0;1;11;Deinter 9;3285865;0;0;0;0;NA;0;0;0;0;0;0;0;0;0;0;0;0
8;2018;0;1;12;Deinter 10;803144;0;0;0;0;NA;0;0;0;0;0;0;0;0;0;0;0;0
8;2018;0;1;13;Decap;12176866;0;0;0;0;NA;0;0;1;0;0;0;0;0;0;0;0;0
8;2018;0;1;14;Decap;12176866;0;0;0;0;NA;0;0;0;0;0;0;0;0;0;0;0;0
8;2018;0;1;15;Decap;12176866;0;0;0;0;NA;0;0;0;0;0;0;0;0;0;0;0;0
8;2018;0;1;16;Decap;12176866;0;0;0;0;NA;0;0;0;0;1;0;0;0;0;0;0;0
8;2018;0;1;17;Decap;12176866;0;0;0;0;NA;0;0;0;0;0;0;0;0;0;0;0;0
8;2018;0;1;18;Decap;12176866;0;0;0;0;NA;0;0;0;0;0;0;0;0;0;0;0;0
8;2018;0;1;NA;NA;NA;0;0;0;0;NA;0;0;0;0;0;0;0;0;0;0;0;0
8;2019;0;1;1;Decap;12252023;0;0;0;0;NA;0;0;1;0;0;0;0;0;0;1;2;0
8;2019;0;1;2;Demacro;NA;0;1;0;0;NA;0;0;2;0;0;0;0;0;0;0;0;1
8;2019;0;1;3;Deinter 1;2552610;0;0;0;0;NA;0;0;0;0;0;0;0;0;0;0;0;0
8;2019;0;1;4;Deinter 2;NA;0;0;0;0;NA;0;0;1;0;0;0;0;0;0;0;0;0
8;2019;0;1;5;Deinter 3;3728399;0;0;0;0;NA;0;0;0;0;0;0;0;0;0;0;0;0
8;2019;0;1;6;Deinter 4;1911091;0;0;0;0;NA;0;0;2;0;0;0;0;0;0;0;2;0
8;2019;0;1;7;Deinter 5;1592219;0;0;0;0;NA;0;0;0;0;0;1;0;0;0;0;1;0
8;2019;0;1;8;Deinter 6;2149906;0;0;0;0;NA;0;0;1;0;0;0;0;0;0;0;2;0
8;2019;0;1;9;Deinter 7;3154869;0;0;0;0;NA;0;0;0;0;0;0;0;0;0;0;0;0
8;2019;0;1;10;Deinter 8;1159300;0;0;0;0;NA;0;0;0;0;0;0;0;0;0;0;0;0
8;2019;0;1;11;Deinter 9;3317647;0;0;0;0;NA;0;0;0;0;0;1;0;0;0;0;1;1
8;2019;0;1;12;Deinter 10;808855;0;0;0;0;NA;0;0;0;0;0;0;0;0;0;0;0;0
8;2019;0;1;13;Decap;12252023;0;0;0;0;NA;0;0;0;0;0;0;0;0;0;0;0;0
8;2019;0;1;14;Decap;12252023;0;0;0;0;NA;0;0;0;0;0;0;0;0;0;1;0;0
8;2019;0;1;15;Decap;12252023;0;0;0;0;NA;0;0;0;0;0;0;0;0;0;0;0;0
8;2019;0;1;16;Decap;12252023;0;0;0;0;NA;0;0;0;0;1;4;0;0;0;0;0;1
8;2019;0;1;17;Decap;12252023;0;0;0;0;NA;0;0;0;0;0;0;0;0;0;0;0;0
8;2019;0;1;18;Decap;12252023;0;0;0;0;NA;0;0;0;0;0;0;0;0;0;0;0;0
8;2019;0;1;NA;NA;NA;0;0;0;0;NA;0;0;0;0;0;0;0;0;0;0;0;0
8;2020;0;1;1;Decap;12325232;0;0;0;0;NA;0;0;0;0;0;2;0;0;0;0;1;0
8;2020;0;1;2;Demacro;9568610;0;0;0;0;NA;0;0;1;1;0;0;0;0;0;0;2;1
8;2020;0;1;3;Deinter 1;2576250;0;0;0;0;NA;0;0;0;0;0;0;0;0;0;0;1;0
8;2020;0;1;4;Deinter 2;3852244;0;0;0;0;NA;0;0;0;0;0;0;0;0;0;1;0;0
8;2020;0;1;5;Deinter 3;3761025;0;0;0;0;NA;0;0;0;0;0;0;0;0;0;0;0;0
8;2020;0;1;6;Deinter 4;1923070;0;0;0;0;NA;0;0;0;0;0;0;0;0;0;0;2;0
8;2020;0;1;7;Deinter 5;1604342;0;0;0;0;NA;0;0;0;0;0;0;0;0;0;0;0;0
8;2020;0;1;8;Deinter 6;2166632;0;0;0;0;NA;0;0;2;0;0;0;0;0;0;0;2;0
8;2020;0;1;9;Deinter 7;3184000;0;0;0;0;NA;0;0;0;0;0;0;0;1;0;1;0;1
8;2020;0;1;10;Deinter 8;1164891;0;0;0;0;NA;0;0;0;0;0;0;0;0;0;0;0;0
8;2020;0;1;11;Deinter 9;3348615;1;0;0;0;NA;0;0;0;0;0;0;0;0;0;0;0;0
8;2020;0;1;12;Deinter 10;814422;0;0;0;0;NA;0;0;0;0;0;0;0;0;0;0;0;0
8;2020;0;1;13;Decap;12325232;0;0;0;0;NA;0;0;0;0;0;0;0;0;0;0;0;0
8;2020;0;1;14;Decap;12325232;0;0;0;0;NA;0;0;0;0;0;0;0;0;0;0;0;0
8;2020;0;1;15;Decap;12325232;0;0;0;0;NA;0;0;0;0;0;0;0;0;0;0;0;0
8;2020;0;1;16;Decap;12325232;0;0;0;0;NA;0;0;0;0;0;1;0;0;0;0;0;0
8;2020;0;1;17;Decap;12325232;0;0;0;0;NA;0;0;0;0;0;0;0;0;0;0;0;0
8;2020;0;1;18;Decap;12325232;0;0;0;0;NA;0;0;0;0;0;0;0;0;0;0;0;0
8;2020;0;1;NA;NA;NA;0;0;0;0;NA;0;0;0;0;0;0;0;0;0;0;0;0
8;2021;0;1;1;Decap;12396372;0;0;0;0;NA;0;0;2;3;0;1;3;0;0;0;3;2
8;2021;0;1;2;Demacro;9652132;0;0;0;0;NA;0;0;0;0;0;0;0;0;0;0;0;0
8;2021;0;1;3;Deinter 1;2599218;0;0;0;0;NA;0;0;0;0;0;0;0;0;0;0;0;0
8;2021;0;1;4;Deinter 2;3893806;0;0;0;0;NA;0;0;1;0;0;0;0;0;0;0;2;0
8;2021;0;1;5;Deinter 3;3792726;0;0;0;0;NA;0;0;1;0;0;0;0;1;0;0;2;1
8;2021;0;1;6;Deinter 4;1934714;0;0;0;0;NA;0;0;0;0;0;0;0;0;0;0;1;0
8;2021;0;1;7;Deinter 5;1616129;0;0;0;0;NA;0;0;0;0;0;0;0;0;0;0;0;0
8;2021;0;1;8;Deinter 6;2182882;0;0;0;0;NA;0;0;1;0;0;3;0;0;0;0;2;1
8;2021;0;1;9;Deinter 7;3212306;0;0;0;0;NA;2;0;0;0;0;0;1;0;0;0;2;0
8;2021;0;1;10;Deinter 8;1170317;0;0;0;0;NA;0;0;0;0;0;0;0;0;0;0;0;0
8;2021;0;1;11;Deinter 9;3378700;0;0;0;0;NA;0;0;0;0;0;0;0;0;0;0;1;0
8;2021;0;1;12;Deinter 10;819830;0;0;0;0;NA;0;0;0;0;0;0;0;0;0;0;1;0
8;2021;0;1;13;Decap;12396372;0;0;0;0;NA;0;0;1;0;0;0;0;0;0;0;0;0
8;2021;0;1;14;Decap;12396372;0;0;0;0;NA;0;0;0;0;0;0;0;0;0;0;0;0
8;2021;0;1;15;Decap;12396372;0;0;0;0;NA;0;0;0;0;0;0;0;0;0;0;0;0
8;2021;0;1;16;Decap;12396372;0;0;0;0;NA;0;0;0;0;0;1;0;0;0;0;0;1
8;2021;0;1;17;Decap;12396372;0;0;0;0;NA;0;0;0;0;0;0;0;0;0;0;0;0
8;2021;0;1;18;Decap;12396372;0;0;0;0;NA;0;0;0;0;0;0;0;0;0;0;0;0
8;2021;0;1;NA;NA;NA;0;0;0;0;NA;0;0;0;0;0;0;0;0;0;0;2;0
9;2010;0;1;1;Decap;11244369;0;0;0;0;NA;0;0;0;0;0;1;0;0;0;1;0;1
9;2010;0;1;2;Demacro;8428213;1;0;0;0;NA;0;0;0;0;0;0;0;0;0;0;1;1
9;2010;0;1;3;Deinter 1;2262723;0;0;0;0;NA;0;0;1;0;0;0;0;0;0;0;0;0
9;2010;0;1;4;Deinter 2;3307513;0;0;0;0;NA;0;0;0;0;0;0;0;0;1;0;0;0
9;2010;0;1;5;Deinter 3;3302679;0;0;0;0;NA;0;0;0;0;0;1;1;0;0;0;1;0
9;2010;0;1;6;Deinter 4;1750734;0;0;0;0;NA;0;0;0;0;0;0;0;0;0;0;0;1
9;2010;0;1;7;Deinter 5;1456209;0;0;0;0;NA;0;0;0;0;0;0;0;0;0;0;0;0
9;2010;0;1;8;Deinter 6;1936708;0;0;0;0;NA;0;0;0;1;0;0;0;0;0;0;0;0
9;2010;0;1;9;Deinter 7;2800360;0;0;0;0;NA;0;0;0;0;0;0;0;0;0;0;0;0
9;2010;0;1;10;Deinter 8;1083047;0;0;0;0;NA;0;0;0;0;0;0;0;0;0;0;0;0
9;2010;0;1;11;Deinter 9;2943524;0;0;0;0;NA;0;0;0;0;0;0;0;0;0;0;1;0
9;2010;0;1;12;Deinter 10;736081;0;0;0;0;NA;0;0;0;0;0;0;0;0;0;0;0;0
9;2010;0;1;13;Decap;11244369;0;0;0;0;NA;0;0;0;0;0;0;0;0;0;0;0;0
9;2010;0;1;14;Decap;11244369;1;0;0;0;NA;0;0;0;0;0;1;0;0;0;0;0;0
9;2010;0;1;15;Decap;11244369;0;0;0;0;NA;0;0;0;0;0;0;0;0;0;0;0;0
9;2010;0;1;16;Decap;11244369;0;0;0;0;NA;0;0;0;0;0;0;0;0;0;0;0;0
9;2010;0;1;17;Decap;11244369;0;0;0;0;NA;0;0;0;0;0;0;0;0;0;0;0;0
9;2010;0;1;18;Decap;11244369;0;0;0;0;NA;0;0;0;0;0;0;0;0;0;0;0;0
9;2010;0;1;NA;NA;NA;0;0;0;0;NA;0;0;0;0;0;0;0;0;0;0;0;0
9;2011;0;1;1;Decap;11316119;0;0;0;0;NA;0;0;1;0;1;2;0;0;0;0;0;1
9;2011;0;1;2;Demacro;8506440;0;0;0;0;NA;1;0;3;0;23;2;11;0;0;0;1;0
9;2011;0;1;3;Deinter 1;2285528;0;0;0;0;NA;0;0;0;0;0;0;0;0;0;0;0;1
9;2011;0;1;4;Deinter 2;3346411;0;0;0;0;NA;0;0;1;1;0;0;0;0;0;0;0;0
9;2011;0;1;5;Deinter 3;3330732;0;0;0;0;NA;0;0;0;0;0;0;0;0;0;0;0;2
9;2011;0;1;6;Deinter 4;1760330;0;0;0;0;NA;0;0;1;0;0;0;0;0;0;0;2;0
9;2011;0;1;7;Deinter 5;1466615;0;0;0;0;NA;0;0;0;0;0;0;0;0;0;0;0;0
9;2011;0;1;8;Deinter 6;1952342;0;0;0;0;NA;0;0;0;0;0;0;0;0;0;0;0;0
9;2011;0;1;9;Deinter 7;2825535;1;0;0;0;NA;0;0;0;0;0;0;0;0;0;0;0;0
9;2011;0;1;10;Deinter 8;1087849;0;0;0;0;NA;0;0;0;0;0;0;0;0;0;0;1;0
9;2011;0;1;11;Deinter 9;2968472;0;0;0;0;NA;0;0;0;0;0;0;0;0;0;0;0;0
9;2011;0;1;12;Deinter 10;740809;0;0;0;0;NA;0;0;0;0;0;0;0;0;0;0;0;0
9;2011;0;1;13;Decap;11316119;0;0;0;0;NA;0;0;1;0;0;0;0;0;0;0;2;0
9;2011;0;1;14;Decap;11316119;4;2;0;0;NA;0;0;0;1;0;0;0;0;0;1;3;0
9;2011;0;1;15;Decap;11316119;0;0;0;0;NA;0;0;0;0;0;0;0;0;0;0;0;0
9;2011;0;1;16;Decap;11316119;0;0;0;0;NA;0;0;0;0;0;0;0;0;0;0;0;0
9;2011;0;1;17;Decap;11316119;0;0;0;0;NA;0;0;0;0;0;0;0;0;0;0;0;0
9;2011;0;1;18;Decap;11316119;0;0;0;0;NA;0;0;0;0;0;0;0;0;0;0;1;0
9;2011;0;1;NA;NA;NA;0;0;0;0;NA;0;0;0;0;0;0;0;0;0;0;0;0
9;2012;0;1;1;Decap;11376685;0;0;0;0;NA;0;0;0;0;0;1;0;3;1;0;3;2
9;2012;0;1;2;Demacro;8579905;0;0;0;0;NA;0;0;2;0;0;0;0;0;0;0;1;0
9;2012;0;1;3;Deinter 1;2305758;0;0;0;0;NA;0;0;0;0;0;0;0;0;0;0;0;0
9;2012;0;1;4;Deinter 2;3383407;0;0;0;0;NA;0;0;0;0;0;0;0;0;0;0;0;0
9;2012;0;1;5;Deinter 3;3358517;0;0;0;0;NA;0;0;0;0;0;0;0;0;0;0;0;0
9;2012;0;1;6;Deinter 4;1770282;0;0;0;0;NA;0;0;0;0;0;0;0;0;0;0;1;0
9;2012;0;1;7;Deinter 5;1476901;0;0;0;0;NA;0;0;0;0;0;0;0;0;0;0;0;0
9;2012;0;1;8;Deinter 6;1966489;0;0;0;0;NA;0;0;1;0;0;0;0;0;0;0;0;0
9;2012;0;1;9;Deinter 7;2850458;0;0;0;0;NA;0;0;0;0;0;0;0;0;0;0;1;0
9;2012;0;1;10;Deinter 8;1092359;0;0;0;0;NA;0;0;0;0;0;0;0;0;0;0;0;0
9;2012;0;1;11;Deinter 9;2994987;0;0;0;0;NA;0;0;0;0;0;0;0;0;0;0;0;0
9;2012;0;1;12;Deinter 10;745471;0;0;0;0;NA;0;0;0;0;0;0;0;0;0;0;0;0
9;2012;0;1;13;Decap;11376685;0;0;0;0;NA;0;0;1;0;0;0;0;0;0;0;1;0
9;2012;0;1;14;Decap;11376685;2;0;0;0;NA;0;0;0;0;0;0;0;0;0;0;0;0
9;2012;0;1;15;Decap;11376685;0;0;0;0;NA;0;0;0;0;0;0;0;0;0;0;0;0
9;2012;0;1;16;Decap;11376685;0;0;0;0;NA;0;0;0;0;0;0;0;0;0;0;0;0
9;2012;0;1;17;Decap;11376685;0;0;0;0;NA;0;0;0;0;0;0;0;0;0;0;0;0
9;2012;0;1;18;Decap;11376685;0;0;0;0;NA;0;0;0;0;1;0;1;0;0;0;1;0
9;2012;0;1;NA;NA;NA;0;0;0;0;NA;0;0;0;0;0;0;0;0;0;0;0;0
9;2013;0;1;1;Decap;11821873;0;0;0;0;NA;0;0;2;3;2;1;0;0;0;0;0;3
9;2013;0;1;2;Demacro;8953241;0;1;0;0;NA;0;0;2;0;0;0;0;0;0;1;1;0
9;2013;0;1;3;Deinter 1;2406735;0;0;0;0;NA;0;0;0;0;0;0;0;0;0;0;0;0
9;2013;0;1;4;Deinter 2;3541481;0;0;0;0;NA;0;0;0;0;0;0;0;0;0;0;2;0
9;2013;0;1;5;Deinter 3;3503301;0;0;0;0;NA;0;0;0;0;0;0;0;0;0;0;0;0
9;2013;0;1;6;Deinter 4;1840239;0;0;0;0;NA;0;0;0;0;0;0;0;0;0;0;2;0
9;2013;0;1;7;Deinter 5;1537918;0;0;0;0;NA;0;0;0;0;0;0;0;0;0;0;0;0
9;2013;0;1;8;Deinter 6;2048410;0;0;0;0;NA;0;0;0;0;0;0;0;0;0;0;0;0
9;2013;0;1;9;Deinter 7;2975156;0;0;0;0;NA;0;0;0;0;0;0;1;0;0;0;1;0
9;2013;0;1;10;Deinter 8;1133298;0;0;0;0;NA;0;0;0;0;0;0;0;0;0;0;0;0
9;2013;0;1;11;Deinter 9;3126459;0;0;0;0;NA;0;0;1;0;0;0;0;0;1;0;0;0
9;2013;0;1;12;Deinter 10;775558;0;0;0;0;NA;0;0;0;0;0;0;0;0;0;0;0;0
9;2013;0;1;13;Decap;11821873;0;1;0;0;NA;0;0;1;0;0;0;0;0;0;0;0;0
9;2013;0;1;14;Decap;11821873;0;0;0;0;NA;0;0;0;0;0;0;0;0;0;0;0;1
9;2013;0;1;15;Decap;11821873;0;0;0;0;NA;0;0;0;0;0;0;0;0;0;0;0;0
9;2013;0;1;16;Decap;11821873;0;0;0;0;NA;0;0;0;0;0;0;0;0;0;0;0;0
9;2013;0;1;17;Decap;11821873;0;0;0;0;NA;0;0;0;0;0;0;0;0;0;0;0;0
9;2013;0;1;18;Decap;11821873;0;0;0;0;NA;0;0;0;0;0;0;0;0;0;0;0;0
9;2013;0;1;NA;NA;NA;0;0;0;0;NA;0;0;0;0;0;0;0;0;0;0;0;0
9;2014;0;1;1;Decap;11895893;0;1;0;0;NA;0;0;0;1;0;0;0;0;0;1;0;0
9;2014;0;1;2;Demacro;9039311;0;0;0;0;NA;0;0;0;0;0;0;0;0;0;0;2;0
9;2014;0;1;3;Deinter 1;2430392;0;0;0;0;NA;0;1;0;1;0;0;0;5;0;0;0;1
9;2014;0;1;4;Deinter 2;3584160;0;0;0;0;NA;0;0;0;0;0;0;0;0;0;0;0;0
9;2014;0;1;5;Deinter 3;3535932;0;0;0;0;NA;0;0;0;0;0;0;0;0;0;0;0;0
9;2014;0;1;6;Deinter 4;1852338;0;0;0;0;NA;0;0;0;1;0;1;0;0;0;0;0;1
9;2014;0;1;7;Deinter 5;1550161;0;0;0;0;NA;0;0;0;0;0;0;0;0;0;0;0;0
9;2014;0;1;8;Deinter 6;2065208;0;0;0;0;NA;0;0;0;0;0;0;0;0;0;1;0;0
9;2014;0;1;9;Deinter 7;3004319;0;0;0;0;NA;0;0;0;0;0;1;0;0;0;0;2;1
9;2014;0;1;10;Deinter 8;1138981;0;0;0;0;NA;0;0;0;0;0;0;0;0;0;0;0;0
9;2014;0;1;11;Deinter 9;3157448;0;0;0;0;NA;0;0;0;0;0;0;0;0;0;0;0;1
9;2014;0;1;12;Deinter 10;781161;0;0;0;0;NA;0;0;0;0;0;0;0;0;0;0;0;0
9;2014;0;1;13;Decap;11895893;0;0;0;0;NA;0;0;0;0;0;0;0;0;0;0;1;0
9;2014;0;1;14;Decap;11895893;1;0;0;0;NA;0;0;0;0;0;0;0;0;0;1;1;0
9;2014;0;1;15;Decap;11895893;0;0;0;0;NA;0;0;0;0;0;0;0;0;0;0;0;0
9;2014;0;1;16;Decap;11895893;0;0;0;0;NA;0;0;0;0;0;0;0;0;0;0;0;0
9;2014;0;1;17;Decap;11895893;0;0;0;0;NA;0;0;0;0;0;0;0;0;0;0;0;0
9;2014;0;1;18;Decap;11895893;0;0;0;0;NA;0;0;0;0;0;0;0;0;0;0;0;0
9;2014;0;1;NA;NA;NA;0;0;0;0;NA;0;0;0;0;0;0;0;0;0;0;0;0
9;2015;0;1;1;Decap;11967825;0;0;0;0;NA;0;0;0;0;0;3;0;0;0;0;0;1
9;2015;0;1;2;Demacro;9122966;0;1;0;0;NA;0;0;1;0;0;0;0;0;0;1;1;0
9;2015;0;1;3;Deinter 1;2453387;1;0;0;0;NA;0;0;0;0;0;0;0;0;0;0;2;0
9;2015;0;1;4;Deinter 2;3625638;0;0;0;0;NA;0;0;1;0;0;0;0;0;0;0;0;1
9;2015;0;1;5;Deinter 3;3567652;0;0;0;0;NA;0;0;0;0;0;0;0;0;0;0;0;0
9;2015;0;1;6;Deinter 4;1864091;0;0;0;0;NA;0;0;0;0;0;0;0;0;0;0;0;0
9;2015;0;1;7;Deinter 5;1562060;0;0;0;0;NA;0;0;0;0;0;1;0;0;0;0;0;0
9;2015;0;1;8;Deinter 6;2081531;0;0;0;0;NA;0;0;0;0;0;0;0;0;0;0;1;0
9;2015;0;1;9;Deinter 7;3032659;0;0;0;0;NA;0;0;0;0;0;0;0;0;0;0;0;0
9;2015;0;1;10;Deinter 8;1144506;0;0;0;0;NA;0;0;0;0;0;0;0;0;0;0;0;0
9;2015;0;1;11;Deinter 9;3187564;0;0;0;0;NA;0;0;0;0;0;0;0;0;0;0;0;1
9;2015;0;1;12;Deinter 10;786605;0;0;0;0;NA;0;0;0;0;0;0;0;0;0;0;0;0
9;2015;0;1;13;Decap;11967825;0;0;0;0;NA;0;0;2;0;0;0;0;0;0;0;0;0
9;2015;0;1;14;Decap;11967825;1;2;0;0;NA;0;0;0;0;0;0;0;0;0;0;0;2
9;2015;0;1;15;Decap;11967825;0;0;0;0;NA;0;0;0;0;0;0;0;0;0;0;0;0
9;2015;0;1;16;Decap;11967825;0;0;0;0;NA;0;0;0;0;0;0;0;0;0;0;0;0
9;2015;0;1;17;Decap;11967825;0;0;0;0;NA;0;0;0;0;0;0;0;0;0;0;0;0
9;2015;0;1;18;Decap;11967825;0;0;0;0;NA;0;0;0;0;0;0;2;0;0;0;0;0
9;2015;0;1;NA;NA;NA;0;0;0;0;NA;0;0;0;0;0;0;0;0;0;0;0;0
9;2016;0;1;1;Decap;12038175;0;0;0;0;NA;0;0;0;1;0;0;0;0;0;0;2;1
9;2016;0;1;2;Demacro;9204764;1;0;0;0;NA;0;0;0;1;0;0;0;0;0;0;1;0
9;2016;0;1;3;Deinter 1;2475879;0;0;0;0;NA;0;0;1;0;0;0;0;0;0;0;0;0
9;2016;0;1;4;Deinter 2;3666201;0;0;0;0;NA;0;0;0;0;0;1;0;0;0;0;0;0
9;2016;0;1;5;Deinter 3;3598661;0;0;0;0;NA;0;0;0;1;0;0;0;0;0;0;0;0
9;2016;0;1;6;Deinter 4;1875589;0;0;0;0;NA;0;0;0;1;0;1;0;0;0;0;2;0
9;2016;0;1;7;Deinter 5;1573701;0;0;0;0;NA;0;0;0;0;0;0;0;0;0;0;0;0
9;2016;0;1;8;Deinter 6;2097502;0;0;0;0;NA;0;0;1;0;0;0;0;0;0;0;0;0
9;2016;0;1;9;Deinter 7;3060372;0;0;0;0;NA;0;0;0;0;0;1;0;0;0;0;1;1
9;2016;0;1;10;Deinter 8;1149906;0;0;0;0;NA;0;0;0;0;0;0;0;0;0;0;0;0
9;2016;0;1;11;Deinter 9;3217014;0;0;0;0;NA;0;0;0;0;0;0;0;0;0;0;1;0
9;2016;0;1;12;Deinter 10;791935;0;0;0;0;NA;0;0;1;0;0;0;0;0;0;0;3;0
9;2016;0;1;13;Decap;12038175;0;0;0;0;NA;0;0;2;0;0;0;0;0;0;0;0;0
9;2016;0;1;14;Decap;12038175;1;1;0;0;NA;0;0;0;1;0;0;0;0;0;0;0;0
9;2016;0;1;15;Decap;12038175;0;0;0;0;NA;0;0;2;0;0;0;0;0;0;0;1;0
9;2016;0;1;16;Decap;12038175;0;0;0;0;NA;0;0;1;0;0;1;0;1;0;0;0;0
9;2016;0;1;17;Decap;12038175;0;0;0;0;NA;0;0;0;0;0;0;0;0;0;0;0;0
9;2016;0;1;18;Decap;12038175;0;0;0;0;NA;0;0;0;0;0;0;0;0;0;0;0;0
9;2016;0;1;NA;NA;NA;0;0;0;0;NA;0;0;0;0;0;0;0;0;0;0;0;0
9;2017;0;1;1;Decap;12106920;0;0;0;0;NA;0;0;2;2;0;0;0;0;0;0;1;1
9;2017;0;1;2;Demacro;9284704;3;1;0;0;NA;0;0;1;0;0;0;0;0;0;0;1;0
9;2017;0;1;3;Deinter 1;2497857;0;0;0;0;NA;0;0;0;0;0;0;0;0;0;0;0;0
9;2017;0;1;4;Deinter 2;3705840;0;0;0;0;NA;0;0;0;0;0;0;0;0;0;0;0;0
9;2017;0;1;5;Deinter 3;3654014;0;0;0;0;NA;0;0;0;0;0;0;0;0;0;0;0;0
9;2017;0;1;6;Deinter 4;1886819;0;0;0;0;NA;0;0;0;1;0;0;0;1;0;0;0;0
9;2017;0;1;7;Deinter 5;1565726;0;0;0;0;NA;0;0;1;0;0;0;0;0;0;0;0;2
9;2017;0;1;8;Deinter 6;2113105;0;0;0;0;NA;0;0;0;0;0;0;0;0;0;0;3;0
9;2017;0;1;9;Deinter 7;3087457;0;0;0;0;NA;0;0;0;0;0;0;0;0;0;0;0;1
9;2017;0;1;10;Deinter 8;1149492;0;0;0;0;NA;0;0;0;0;0;0;0;0;0;0;0;0
9;2017;0;1;11;Deinter 9;3245798;0;0;0;0;NA;0;0;0;0;0;0;0;0;0;0;0;0
9;2017;0;1;12;Deinter 10;797134;10;1;0;0;NA;0;0;0;0;0;0;0;0;0;0;0;0
9;2017;0;1;13;Decap;12106920;0;0;0;0;NA;0;0;3;0;0;0;0;0;0;0;2;0
9;2017;0;1;14;Decap;12106920;0;0;0;1;NA;0;0;0;0;0;0;0;0;0;0;0;0
9;2017;0;1;15;Decap;12106920;0;0;0;0;NA;0;0;0;0;0;0;0;0;0;0;0;0
9;2017;0;1;16;Decap;12106920;0;0;0;0;NA;0;0;0;0;0;0;0;0;0;0;0;0
9;2017;0;1;17;Decap;12106920;0;0;0;0;NA;0;0;0;0;0;0;0;0;0;0;0;0
9;2017;0;1;18;Decap;12106920;0;0;0;0;NA;0;0;0;0;0;0;0;0;0;0;0;0
9;2017;0;1;NA;NA;NA;0;0;0;0;NA;0;0;0;0;0;0;0;0;0;0;0;0
9;2018;0;1;1;Decap;12176866;0;0;0;0;NA;0;0;1;0;0;0;0;0;0;1;2;0
9;2018;0;1;2;Demacro;9394415;0;1;0;0;NA;0;0;2;0;0;0;0;0;0;0;0;1
9;2018;0;1;3;Deinter 1;2528345;0;0;0;0;NA;0;0;0;0;0;0;0;0;0;0;0;0
9;2018;0;1;4;Deinter 2;3765555;0;0;0;0;NA;0;0;1;0;0;0;0;0;0;0;0;0
9;2018;0;1;5;Deinter 3;3694912;0;0;0;0;NA;0;0;0;0;0;0;0;0;0;0;0;0
9;2018;0;1;6;Deinter 4;1898795;0;0;0;0;NA;0;0;2;0;0;0;0;0;0;0;2;0
9;2018;0;1;7;Deinter 5;1579772;0;0;0;0;NA;0;0;0;0;0;1;0;0;0;0;1;0
9;2018;0;1;8;Deinter 6;2132735;0;0;0;0;NA;0;0;1;0;0;0;0;0;0;0;2;0
9;2018;0;1;9;Deinter 7;3124964;0;0;0;0;NA;0;0;0;0;0;0;0;0;0;0;0;0
9;2018;0;1;10;Deinter 8;1153568;0;0;0;0;NA;0;0;0;0;0;0;0;0;0;0;0;0
9;2018;0;1;11;Deinter 9;3285865;0;0;0;0;NA;0;0;0;0;0;1;0;0;0;0;1;1
9;2018;0;1;12;Deinter 10;803144;0;0;0;0;NA;0;0;0;0;0;0;0;0;0;0;0;0
9;2018;0;1;13;Decap;12176866;0;0;0;0;NA;0;0;0;0;0;0;0;0;0;0;0;0
9;2018;0;1;14;Decap;12176866;0;0;0;0;NA;0;0;0;0;0;0;0;0;0;1;0;0
9;2018;0;1;15;Decap;12176866;0;0;0;0;NA;0;0;0;0;0;0;0;0;0;0;0;0
9;2018;0;1;16;Decap;12176866;0;0;0;0;NA;0;0;0;0;1;4;0;0;0;0;0;1
9;2018;0;1;17;Decap;12176866;0;0;0;0;NA;0;0;0;0;0;0;0;0;0;0;0;0
9;2018;0;1;18;Decap;12176866;0;0;0;0;NA;0;0;0;0;0;0;0;0;0;0;0;0
9;2018;0;1;NA;NA;NA;0;0;0;0;NA;0;0;0;0;0;0;0;0;0;0;0;0
9;2019;0;1;1;Decap;12252023;0;0;0;0;NA;0;0;1;1;0;0;0;0;0;0;3;0
9;2019;0;1;2;Demacro;NA;0;0;0;0;NA;0;0;1;0;0;0;0;0;0;0;3;0
9;2019;0;1;3;Deinter 1;2552610;0;0;0;0;NA;0;0;1;1;0;0;0;0;0;0;0;0
9;2019;0;1;4;Deinter 2;NA;0;0;0;0;NA;0;0;0;0;0;0;0;0;0;0;0;0
9;2019;0;1;5;Deinter 3;3728399;0;0;0;0;NA;0;0;0;0;0;0;0;0;0;0;0;0
9;2019;0;1;6;Deinter 4;1911091;0;0;0;0;NA;0;0;0;0;0;0;0;0;0;0;0;0
9;2019;0;1;7;Deinter 5;1592219;0;0;0;0;NA;0;0;0;0;0;0;0;0;0;0;0;0
9;2019;0;1;8;Deinter 6;2149906;0;1;0;0;NA;0;0;0;1;0;0;0;0;0;0;2;1
9;2019;0;1;9;Deinter 7;3154869;0;0;0;0;NA;0;0;0;0;0;0;0;0;0;0;0;0
9;2019;0;1;10;Deinter 8;1159300;0;0;0;0;NA;0;0;1;0;0;0;0;0;0;0;2;0
9;2019;0;1;11;Deinter 9;3317647;0;0;0;0;NA;0;0;0;0;0;0;0;0;0;0;1;0
9;2019;0;1;12;Deinter 10;808855;0;0;0;0;NA;0;0;0;0;0;0;0;0;0;0;0;0
9;2019;0;1;13;Decap;12252023;0;0;0;0;NA;0;0;3;0;0;0;0;0;0;0;1;0
9;2019;0;1;14;Decap;12252023;0;0;0;0;NA;0;0;0;0;0;0;0;0;0;0;0;0
9;2019;0;1;15;Decap;12252023;0;0;0;0;NA;0;0;0;0;0;0;0;0;0;0;0;0
9;2019;0;1;16;Decap;12252023;0;0;0;0;NA;0;0;0;0;0;1;0;0;0;0;0;1
9;2019;0;1;17;Decap;12252023;0;0;0;0;NA;0;0;0;0;0;0;0;0;0;0;0;0
9;2019;0;1;18;Decap;12252023;0;0;0;0;NA;0;0;0;0;0;0;0;0;0;0;0;0
9;2019;0;1;NA;NA;NA;0;0;0;0;NA;0;0;0;0;0;0;1;0;0;0;1;0
9;2020;0;1;1;Decap;12325232;0;0;0;0;NA;1;0;0;0;0;0;0;0;0;0;2;1
9;2020;0;1;2;Demacro;9568610;1;0;0;0;NA;0;0;2;0;0;0;1;0;0;0;2;0
9;2020;0;1;3;Deinter 1;2576250;0;0;0;0;NA;0;0;0;0;0;0;0;0;0;0;0;0
9;2020;0;1;4;Deinter 2;3852244;0;0;0;0;NA;0;0;0;0;0;0;0;0;0;0;0;0
9;2020;0;1;5;Deinter 3;3761025;0;0;0;0;NA;0;0;1;0;0;0;0;0;0;0;1;0
9;2020;0;1;6;Deinter 4;1923070;0;0;0;0;NA;0;0;0;0;0;0;0;0;0;0;0;0
9;2020;0;1;7;Deinter 5;1604342;0;0;0;0;NA;0;0;0;0;0;0;0;0;0;0;0;0
9;2020;0;1;8;Deinter 6;2166632;0;0;0;0;NA;0;0;1;0;0;0;0;0;0;0;2;0
9;2020;0;1;9;Deinter 7;3184000;0;0;0;0;NA;0;0;0;0;0;0;0;0;0;0;0;0
9;2020;0;1;10;Deinter 8;1164891;0;0;0;0;NA;0;0;0;0;0;0;0;0;0;0;0;0
9;2020;0;1;11;Deinter 9;3348615;0;1;0;0;NA;0;0;0;0;0;0;2;0;0;0;1;0
9;2020;0;1;12;Deinter 10;814422;0;0;0;0;NA;0;0;0;0;0;0;0;0;0;0;0;0
9;2020;0;1;13;Decap;12325232;0;0;0;0;NA;0;0;2;0;0;0;0;0;0;0;0;0
9;2020;0;1;14;Decap;12325232;0;0;0;0;NA;0;0;0;0;0;0;0;0;0;0;0;0
9;2020;0;1;15;Decap;12325232;0;0;0;0;NA;0;0;0;0;0;0;0;0;0;0;0;0
9;2020;0;1;16;Decap;12325232;0;0;0;1;NA;0;0;0;0;0;1;0;0;0;0;0;0
9;2020;0;1;17;Decap;12325232;0;0;0;0;NA;0;0;0;0;0;0;0;0;0;0;0;0
9;2020;0;1;18;Decap;12325232;0;0;0;0;NA;0;0;0;0;0;0;0;0;0;0;0;0
9;2020;0;1;NA;NA;NA;0;0;0;0;NA;0;0;0;0;0;0;0;0;0;0;0;0
9;2021;0;1;1;Decap;12396372;0;0;0;0;NA;0;0;1;1;0;1;0;0;0;0;1;1
9;2021;0;1;2;Demacro;9652132;0;0;0;0;NA;0;0;1;1;0;0;0;0;0;0;2;0
9;2021;0;1;3;Deinter 1;2599218;0;0;0;0;NA;0;0;0;0;0;0;0;0;0;0;0;0
9;2021;0;1;4;Deinter 2;3893806;0;0;0;0;NA;0;0;0;0;0;0;0;0;0;0;0;0
9;2021;0;1;5;Deinter 3;3792726;0;0;0;0;NA;0;0;0;0;0;0;0;0;0;0;0;0
9;2021;0;1;6;Deinter 4;1934714;0;0;0;0;NA;0;0;0;0;0;0;0;0;0;0;2;0
9;2021;0;1;7;Deinter 5;1616129;0;0;0;0;NA;0;0;0;0;0;0;0;0;0;0;0;0
9;2021;0;1;8;Deinter 6;2182882;0;0;0;0;NA;0;1;0;0;0;0;0;1;0;1;0;0
9;2021;0;1;9;Deinter 7;3212306;0;0;0;0;NA;0;0;0;0;0;0;0;0;0;0;0;1
9;2021;0;1;10;Deinter 8;1170317;0;0;0;0;NA;0;0;0;0;0;0;0;0;0;0;0;0
9;2021;0;1;11;Deinter 9;3378700;0;0;0;0;NA;0;0;0;0;0;0;1;1;0;0;0;1
9;2021;0;1;12;Deinter 10;819830;0;0;0;0;NA;0;0;0;0;0;0;0;0;0;0;0;0
9;2021;0;1;13;Decap;12396372;0;0;0;0;NA;0;0;0;0;0;0;0;0;0;0;0;0
9;2021;0;1;14;Decap;12396372;0;0;0;0;NA;0;0;1;0;0;0;0;0;0;0;0;0
9;2021;0;1;15;Decap;12396372;0;0;0;0;NA;0;0;0;0;0;0;0;0;0;0;0;0
9;2021;0;1;16;Decap;12396372;0;0;0;0;NA;0;0;0;0;0;0;1;0;0;0;0;0
9;2021;0;1;17;Decap;12396372;0;0;0;0;NA;0;0;0;0;0;0;0;0;0;0;0;0
9;2021;0;1;18;Decap;12396372;0;0;0;0;NA;0;0;0;0;0;0;0;0;0;0;0;0
9;2021;0;1;NA;NA;NA;0;0;0;0;NA;0;0;0;0;0;0;0;0;0;0;0;0
10;2010;0;1;1;Decap;11244369;0;0;0;0;NA;0;0;1;0;2;0;0;0;0;0;1;1
10;2010;0;1;2;Demacro;8428213;0;0;0;0;NA;0;0;0;0;0;0;0;0;0;0;2;0
10;2010;0;1;3;Deinter 1;2262723;0;0;0;0;NA;0;0;0;0;0;1;0;0;0;0;0;0
10;2010;0;1;4;Deinter 2;3307513;0;0;0;0;NA;0;0;0;0;0;0;0;0;0;0;0;0
10;2010;0;1;5;Deinter 3;3302679;0;0;0;0;NA;0;0;0;1;1;0;0;0;0;0;0;0
10;2010;0;1;6;Deinter 4;1750734;0;0;0;0;NA;0;0;0;0;0;0;0;0;0;0;0;0
10;2010;0;1;7;Deinter 5;1456209;0;0;0;0;NA;0;0;0;0;0;0;0;0;0;0;0;0
10;2010;0;1;8;Deinter 6;1936708;0;0;0;0;NA;0;0;1;0;0;0;0;0;0;0;0;0
10;2010;0;1;9;Deinter 7;2800360;0;1;0;0;NA;0;0;0;0;0;0;1;0;0;1;1;0
10;2010;0;1;10;Deinter 8;1083047;0;0;0;0;NA;0;0;0;0;0;0;0;0;0;0;0;0
10;2010;0;1;11;Deinter 9;2943524;0;0;0;0;NA;0;0;0;0;0;0;0;0;0;1;0;0
10;2010;0;1;12;Deinter 10;736081;0;0;0;0;NA;0;0;0;0;0;0;0;0;0;0;0;0
10;2010;0;1;13;Decap;11244369;0;0;0;0;NA;0;0;0;0;0;0;0;0;0;0;0;0
10;2010;0;1;14;Decap;11244369;0;0;0;0;NA;0;0;1;0;4;0;0;0;0;0;0;0
10;2010;0;1;15;Decap;11244369;0;0;0;0;NA;0;0;0;0;0;0;1;0;0;0;0;0
10;2010;0;1;16;Decap;11244369;0;0;0;0;NA;0;0;0;0;0;0;0;0;0;0;0;0
10;2010;0;1;17;Decap;11244369;0;0;0;0;NA;0;0;0;0;0;0;0;0;0;0;0;0
10;2010;0;1;18;Decap;11244369;0;0;0;0;NA;0;0;0;0;2;0;0;3;0;0;0;0
10;2010;0;1;NA;NA;NA;0;0;0;0;NA;0;0;0;0;0;0;0;0;0;0;0;0
10;2011;0;1;1;Decap;11316119;1;2;0;0;NA;0;0;2;1;0;0;0;1;0;0;4;0
10;2011;0;1;2;Demacro;8506440;0;1;0;0;NA;0;0;0;0;0;0;0;0;0;0;2;0
10;2011;0;1;3;Deinter 1;2285528;0;0;0;0;NA;0;0;0;0;0;0;0;1;0;0;1;0
10;2011;0;1;4;Deinter 2;3346411;0;0;0;0;NA;0;0;0;0;0;0;0;0;0;0;2;0
10;2011;0;1;5;Deinter 3;3330732;0;0;0;0;NA;0;0;0;0;0;0;0;0;0;0;0;0
10;2011;0;1;6;Deinter 4;1760330;0;0;0;0;NA;0;0;0;0;0;0;0;0;0;0;0;0
10;2011;0;1;7;Deinter 5;1466615;0;0;0;0;NA;0;0;0;0;0;0;0;0;0;0;1;0
10;2011;0;1;8;Deinter 6;1952342;0;0;0;0;NA;0;0;0;0;0;0;0;0;0;0;0;0
10;2011;0;1;9;Deinter 7;2825535;0;0;0;0;NA;0;0;0;0;0;0;0;0;0;0;2;0
10;2011;0;1;10;Deinter 8;1087849;0;0;0;0;NA;0;0;0;0;0;0;0;0;0;0;0;0
10;2011;0;1;11;Deinter 9;2968472;0;0;0;0;NA;0;0;0;0;0;0;0;0;0;0;0;0
10;2011;0;1;12;Deinter 10;740809;0;0;0;0;NA;0;0;0;0;0;0;0;0;0;0;0;0
10;2011;0;1;13;Decap;11316119;0;0;0;0;NA;0;0;1;0;0;0;0;0;0;0;3;0
10;2011;0;1;14;Decap;11316119;0;0;0;0;NA;0;0;0;0;0;0;0;0;0;0;0;0
10;2011;0;1;15;Decap;11316119;0;0;0;0;NA;0;0;0;0;0;0;0;0;0;0;0;0
10;2011;0;1;16;Decap;11316119;0;0;0;0;NA;0;0;0;0;0;0;0;0;0;0;0;0
10;2011;0;1;17;Decap;11316119;0;0;0;0;NA;0;0;0;0;0;0;0;0;0;0;0;0
10;2011;0;1;18;Decap;11316119;0;0;0;0;NA;0;0;0;0;0;0;0;0;0;0;0;0
10;2011;0;1;NA;NA;NA;0;0;0;0;NA;0;0;0;0;0;0;0;0;0;0;0;0
10;2012;0;1;1;Decap;11376685;0;0;0;0;NA;0;0;0;0;2;0;0;1;0;0;0;0
10;2012;0;1;2;Demacro;8579905;0;0;0;0;NA;0;0;0;0;1;0;0;0;0;1;0;0
10;2012;0;1;3;Deinter 1;2305758;0;0;0;0;NA;0;0;0;0;0;0;0;1;0;0;0;1
10;2012;0;1;4;Deinter 2;3383407;0;0;0;0;NA;0;0;0;0;0;0;0;0;0;0;0;0
10;2012;0;1;5;Deinter 3;3358517;0;0;0;0;NA;0;0;0;0;0;0;0;0;0;0;0;0
10;2012;0;1;6;Deinter 4;1770282;0;0;0;0;NA;0;0;0;0;0;0;1;0;0;0;0;0
10;2012;0;1;7;Deinter 5;1476901;0;1;0;0;NA;0;0;1;0;0;0;0;0;0;0;0;0
10;2012;0;1;8;Deinter 6;1966489;1;0;0;0;NA;0;0;0;0;1;2;0;0;0;0;1;1
10;2012;0;1;9;Deinter 7;2850458;0;0;0;0;NA;0;0;0;0;0;0;0;0;0;0;0;0
10;2012;0;1;10;Deinter 8;1092359;0;0;0;0;NA;0;0;0;0;0;0;0;0;0;1;0;0
10;2012;0;1;11;Deinter 9;2994987;0;0;0;0;NA;0;0;0;0;0;0;0;0;0;0;0;0
10;2012;0;1;12;Deinter 10;745471;0;0;0;0;NA;0;0;0;0;0;0;0;0;0;0;0;0
10;2012;0;1;13;Decap;11376685;0;0;0;0;NA;0;0;0;0;0;0;0;0;0;0;0;0
10;2012;0;1;14;Decap;11376685;2;0;0;0;NA;0;0;0;0;0;0;0;0;0;0;0;0
10;2012;0;1;15;Decap;11376685;0;0;0;0;NA;0;0;0;0;0;0;0;0;0;0;0;0
10;2012;0;1;16;Decap;11376685;0;0;0;0;NA;0;0;0;0;0;0;0;0;0;0;0;0
10;2012;0;1;17;Decap;11376685;0;0;0;0;NA;0;0;0;0;0;0;0;0;0;0;0;0
10;2012;0;1;18;Decap;11376685;0;0;0;0;NA;0;0;0;0;0;0;0;0;0;0;0;0
10;2012;0;1;NA;NA;NA;0;0;0;0;NA;0;0;0;0;0;0;0;0;0;0;0;0
10;2013;0;1;1;Decap;11821873;0;5;0;1;NA;0;0;0;2;0;2;0;0;0;2;1;1
10;2013;0;1;2;Demacro;8953241;0;0;0;0;NA;0;0;1;1;0;0;0;0;0;0;1;0
10;2013;0;1;3;Deinter 1;2406735;0;0;0;0;NA;0;0;0;1;0;0;0;0;0;0;0;1
10;2013;0;1;4;Deinter 2;3541481;0;0;0;0;NA;0;0;0;0;0;0;0;0;0;0;1;0
10;2013;0;1;5;Deinter 3;3503301;0;0;0;0;NA;0;0;0;0;0;0;0;0;0;0;1;0
10;2013;0;1;6;Deinter 4;1840239;0;0;0;0;NA;0;0;1;0;0;0;0;0;0;0;0;3
10;2013;0;1;7;Deinter 5;1537918;0;0;0;0;NA;0;0;0;0;0;0;0;0;0;0;0;0
10;2013;0;1;8;Deinter 6;2048410;0;0;0;0;NA;0;0;0;2;0;0;0;0;0;0;0;0
10;2013;0;1;9;Deinter 7;2975156;0;0;0;0;NA;0;0;0;0;0;0;0;0;0;0;0;0
10;2013;0;1;10;Deinter 8;1133298;0;0;0;0;NA;0;0;0;0;0;0;0;0;0;0;0;0
10;2013;0;1;11;Deinter 9;3126459;0;0;0;0;NA;0;0;0;0;0;0;0;0;0;0;0;0
10;2013;0;1;12;Deinter 10;775558;0;0;0;0;NA;0;0;0;0;0;0;0;0;0;0;1;0
10;2013;0;1;13;Decap;11821873;1;0;0;0;NA;0;0;0;0;0;0;0;0;0;0;0;0
10;2013;0;1;14;Decap;11821873;0;0;0;0;NA;0;0;0;0;0;0;0;0;0;0;0;0
10;2013;0;1;15;Decap;11821873;0;0;0;0;NA;0;0;0;0;0;0;0;0;0;0;0;0
10;2013;0;1;16;Decap;11821873;0;0;0;0;NA;0;0;0;0;0;0;0;0;0;0;0;0
10;2013;0;1;17;Decap;11821873;0;0;0;0;NA;0;0;0;0;0;0;0;0;0;0;0;0
10;2013;0;1;18;Decap;11821873;0;0;0;0;NA;0;0;0;0;0;0;0;0;0;0;0;0
10;2013;0;1;NA;NA;NA;0;0;0;0;NA;0;0;0;0;0;0;0;0;0;0;0;0
10;2014;0;1;1;Decap;11895893;1;0;0;0;NA;0;0;2;0;0;0;0;1;0;0;0;1
10;2014;0;1;2;Demacro;9039311;0;0;0;0;NA;0;0;2;0;0;0;0;0;0;0;1;0
10;2014;0;1;3;Deinter 1;2430392;0;0;0;0;NA;0;0;1;0;0;0;0;0;0;0;4;0
10;2014;0;1;4;Deinter 2;3584160;0;0;0;0;NA;0;0;1;0;0;0;0;0;0;0;2;0
10;2014;0;1;5;Deinter 3;3535932;0;0;0;0;NA;0;0;0;0;0;0;0;0;0;0;0;0
10;2014;0;1;6;Deinter 4;1852338;0;0;0;0;NA;0;0;0;0;0;0;0;0;0;0;0;0
10;2014;0;1;7;Deinter 5;1550161;0;0;0;0;NA;0;0;0;0;0;1;0;0;0;0;0;1
10;2014;0;1;8;Deinter 6;2065208;0;0;0;0;NA;0;0;0;0;0;0;0;0;0;0;1;0
10;2014;0;1;9;Deinter 7;3004319;0;0;0;0;NA;0;0;0;0;0;0;0;1;0;0;0;1
10;2014;0;1;10;Deinter 8;1138981;0;0;0;0;NA;0;0;0;0;0;0;0;0;0;0;0;0
10;2014;0;1;11;Deinter 9;3157448;0;0;0;0;NA;0;0;1;0;0;0;0;0;0;0;0;0
10;2014;0;1;12;Deinter 10;781161;0;0;0;0;NA;0;0;0;0;0;0;0;0;0;0;0;0
10;2014;0;1;13;Decap;11895893;0;0;0;0;NA;0;0;3;0;0;0;0;0;0;0;0;0
10;2014;0;1;14;Decap;11895893;0;0;0;0;NA;0;0;0;0;0;0;0;0;0;0;0;0
10;2014;0;1;15;Decap;11895893;0;0;0;0;NA;0;0;1;0;0;0;0;0;0;0;0;0
10;2014;0;1;16;Decap;11895893;0;0;0;0;NA;0;0;0;0;0;0;0;0;0;0;0;0
10;2014;0;1;17;Decap;11895893;0;0;0;0;NA;0;0;0;0;0;0;0;0;0;0;0;0
10;2014;0;1;18;Decap;11895893;0;0;0;0;NA;0;0;0;0;0;0;0;0;0;0;0;0
10;2014;0;1;NA;NA;NA;0;0;0;0;NA;0;0;0;0;0;0;0;0;0;0;0;0
10;2015;0;1;1;Decap;11967825;0;0;0;0;NA;0;0;0;1;0;1;0;0;0;0;2;1
10;2015;0;1;2;Demacro;9122966;0;0;0;0;NA;0;0;2;2;0;0;0;0;0;0;0;0
10;2015;0;1;3;Deinter 1;2453387;0;1;0;0;NA;0;0;1;0;0;0;0;0;0;0;0;0
10;2015;0;1;4;Deinter 2;3625638;0;0;0;0;NA;0;0;0;1;0;0;0;0;0;0;0;0
10;2015;0;1;5;Deinter 3;3567652;0;0;0;0;NA;0;0;0;0;0;0;0;0;0;0;0;0
10;2015;0;1;6;Deinter 4;1864091;0;0;0;0;NA;0;0;0;0;0;0;0;0;0;0;1;0
10;2015;0;1;7;Deinter 5;1562060;0;0;0;0;NA;0;0;0;0;0;0;0;0;0;0;0;0
10;2015;0;1;8;Deinter 6;2081531;0;0;0;0;NA;0;0;0;0;0;0;0;0;0;1;0;0
10;2015;0;1;9;Deinter 7;3032659;0;0;0;0;NA;0;0;1;0;0;0;0;0;0;0;3;0
10;2015;0;1;10;Deinter 8;1144506;0;0;0;0;NA;0;0;0;0;0;0;0;0;0;0;0;0
10;2015;0;1;11;Deinter 9;3187564;0;0;0;0;NA;0;0;0;0;0;0;0;0;0;0;0;0
10;2015;0;1;12;Deinter 10;786605;0;0;0;0;NA;0;0;1;0;0;0;0;0;0;0;0;0
10;2015;0;1;13;Decap;11967825;0;0;0;0;NA;0;0;2;0;0;0;1;0;0;0;2;0
10;2015;0;1;14;Decap;11967825;1;3;0;0;NA;0;0;0;1;0;0;0;0;0;1;0;0
10;2015;0;1;15;Decap;11967825;0;0;0;0;NA;0;0;0;0;0;0;0;0;0;0;0;0
10;2015;0;1;16;Decap;11967825;0;0;0;0;NA;0;0;0;0;0;0;0;0;0;0;0;0
10;2015;0;1;17;Decap;11967825;0;0;0;0;NA;0;0;0;0;0;0;0;0;0;0;0;0
10;2015;0;1;18;Decap;11967825;0;0;0;0;NA;0;0;0;0;0;1;0;0;0;0;0;0
10;2015;0;1;NA;NA;NA;0;0;0;0;NA;0;0;0;0;0;0;0;0;0;0;0;0
10;2016;0;1;1;Decap;12038175;0;0;0;0;NA;0;0;2;2;0;0;1;0;0;0;1;2
10;2016;0;1;2;Demacro;9204764;1;0;0;0;NA;0;0;1;0;0;0;0;0;0;0;3;1
10;2016;0;1;3;Deinter 1;2475879;0;0;0;0;NA;0;0;0;0;0;0;0;1;0;0;0;0
10;2016;0;1;4;Deinter 2;3666201;0;0;0;0;NA;0;0;0;0;0;0;0;0;0;0;0;0
10;2016;0;1;5;Deinter 3;3598661;0;0;0;0;NA;0;0;1;0;0;0;0;0;0;0;0;0
10;2016;0;1;6;Deinter 4;1875589;0;0;0;0;NA;0;0;0;0;0;0;0;0;0;0;0;0
10;2016;0;1;7;Deinter 5;1573701;0;0;0;0;NA;0;0;0;0;0;0;0;0;0;0;0;0
10;2016;0;1;8;Deinter 6;2097502;0;0;0;0;NA;0;0;0;1;0;0;0;0;0;0;0;0
10;2016;0;1;9;Deinter 7;3060372;0;0;0;0;NA;0;0;0;0;0;0;0;0;0;0;1;0
10;2016;0;1;10;Deinter 8;1149906;0;0;0;0;NA;0;0;0;0;0;0;0;0;0;0;0;0
10;2016;0;1;11;Deinter 9;3217014;0;0;0;0;NA;0;0;0;0;0;0;0;0;0;0;0;0
10;2016;0;1;12;Deinter 10;791935;0;0;0;0;NA;0;0;0;0;0;0;0;0;0;0;0;0
10;2016;0;1;13;Decap;12038175;0;0;0;0;NA;0;0;0;0;0;0;0;0;0;0;0;0
10;2016;0;1;14;Decap;12038175;0;1;0;0;NA;0;0;0;1;0;0;0;0;0;0;0;0
10;2016;0;1;15;Decap;12038175;0;0;0;0;NA;0;0;1;0;0;0;0;0;0;0;0;0
10;2016;0;1;16;Decap;12038175;0;0;0;0;NA;0;0;0;0;0;2;0;0;0;0;0;0
10;2016;0;1;17;Decap;12038175;0;0;0;0;NA;0;0;0;0;0;0;0;0;0;0;0;0
10;2016;0;1;18;Decap;12038175;0;0;0;0;NA;0;0;0;0;0;0;0;0;0;0;0;0
10;2016;0;1;NA;NA;NA;0;0;0;0;NA;0;0;0;0;0;0;0;0;0;0;0;0
10;2017;0;1;1;Decap;12106920;1;0;0;0;NA;0;0;1;0;0;0;0;0;0;0;1;2
10;2017;0;1;2;Demacro;9284704;0;0;0;0;NA;0;0;2;0;0;0;0;0;0;0;2;0
10;2017;0;1;3;Deinter 1;2497857;0;0;0;0;NA;0;0;0;0;0;0;0;0;0;0;0;0
10;2017;0;1;4;Deinter 2;3705840;0;0;0;0;NA;0;0;0;0;0;0;0;0;0;0;0;0
10;2017;0;1;5;Deinter 3;3654014;0;0;0;0;NA;0;0;0;0;0;0;3;0;0;0;0;0
10;2017;0;1;6;Deinter 4;1886819;0;0;0;0;NA;0;0;0;0;0;0;0;0;0;0;1;0
10;2017;0;1;7;Deinter 5;1565726;0;0;0;0;NA;0;0;0;0;0;0;0;0;0;0;1;0
10;2017;0;1;8;Deinter 6;2113105;0;0;0;0;NA;0;0;0;0;0;0;0;0;0;0;0;0
10;2017;0;1;9;Deinter 7;3087457;0;0;0;0;NA;0;0;0;0;0;0;0;0;0;0;1;0
10;2017;0;1;10;Deinter 8;1149492;0;0;0;0;NA;0;0;0;0;0;0;0;0;0;0;0;0
10;2017;0;1;11;Deinter 9;3245798;0;0;0;0;NA;0;0;0;0;0;1;1;0;0;0;2;0
10;2017;0;1;12;Deinter 10;797134;0;0;0;0;NA;0;0;0;0;0;0;0;0;1;0;0;0
10;2017;0;1;13;Decap;12106920;0;0;0;0;NA;0;0;0;0;0;0;0;0;0;0;0;0
10;2017;0;1;14;Decap;12106920;0;0;0;0;NA;0;0;0;0;0;0;0;0;0;0;0;0
10;2017;0;1;15;Decap;12106920;0;0;0;0;NA;0;0;1;0;0;0;0;0;0;0;0;0
10;2017;0;1;16;Decap;12106920;0;0;0;0;NA;0;0;0;0;0;2;0;0;0;0;0;1
10;2017;0;1;17;Decap;12106920;0;0;0;0;NA;0;0;0;0;0;0;0;0;0;0;0;0
10;2017;0;1;18;Decap;12106920;0;0;0;0;NA;0;0;0;0;0;0;0;0;0;0;0;0
10;2017;0;1;NA;NA;NA;0;0;0;0;NA;0;0;0;0;0;0;0;0;0;0;0;0
10;2018;1;1;1;Decap;12176866;0;0;0;0;NA;0;0;1;0;0;0;0;0;0;1;0;0
10;2018;1;1;2;Demacro;9394415;0;0;0;0;NA;0;0;0;0;0;0;0;0;0;0;1;1
10;2018;1;1;3;Deinter 1;2528345;0;0;0;0;NA;0;0;1;0;0;1;0;0;0;0;0;1
10;2018;1;1;4;Deinter 2;3765555;0;0;0;0;NA;0;0;0;0;0;0;0;0;0;0;1;0
10;2018;1;1;5;Deinter 3;3694912;0;0;0;0;NA;0;0;0;1;0;0;0;0;0;0;0;1
10;2018;1;1;6;Deinter 4;1898795;0;0;0;0;NA;0;0;0;0;0;0;0;0;0;0;0;0
10;2018;1;1;7;Deinter 5;1579772;0;0;0;0;NA;0;0;0;0;0;0;0;0;0;0;0;0
10;2018;1;1;8;Deinter 6;2132735;0;0;0;0;NA;0;0;0;3;0;0;0;0;0;0;3;0
10;2018;1;1;9;Deinter 7;3124964;0;0;0;0;NA;0;0;0;0;0;0;0;0;0;0;0;0
10;2018;1;1;10;Deinter 8;1153568;0;0;0;0;NA;0;0;0;0;0;0;1;0;0;0;0;0
10;2018;1;1;11;Deinter 9;3285865;0;0;0;0;NA;0;0;0;0;0;0;0;0;0;0;1;0
10;2018;1;1;12;Deinter 10;803144;0;0;0;0;NA;0;0;0;0;0;0;0;0;0;0;0;0
10;2018;1;1;13;Decap;12176866;0;1;0;0;NA;0;0;0;1;0;0;0;0;0;0;0;0
10;2018;1;1;14;Decap;12176866;0;0;0;0;NA;0;0;0;0;0;0;0;0;0;0;0;0
10;2018;1;1;15;Decap;12176866;0;0;0;0;NA;0;0;0;0;0;0;0;0;0;0;0;0
10;2018;1;1;16;Decap;12176866;0;0;0;0;NA;0;0;0;0;0;1;0;0;0;0;0;0
10;2018;1;1;17;Decap;12176866;0;0;0;0;NA;0;0;0;0;0;0;0;0;0;0;0;0
10;2018;1;1;18;Decap;12176866;0;0;0;0;NA;0;0;0;0;0;0;0;0;0;0;0;0
10;2018;1;1;NA;NA;NA;0;0;0;0;NA;0;0;0;0;0;0;0;0;0;0;0;0
10;2019;0;1;1;Decap;12252023;0;0;0;0;NA;0;0;2;2;0;0;0;0;0;0;2;1
10;2019;0;1;2;Demacro;NA;1;0;0;0;NA;0;0;0;2;0;0;1;0;0;0;0;0
10;2019;0;1;3;Deinter 1;2552610;0;0;0;0;NA;0;0;0;0;0;0;0;0;0;0;0;0
10;2019;0;1;4;Deinter 2;NA;0;0;0;0;NA;0;0;0;0;0;0;0;0;0;0;0;1
10;2019;0;1;5;Deinter 3;3728399;0;0;0;0;NA;0;0;0;0;0;0;0;0;0;0;1;0
10;2019;0;1;6;Deinter 4;1911091;0;0;0;0;NA;0;0;0;0;0;0;0;0;0;0;0;0
10;2019;0;1;7;Deinter 5;1592219;0;0;0;0;NA;0;0;0;0;0;0;0;0;0;0;0;0
10;2019;0;1;8;Deinter 6;2149906;1;0;0;0;NA;0;0;0;0;0;0;0;0;0;0;2;0
10;2019;0;1;9;Deinter 7;3154869;0;0;0;0;NA;0;0;1;0;0;0;0;0;0;0;0;0
10;2019;0;1;10;Deinter 8;1159300;0;0;0;0;NA;0;0;1;0;0;0;0;0;0;0;2;0
10;2019;0;1;11;Deinter 9;3317647;0;0;0;0;NA;0;0;0;0;0;0;0;0;0;0;0;0
10;2019;0;1;12;Deinter 10;808855;0;0;0;0;NA;0;0;0;0;0;0;0;0;0;0;1;0
10;2019;0;1;13;Decap;12252023;0;0;0;0;NA;0;0;1;0;0;0;0;0;0;0;0;0
10;2019;0;1;14;Decap;12252023;0;0;0;0;NA;0;0;0;0;0;0;0;0;0;0;0;0
10;2019;0;1;15;Decap;12252023;0;0;0;0;NA;0;0;0;0;0;0;0;0;0;0;0;0
10;2019;0;1;16;Decap;12252023;0;0;0;0;NA;0;0;0;0;0;2;0;0;0;0;0;1
10;2019;0;1;17;Decap;12252023;0;0;0;0;NA;0;0;0;0;0;0;0;0;0;0;0;0
10;2019;0;1;18;Decap;12252023;0;0;0;0;NA;0;0;0;0;0;0;0;0;0;0;0;0
10;2019;0;1;NA;NA;NA;0;0;0;0;NA;0;0;0;0;0;0;0;0;0;0;0;0
10;2020;0;1;1;Decap;12325232;0;0;0;0;NA;0;0;2;4;0;0;0;0;0;2;2;2
10;2020;0;1;2;Demacro;9568610;1;0;0;0;NA;0;0;0;0;0;0;0;0;0;0;1;0
10;2020;0;1;3;Deinter 1;2576250;1;0;0;0;NA;0;0;0;0;0;0;0;0;1;0;2;0
10;2020;0;1;4;Deinter 2;3852244;0;0;0;0;NA;0;0;0;0;0;0;1;0;0;0;2;0
10;2020;0;1;5;Deinter 3;3761025;0;0;0;0;NA;0;0;0;0;0;0;0;0;0;0;0;0
10;2020;0;1;6;Deinter 4;1923070;0;0;0;0;NA;0;0;0;0;0;1;0;0;0;0;0;1
10;2020;0;1;7;Deinter 5;1604342;0;0;0;0;NA;0;0;0;0;0;0;0;0;0;0;0;0
10;2020;0;1;8;Deinter 6;2166632;0;0;0;0;NA;0;0;0;0;0;0;0;0;0;0;1;0
10;2020;0;1;9;Deinter 7;3184000;0;0;0;0;NA;0;0;0;0;0;0;1;0;0;0;0;0
10;2020;0;1;10;Deinter 8;1164891;0;0;0;0;NA;0;0;0;0;0;0;0;0;0;0;0;1
10;2020;0;1;11;Deinter 9;3348615;0;0;0;0;NA;0;0;0;0;0;0;3;0;0;0;0;0
10;2020;0;1;12;Deinter 10;814422;0;0;0;0;NA;0;0;0;0;0;0;0;0;0;0;0;0
10;2020;0;1;13;Decap;12325232;0;0;0;0;NA;0;0;0;0;0;0;0;0;0;0;0;0
10;2020;0;1;14;Decap;12325232;0;0;0;0;NA;0;0;0;0;0;0;0;0;0;0;0;0
10;2020;0;1;15;Decap;12325232;0;0;0;0;NA;0;0;1;0;0;0;0;0;0;0;0;0
10;2020;0;1;16;Decap;12325232;0;0;0;0;NA;0;0;0;0;1;0;0;0;0;0;0;0
10;2020;0;1;17;Decap;12325232;0;0;0;0;NA;0;0;0;0;0;0;0;0;0;0;0;0
10;2020;0;1;18;Decap;12325232;0;0;0;0;NA;0;0;0;0;0;0;0;0;0;0;0;0
10;2020;0;1;NA;NA;NA;0;0;0;0;NA;0;0;0;0;0;0;0;0;0;0;0;0
10;2021;0;1;1;Decap;12396372;0;0;0;0;NA;0;0;0;0;0;0;0;0;0;0;2;2
10;2021;0;1;2;Demacro;9652132;1;0;0;0;NA;0;0;2;0;0;0;1;0;0;0;6;1
10;2021;0;1;3;Deinter 1;2599218;0;0;0;0;NA;0;0;1;1;0;0;0;0;1;0;2;0
10;2021;0;1;4;Deinter 2;3893806;0;0;0;0;NA;0;0;0;0;0;0;0;0;0;0;0;0
10;2021;0;1;5;Deinter 3;3792726;0;0;0;0;NA;0;0;0;0;0;0;0;0;0;0;0;1
10;2021;0;1;6;Deinter 4;1934714;0;0;0;0;NA;0;0;1;0;0;0;0;0;0;0;2;0
10;2021;0;1;7;Deinter 5;1616129;0;0;0;0;NA;0;0;0;0;0;0;0;0;0;0;1;0
10;2021;0;1;8;Deinter 6;2182882;0;0;0;0;NA;0;0;1;0;0;0;0;0;0;0;2;0
10;2021;0;1;9;Deinter 7;3212306;0;0;0;0;NA;0;0;0;0;0;0;1;0;0;0;0;0
10;2021;0;1;10;Deinter 8;1170317;0;0;0;0;NA;0;0;0;0;0;0;0;0;2;0;0;0
10;2021;0;1;11;Deinter 9;3378700;0;0;0;0;NA;0;0;0;0;0;0;0;0;0;0;1;0
10;2021;0;1;12;Deinter 10;819830;0;0;0;0;NA;0;0;0;0;0;0;0;0;0;0;0;0
10;2021;0;1;13;Decap;12396372;0;0;0;0;NA;0;0;0;0;0;0;0;0;0;0;0;0
10;2021;0;1;14;Decap;12396372;2;1;0;0;NA;0;0;0;0;0;0;0;0;0;0;0;0
10;2021;0;1;15;Decap;12396372;0;0;0;0;NA;0;0;0;0;0;0;0;0;0;0;0;0
10;2021;0;1;16;Decap;12396372;0;0;0;1;NA;0;0;0;0;0;1;0;2;0;0;0;1
10;2021;0;1;17;Decap;12396372;0;0;0;0;NA;0;0;0;0;0;0;0;0;0;0;0;0
10;2021;0;1;18;Decap;12396372;0;0;0;0;NA;0;0;0;0;0;0;0;0;0;0;0;0
10;2021;0;1;NA;NA;NA;0;0;0;0;NA;0;0;0;0;0;0;0;0;0;0;0;0
11;2010;0;1;1;Decap;11244369;1;0;0;0;NA;0;0;0;0;2;0;0;0;0;0;0;0
11;2010;0;1;2;Demacro;8428213;0;0;0;0;NA;0;0;0;0;0;0;1;0;0;0;1;0
11;2010;0;1;3;Deinter 1;2262723;0;0;0;0;NA;0;0;0;0;0;0;0;0;0;0;0;0
11;2010;0;1;4;Deinter 2;3307513;0;0;0;0;NA;0;0;0;0;0;0;0;0;0;0;0;0
11;2010;0;1;5;Deinter 3;3302679;0;0;0;0;NA;0;0;1;0;0;0;0;0;0;0;0;0
11;2010;0;1;6;Deinter 4;1750734;0;1;0;0;NA;0;0;0;0;0;0;0;0;0;0;0;0
11;2010;0;1;7;Deinter 5;1456209;0;0;0;0;NA;0;0;0;0;0;0;0;0;0;0;0;0
11;2010;0;1;8;Deinter 6;1936708;0;0;0;0;NA;0;0;0;1;0;0;0;0;0;0;0;0
11;2010;0;1;9;Deinter 7;2800360;0;0;0;0;NA;0;0;0;0;0;0;0;0;0;0;0;0
11;2010;0;1;10;Deinter 8;1083047;0;0;0;0;NA;0;0;0;0;0;0;0;0;0;0;0;0
11;2010;0;1;11;Deinter 9;2943524;0;0;0;0;NA;0;0;1;0;0;0;0;0;0;0;0;0
11;2010;0;1;12;Deinter 10;736081;0;0;0;0;NA;0;0;0;0;0;0;0;0;0;0;0;0
11;2010;0;1;13;Decap;11244369;0;1;0;0;NA;0;1;2;0;0;0;0;0;0;0;0;0
11;2010;0;1;14;Decap;11244369;0;0;0;0;NA;0;0;0;0;0;1;0;0;0;0;0;0
11;2010;0;1;15;Decap;11244369;0;0;0;0;NA;0;0;0;0;0;1;0;0;0;0;0;0
11;2010;0;1;16;Decap;11244369;0;0;0;0;NA;0;0;0;0;0;0;0;0;0;0;0;0
11;2010;0;1;17;Decap;11244369;0;0;0;0;NA;0;0;0;0;0;0;0;0;0;0;0;0
11;2010;0;1;18;Decap;11244369;0;0;0;0;NA;0;0;0;0;1;2;0;0;0;0;0;0
11;2010;0;1;NA;NA;NA;0;0;0;0;NA;0;0;0;0;0;0;0;0;0;0;0;0
11;2011;0;1;1;Decap;11316119;0;0;0;0;NA;0;0;0;1;2;0;0;0;1;1;4;0
11;2011;0;1;2;Demacro;8506440;0;0;0;0;NA;0;0;0;0;0;0;0;0;0;1;0;2
11;2011;0;1;3;Deinter 1;2285528;0;0;0;0;NA;0;0;0;0;0;0;0;0;0;0;0;0
11;2011;0;1;4;Deinter 2;3346411;0;0;0;0;NA;0;0;2;0;0;0;0;0;0;0;3;0
11;2011;0;1;5;Deinter 3;3330732;0;0;0;0;NA;0;0;0;0;0;0;0;0;0;0;0;0
11;2011;0;1;6;Deinter 4;1760330;0;0;0;0;NA;0;0;0;0;0;0;0;0;0;0;0;0
11;2011;0;1;7;Deinter 5;1466615;0;0;0;0;NA;0;0;0;0;0;0;0;0;0;0;0;0
11;2011;0;1;8;Deinter 6;1952342;0;0;0;0;NA;0;0;0;0;0;0;0;0;0;1;0;0
11;2011;0;1;9;Deinter 7;2825535;1;0;0;0;NA;0;0;0;0;0;0;0;0;1;0;1;0
11;2011;0;1;10;Deinter 8;1087849;0;0;0;0;NA;0;0;0;0;0;0;0;0;0;0;0;0
11;2011;0;1;11;Deinter 9;2968472;0;0;0;0;NA;0;0;0;0;0;0;0;0;0;0;1;0
11;2011;0;1;12;Deinter 10;740809;0;0;0;0;NA;0;0;0;0;0;0;0;0;0;0;0;0
11;2011;0;1;13;Decap;11316119;0;0;0;0;NA;0;0;0;0;0;0;0;0;0;0;0;0
11;2011;0;1;14;Decap;11316119;0;0;0;0;NA;0;0;1;0;0;0;0;0;0;0;0;0
11;2011;0;1;15;Decap;11316119;0;0;0;0;NA;0;0;0;0;0;0;0;0;0;0;0;0
11;2011;0;1;16;Decap;11316119;0;0;0;0;NA;0;0;0;0;0;0;0;0;0;0;0;0
11;2011;0;1;17;Decap;11316119;0;0;0;0;NA;0;0;0;0;0;0;0;0;0;0;0;0
11;2011;0;1;18;Decap;11316119;0;0;0;0;NA;0;0;0;0;0;2;0;0;0;0;1;0
11;2011;0;1;NA;NA;NA;0;0;0;0;NA;0;0;0;0;0;0;0;0;0;0;0;0
11;2012;0;1;1;Decap;11376685;0;1;0;0;NA;0;0;0;0;0;0;0;0;0;0;3;1
11;2012;0;1;2;Demacro;8579905;0;0;0;0;NA;0;0;3;0;0;0;0;0;0;0;0;0
11;2012;0;1;3;Deinter 1;2305758;0;0;0;0;NA;0;0;0;0;0;0;1;0;0;0;1;1
11;2012;0;1;4;Deinter 2;3383407;0;0;0;0;NA;0;0;0;0;0;0;0;0;0;0;0;0
11;2012;0;1;5;Deinter 3;3358517;0;0;0;0;NA;0;0;0;0;0;0;0;0;0;0;0;1
11;2012;0;1;6;Deinter 4;1770282;0;0;0;0;NA;0;0;0;0;0;0;0;0;0;0;0;0
11;2012;0;1;7;Deinter 5;1476901;0;0;0;0;NA;0;0;0;0;0;0;0;0;0;0;0;0
11;2012;0;1;8;Deinter 6;1966489;0;0;0;0;NA;0;0;0;0;0;0;0;1;0;0;0;1
11;2012;0;1;9;Deinter 7;2850458;0;0;0;0;NA;0;0;0;0;0;0;0;0;0;0;0;0
11;2012;0;1;10;Deinter 8;1092359;0;0;0;0;NA;0;0;0;0;0;0;0;0;0;0;0;0
11;2012;0;1;11;Deinter 9;2994987;0;0;0;0;NA;0;0;0;0;0;0;0;0;0;0;0;0
11;2012;0;1;12;Deinter 10;745471;0;0;0;0;NA;0;0;0;0;0;0;0;0;0;0;0;0
11;2012;0;1;13;Decap;11376685;0;0;0;0;NA;0;0;3;0;0;0;0;0;0;0;1;0
11;2012;0;1;14;Decap;11376685;0;0;0;0;NA;0;0;0;0;0;0;0;0;0;0;0;0
11;2012;0;1;15;Decap;11376685;0;0;0;0;NA;0;0;0;0;0;0;0;0;0;0;0;0
11;2012;0;1;16;Decap;11376685;0;0;0;0;NA;0;0;0;0;0;0;0;0;0;0;0;0
11;2012;0;1;17;Decap;11376685;0;0;0;0;NA;0;0;0;0;0;0;0;0;0;0;0;0
11;2012;0;1;18;Decap;11376685;0;0;0;0;NA;0;0;0;0;0;0;0;0;0;0;0;0
11;2012;0;1;NA;NA;NA;0;0;0;0;NA;0;0;0;0;0;0;0;0;0;0;0;0
11;2013;0;1;1;Decap;11821873;0;2;0;0;NA;0;0;0;0;0;2;1;0;0;0;0;2
11;2013;0;1;2;Demacro;8953241;0;0;0;0;NA;0;0;4;0;0;0;0;0;0;1;0;1
11;2013;0;1;3;Deinter 1;2406735;0;0;0;0;NA;0;0;0;0;0;0;0;0;0;0;0;1
11;2013;0;1;4;Deinter 2;3541481;0;0;0;0;NA;0;0;0;1;0;0;0;0;0;0;0;0
11;2013;0;1;5;Deinter 3;3503301;0;0;0;0;NA;0;0;0;0;0;0;0;0;0;0;0;0
11;2013;0;1;6;Deinter 4;1840239;0;0;0;0;NA;0;0;0;0;0;0;0;0;0;0;1;1
11;2013;0;1;7;Deinter 5;1537918;0;0;0;0;NA;0;0;0;0;0;0;0;0;0;0;0;0
11;2013;0;1;8;Deinter 6;2048410;0;1;0;0;NA;0;0;0;0;0;0;0;0;0;0;0;0
11;2013;0;1;9;Deinter 7;2975156;0;0;0;0;NA;0;0;0;0;0;0;0;0;0;1;0;0
11;2013;0;1;10;Deinter 8;1133298;0;0;0;0;NA;0;0;0;0;0;0;0;0;0;0;0;0
11;2013;0;1;11;Deinter 9;3126459;0;0;0;0;NA;0;0;0;0;0;1;0;0;0;0;2;1
11;2013;0;1;12;Deinter 10;775558;0;0;0;0;NA;0;0;0;0;0;0;0;0;0;0;0;0
11;2013;0;1;13;Decap;11821873;0;0;0;0;NA;0;0;0;0;0;0;0;0;0;0;0;0
11;2013;0;1;14;Decap;11821873;2;0;0;0;NA;0;0;1;0;0;0;0;0;0;0;3;0
11;2013;0;1;15;Decap;11821873;0;0;0;0;NA;0;0;0;0;0;0;0;0;0;0;0;0
11;2013;0;1;16;Decap;11821873;0;0;0;0;NA;0;0;0;0;0;0;0;0;0;0;0;0
11;2013;0;1;17;Decap;11821873;0;0;0;0;NA;0;0;0;0;0;0;0;0;0;0;0;0
11;2013;0;1;18;Decap;11821873;0;0;0;0;NA;0;0;0;0;0;0;0;0;0;0;0;0
11;2013;0;1;NA;NA;NA;0;0;0;0;NA;0;0;0;0;0;0;0;0;0;0;0;0
11;2014;0;1;1;Decap;11895893;0;0;0;0;NA;0;0;1;0;1;1;0;0;0;1;1;0
11;2014;0;1;2;Demacro;9039311;0;2;0;0;NA;0;0;0;0;0;0;0;0;0;0;0;1
11;2014;0;1;3;Deinter 1;2430392;0;0;0;0;NA;0;0;0;0;0;0;0;0;0;0;1;0
11;2014;0;1;4;Deinter 2;3584160;0;0;0;0;NA;0;0;0;0;0;0;0;0;0;0;0;0
11;2014;0;1;5;Deinter 3;3535932;0;0;0;0;NA;0;0;0;0;0;0;0;0;0;0;0;0
11;2014;0;1;6;Deinter 4;1852338;0;0;0;0;NA;0;0;0;0;0;0;0;0;0;0;0;2
11;2014;0;1;7;Deinter 5;1550161;0;0;0;0;NA;0;0;0;0;0;0;0;0;0;0;0;0
11;2014;0;1;8;Deinter 6;2065208;0;0;0;0;NA;0;0;0;1;0;0;0;0;0;1;0;0
11;2014;0;1;9;Deinter 7;3004319;0;0;0;0;NA;0;0;0;0;0;0;0;0;0;0;0;0
11;2014;0;1;10;Deinter 8;1138981;0;0;0;0;NA;0;0;0;0;0;0;0;0;0;0;2;0
11;2014;0;1;11;Deinter 9;3157448;0;0;0;0;NA;0;0;0;0;0;0;0;0;0;0;0;0
11;2014;0;1;12;Deinter 10;781161;0;0;0;0;NA;0;0;0;0;0;0;0;0;0;0;0;0
11;2014;0;1;13;Decap;11895893;0;0;0;0;NA;0;0;3;0;0;0;0;0;0;0;0;0
11;2014;0;1;14;Decap;11895893;0;1;0;0;NA;0;0;0;0;0;0;0;0;0;0;1;0
11;2014;0;1;15;Decap;11895893;0;0;0;0;NA;0;0;0;0;0;0;0;0;0;0;0;0
11;2014;0;1;16;Decap;11895893;0;0;0;0;NA;0;0;0;0;0;0;0;0;0;0;0;0
11;2014;0;1;17;Decap;11895893;0;0;0;0;NA;0;0;0;0;0;0;0;0;0;0;0;0
11;2014;0;1;18;Decap;11895893;0;0;0;0;NA;0;0;0;0;0;0;0;0;0;0;0;0
11;2014;0;1;NA;NA;NA;0;0;0;0;NA;0;0;0;0;0;0;0;0;0;0;0;0
11;2015;0;1;1;Decap;11967825;0;0;0;0;NA;0;0;0;0;0;0;0;0;0;0;1;1
11;2015;0;1;2;Demacro;9122966;1;0;0;0;NA;0;0;0;0;1;0;0;0;0;0;0;1
11;2015;0;1;3;Deinter 1;2453387;0;0;0;0;NA;0;0;0;1;0;0;0;0;0;0;1;0
11;2015;0;1;4;Deinter 2;3625638;0;0;0;0;NA;0;0;0;0;0;0;0;2;0;0;0;0
11;2015;0;1;5;Deinter 3;3567652;0;0;0;0;NA;0;0;0;0;0;0;0;0;0;0;0;0
11;2015;0;1;6;Deinter 4;1864091;0;0;0;0;NA;0;0;0;0;0;0;0;0;0;0;2;0
11;2015;0;1;7;Deinter 5;1562060;0;0;0;0;NA;0;0;0;0;0;0;0;0;0;0;0;0
11;2015;0;1;8;Deinter 6;2081531;0;0;0;0;NA;0;0;0;0;0;0;0;0;0;0;0;0
11;2015;0;1;9;Deinter 7;3032659;0;0;0;0;NA;0;0;0;0;0;0;1;0;0;0;0;0
11;2015;0;1;10;Deinter 8;1144506;0;0;0;0;NA;0;0;0;0;0;0;0;0;0;0;0;0
11;2015;0;1;11;Deinter 9;3187564;0;0;0;0;NA;0;0;0;0;0;0;0;0;0;0;3;0
11;2015;0;1;12;Deinter 10;786605;0;0;0;0;NA;0;0;0;0;0;0;0;0;0;0;0;0
11;2015;0;1;13;Decap;11967825;0;0;0;0;NA;0;0;1;0;0;0;0;0;0;0;0;0
11;2015;0;1;14;Decap;11967825;0;2;0;0;NA;0;0;0;2;0;0;0;1;0;0;0;0
11;2015;0;1;15;Decap;11967825;0;0;0;0;NA;0;0;0;0;0;0;0;0;0;0;0;0
11;2015;0;1;16;Decap;11967825;0;0;0;0;NA;0;0;0;0;0;0;0;0;0;0;0;0
11;2015;0;1;17;Decap;11967825;0;0;0;0;NA;0;0;0;0;0;0;0;0;0;0;0;0
11;2015;0;1;18;Decap;11967825;0;0;0;0;NA;0;0;0;1;0;0;0;0;0;0;0;0
11;2015;0;1;NA;NA;NA;0;0;0;0;NA;0;0;0;0;0;0;0;0;0;0;0;0
11;2016;0;1;1;Decap;12038175;0;1;0;0;NA;0;0;1;2;1;0;0;0;1;0;0;1
11;2016;0;1;2;Demacro;9204764;0;0;0;0;NA;0;0;0;0;0;1;0;0;0;0;0;1
11;2016;0;1;3;Deinter 1;2475879;0;1;0;0;NA;0;0;0;0;0;0;0;0;0;0;0;0
11;2016;0;1;4;Deinter 2;3666201;0;0;0;0;NA;0;0;0;0;0;0;0;0;0;0;0;0
11;2016;0;1;5;Deinter 3;3598661;0;0;0;0;NA;0;0;0;1;0;0;1;0;0;0;3;0
11;2016;0;1;6;Deinter 4;1875589;0;0;0;0;NA;0;0;0;0;0;0;0;0;0;0;2;0
11;2016;0;1;7;Deinter 5;1573701;0;0;0;0;NA;0;0;0;0;0;0;0;0;0;0;0;0
11;2016;0;1;8;Deinter 6;2097502;0;0;0;0;NA;0;0;1;1;0;0;0;0;0;0;1;0
11;2016;0;1;9;Deinter 7;3060372;0;0;0;0;NA;0;0;0;0;0;0;0;0;0;0;1;0
11;2016;0;1;10;Deinter 8;1149906;0;0;0;0;NA;0;0;0;0;0;0;0;0;0;0;0;0
11;2016;0;1;11;Deinter 9;3217014;0;0;0;0;NA;0;0;0;0;0;0;0;0;0;0;1;0
11;2016;0;1;12;Deinter 10;791935;0;0;0;0;NA;0;0;0;0;0;0;0;0;0;0;0;0
11;2016;0;1;13;Decap;12038175;0;0;0;0;NA;0;0;0;0;0;0;0;0;0;0;2;0
11;2016;0;1;14;Decap;12038175;1;1;0;0;NA;0;0;1;0;0;0;0;0;0;0;0;0
11;2016;0;1;15;Decap;12038175;0;0;0;0;NA;0;0;1;0;0;0;0;0;0;0;0;0
11;2016;0;1;16;Decap;12038175;0;0;0;0;NA;0;0;0;0;0;3;0;0;0;0;0;0
11;2016;0;1;17;Decap;12038175;0;0;0;0;NA;0;0;0;0;0;0;0;0;0;0;0;0
11;2016;0;1;18;Decap;12038175;0;0;0;0;NA;0;0;0;0;0;0;0;0;0;0;0;0
11;2016;0;1;NA;NA;NA;0;0;0;0;NA;0;0;0;0;0;0;0;0;0;0;0;0
11;2017;0;1;1;Decap;12106920;0;1;0;0;NA;0;0;0;3;0;0;0;0;0;0;0;1
11;2017;0;1;2;Demacro;9284704;1;0;0;0;NA;0;0;0;0;0;0;0;0;0;0;0;0
11;2017;0;1;3;Deinter 1;2497857;0;0;0;0;NA;0;0;0;0;0;0;0;0;0;0;0;1
11;2017;0;1;4;Deinter 2;3705840;0;0;0;0;NA;0;0;0;0;0;0;0;0;0;0;0;0
11;2017;0;1;5;Deinter 3;3654014;0;0;0;0;NA;0;0;0;0;0;0;0;0;0;0;0;0
11;2017;0;1;6;Deinter 4;1886819;0;0;0;0;NA;0;0;0;0;0;0;0;0;0;0;1;1
11;2017;0;1;7;Deinter 5;1565726;0;0;0;0;NA;0;0;0;0;0;0;0;0;0;0;0;0
11;2017;0;1;8;Deinter 6;2113105;0;0;0;1;NA;0;0;0;0;1;0;0;0;0;0;1;1
11;2017;0;1;9;Deinter 7;3087457;1;0;0;0;NA;0;0;0;0;0;0;0;0;0;1;0;0
11;2017;0;1;10;Deinter 8;1149492;0;0;0;0;NA;0;0;0;0;0;0;0;0;0;0;0;0
11;2017;0;1;11;Deinter 9;3245798;0;0;0;0;NA;0;0;0;0;0;0;0;0;0;0;0;0
11;2017;0;1;12;Deinter 10;797134;0;0;0;0;NA;0;0;0;0;0;0;0;0;0;0;0;0
11;2017;0;1;13;Decap;12106920;0;0;0;0;NA;0;0;0;0;0;0;0;0;0;0;0;0
11;2017;0;1;14;Decap;12106920;0;0;0;0;NA;0;0;0;0;0;0;0;0;0;0;0;0
11;2017;0;1;15;Decap;12106920;0;0;0;0;NA;0;0;2;0;0;0;0;0;0;0;1;0
11;2017;0;1;16;Decap;12106920;0;0;0;0;NA;0;0;0;0;2;2;0;1;0;1;0;0
11;2017;0;1;17;Decap;12106920;0;0;0;0;NA;0;0;0;0;0;0;0;0;0;0;0;0
11;2017;0;1;18;Decap;12106920;0;0;0;0;NA;0;0;0;0;0;0;0;0;0;0;0;0
11;2017;0;1;NA;NA;NA;0;0;0;0;NA;0;0;0;0;0;0;0;0;0;0;0;0
11;2018;0;1;1;Decap;12176866;0;0;0;0;NA;0;0;0;4;0;0;3;0;0;0;2;0
11;2018;0;1;2;Demacro;9394415;0;0;0;0;NA;0;0;0;0;0;1;3;0;0;0;3;0
11;2018;0;1;3;Deinter 1;2528345;0;0;0;0;NA;0;0;0;0;0;0;0;0;0;0;0;0
11;2018;0;1;4;Deinter 2;3765555;0;0;0;0;NA;0;0;0;0;0;0;0;1;0;0;0;0
11;2018;0;1;5;Deinter 3;3694912;0;0;0;0;NA;0;0;0;0;0;0;0;0;0;0;0;0
11;2018;0;1;6;Deinter 4;1898795;0;0;0;0;NA;0;0;0;0;0;0;0;0;0;0;0;0
11;2018;0;1;7;Deinter 5;1579772;0;0;0;0;NA;0;0;0;0;0;0;0;0;0;0;0;0
11;2018;0;1;8;Deinter 6;2132735;0;0;0;0;NA;0;0;0;0;0;0;0;0;0;0;0;0
11;2018;0;1;9;Deinter 7;3124964;0;0;0;0;NA;0;0;0;0;0;0;0;0;0;0;0;0
11;2018;0;1;10;Deinter 8;1153568;0;0;0;0;NA;0;0;0;0;0;0;0;0;0;0;0;0
11;2018;0;1;11;Deinter 9;3285865;0;0;0;0;NA;0;0;0;0;0;0;2;0;0;0;0;0
11;2018;0;1;12;Deinter 10;803144;0;0;0;0;NA;0;0;0;0;0;0;0;0;0;0;0;0
11;2018;0;1;13;Decap;12176866;0;0;0;0;NA;0;0;1;0;0;0;0;0;0;0;0;0
11;2018;0;1;14;Decap;12176866;0;1;0;0;NA;0;0;0;0;0;0;0;0;0;0;0;0
11;2018;0;1;15;Decap;12176866;0;0;0;0;NA;0;0;0;0;0;0;0;0;0;0;0;0
11;2018;0;1;16;Decap;12176866;0;0;0;0;NA;0;0;0;0;0;1;0;0;0;0;0;1
11;2018;0;1;17;Decap;12176866;0;0;0;0;NA;0;0;0;0;0;0;0;0;0;0;0;0
11;2018;0;1;18;Decap;12176866;0;0;0;0;NA;0;0;0;0;0;0;0;0;0;0;0;0
11;2018;0;1;NA;NA;NA;0;0;0;0;NA;0;0;0;0;0;0;0;0;0;0;0;0
11;2019;0;1;1;Decap;12252023;0;0;0;0;NA;0;0;0;0;0;0;0;0;0;0;0;0
11;2019;0;1;2;Demacro;NA;0;0;0;0;NA;0;0;0;0;0;0;2;0;0;0;3;0
11;2019;0;1;3;Deinter 1;2552610;0;0;0;0;NA;0;0;0;0;0;0;0;0;0;0;0;0
11;2019;0;1;4;Deinter 2;NA;0;0;0;0;NA;0;0;0;0;0;0;0;0;0;0;0;0
11;2019;0;1;5;Deinter 3;3728399;0;0;0;0;NA;0;0;0;0;0;0;0;0;0;0;0;0
11;2019;0;1;6;Deinter 4;1911091;0;0;0;0;NA;0;0;0;0;0;0;0;0;0;0;0;0
11;2019;0;1;7;Deinter 5;1592219;0;0;0;0;NA;0;0;0;0;0;0;0;0;0;0;0;0
11;2019;0;1;8;Deinter 6;2149906;0;0;0;0;NA;0;0;0;0;0;0;0;0;0;0;5;0
11;2019;0;1;9;Deinter 7;3154869;0;0;0;0;NA;0;0;0;0;0;0;0;0;0;0;1;0
11;2019;0;1;10;Deinter 8;1159300;0;0;0;0;NA;0;0;0;0;0;0;0;0;0;0;0;0
11;2019;0;1;11;Deinter 9;3317647;0;0;0;0;NA;0;0;0;0;0;0;0;0;0;0;0;0
11;2019;0;1;12;Deinter 10;808855;0;0;0;0;NA;0;0;0;0;0;0;0;0;0;0;0;0
11;2019;0;1;13;Decap;12252023;0;0;0;0;NA;0;0;0;0;0;0;0;0;0;0;0;0
11;2019;0;1;14;Decap;12252023;1;0;0;0;NA;0;0;0;0;0;0;0;0;0;0;0;0
11;2019;0;1;15;Decap;12252023;0;0;0;0;NA;0;0;0;0;0;0;0;0;0;0;0;0
11;2019;0;1;16;Decap;12252023;0;0;0;0;NA;0;0;0;0;0;0;0;0;0;0;0;0
11;2019;0;1;17;Decap;12252023;1;0;0;0;NA;0;0;0;0;0;0;0;0;0;0;0;0
11;2019;0;1;18;Decap;12252023;0;0;0;0;NA;0;0;0;0;0;0;0;0;0;0;0;0
11;2019;0;1;NA;NA;NA;0;0;0;0;NA;0;0;0;0;0;0;0;0;0;0;0;0
11;2020;0;1;1;Decap;12325232;0;0;0;0;NA;0;0;0;2;0;0;1;0;0;1;1;0
11;2020;0;1;2;Demacro;9568610;0;1;0;0;NA;0;0;1;1;0;0;0;0;0;0;2;0
11;2020;0;1;3;Deinter 1;2576250;0;0;0;0;NA;0;0;0;0;0;0;2;0;0;0;2;0
11;2020;0;1;4;Deinter 2;3852244;0;0;0;0;NA;0;0;0;0;0;0;0;0;0;0;0;0
11;2020;0;1;5;Deinter 3;3761025;0;0;0;0;NA;0;0;0;0;1;0;0;0;0;0;0;0
11;2020;0;1;6;Deinter 4;1923070;0;0;0;0;NA;0;0;0;0;0;0;0;0;0;0;0;0
11;2020;0;1;7;Deinter 5;1604342;0;0;0;0;NA;0;0;0;0;0;0;0;0;0;0;0;0
11;2020;0;1;8;Deinter 6;2166632;1;1;0;0;NA;0;0;1;0;0;0;0;0;0;0;1;0
11;2020;0;1;9;Deinter 7;3184000;1;0;0;0;NA;0;0;0;0;0;0;0;0;0;0;0;0
11;2020;0;1;10;Deinter 8;1164891;0;0;0;0;NA;0;0;0;0;0;0;0;0;0;0;2;0
11;2020;0;1;11;Deinter 9;3348615;0;0;0;0;NA;0;0;0;0;0;0;0;0;0;0;0;0
11;2020;0;1;12;Deinter 10;814422;0;0;0;0;NA;0;0;0;0;0;0;0;0;0;0;0;0
11;2020;0;1;13;Decap;12325232;0;0;0;0;NA;0;0;0;0;0;0;0;0;0;0;1;0
11;2020;0;1;14;Decap;12325232;2;0;0;0;NA;0;0;0;0;0;0;0;0;0;0;0;0
11;2020;0;1;15;Decap;12325232;0;0;0;0;NA;0;0;0;0;0;0;0;0;0;0;0;0
11;2020;0;1;16;Decap;12325232;0;0;0;0;NA;0;0;0;0;0;2;0;0;0;0;0;0
11;2020;0;1;17;Decap;12325232;0;0;0;0;NA;0;0;0;0;0;0;0;0;0;0;0;0
11;2020;0;1;18;Decap;12325232;0;0;0;0;NA;0;0;0;0;0;0;0;0;0;0;0;0
11;2020;0;1;NA;NA;NA;0;0;0;0;NA;0;0;0;0;0;0;0;0;0;0;0;0
11;2021;0;1;1;Decap;12396372;0;1;0;0;NA;0;0;0;2;0;0;1;0;0;0;3;0
11;2021;0;1;2;Demacro;9652132;0;0;0;0;NA;0;0;0;0;0;0;0;0;0;0;0;1
11;2021;0;1;3;Deinter 1;2599218;0;0;0;0;NA;0;0;0;0;0;0;1;0;0;0;0;0
11;2021;0;1;4;Deinter 2;3893806;0;0;0;0;NA;0;0;0;0;0;1;0;0;0;0;0;0
11;2021;0;1;5;Deinter 3;3792726;0;0;0;0;NA;0;0;0;0;0;0;0;0;0;0;0;0
11;2021;0;1;6;Deinter 4;1934714;0;0;0;0;NA;0;0;0;0;0;0;0;0;0;0;0;0
11;2021;0;1;7;Deinter 5;1616129;0;0;0;0;NA;0;0;1;0;0;0;0;0;0;0;1;0
11;2021;0;1;8;Deinter 6;2182882;0;0;0;0;NA;0;0;0;0;0;1;0;0;0;0;0;1
11;2021;0;1;9;Deinter 7;3212306;0;0;0;0;NA;0;0;1;0;0;0;0;0;0;0;0;0
11;2021;0;1;10;Deinter 8;1170317;0;0;0;0;NA;0;0;0;0;0;0;1;0;0;0;1;0
11;2021;0;1;11;Deinter 9;3378700;0;0;0;0;NA;0;0;0;0;0;3;0;0;0;0;0;1
11;2021;0;1;12;Deinter 10;819830;0;0;0;0;NA;0;0;0;0;0;0;0;0;0;0;0;0
11;2021;0;1;13;Decap;12396372;0;0;0;0;NA;0;0;0;0;0;0;0;0;0;0;0;0
11;2021;0;1;14;Decap;12396372;1;0;0;0;NA;1;0;1;0;0;0;1;0;0;1;1;0
11;2021;0;1;15;Decap;12396372;0;0;0;0;NA;0;0;0;0;0;0;0;0;0;0;0;0
11;2021;0;1;16;Decap;12396372;1;0;0;0;NA;0;0;0;0;1;0;0;0;0;0;0;0
11;2021;0;1;17;Decap;12396372;0;0;0;0;NA;0;0;0;0;0;0;0;0;0;0;0;0
11;2021;0;1;18;Decap;12396372;0;0;0;0;NA;0;0;0;0;0;0;0;0;0;0;0;0
11;2021;0;1;NA;NA;NA;0;0;0;0;NA;0;0;0;0;0;0;0;0;0;0;0;0
12;2010;0;1;1;Decap;11244369;0;0;0;0;NA;0;0;0;0;1;0;0;0;1;1;1;1
12;2010;0;1;2;Demacro;8428213;0;0;0;0;NA;0;0;1;0;0;0;0;2;1;0;0;0
12;2010;0;1;3;Deinter 1;2262723;0;0;0;0;NA;0;1;0;0;0;0;0;0;0;0;0;0
12;2010;0;1;4;Deinter 2;3307513;0;0;0;0;NA;0;0;0;0;0;0;0;0;0;0;0;0
12;2010;0;1;5;Deinter 3;3302679;0;0;0;0;NA;0;0;0;0;0;0;0;0;0;0;0;0
12;2010;0;1;6;Deinter 4;1750734;0;0;0;0;NA;0;0;0;0;0;0;0;0;0;0;0;0
12;2010;0;1;7;Deinter 5;1456209;0;0;0;0;NA;0;0;0;0;0;0;0;0;0;0;0;0
12;2010;0;1;8;Deinter 6;1936708;0;0;0;0;NA;0;0;0;0;0;0;0;0;0;0;0;1
12;2010;0;1;9;Deinter 7;2800360;0;0;0;0;NA;0;0;0;0;0;0;0;0;0;0;0;0
12;2010;0;1;10;Deinter 8;1083047;0;0;0;0;NA;0;0;0;0;0;0;0;0;0;0;0;0
12;2010;0;1;11;Deinter 9;2943524;0;0;0;0;NA;0;0;0;0;0;0;0;0;0;0;0;0
12;2010;0;1;12;Deinter 10;736081;0;0;0;0;NA;0;0;0;0;0;0;0;0;0;0;0;0
12;2010;0;1;13;Decap;11244369;0;0;0;0;NA;0;0;1;0;0;0;0;0;0;0;0;0
12;2010;0;1;14;Decap;11244369;0;0;0;0;NA;0;0;0;0;0;0;0;0;0;0;0;0
12;2010;0;1;15;Decap;11244369;0;0;0;0;NA;0;0;0;0;0;0;0;0;0;0;0;0
12;2010;0;1;16;Decap;11244369;0;0;0;0;NA;0;0;0;0;0;0;0;0;0;0;0;0
12;2010;0;1;17;Decap;11244369;0;0;0;0;NA;0;0;0;0;0;0;0;0;0;0;0;0
12;2010;0;1;18;Decap;11244369;0;0;0;0;NA;0;0;0;0;0;0;0;0;0;0;0;0
12;2010;0;1;NA;NA;NA;0;0;0;0;NA;0;0;0;0;0;0;0;0;0;0;0;0
12;2011;0;1;1;Decap;11316119;0;0;0;0;NA;0;0;0;0;1;1;0;0;0;0;0;1
12;2011;0;1;2;Demacro;8506440;0;0;0;0;NA;0;0;0;0;0;2;0;0;0;0;1;0
12;2011;0;1;3;Deinter 1;2285528;0;0;0;0;NA;0;0;0;0;0;0;0;0;0;0;1;0
12;2011;0;1;4;Deinter 2;3346411;0;0;0;0;NA;0;0;0;0;0;0;0;1;0;0;0;1
12;2011;0;1;5;Deinter 3;3330732;0;0;0;0;NA;0;0;0;0;0;0;0;0;0;0;0;0
12;2011;0;1;6;Deinter 4;1760330;0;0;0;0;NA;0;0;0;0;0;0;0;0;1;0;0;0
12;2011;0;1;7;Deinter 5;1466615;0;0;0;0;NA;0;0;0;0;0;0;0;0;0;0;0;0
12;2011;0;1;8;Deinter 6;1952342;0;2;0;0;NA;0;0;0;0;0;0;0;0;0;0;0;0
12;2011;0;1;9;Deinter 7;2825535;0;0;0;0;NA;0;0;0;0;0;0;0;0;1;0;0;0
12;2011;0;1;10;Deinter 8;1087849;0;0;0;0;NA;0;0;0;0;0;0;0;0;0;0;0;0
12;2011;0;1;11;Deinter 9;2968472;0;0;0;0;NA;0;0;0;0;0;0;0;0;0;0;0;0
12;2011;0;1;12;Deinter 10;740809;0;0;0;0;NA;0;0;0;0;0;0;0;0;0;0;0;0
12;2011;0;1;13;Decap;11316119;0;0;0;0;NA;0;0;0;0;0;0;0;0;0;0;0;0
12;2011;0;1;14;Decap;11316119;0;0;0;0;NA;0;0;3;0;0;1;0;0;0;0;1;0
12;2011;0;1;15;Decap;11316119;0;6;0;0;NA;0;0;0;0;0;0;0;0;0;0;0;1
12;2011;0;1;16;Decap;11316119;0;0;0;0;NA;0;0;0;0;0;0;0;0;0;0;0;0
12;2011;0;1;17;Decap;11316119;0;0;0;0;NA;0;0;0;0;0;0;0;0;0;0;0;0
12;2011;0;1;18;Decap;11316119;0;0;0;0;NA;0;0;0;0;0;0;0;0;0;0;0;0
12;2011;0;1;NA;NA;NA;0;0;0;0;NA;0;0;0;0;0;0;0;0;0;0;0;0
12;2012;1;1;1;Decap;11376685;0;0;1;0;NA;0;0;0;0;0;1;0;1;0;0;0;1
12;2012;1;1;2;Demacro;8579905;0;0;0;1;NA;0;0;1;0;0;0;0;0;0;0;2;1
12;2012;1;1;3;Deinter 1;2305758;0;0;0;0;NA;0;0;0;0;0;0;0;0;0;0;0;3
12;2012;1;1;4;Deinter 2;3383407;0;0;0;0;NA;0;0;0;0;0;1;1;0;0;0;0;0
12;2012;1;1;5;Deinter 3;3358517;0;0;0;0;NA;0;0;0;0;0;0;0;0;0;0;0;0
12;2012;1;1;6;Deinter 4;1770282;0;0;0;0;NA;0;0;0;0;0;0;0;0;0;0;0;1
12;2012;1;1;7;Deinter 5;1476901;0;0;0;0;NA;0;0;0;0;0;0;0;0;0;0;0;0
12;2012;1;1;8;Deinter 6;1966489;1;0;0;0;NA;0;0;1;0;0;0;0;0;0;0;0;0
12;2012;1;1;9;Deinter 7;2850458;0;0;0;0;NA;0;0;0;0;0;0;0;0;0;0;0;0
12;2012;1;1;10;Deinter 8;1092359;0;0;0;0;NA;0;0;0;0;0;0;0;0;0;0;0;0
12;2012;1;1;11;Deinter 9;2994987;0;0;0;0;NA;0;0;0;0;0;0;0;0;0;0;0;0
12;2012;1;1;12;Deinter 10;745471;0;0;0;0;NA;0;0;0;0;0;0;0;0;0;0;0;0
12;2012;1;1;13;Decap;11376685;0;0;0;0;NA;0;0;0;0;0;0;0;0;0;0;0;0
12;2012;1;1;14;Decap;11376685;0;2;0;0;NA;0;0;0;0;0;1;0;0;0;0;0;1
12;2012;1;1;15;Decap;11376685;0;0;0;0;NA;0;0;0;0;0;0;0;0;0;0;0;0
12;2012;1;1;16;Decap;11376685;0;0;0;0;NA;0;0;0;0;0;0;0;0;0;0;0;0
12;2012;1;1;17;Decap;11376685;0;0;0;0;NA;0;0;0;0;0;0;0;0;0;0;0;0
12;2012;1;1;18;Decap;11376685;0;0;0;0;NA;0;0;0;0;0;1;0;0;0;0;0;0
12;2012;1;1;NA;NA;NA;0;0;0;0;NA;0;0;0;0;0;0;0;0;0;0;0;0
12;2013;0;1;1;Decap;11821873;0;1;0;0;NA;0;0;0;2;0;0;0;0;0;0;2;0
12;2013;0;1;2;Demacro;8953241;0;1;0;0;NA;0;0;0;0;0;0;0;0;0;0;1;2
12;2013;0;1;3;Deinter 1;2406735;0;0;0;0;NA;0;0;0;0;0;0;0;0;0;0;1;0
12;2013;0;1;4;Deinter 2;3541481;0;0;0;0;NA;0;0;0;1;0;0;0;0;0;0;0;0
12;2013;0;1;5;Deinter 3;3503301;0;0;0;0;NA;0;0;0;0;0;0;0;0;0;0;0;1
12;2013;0;1;6;Deinter 4;1840239;0;0;0;0;NA;0;0;0;0;0;0;0;0;0;0;0;0
12;2013;0;1;7;Deinter 5;1537918;0;0;0;0;NA;0;0;0;0;0;0;0;0;0;0;0;0
12;2013;0;1;8;Deinter 6;2048410;0;0;0;0;NA;0;0;1;0;0;0;0;0;0;0;0;0
12;2013;0;1;9;Deinter 7;2975156;0;0;0;0;NA;0;0;0;0;0;0;0;0;0;0;0;1
12;2013;0;1;10;Deinter 8;1133298;0;0;0;0;NA;0;0;0;0;0;0;0;0;0;0;0;0
12;2013;0;1;11;Deinter 9;3126459;0;0;0;0;NA;0;0;0;0;0;2;0;0;0;0;1;1
12;2013;0;1;12;Deinter 10;775558;0;0;0;0;NA;0;0;0;0;0;0;0;0;0;0;0;0
12;2013;0;1;13;Decap;11821873;1;0;0;0;NA;0;0;2;0;0;0;0;0;0;0;0;0
12;2013;0;1;14;Decap;11821873;0;0;0;0;NA;0;0;0;0;0;0;0;0;0;0;0;0
12;2013;0;1;15;Decap;11821873;0;0;0;0;NA;0;0;0;0;0;0;0;0;0;0;0;0
12;2013;0;1;16;Decap;11821873;0;0;0;0;NA;0;0;0;0;0;0;0;0;0;0;0;0
12;2013;0;1;17;Decap;11821873;0;0;0;0;NA;0;0;0;0;0;0;0;0;0;0;0;0
12;2013;0;1;18;Decap;11821873;0;0;0;0;NA;0;0;0;0;0;0;0;0;0;0;0;0
12;2013;0;1;NA;NA;NA;0;0;0;0;NA;0;0;0;0;0;0;0;0;0;0;0;0
12;2014;0;1;1;Decap;11895893;0;2;0;0;NA;0;0;0;1;0;2;0;0;0;0;0;2
12;2014;0;1;2;Demacro;9039311;1;0;0;0;NA;0;0;1;0;0;0;0;0;0;0;1;0
12;2014;0;1;3;Deinter 1;2430392;0;0;0;0;NA;0;0;1;0;0;0;0;0;0;0;0;0
12;2014;0;1;4;Deinter 2;3584160;0;0;0;0;NA;0;0;0;0;0;0;0;0;0;0;0;0
12;2014;0;1;5;Deinter 3;3535932;0;0;0;0;NA;0;0;0;0;0;0;0;0;0;0;0;0
12;2014;0;1;6;Deinter 4;1852338;0;0;0;0;NA;0;0;0;0;0;0;0;0;0;0;0;0
12;2014;0;1;7;Deinter 5;1550161;0;0;0;0;NA;0;0;0;0;0;0;0;0;0;0;0;0
12;2014;0;1;8;Deinter 6;2065208;0;0;0;0;NA;0;0;0;1;0;0;0;0;0;2;0;1
12;2014;0;1;9;Deinter 7;3004319;0;0;0;0;NA;0;0;0;0;0;0;0;0;0;0;0;0
12;2014;0;1;10;Deinter 8;1138981;0;0;0;0;NA;0;0;0;0;0;0;0;0;0;0;0;0
12;2014;0;1;11;Deinter 9;3157448;0;0;0;0;NA;0;0;0;0;0;0;0;0;0;0;2;0
12;2014;0;1;12;Deinter 10;781161;0;0;0;0;NA;0;0;0;0;0;0;0;0;0;0;0;0
12;2014;0;1;13;Decap;11895893;0;0;0;0;NA;0;0;0;0;0;0;0;0;0;0;1;0
12;2014;0;1;14;Decap;11895893;0;0;0;0;NA;0;0;0;0;0;0;0;0;0;0;0;0
12;2014;0;1;15;Decap;11895893;0;0;0;0;NA;0;0;0;0;0;0;0;0;0;0;0;0
12;2014;0;1;16;Decap;11895893;0;0;0;0;NA;0;0;0;0;0;0;0;0;0;0;0;0
12;2014;0;1;17;Decap;11895893;0;0;0;0;NA;0;0;0;0;0;0;0;0;0;0;0;0
12;2014;0;1;18;Decap;11895893;0;0;0;0;NA;0;0;0;0;0;0;0;0;0;0;1;0
12;2014;0;1;NA;NA;NA;0;0;0;0;NA;0;0;0;0;0;0;0;0;0;0;0;0
12;2015;0;1;1;Decap;11967825;0;0;0;0;NA;0;0;2;0;0;3;0;0;0;0;5;2
12;2015;0;1;2;Demacro;9122966;0;0;0;0;NA;0;0;2;0;0;0;0;0;0;0;2;1
12;2015;0;1;3;Deinter 1;2453387;0;0;0;0;NA;0;0;0;0;0;0;0;0;0;0;0;0
12;2015;0;1;4;Deinter 2;3625638;0;0;0;0;NA;0;0;0;0;0;0;0;0;0;0;1;1
12;2015;0;1;5;Deinter 3;3567652;0;0;0;0;NA;0;0;0;0;0;0;0;0;0;0;0;0
12;2015;0;1;6;Deinter 4;1864091;0;0;0;0;NA;0;0;0;0;0;0;0;0;0;0;1;0
12;2015;0;1;7;Deinter 5;1562060;0;0;0;0;NA;0;0;1;0;0;0;0;0;0;0;0;0
12;2015;0;1;8;Deinter 6;2081531;0;0;0;0;NA;0;0;0;0;0;0;0;0;0;0;0;0
12;2015;0;1;9;Deinter 7;3032659;0;0;0;0;NA;0;0;1;0;0;0;0;0;0;0;1;0
12;2015;0;1;10;Deinter 8;1144506;0;0;0;0;NA;0;0;0;0;0;0;0;1;0;0;0;1
12;2015;0;1;11;Deinter 9;3187564;0;0;0;0;NA;0;0;1;0;0;0;0;0;0;0;0;0
12;2015;0;1;12;Deinter 10;786605;0;0;0;0;NA;0;0;0;0;0;0;0;0;0;0;0;0
12;2015;0;1;13;Decap;11967825;0;0;0;0;NA;0;0;2;0;0;0;0;0;0;0;2;0
12;2015;0;1;14;Decap;11967825;0;0;0;0;NA;0;0;0;0;0;0;0;0;0;0;0;1
12;2015;0;1;15;Decap;11967825;0;0;0;0;NA;0;0;0;0;0;0;0;0;0;0;0;0
12;2015;0;1;16;Decap;11967825;0;0;0;0;NA;0;0;0;0;0;0;0;0;0;0;0;0
12;2015;0;1;17;Decap;11967825;0;0;0;0;NA;0;0;0;0;0;0;0;0;0;0;0;0
12;2015;0;1;18;Decap;11967825;0;0;0;0;NA;0;0;0;0;0;0;0;0;0;0;0;1
12;2015;0;1;NA;NA;NA;0;0;0;0;NA;0;0;0;0;0;0;0;0;0;0;0;0
12;2016;0;1;1;Decap;12038175;0;0;0;0;NA;0;0;0;0;0;0;0;0;0;0;0;0
12;2016;0;1;2;Demacro;9204764;0;1;0;0;NA;0;0;2;0;0;0;1;0;0;0;1;1
12;2016;0;1;3;Deinter 1;2475879;0;0;0;0;NA;0;0;0;0;0;0;0;0;0;0;1;0
12;2016;0;1;4;Deinter 2;3666201;0;0;0;0;NA;0;0;1;0;0;0;0;0;0;0;0;0
12;2016;0;1;5;Deinter 3;3598661;0;0;0;0;NA;0;0;0;0;0;0;1;0;0;0;2;0
12;2016;0;1;6;Deinter 4;1875589;0;0;0;0;NA;0;0;0;0;0;0;0;0;0;0;0;0
12;2016;0;1;7;Deinter 5;1573701;0;0;0;0;NA;0;0;0;0;0;1;0;2;0;0;1;2
12;2016;0;1;8;Deinter 6;2097502;0;0;0;1;NA;0;0;0;0;0;0;1;0;0;0;0;0
12;2016;0;1;9;Deinter 7;3060372;0;0;0;0;NA;0;0;0;0;0;0;0;0;0;0;0;0
12;2016;0;1;10;Deinter 8;1149906;0;0;0;0;NA;0;0;0;0;0;1;0;0;0;0;1;0
12;2016;0;1;11;Deinter 9;3217014;0;0;0;0;NA;0;0;0;0;0;0;0;0;0;0;0;0
12;2016;0;1;12;Deinter 10;791935;0;0;0;0;NA;0;0;0;0;0;0;0;0;0;0;0;0
12;2016;0;1;13;Decap;12038175;0;2;0;0;NA;0;0;0;0;0;0;0;0;0;0;0;0
12;2016;0;1;14;Decap;12038175;0;0;0;0;NA;0;0;0;0;0;0;0;0;0;0;0;0
12;2016;0;1;15;Decap;12038175;0;0;0;0;NA;0;0;0;0;0;4;1;0;0;0;0;1
12;2016;0;1;16;Decap;12038175;0;0;0;0;NA;0;0;0;0;0;0;0;0;0;0;0;0
12;2016;0;1;17;Decap;12038175;0;0;0;0;NA;0;0;0;0;0;0;0;0;0;0;0;0
12;2016;0;1;18;Decap;12038175;0;0;0;0;NA;0;0;0;0;0;0;0;0;0;0;0;0
12;2016;0;1;NA;NA;NA;0;0;0;0;NA;0;0;0;0;0;0;0;0;0;0;0;0
12;2017;1;1;1;Decap;12106920;0;0;0;0;NA;0;0;2;2;0;0;1;1;0;0;1;0
12;2017;1;1;2;Demacro;9284704;0;2;0;0;NA;0;0;0;1;0;0;0;0;0;0;0;1
12;2017;1;1;3;Deinter 1;2497857;0;0;0;0;NA;0;0;0;0;0;0;0;0;0;0;0;0
12;2017;1;1;4;Deinter 2;3705840;0;0;0;0;NA;0;0;1;0;0;0;0;0;0;0;0;0
12;2017;1;1;5;Deinter 3;3654014;0;0;0;0;NA;0;0;0;0;0;0;1;0;0;0;0;0
12;2017;1;1;6;Deinter 4;1886819;0;0;0;0;NA;0;0;0;0;0;0;1;0;0;0;0;0
12;2017;1;1;7;Deinter 5;1565726;0;0;0;0;NA;0;0;0;0;0;0;0;0;0;0;0;0
12;2017;1;1;8;Deinter 6;2113105;0;0;0;0;NA;0;0;1;0;0;0;0;1;0;1;0;0
12;2017;1;1;9;Deinter 7;3087457;0;0;0;0;NA;0;0;0;0;0;0;0;0;0;0;0;0
12;2017;1;1;10;Deinter 8;1149492;0;0;0;0;NA;0;0;0;0;0;0;0;0;0;0;0;0
12;2017;1;1;11;Deinter 9;3245798;0;0;0;0;NA;0;0;0;0;0;0;0;0;0;0;2;0
12;2017;1;1;12;Deinter 10;797134;0;0;0;0;NA;0;0;0;0;0;0;0;0;0;0;0;0
12;2017;1;1;13;Decap;12106920;0;0;0;0;NA;0;0;3;0;0;0;0;0;0;0;0;0
12;2017;1;1;14;Decap;12106920;0;0;0;0;NA;0;0;0;0;0;0;0;0;0;0;0;0
12;2017;1;1;15;Decap;12106920;0;0;0;0;NA;0;0;0;0;0;0;0;0;0;0;0;0
12;2017;1;1;16;Decap;12106920;0;0;0;0;NA;0;0;0;0;1;1;0;1;0;0;0;0
12;2017;1;1;17;Decap;12106920;0;0;0;0;NA;0;0;0;0;0;0;0;0;0;0;0;0
12;2017;1;1;18;Decap;12106920;0;0;0;0;NA;0;0;0;0;0;0;0;0;0;0;0;0
12;2017;1;1;NA;NA;NA;0;0;0;0;NA;0;0;0;0;0;0;0;0;0;0;0;0
12;2018;0;1;1;Decap;12176866;0;0;0;0;NA;0;0;0;0;0;0;0;0;0;0;2;0
12;2018;0;1;2;Demacro;9394415;0;0;0;0;NA;0;0;1;0;0;0;0;0;0;0;0;1
12;2018;0;1;3;Deinter 1;2528345;0;0;0;0;NA;0;0;0;0;0;0;0;0;0;0;2;0
12;2018;0;1;4;Deinter 2;3765555;0;0;0;0;NA;0;0;0;0;0;0;0;0;0;0;2;0
12;2018;0;1;5;Deinter 3;3694912;0;0;0;0;NA;0;0;0;0;0;0;0;0;0;0;0;1
12;2018;0;1;6;Deinter 4;1898795;0;0;0;0;NA;0;0;0;0;0;0;0;0;0;0;0;0
12;2018;0;1;7;Deinter 5;1579772;0;0;0;0;NA;0;0;0;0;0;0;0;0;0;0;0;0
12;2018;0;1;8;Deinter 6;2132735;0;0;0;0;NA;0;0;0;0;0;0;0;0;0;1;0;0
12;2018;0;1;9;Deinter 7;3124964;1;0;0;0;NA;0;0;0;0;0;1;0;0;0;0;0;0
12;2018;0;1;10;Deinter 8;1153568;0;0;0;0;NA;0;0;0;0;0;0;0;0;0;0;0;0
12;2018;0;1;11;Deinter 9;3285865;0;0;0;0;NA;0;0;0;0;0;0;0;0;0;0;0;0
12;2018;0;1;12;Deinter 10;803144;0;0;0;0;NA;0;0;0;0;0;0;0;0;0;0;0;0
12;2018;0;1;13;Decap;12176866;0;0;0;0;NA;0;0;0;0;0;0;0;0;0;0;1;0
12;2018;0;1;14;Decap;12176866;1;0;0;0;NA;0;0;0;0;0;0;0;0;0;0;2;0
12;2018;0;1;15;Decap;12176866;0;0;0;0;NA;0;0;0;0;0;0;0;0;0;0;0;0
12;2018;0;1;16;Decap;12176866;0;0;0;0;NA;0;0;0;1;1;1;0;0;0;0;0;2
12;2018;0;1;17;Decap;12176866;0;0;0;0;NA;0;0;0;0;0;0;0;0;0;0;0;0
12;2018;0;1;18;Decap;12176866;0;0;0;0;NA;0;0;1;0;0;0;0;0;0;0;0;0
12;2018;0;1;NA;NA;NA;0;0;0;0;NA;0;0;0;0;0;0;0;0;0;0;0;0
12;2019;0;1;1;Decap;12252023;0;0;0;0;NA;0;0;0;2;0;2;0;0;0;0;0;2
12;2019;0;1;2;Demacro;NA;1;0;0;0;NA;0;0;0;0;0;0;0;0;0;0;0;1
12;2019;0;1;3;Deinter 1;2552610;0;0;0;0;NA;0;0;0;0;0;0;0;0;0;0;0;1
12;2019;0;1;4;Deinter 2;NA;0;0;0;0;NA;0;0;0;0;0;0;1;0;0;0;0;0
12;2019;0;1;5;Deinter 3;3728399;0;0;0;0;NA;0;0;0;0;0;0;0;0;0;0;0;0
12;2019;0;1;6;Deinter 4;1911091;0;0;0;0;NA;0;0;0;0;0;0;0;0;0;0;0;1
12;2019;0;1;7;Deinter 5;1592219;0;0;0;0;NA;0;0;0;0;0;0;0;0;0;0;0;0
12;2019;0;1;8;Deinter 6;2149906;0;0;0;0;NA;0;0;0;0;0;1;0;0;0;0;0;1
12;2019;0;1;9;Deinter 7;3154869;0;0;0;0;NA;0;0;0;0;0;0;0;0;0;0;0;0
12;2019;0;1;10;Deinter 8;1159300;0;0;0;0;NA;0;0;0;0;0;0;0;0;0;0;1;0
12;2019;0;1;11;Deinter 9;3317647;0;0;0;0;NA;0;0;0;0;0;0;0;0;0;0;1;0
12;2019;0;1;12;Deinter 10;808855;0;0;0;0;NA;0;0;0;0;0;0;0;0;0;0;0;0
12;2019;0;1;13;Decap;12252023;0;0;0;0;NA;0;0;0;0;0;0;0;0;0;0;0;0
12;2019;0;1;14;Decap;12252023;0;0;0;0;NA;0;0;0;0;0;0;0;0;0;0;0;0
12;2019;0;1;15;Decap;12252023;0;0;0;0;NA;0;0;0;0;0;0;0;0;0;0;0;0
12;2019;0;1;16;Decap;12252023;0;0;0;0;NA;0;0;0;0;0;1;0;0;0;0;0;0
12;2019;0;1;17;Decap;12252023;0;0;0;0;NA;0;0;0;0;0;0;0;0;0;0;0;0
12;2019;0;1;18;Decap;12252023;0;0;0;0;NA;0;0;0;0;0;0;0;0;0;0;0;0
12;2019;0;1;NA;NA;NA;0;0;0;0;NA;0;0;0;0;0;0;0;0;0;0;0;0
12;2020;0;1;1;Decap;12325232;0;0;0;0;NA;0;0;1;0;0;0;0;0;0;0;0;0
12;2020;0;1;2;Demacro;9568610;0;0;0;0;NA;0;0;0;2;0;0;1;0;0;0;2;1
12;2020;0;1;3;Deinter 1;2576250;0;0;0;0;NA;0;0;1;0;0;0;0;0;0;0;0;0
12;2020;0;1;4;Deinter 2;3852244;0;0;0;0;NA;0;0;1;0;0;0;0;0;0;0;0;0
12;2020;0;1;5;Deinter 3;3761025;0;0;0;0;NA;0;0;0;0;0;0;0;0;0;0;0;0
12;2020;0;1;6;Deinter 4;1923070;0;0;0;0;NA;0;0;0;0;0;1;0;0;0;0;0;0
12;2020;0;1;7;Deinter 5;1604342;0;0;0;0;NA;0;0;0;0;0;0;0;0;0;0;0;0
12;2020;0;1;8;Deinter 6;2166632;0;0;0;0;NA;0;0;0;0;0;0;0;0;0;0;0;1
12;2020;0;1;9;Deinter 7;3184000;0;0;0;0;NA;0;0;0;0;0;0;0;0;0;0;0;0
12;2020;0;1;10;Deinter 8;1164891;0;0;0;0;NA;0;0;0;0;0;0;0;0;0;0;0;0
12;2020;0;1;11;Deinter 9;3348615;0;0;0;0;NA;0;0;0;0;0;2;0;0;0;0;0;0
12;2020;0;1;12;Deinter 10;814422;0;0;0;0;NA;0;0;0;0;0;0;0;0;0;0;0;0
12;2020;0;1;13;Decap;12325232;0;0;0;0;NA;0;0;0;0;0;0;0;0;0;0;0;0
12;2020;0;1;14;Decap;12325232;0;0;0;0;NA;0;0;0;0;0;0;0;0;0;0;0;0
12;2020;0;1;15;Decap;12325232;0;0;0;0;NA;0;0;0;0;0;0;0;0;0;0;0;0
12;2020;0;1;16;Decap;12325232;0;0;1;0;NA;0;0;0;0;0;0;1;0;1;0;3;0
12;2020;0;1;17;Decap;12325232;0;0;0;0;NA;0;0;0;0;0;0;0;0;0;0;0;0
12;2020;0;1;18;Decap;12325232;0;0;0;0;NA;0;0;0;0;0;0;0;0;0;0;0;0
12;2020;0;1;NA;NA;NA;0;0;0;0;NA;0;0;0;0;0;0;0;0;0;0;0;0
12;2021;0;1;1;Decap;12396372;0;0;0;0;NA;0;0;0;1;0;0;2;0;0;0;0;0
12;2021;0;1;2;Demacro;9652132;2;1;0;0;NA;0;0;2;1;0;0;0;0;0;0;1;1
12;2021;0;1;3;Deinter 1;2599218;0;0;0;0;NA;0;0;0;0;0;0;0;0;0;0;0;0
12;2021;0;1;4;Deinter 2;3893806;0;0;0;0;NA;0;0;0;0;0;0;0;0;0;0;0;1
12;2021;0;1;5;Deinter 3;3792726;0;0;0;0;NA;1;0;0;0;0;0;0;0;0;0;1;0
12;2021;0;1;6;Deinter 4;1934714;0;0;0;0;NA;0;0;2;0;0;0;0;0;0;0;2;0
12;2021;0;1;7;Deinter 5;1616129;0;0;0;0;NA;0;0;0;0;0;0;0;0;0;0;1;0
12;2021;0;1;8;Deinter 6;2182882;0;0;0;0;NA;0;0;0;0;0;0;2;0;0;0;0;0
12;2021;0;1;9;Deinter 7;3212306;0;0;0;0;NA;0;0;0;0;0;0;0;0;0;0;0;0
12;2021;0;1;10;Deinter 8;1170317;0;0;0;0;NA;0;0;0;0;0;0;0;0;0;0;0;0
12;2021;0;1;11;Deinter 9;3378700;0;0;0;0;NA;0;0;1;0;0;0;0;0;0;0;2;0
12;2021;0;1;12;Deinter 10;819830;0;0;0;0;NA;0;0;0;0;0;0;0;0;0;0;0;0
12;2021;0;1;13;Decap;12396372;0;0;0;0;NA;0;0;0;0;0;0;0;0;0;0;0;0
12;2021;0;1;14;Decap;12396372;1;0;0;0;NA;0;0;0;0;0;0;0;0;0;0;1;0
12;2021;0;1;15;Decap;12396372;0;0;0;0;NA;0;0;0;0;0;0;0;0;0;0;0;0
12;2021;0;1;16;Decap;12396372;0;0;0;0;NA;0;0;0;0;0;1;0;0;0;0;0;0
12;2021;0;1;17;Decap;12396372;0;0;0;0;NA;0;0;0;0;0;0;0;0;0;0;0;0
12;2021;0;1;18;Decap;12396372;0;0;0;0;NA;0;0;0;0;0;0;0;0;0;0;0;0
12;2021;0;1;NA;NA;NA;0;0;0;0;NA;0;0;0;0;0;0;0;0;0;0;0;0
7;2022;0;1;1;Decap;12396372;0;0;0;0;NA;0;0;0;0;0;0;0;0;0;0;0;0
7;2022;0;1;2;Demacro;9652132;1;0;0;0;NA;0;0;0;0;0;0;0;0;0;0;1;0
7;2022;0;1;3;Deinter 1;2599218;0;0;0;0;NA;0;0;0;0;0;0;0;0;0;0;2;0
7;2022;0;1;4;Deinter 2;3893806;0;0;0;0;NA;0;0;0;0;0;0;0;0;0;0;1;0
7;2022;0;1;5;Deinter 3;3792726;0;0;0;0;NA;0;0;0;0;0;0;0;0;0;0;0;1
7;2022;0;1;6;Deinter 4;1934714;0;0;0;0;NA;0;0;0;0;0;0;0;0;0;0;0;0
7;2022;0;1;7;Deinter 5;1616129;0;0;0;0;NA;0;0;0;0;0;0;0;0;0;0;0;0
7;2022;0;1;8;Deinter 6;2182882;0;0;0;0;NA;0;0;0;0;0;0;0;0;0;0;0;0
7;2022;0;1;9;Deinter 7;3212306;0;0;0;0;NA;0;0;0;0;0;0;0;0;0;0;2;0
7;2022;0;1;10;Deinter 8;1170317;0;0;0;0;NA;0;0;0;0;0;0;0;0;0;0;0;0
7;2022;0;1;11;Deinter 9;3378700;0;0;0;0;NA;0;0;0;0;0;0;0;0;0;0;0;0
7;2022;0;1;12;Deinter 10;819830;0;0;0;0;NA;0;0;0;0;0;0;0;0;0;0;0;0
7;2022;0;1;13;Decap;12396372;0;0;0;0;NA;0;0;0;0;0;0;0;0;0;0;0;0
7;2022;0;1;14;Decap;12396372;0;0;0;0;NA;0;0;0;0;0;0;0;0;0;0;0;0
7;2022;0;1;15;Decap;12396372;0;0;0;0;NA;0;0;0;0;0;0;0;0;0;0;0;0
7;2022;0;1;16;Decap;12396372;0;0;0;1;NA;0;0;0;0;3;0;0;0;0;0;2;1
7;2022;0;1;17;Decap;12396372;0;0;0;0;NA;0;0;0;0;0;0;0;0;0;0;0;0
7;2022;0;1;18;Decap;12396372;0;0;0;0;NA;0;0;0;0;0;0;0;0;0;0;0;0
7;2022;0;1;NA;NA;NA;0;0;0;0;NA;0;0;0;0;0;1;0;0;0;0;0;2
7;2022;0;0;19;Decap;12396372;8;6;0;1;;0;0;8;6;2;1;0;0;0;2;0;1
7;2022;0;0;20;Demacro;9652132;3;1;0;0;;0;0;4;0;0;1;0;0;0;1;2;1
7;2022;0;0;21;Deinter 1;2599218;1;0;0;0;;0;0;0;0;0;0;0;0;0;0;0;0
7;2022;0;0;22;Deinter 2;3893806;0;0;0;0;;0;0;3;0;0;0;0;0;0;0;0;0
7;2022;0;0;23;Deinter 3;3792726;0;0;0;0;;0;0;0;0;0;0;0;0;0;0;1;0
7;2022;0;0;24;Deinter 4;1934714;1;0;0;0;;0;0;0;0;0;0;0;0;0;0;0;0
7;2022;0;0;25;Deinter 5;1616129;1;0;0;0;;0;0;0;0;0;0;0;0;0;0;0;0
7;2022;0;0;26;Deinter 6;2182882;3;0;0;0;;0;0;0;0;0;0;0;0;0;0;0;0
7;2022;0;0;27;Deinter 7;3212306;3;0;0;0;;0;0;0;0;0;0;0;0;0;0;0;0
7;2022;0;0;28;Deinter 8;1170317;0;0;0;0;;0;0;0;0;0;0;0;0;0;0;0;1
7;2022;0;0;29;Deinter 9;3378700;2;0;0;0;;0;0;1;0;0;0;0;0;0;0;3;0
7;2022;0;0;30;Deinter 10;819830;0;0;0;0;;0;0;0;0;0;0;0;0;0;0;0;0
7;2022;0;0;31;Decap;12396372;1;0;0;0;;0;0;0;1;0;0;0;0;0;0;0;0
7;2022;0;0;32;Decap;12396372;0;0;0;0;;0;0;1;2;0;0;0;0;0;0;2;1
7;2022;0;0;33;Decap;12396372;0;0;0;0;;0;0;0;0;0;0;0;0;0;0;0;0
8;2022;0;0;19;Decap;12396372;3;5;0;1;;0;0;2;3;2;3;0;0;0;0;5;2
8;2022;0;0;20;Demacro;9652132;3;1;0;0;;0;0;3;2;0;0;2;0;0;1;0;1
8;2022;0;0;21;Deinter 1;2599218;1;0;0;0;;0;0;1;0;0;0;0;0;0;0;0;0
8;2022;0;0;22;Deinter 2;3893806;0;0;0;0;;0;0;0;0;0;0;0;0;0;0;0;1
8;2022;0;0;23;Deinter 3;3792726;2;0;0;0;;0;0;0;0;0;0;0;0;0;0;0;0
8;2022;0;0;24;Deinter 4;1934714;1;0;0;0;;0;0;1;0;0;0;0;0;0;0;1;0
8;2022;0;0;25;Deinter 5;1616129;0;0;0;0;;0;0;1;0;0;0;0;0;0;0;0;0
8;2022;0;0;26;Deinter 6;2182882;3;0;0;0;;0;0;0;0;0;0;0;0;0;0;3;0
8;2022;0;0;27;Deinter 7;3212306;1;0;0;0;;0;0;1;0;0;0;0;0;0;0;0;0
8;2022;0;0;28;Deinter 8;1170317;2;0;0;0;;0;0;0;0;0;0;0;0;0;0;0;0
8;2022;0;0;29;Deinter 9;3378700;0;0;0;0;;0;0;0;0;0;0;0;0;0;0;1;0
8;2022;0;0;30;Deinter 10;819830;1;0;0;0;;0;0;0;0;0;0;0;0;0;0;0;0
8;2022;0;0;31;Decap;12396372;1;1;0;0;;0;0;2;0;0;0;0;0;0;0;0;0
8;2022;0;0;32;Decap;12396372;1;0;0;0;;0;0;0;3;0;0;0;0;1;0;1;3
8;2022;0;0;33;Decap;12396372;0;0;0;0;;0;0;0;0;0;0;0;0;0;0;0;0
9;2022;0;0;19;Decap;12396372;3;5;0;0;;0;0;5;4;0;1;0;0;0;1;4;1
9;2022;0;0;20;Demacro;9652132;2;4;0;0;;0;0;1;2;0;1;0;0;0;1;1;1
9;2022;0;0;21;Deinter 1;2599218;2;0;0;0;;0;1;0;0;0;0;0;0;0;0;0;0
9;2022;0;0;22;Deinter 2;3893806;3;1;0;0;;0;0;0;1;0;0;1;0;0;0;2;0
9;2022;0;0;23;Deinter 3;3792726;0;0;0;0;;0;0;1;0;0;0;0;0;0;0;0;0
9;2022;0;0;24;Deinter 4;1934714;1;0;0;0;;0;0;0;0;0;0;0;0;0;0;0;0
9;2022;0;0;25;Deinter 5;1616129;1;0;0;0;;0;0;0;0;0;0;0;0;0;0;0;0
9;2022;0;0;26;Deinter 6;2182882;2;0;0;0;;0;0;1;1;0;0;0;0;0;0;0;1
9;2022;0;0;27;Deinter 7;3212306;0;0;0;0;;0;0;1;0;0;0;0;0;0;0;0;0
9;2022;0;0;28;Deinter 8;1170317;0;0;0;0;;0;0;1;0;0;0;0;0;0;0;0;0
9;2022;0;0;29;Deinter 9;3378700;1;0;0;1;;0;0;4;0;0;0;0;0;0;0;0;0
9;2022;0;0;30;Deinter 10;819830;0;0;0;0;;0;0;0;0;0;0;0;0;0;0;0;0
9;2022;0;0;31;Decap;12396372;0;0;0;0;;0;0;0;0;0;0;0;0;0;0;1;1
9;2022;0;0;32;Decap;12396372;0;2;0;0;;0;0;4;3;0;0;0;0;0;1;1;1
9;2022;0;0;33;Decap;12396372;0;0;0;0;;0;0;0;0;0;0;0;0;0;0;0;0
10;2022;0;0;19;Decap;12396372;5;7;0;1;;1;0;8;9;0;1;0;0;0;0;5;3
10;2022;0;0;20;Demacro;9652132;2;2;0;0;;0;0;3;5;0;1;0;0;0;0;0;1
10;2022;0;0;21;Deinter 1;2599218;1;0;0;0;;0;0;0;0;0;0;0;0;0;0;0;0
10;2022;0;0;22;Deinter 2;3893806;0;1;0;0;;0;0;3;1;0;0;0;0;0;0;4;0
10;2022;0;0;23;Deinter 3;3792726;9;0;0;0;;0;0;1;2;0;0;0;0;0;0;0;0
10;2022;0;0;24;Deinter 4;1934714;0;0;0;0;;0;0;0;0;0;0;0;0;0;0;0;0
10;2022;0;0;25;Deinter 5;1616129;1;0;0;0;;0;0;0;0;0;0;0;0;0;0;0;0
10;2022;0;0;26;Deinter 6;2182882;3;0;0;0;;1;0;1;0;0;0;0;0;0;0;0;0
10;2022;0;0;27;Deinter 7;3212306;0;0;0;0;;0;0;0;0;0;0;0;0;0;0;0;0
10;2022;0;0;28;Deinter 8;1170317;1;0;0;1;;0;0;1;0;0;0;0;0;0;0;0;0
10;2022;0;0;29;Deinter 9;3378700;0;0;0;0;;0;0;1;0;0;0;0;0;0;0;0;0
10;2022;0;0;30;Deinter 10;819830;0;0;0;0;;0;0;0;0;0;0;0;0;0;0;0;0
10;2022;0;0;31;Decap;12396372;2;1;0;0;;0;0;0;0;0;0;0;0;0;0;0;0
10;2022;0;0;32;Decap;12396372;0;1;0;0;;0;0;3;2;0;0;0;0;0;0;1;0
10;2022;0;0;33;Decap;12396372;0;0;0;0;;0;0;0;0;0;0;0;0;0;0;0;0
11;2022;0;0;19;Decap;12396372;5;4;0;1;;2;0;10;9;0;0;0;0;0;1;0;0
11;2022;0;0;20;Demacro;9652132;3;7;0;0;;0;0;8;7;0;0;0;1;0;0;0;3
11;2022;0;0;21;Deinter 1;2599218;1;0;0;0;;0;0;0;0;0;0;0;0;0;0;0;0
11;2022;0;0;22;Deinter 2;3893806;3;1;0;0;;0;0;1;0;0;0;0;0;0;0;0;0
11;2022;0;0;23;Deinter 3;3792726;1;0;0;0;;0;0;0;0;0;0;0;0;0;0;0;0
11;2022;0;0;24;Deinter 4;1934714;1;0;0;0;;0;0;1;0;0;0;0;0;0;0;0;0
11;2022;0;0;25;Deinter 5;1616129;0;0;0;0;;0;0;0;0;0;0;0;0;0;0;2;0
11;2022;0;0;26;Deinter 6;2182882;0;0;0;0;;0;0;3;0;0;0;0;0;0;0;0;0
11;2022;0;0;27;Deinter 7;3212306;1;0;0;0;;0;0;0;1;0;0;0;0;0;0;0;0
11;2022;0;0;28;Deinter 8;1170317;0;0;0;0;;0;0;0;0;0;0;0;0;0;0;0;0
11;2022;0;0;29;Deinter 9;3378700;4;2;0;0;;0;0;0;0;0;0;0;0;0;0;2;1
11;2022;0;0;30;Deinter 10;819830;0;0;0;0;;0;0;0;0;0;0;0;0;0;0;0;0
11;2022;0;0;31;Decap;12396372;5;3;0;0;;0;0;0;1;0;0;0;0;0;0;0;0
11;2022;0;0;32;Decap;12396372;0;1;0;0;;0;0;0;0;0;0;0;0;0;1;0;3
11;2022;0;0;33;Decap;12396372;0;0;0;0;;0;0;0;0;0;0;0;0;0;0;0;1
8;2022;0;1;1;Decap;12396372;0;0;0;0;NA;0;0;3;0;0;0;1;0;0;0;0;1
8;2022;0;1;2;Demacro;9652132;0;0;0;0;NA;0;0;0;0;0;0;0;0;0;0;1;0
8;2022;0;1;3;Deinter 1;2599218;0;0;0;0;NA;0;0;0;0;0;0;0;0;0;0;2;0
8;2022;0;1;4;Deinter 2;3893806;0;0;0;0;NA;0;0;0;0;0;0;0;0;0;0;1;0
8;2022;0;1;5;Deinter 3;3792726;0;0;0;0;NA;0;0;0;0;0;0;2;0;0;0;1;0
8;2022;0;1;6;Deinter 4;1934714;0;0;0;0;NA;0;0;0;0;0;0;0;0;0;0;0;0
8;2022;0;1;7;Deinter 5;1616129;0;0;0;0;NA;0;0;0;0;0;0;1;0;0;0;0;0
8;2022;0;1;8;Deinter 6;2182882;0;1;0;0;NA;0;0;0;0;0;0;0;0;0;1;1;1
8;2022;0;1;9;Deinter 7;3212306;0;0;0;0;NA;0;0;0;0;0;0;0;0;0;0;0;0
8;2022;0;1;10;Deinter 8;1170317;0;0;0;0;NA;0;0;0;0;0;0;0;0;0;0;0;0
8;2022;0;1;11;Deinter 9;3378700;0;0;0;0;NA;0;0;0;0;0;0;0;0;0;0;0;1
8;2022;0;1;12;Deinter 10;819830;0;0;0;0;NA;0;0;1;0;0;0;0;0;0;0;0;0
8;2022;0;1;13;Decap;12396372;0;0;0;0;NA;0;0;0;0;0;0;0;0;0;0;0;0
8;2022;0;1;14;Decap;12396372;0;0;0;0;NA;0;0;0;0;0;0;0;0;0;0;0;0
8;2022;0;1;15;Decap;12396372;0;0;0;0;NA;0;0;0;0;0;0;0;0;0;0;0;0
8;2022;0;1;16;Decap;12396372;0;0;0;0;NA;0;0;3;0;0;3;0;0;0;0;0;3
8;2022;0;1;17;Decap;12396372;0;0;0;0;NA;0;0;0;0;0;0;0;0;0;0;0;0
8;2022;0;1;18;Decap;12396372;0;0;0;0;NA;0;0;0;0;0;0;0;0;0;0;0;0
8;2022;0;1;NA;NA;NA;0;0;0;0;NA;0;0;1;0;0;1;0;0;0;0;0;0
9;2022;0;1;1;Decap;12396372;0;0;0;0;NA;0;0;0;1;0;0;0;0;0;0;0;0
9;2022;0;1;2;Demacro;9652132;1;0;0;0;NA;0;0;0;4;0;0;0;0;0;0;0;0
9;2022;0;1;3;Deinter 1;2599218;1;0;0;0;NA;0;0;0;0;0;0;0;3;0;0;2;0
9;2022;0;1;4;Deinter 2;3893806;0;0;0;0;NA;0;0;0;1;0;0;0;0;0;0;0;0
9;2022;0;1;5;Deinter 3;3792726;0;0;0;0;NA;0;0;0;0;0;0;0;0;0;0;0;0
9;2022;0;1;6;Deinter 4;1934714;0;0;0;0;NA;0;0;0;0;0;0;0;0;0;0;4;0
9;2022;0;1;7;Deinter 5;1616129;0;0;0;0;NA;0;0;0;0;0;0;1;0;0;0;0;0
9;2022;0;1;8;Deinter 6;2182882;1;0;0;0;NA;0;0;0;0;0;0;0;0;0;0;0;1
9;2022;0;1;9;Deinter 7;3212306;0;0;0;0;NA;0;0;1;0;0;0;0;0;0;0;0;0
9;2022;0;1;10;Deinter 8;1170317;0;0;0;0;NA;0;0;0;0;0;0;0;0;0;0;0;1
9;2022;0;1;11;Deinter 9;3378700;0;0;0;0;NA;0;0;0;0;0;0;0;0;0;0;0;0
9;2022;0;1;12;Deinter 10;819830;0;0;0;0;NA;0;0;0;0;0;0;2;0;0;0;0;0
9;2022;0;1;13;Decap;12396372;0;0;0;0;NA;0;0;1;0;0;0;0;0;0;0;0;0
9;2022;0;1;14;Decap;12396372;1;0;0;0;NA;0;0;0;0;0;0;0;0;0;0;0;0
9;2022;0;1;15;Decap;12396372;0;0;0;0;NA;0;0;0;0;0;0;0;0;0;0;0;0
9;2022;0;1;16;Decap;12396372;0;0;0;0;NA;0;0;0;0;0;2;0;0;0;0;0;1
9;2022;0;1;17;Decap;12396372;0;0;0;0;NA;0;0;0;0;0;0;0;0;0;0;0;0
9;2022;0;1;18;Decap;12396372;0;0;0;0;NA;0;0;0;0;0;0;0;0;0;0;0;0
9;2022;0;1;NA;NA;NA;0;0;0;0;NA;0;0;0;0;0;0;0;0;0;0;0;0
10;2022;0;1;1;Decap;12396372;0;0;0;0;NA;0;0;1;4;0;3;1;0;0;0;1;4
10;2022;0;1;2;Demacro;9652132;0;0;0;0;NA;0;0;2;1;0;0;0;0;0;0;0;0
10;2022;0;1;3;Deinter 1;2599218;0;0;0;0;NA;0;1;1;1;;1;1;1;0;0;0;1
10;2022;0;1;4;Deinter 2;3893806;0;0;0;0;NA;0;0;0;0;0;0;0;0;0;0;0;0
10;2022;0;1;5;Deinter 3;3792726;0;0;0;0;NA;0;0;0;0;0;0;0;0;0;0;0;0
10;2022;0;1;6;Deinter 4;1934714;0;0;0;0;NA;0;0;0;0;0;1;0;0;0;0;0;0
10;2022;0;1;7;Deinter 5;1616129;0;0;0;0;NA;0;0;0;0;0;0;0;0;0;0;0;0
10;2022;0;1;8;Deinter 6;2182882;0;0;0;0;NA;0;0;0;1;0;0;0;0;0;0;4;0
10;2022;0;1;9;Deinter 7;3212306;0;0;0;0;NA;0;0;0;0;0;0;0;0;0;0;1;0
10;2022;0;1;10;Deinter 8;1170317;0;0;0;0;NA;0;0;0;0;0;0;0;0;0;0;0;0
10;2022;0;1;11;Deinter 9;3378700;0;0;0;0;NA;0;0;0;0;0;0;0;0;0;0;1;0
10;2022;0;1;12;Deinter 10;819830;0;0;0;0;NA;0;0;0;0;0;0;0;0;0;0;0;0
10;2022;0;1;13;Decap;12396372;0;0;0;0;NA;0;0;0;0;0;0;2;0;0;0;0;0
10;2022;0;1;14;Decap;12396372;0;0;0;0;NA;0;0;0;0;0;0;0;0;0;0;0;0
10;2022;0;1;15;Decap;12396372;0;0;0;0;NA;0;0;1;0;0;0;0;0;0;0;0;0
10;2022;0;1;16;Decap;12396372;0;0;0;0;NA;0;0;0;0;1;3;0;0;0;0;0;2
10;2022;0;1;17;Decap;12396372;0;0;0;0;NA;0;0;0;0;0;0;0;0;0;0;0;0
10;2022;0;1;18;Decap;12396372;0;0;0;0;NA;0;0;0;0;0;0;0;0;0;0;0;0
10;2022;0;1;NA;NA;NA;0;0;0;0;NA;0;0;0;0;0;0;0;0;0;0;0;0
11;2022;0;1;1;Decap;12396372;0;0;0;0;NA;0;0;1;0;0;0;0;0;0;0;1;0
11;2022;0;1;2;Demacro;9652132;0;0;0;0;NA;0;0;1;0;0;0;0;0;0;0;0;1
11;2022;0;1;3;Deinter 1;2599218;0;0;0;0;NA;0;0;0;0;0;0;0;0;0;0;2;0
11;2022;0;1;4;Deinter 2;3893806;0;0;0;0;NA;0;0;0;0;0;0;0;0;0;0;0;0
11;2022;0;1;5;Deinter 3;3792726;0;0;0;0;NA;0;0;0;0;0;0;0;0;0;0;0;0
11;2022;0;1;6;Deinter 4;1934714;0;0;0;0;NA;0;0;0;0;0;0;0;0;0;0;0;0
11;2022;0;1;7;Deinter 5;1616129;0;0;0;0;NA;0;0;0;0;0;1;0;0;0;0;0;1
11;2022;0;1;8;Deinter 6;2182882;0;0;0;0;NA;0;0;0;0;0;0;0;0;0;0;0;1
11;2022;0;1;9;Deinter 7;3212306;0;0;0;0;NA;0;0;0;0;0;0;0;0;0;0;0;0
11;2022;0;1;10;Deinter 8;1170317;0;0;0;0;NA;0;0;0;0;0;0;0;0;0;0;0;0
11;2022;0;1;11;Deinter 9;3378700;0;0;0;0;NA;0;0;0;0;0;0;0;0;0;0;1;0
11;2022;0;1;12;Deinter 10;819830;0;0;0;0;NA;0;0;0;0;0;0;0;0;0;0;0;0
11;2022;0;1;13;Decap;12396372;0;0;0;0;NA;0;0;0;0;0;0;0;0;0;0;1;0
11;2022;0;1;14;Decap;12396372;0;0;0;0;NA;0;0;0;0;0;0;0;0;0;0;0;0
11;2022;0;1;15;Decap;12396372;0;0;0;0;NA;0;0;0;0;0;0;0;0;0;0;0;0
11;2022;0;1;16;Decap;12396372;0;0;0;0;NA;0;0;0;0;0;1;0;1;0;0;0;2
11;2022;0;1;17;Decap;12396372;0;0;0;0;NA;0;0;0;0;0;0;0;0;0;0;0;0
11;2022;0;1;18;Decap;12396372;0;0;0;0;NA;0;0;0;0;0;0;0;0;0;0;0;0
11;2022;0;1;NA;NA;NA;0;0;0;0;NA;0;0;0;0;0;0;0;0;0;0;0;0
12;2022;0;1;1;Decap;12396372;0;0;0;0;0;0;0;0;1;0;0;0;0;0;0;1;0
12;2022;0;1;2;Demacro;9652132;0;0;0;0;0;0;0;1;0;0;0;0;0;0;0;0;1
12;2022;0;1;3;Deinter 1;2599218;0;1;0;0;0;0;0;1;0;0;0;0;0;0;0;2;0
12;2022;0;1;4;Deinter 2;3893806;0;0;0;0;0;0;0;1;0;0;0;0;0;0;0;0;0
12;2022;0;1;5;Deinter 3;3792726;0;0;0;0;0;0;0;0;0;0;0;0;0;0;0;0;0
12;2022;0;1;6;Deinter 4;1934714;0;0;0;0;0;0;0;0;0;0;0;0;0;0;0;0;0
12;2022;0;1;7;Deinter 5;1616129;0;0;0;0;0;0;0;1;0;0;0;0;0;0;0;0;1
12;2022;0;1;8;Deinter 6;2182882;0;0;0;0;0;0;0;0;0;0;0;0;0;0;0;0;1
12;2022;0;1;9;Deinter 7;3212306;0;0;0;0;0;0;0;0;0;0;0;0;0;0;0;0;0
12;2022;0;1;10;Deinter 8;1170317;0;0;0;0;0;0;0;0;0;0;0;0;0;0;0;0;0
12;2022;0;1;11;Deinter 9;3378700;0;0;0;0;0;0;0;0;0;0;0;0;1;0;0;1;0
12;2022;0;1;12;Deinter 10;819830;0;0;0;0;0;0;0;0;0;0;0;0;0;0;0;0;0
12;2022;0;1;13;Decap;12396372;0;0;0;0;0;0;0;0;0;0;0;0;0;0;0;1;0
12;2022;0;1;14;Decap;12396372;0;3;0;0;0;0;0;0;0;0;0;0;0;0;0;0;0
12;2022;0;1;15;Decap;12396372;0;0;0;0;0;0;0;0;0;0;0;0;0;0;0;0;0
12;2022;0;1;16;Decap;12396372;0;0;0;1;0;0;0;0;0;0;3;0;0;0;0;0;2
12;2022;0;1;17;Decap;12396372;0;0;0;0;0;0;0;0;0;0;0;0;0;0;0;0;0
12;2022;0;1;18;Decap;12396372;0;0;0;0;0;0;0;0;0;0;0;0;0;0;0;0;0
12;2022;0;1;NA;NA;NA;0;0;0;0;0;0;0;0;0;0;0;0;0;0;0;0;0
12;2022;0;0;19;Decap;12396372;5;6;0;0;;1;0;6;8;0;0;0;0;0;2;4;3
12;2022;0;0;20;Demacro;9652132;0;2;0;0;;0;0;5;4;0;0;0;0;0;1;0;2
12;2022;0;0;21;Deinter 1;2599218;2;2;0;0;;0;0;2;0;0;0;0;0;0;0;0;1
12;2022;0;0;22;Deinter 2;3893806;2;0;0;0;;0;0;0;1;0;0;0;0;0;0;1;0
12;2022;0;0;23;Deinter 3;3792726;1;0;0;0;;0;0;0;0;0;0;0;0;0;0;0;0
12;2022;0;0;24;Deinter 4;1934714;1;0;0;0;;0;0;1;0;0;0;0;0;0;0;0;0
12;2022;0;0;25;Deinter 5;1616129;1;0;0;0;;0;0;0;1;0;0;0;0;0;0;1;0
12;2022;0;0;26;Deinter 6;2182882;3;1;0;0;;0;0;4;0;0;0;0;0;0;0;1;0
12;2022;0;0;27;Deinter 7;3212306;3;0;0;0;;1;0;2;0;0;0;0;0;2;0;1;0
12;2022;0;0;28;Deinter 8;1170317;0;0;0;0;;0;0;0;0;0;0;0;0;0;0;0;1
12;2022;0;0;29;Deinter 9;3378700;6;0;0;0;;0;0;1;1;0;0;0;0;0;0;0;1
12;2022;0;0;30;Deinter 10;819830;0;0;0;0;;0;0;0;0;0;0;0;0;0;0;0;0
;;;;31;Decap;12396372;4;0;0;0;;0;0;0;1;0;0;0;0;0;0;2;0
;;;;32;Decap;12396372;0;1;0;0;;0;0;0;0;0;0;0;0;0;0;0;1
;;;;33;Decap;12396372;0;0;0;0;;0;0;0;0;0;0;0;0;0;0;0;0
