"cod_reg";"ano";"tri";"t01";"t02";"t03";"t04";"t05";"t09";"t10";"t11";"t12";"t13";"t14";"t15";"t16";"t17";"t18";"t19";"t20";"t201";"t202";"t203";"t21";"t22";"t23";"t24";"t25";"t26";"t27";"t28";"t29";"t30";"t31";"t32";"t33";"t34";"t35";"t36";"t37";"t38";"t39";"t40";"t41";"t42";"t43";"t44";"t45";"t46";"t47";"t48";"t49";"t50";"t51";"t52";"t53";"t54";"t55";"t56";"t57";"t58";"t59";"t60";"t61";"t62";"t63";"t65";"t66";"t67";"t68";"t69";"t70";"t71";"t72";"t73";"t74";"t75";"t76";"t77";"t78";"t79";"t80";"t81";"t82";"t83";"t84";"t85";"t86";"t87";"t88";"t89";"t90";"t91";"t92"
"10";1996;1;2467;NA;11351;650;59090;NA;823;NA;NA;NA;NA;1;18946;NA;13522;335;NA;267;NA;NA;1331;NA;65;NA;NA;NA;NA;NA;NA;NA;NA;NA;NA;NA;5884;NA;NA;NA;NA;NA;NA;NA;NA;NA;NA;NA;NA;NA;NA;NA;NA;NA;NA;6327;6;NA;8;NA;NA;NA;6;NA;27;NA;NA;NA;6;NA;3;NA;47;NA;2;4829;15452;NA;NA;NA;7301;NA;484;NA;NA;NA;15220;100991;NA;78241;NA;487;NA
"20";1996;1;1120;NA;12960;613;23892;NA;313;NA;NA;NA;NA;1;7057;NA;3757;227;NA;235;NA;NA;726;NA;40;NA;NA;NA;NA;NA;NA;NA;NA;NA;NA;NA;7495;NA;NA;NA;NA;NA;NA;NA;NA;NA;NA;NA;NA;NA;NA;NA;NA;NA;NA;5470;1;NA;14;NA;NA;NA;1;NA;5;NA;NA;NA;0;NA;0;NA;30;NA;2;2401;5067;NA;NA;NA;2580;NA;509;NA;NA;NA;9958;52936;NA;43248;NA;217;NA
"30";1996;1;2908;NA;58831;2462;78952;NA;3375;NA;NA;NA;NA;2;45342;NA;5574;828;NA;626;NA;NA;647;NA;30;NA;NA;NA;NA;NA;NA;NA;NA;NA;NA;NA;38159;NA;NA;NA;NA;NA;NA;NA;NA;NA;NA;NA;NA;NA;NA;NA;NA;NA;NA;28648;5;NA;56;NA;NA;NA;6;NA;17;NA;NA;NA;12;NA;0;NA;163;NA;5;11372;8146;NA;NA;NA;1659;NA;1260;NA;NA;NA;31213;229752;NA;172268;NA;1198;NA
"99";1996;1;6495;NA;83142;3725;161934;NA;4511;NA;NA;NA;NA;4;71345;NA;22853;1390;NA;1128;NA;NA;2704;NA;135;NA;NA;NA;NA;NA;NA;NA;NA;NA;NA;NA;51538;NA;NA;NA;NA;NA;NA;NA;NA;NA;NA;NA;NA;NA;NA;NA;NA;NA;NA;40445;12;NA;78;NA;NA;NA;13;NA;49;NA;NA;NA;18;NA;3;NA;240;NA;9;18602;28665;NA;NA;NA;11540;NA;2253;NA;NA;NA;56391;383679;NA;293757;NA;1902;NA
"31";1996;1;NA;NA;NA;NA;NA;NA;NA;NA;NA;NA;NA;NA;NA;NA;NA;NA;NA;NA;NA;NA;NA;NA;NA;NA;NA;NA;NA;NA;NA;NA;NA;NA;NA;NA;NA;NA;NA;NA;NA;NA;NA;NA;NA;NA;NA;NA;NA;NA;NA;NA;NA;NA;NA;NA;NA;NA;NA;NA;NA;NA;NA;NA;NA;NA;NA;NA;NA;NA;NA;NA;NA;NA;NA;NA;NA;NA;NA;NA;NA;NA;NA;NA;NA;NA;NA;NA;NA;NA;NA;NA;NA
"32";1996;1;NA;NA;NA;NA;NA;NA;NA;NA;NA;NA;NA;NA;NA;NA;NA;NA;NA;NA;NA;NA;NA;NA;NA;NA;NA;NA;NA;NA;NA;NA;NA;NA;NA;NA;NA;NA;NA;NA;NA;NA;NA;NA;NA;NA;NA;NA;NA;NA;NA;NA;NA;NA;NA;NA;NA;NA;NA;NA;NA;NA;NA;NA;NA;NA;NA;NA;NA;NA;NA;NA;NA;NA;NA;NA;NA;NA;NA;NA;NA;NA;NA;NA;NA;NA;NA;NA;NA;NA;NA;NA;NA
"33";1996;1;NA;NA;NA;NA;NA;NA;NA;NA;NA;NA;NA;NA;NA;NA;NA;NA;NA;NA;NA;NA;NA;NA;NA;NA;NA;NA;NA;NA;NA;NA;NA;NA;NA;NA;NA;NA;NA;NA;NA;NA;NA;NA;NA;NA;NA;NA;NA;NA;NA;NA;NA;NA;NA;NA;NA;NA;NA;NA;NA;NA;NA;NA;NA;NA;NA;NA;NA;NA;NA;NA;NA;NA;NA;NA;NA;NA;NA;NA;NA;NA;NA;NA;NA;NA;NA;NA;NA;NA;NA;NA;NA
"34";1996;1;NA;NA;NA;NA;NA;NA;NA;NA;NA;NA;NA;NA;NA;NA;NA;NA;NA;NA;NA;NA;NA;NA;NA;NA;NA;NA;NA;NA;NA;NA;NA;NA;NA;NA;NA;NA;NA;NA;NA;NA;NA;NA;NA;NA;NA;NA;NA;NA;NA;NA;NA;NA;NA;NA;NA;NA;NA;NA;NA;NA;NA;NA;NA;NA;NA;NA;NA;NA;NA;NA;NA;NA;NA;NA;NA;NA;NA;NA;NA;NA;NA;NA;NA;NA;NA;NA;NA;NA;NA;NA;NA
"35";1996;1;NA;NA;NA;NA;NA;NA;NA;NA;NA;NA;NA;NA;NA;NA;NA;NA;NA;NA;NA;NA;NA;NA;NA;NA;NA;NA;NA;NA;NA;NA;NA;NA;NA;NA;NA;NA;NA;NA;NA;NA;NA;NA;NA;NA;NA;NA;NA;NA;NA;NA;NA;NA;NA;NA;NA;NA;NA;NA;NA;NA;NA;NA;NA;NA;NA;NA;NA;NA;NA;NA;NA;NA;NA;NA;NA;NA;NA;NA;NA;NA;NA;NA;NA;NA;NA;NA;NA;NA;NA;NA;NA
"36";1996;1;NA;NA;NA;NA;NA;NA;NA;NA;NA;NA;NA;NA;NA;NA;NA;NA;NA;NA;NA;NA;NA;NA;NA;NA;NA;NA;NA;NA;NA;NA;NA;NA;NA;NA;NA;NA;NA;NA;NA;NA;NA;NA;NA;NA;NA;NA;NA;NA;NA;NA;NA;NA;NA;NA;NA;NA;NA;NA;NA;NA;NA;NA;NA;NA;NA;NA;NA;NA;NA;NA;NA;NA;NA;NA;NA;NA;NA;NA;NA;NA;NA;NA;NA;NA;NA;NA;NA;NA;NA;NA;NA
"37";1996;1;NA;NA;NA;NA;NA;NA;NA;NA;NA;NA;NA;NA;NA;NA;NA;NA;NA;NA;NA;NA;NA;NA;NA;NA;NA;NA;NA;NA;NA;NA;NA;NA;NA;NA;NA;NA;NA;NA;NA;NA;NA;NA;NA;NA;NA;NA;NA;NA;NA;NA;NA;NA;NA;NA;NA;NA;NA;NA;NA;NA;NA;NA;NA;NA;NA;NA;NA;NA;NA;NA;NA;NA;NA;NA;NA;NA;NA;NA;NA;NA;NA;NA;NA;NA;NA;NA;NA;NA;NA;NA;NA
"38";1996;1;NA;NA;NA;NA;NA;NA;NA;NA;NA;NA;NA;NA;NA;NA;NA;NA;NA;NA;NA;NA;NA;NA;NA;NA;NA;NA;NA;NA;NA;NA;NA;NA;NA;NA;NA;NA;NA;NA;NA;NA;NA;NA;NA;NA;NA;NA;NA;NA;NA;NA;NA;NA;NA;NA;NA;NA;NA;NA;NA;NA;NA;NA;NA;NA;NA;NA;NA;NA;NA;NA;NA;NA;NA;NA;NA;NA;NA;NA;NA;NA;NA;NA;NA;NA;NA;NA;NA;NA;NA;NA;NA
"39";1996;1;NA;NA;NA;NA;NA;NA;NA;NA;NA;NA;NA;NA;NA;NA;NA;NA;NA;NA;NA;NA;NA;NA;NA;NA;NA;NA;NA;NA;NA;NA;NA;NA;NA;NA;NA;NA;NA;NA;NA;NA;NA;NA;NA;NA;NA;NA;NA;NA;NA;NA;NA;NA;NA;NA;NA;NA;NA;NA;NA;NA;NA;NA;NA;NA;NA;NA;NA;NA;NA;NA;NA;NA;NA;NA;NA;NA;NA;NA;NA;NA;NA;NA;NA;NA;NA;NA;NA;NA;NA;NA;NA
"40";1996;1;NA;NA;NA;NA;NA;NA;NA;NA;NA;NA;NA;NA;NA;NA;NA;NA;NA;NA;NA;NA;NA;NA;NA;NA;NA;NA;NA;NA;NA;NA;NA;NA;NA;NA;NA;NA;NA;NA;NA;NA;NA;NA;NA;NA;NA;NA;NA;NA;NA;NA;NA;NA;NA;NA;NA;NA;NA;NA;NA;NA;NA;NA;NA;NA;NA;NA;NA;NA;NA;NA;NA;NA;NA;NA;NA;NA;NA;NA;NA;NA;NA;NA;NA;NA;NA;NA;NA;NA;NA;NA;NA
"10";1996;2;2748;NA;13471;635;65695;NA;823;NA;NA;NA;NA;3;20217;NA;13984;371;NA;235;NA;NA;1109;NA;55;NA;NA;NA;NA;NA;NA;NA;NA;NA;NA;NA;6799;NA;NA;NA;NA;NA;NA;NA;NA;NA;NA;NA;NA;NA;NA;NA;NA;NA;NA;4718;6;NA;17;NA;NA;NA;5;NA;22;NA;NA;NA;7;NA;3;NA;42;NA;2;4959;16419;NA;NA;NA;7599;NA;465;NA;NA;NA;16527;110267;NA;85342;NA;463;NA
"20";1996;2;1332;NA;13655;578;25900;NA;240;NA;NA;NA;NA;0;8101;NA;3847;280;NA;184;NA;NA;803;NA;38;NA;NA;NA;NA;NA;NA;NA;NA;NA;NA;NA;8041;NA;NA;NA;NA;NA;NA;NA;NA;NA;NA;NA;NA;NA;NA;NA;NA;NA;NA;5469;2;NA;12;NA;NA;NA;0;NA;7;NA;NA;NA;0;NA;1;NA;16;NA;0;2397;6082;NA;NA;NA;2969;NA;610;NA;NA;NA;10653;56829;NA;45842;NA;160;NA
"30";1996;2;3403;NA;61319;2155;80009;NA;3432;NA;NA;NA;NA;0;45722;NA;5373;929;NA;526;NA;NA;682;NA;48;NA;NA;NA;NA;NA;NA;NA;NA;NA;NA;NA;38524;NA;NA;NA;NA;NA;NA;NA;NA;NA;NA;NA;NA;NA;NA;NA;NA;NA;NA;26397;7;NA;26;NA;NA;NA;7;NA;26;NA;NA;NA;9;NA;1;NA;85;NA;4;11232;9482;NA;NA;NA;1713;NA;1171;NA;NA;NA;33052;229306;NA;173312;NA;1102;NA
"99";1996;2;7483;NA;88445;3368;171604;NA;4495;NA;NA;NA;NA;3;74040;NA;23204;1580;NA;945;NA;NA;2594;NA;141;NA;NA;NA;NA;NA;NA;NA;NA;NA;NA;NA;53364;NA;NA;NA;NA;NA;NA;NA;NA;NA;NA;NA;NA;NA;NA;NA;NA;NA;NA;36584;15;NA;55;NA;NA;NA;12;NA;55;NA;NA;NA;16;NA;5;NA;143;NA;6;18588;31983;NA;NA;NA;12281;NA;2246;NA;NA;NA;60232;396402;NA;304496;NA;1725;NA
"31";1996;2;NA;NA;NA;NA;NA;NA;NA;NA;NA;NA;NA;NA;NA;NA;NA;NA;NA;NA;NA;NA;NA;NA;NA;NA;NA;NA;NA;NA;NA;NA;NA;NA;NA;NA;NA;NA;NA;NA;NA;NA;NA;NA;NA;NA;NA;NA;NA;NA;NA;NA;NA;NA;NA;NA;NA;NA;NA;NA;NA;NA;NA;NA;NA;NA;NA;NA;NA;NA;NA;NA;NA;NA;NA;NA;NA;NA;NA;NA;NA;NA;NA;NA;NA;NA;NA;NA;NA;NA;NA;NA;NA
"32";1996;2;NA;NA;NA;NA;NA;NA;NA;NA;NA;NA;NA;NA;NA;NA;NA;NA;NA;NA;NA;NA;NA;NA;NA;NA;NA;NA;NA;NA;NA;NA;NA;NA;NA;NA;NA;NA;NA;NA;NA;NA;NA;NA;NA;NA;NA;NA;NA;NA;NA;NA;NA;NA;NA;NA;NA;NA;NA;NA;NA;NA;NA;NA;NA;NA;NA;NA;NA;NA;NA;NA;NA;NA;NA;NA;NA;NA;NA;NA;NA;NA;NA;NA;NA;NA;NA;NA;NA;NA;NA;NA;NA
"33";1996;2;NA;NA;NA;NA;NA;NA;NA;NA;NA;NA;NA;NA;NA;NA;NA;NA;NA;NA;NA;NA;NA;NA;NA;NA;NA;NA;NA;NA;NA;NA;NA;NA;NA;NA;NA;NA;NA;NA;NA;NA;NA;NA;NA;NA;NA;NA;NA;NA;NA;NA;NA;NA;NA;NA;NA;NA;NA;NA;NA;NA;NA;NA;NA;NA;NA;NA;NA;NA;NA;NA;NA;NA;NA;NA;NA;NA;NA;NA;NA;NA;NA;NA;NA;NA;NA;NA;NA;NA;NA;NA;NA
"34";1996;2;NA;NA;NA;NA;NA;NA;NA;NA;NA;NA;NA;NA;NA;NA;NA;NA;NA;NA;NA;NA;NA;NA;NA;NA;NA;NA;NA;NA;NA;NA;NA;NA;NA;NA;NA;NA;NA;NA;NA;NA;NA;NA;NA;NA;NA;NA;NA;NA;NA;NA;NA;NA;NA;NA;NA;NA;NA;NA;NA;NA;NA;NA;NA;NA;NA;NA;NA;NA;NA;NA;NA;NA;NA;NA;NA;NA;NA;NA;NA;NA;NA;NA;NA;NA;NA;NA;NA;NA;NA;NA;NA
"35";1996;2;NA;NA;NA;NA;NA;NA;NA;NA;NA;NA;NA;NA;NA;NA;NA;NA;NA;NA;NA;NA;NA;NA;NA;NA;NA;NA;NA;NA;NA;NA;NA;NA;NA;NA;NA;NA;NA;NA;NA;NA;NA;NA;NA;NA;NA;NA;NA;NA;NA;NA;NA;NA;NA;NA;NA;NA;NA;NA;NA;NA;NA;NA;NA;NA;NA;NA;NA;NA;NA;NA;NA;NA;NA;NA;NA;NA;NA;NA;NA;NA;NA;NA;NA;NA;NA;NA;NA;NA;NA;NA;NA
"36";1996;2;NA;NA;NA;NA;NA;NA;NA;NA;NA;NA;NA;NA;NA;NA;NA;NA;NA;NA;NA;NA;NA;NA;NA;NA;NA;NA;NA;NA;NA;NA;NA;NA;NA;NA;NA;NA;NA;NA;NA;NA;NA;NA;NA;NA;NA;NA;NA;NA;NA;NA;NA;NA;NA;NA;NA;NA;NA;NA;NA;NA;NA;NA;NA;NA;NA;NA;NA;NA;NA;NA;NA;NA;NA;NA;NA;NA;NA;NA;NA;NA;NA;NA;NA;NA;NA;NA;NA;NA;NA;NA;NA
"37";1996;2;NA;NA;NA;NA;NA;NA;NA;NA;NA;NA;NA;NA;NA;NA;NA;NA;NA;NA;NA;NA;NA;NA;NA;NA;NA;NA;NA;NA;NA;NA;NA;NA;NA;NA;NA;NA;NA;NA;NA;NA;NA;NA;NA;NA;NA;NA;NA;NA;NA;NA;NA;NA;NA;NA;NA;NA;NA;NA;NA;NA;NA;NA;NA;NA;NA;NA;NA;NA;NA;NA;NA;NA;NA;NA;NA;NA;NA;NA;NA;NA;NA;NA;NA;NA;NA;NA;NA;NA;NA;NA;NA
"38";1996;2;NA;NA;NA;NA;NA;NA;NA;NA;NA;NA;NA;NA;NA;NA;NA;NA;NA;NA;NA;NA;NA;NA;NA;NA;NA;NA;NA;NA;NA;NA;NA;NA;NA;NA;NA;NA;NA;NA;NA;NA;NA;NA;NA;NA;NA;NA;NA;NA;NA;NA;NA;NA;NA;NA;NA;NA;NA;NA;NA;NA;NA;NA;NA;NA;NA;NA;NA;NA;NA;NA;NA;NA;NA;NA;NA;NA;NA;NA;NA;NA;NA;NA;NA;NA;NA;NA;NA;NA;NA;NA;NA
"39";1996;2;NA;NA;NA;NA;NA;NA;NA;NA;NA;NA;NA;NA;NA;NA;NA;NA;NA;NA;NA;NA;NA;NA;NA;NA;NA;NA;NA;NA;NA;NA;NA;NA;NA;NA;NA;NA;NA;NA;NA;NA;NA;NA;NA;NA;NA;NA;NA;NA;NA;NA;NA;NA;NA;NA;NA;NA;NA;NA;NA;NA;NA;NA;NA;NA;NA;NA;NA;NA;NA;NA;NA;NA;NA;NA;NA;NA;NA;NA;NA;NA;NA;NA;NA;NA;NA;NA;NA;NA;NA;NA;NA
"40";1996;2;NA;NA;NA;NA;NA;NA;NA;NA;NA;NA;NA;NA;NA;NA;NA;NA;NA;NA;NA;NA;NA;NA;NA;NA;NA;NA;NA;NA;NA;NA;NA;NA;NA;NA;NA;NA;NA;NA;NA;NA;NA;NA;NA;NA;NA;NA;NA;NA;NA;NA;NA;NA;NA;NA;NA;NA;NA;NA;NA;NA;NA;NA;NA;NA;NA;NA;NA;NA;NA;NA;NA;NA;NA;NA;NA;NA;NA;NA;NA;NA;NA;NA;NA;NA;NA;NA;NA;NA;NA;NA;NA
"10";1996;3;3043;NA;23169;774;60039;NA;1065;NA;NA;NA;NA;3;NA;NA;NA;278;NA;349;NA;NA;NA;NA;55;NA;NA;NA;NA;NA;NA;NA;NA;NA;NA;NA;9159;NA;NA;NA;NA;NA;NA;NA;NA;NA;NA;NA;NA;NA;NA;NA;NA;NA;NA;15071;3;NA;25;NA;NA;NA;12;NA;75;NA;NA;NA;7;NA;3;NA;51;NA;0;5466;NA;NA;NA;NA;NA;NA;386;NA;NA;NA;24753;117718;NA;100118;NA;536;NA
"20";1996;3;1258;NA;17787;626;23312;NA;303;NA;NA;NA;NA;1;NA;NA;NA;189;NA;259;NA;NA;NA;NA;12;NA;NA;NA;NA;NA;NA;NA;NA;NA;NA;NA;9370;NA;NA;NA;NA;NA;NA;NA;NA;NA;NA;NA;NA;NA;NA;NA;NA;NA;NA;9059;6;NA;12;NA;NA;NA;2;NA;25;NA;NA;NA;3;NA;2;NA;23;NA;1;3145;NA;NA;NA;NA;NA;NA;335;NA;NA;NA;19500;59490;NA;51087;NA;200;NA
"30";1996;3;2844;NA;64302;2301;71410;NA;2886;NA;NA;NA;NA;2;NA;NA;NA;662;NA;545;NA;NA;NA;NA;34;NA;NA;NA;NA;NA;NA;NA;NA;NA;NA;NA;39158;NA;NA;NA;NA;NA;NA;NA;NA;NA;NA;NA;NA;NA;NA;NA;NA;NA;NA;30008;17;NA;30;NA;NA;NA;2;NA;22;NA;NA;NA;17;NA;0;NA;127;NA;3;14406;NA;NA;NA;NA;NA;NA;775;NA;NA;NA;63428;223889;NA;170907;NA;1175;NA
"99";1996;3;7145;NA;105258;3701;154761;NA;4254;NA;NA;NA;NA;6;NA;NA;NA;1129;NA;1153;NA;NA;NA;NA;101;NA;NA;NA;NA;NA;NA;NA;NA;NA;NA;NA;57687;NA;NA;NA;NA;NA;NA;NA;NA;NA;NA;NA;NA;NA;NA;NA;NA;NA;NA;54138;26;NA;67;NA;NA;NA;16;NA;122;NA;NA;NA;27;NA;5;NA;201;NA;4;23017;NA;NA;NA;NA;NA;NA;1496;NA;NA;NA;107681;401097;NA;322112;NA;1911;NA
"31";1996;3;NA;NA;NA;NA;NA;NA;NA;NA;NA;NA;NA;NA;NA;NA;NA;NA;NA;NA;NA;NA;NA;NA;NA;NA;NA;NA;NA;NA;NA;NA;NA;NA;NA;NA;NA;NA;NA;NA;NA;NA;NA;NA;NA;NA;NA;NA;NA;NA;NA;NA;NA;NA;NA;NA;NA;NA;NA;NA;NA;NA;NA;NA;NA;NA;NA;NA;NA;NA;NA;NA;NA;NA;NA;NA;NA;NA;NA;NA;NA;NA;NA;NA;NA;NA;NA;NA;NA;NA;NA;NA;NA
"32";1996;3;NA;NA;NA;NA;NA;NA;NA;NA;NA;NA;NA;NA;NA;NA;NA;NA;NA;NA;NA;NA;NA;NA;NA;NA;NA;NA;NA;NA;NA;NA;NA;NA;NA;NA;NA;NA;NA;NA;NA;NA;NA;NA;NA;NA;NA;NA;NA;NA;NA;NA;NA;NA;NA;NA;NA;NA;NA;NA;NA;NA;NA;NA;NA;NA;NA;NA;NA;NA;NA;NA;NA;NA;NA;NA;NA;NA;NA;NA;NA;NA;NA;NA;NA;NA;NA;NA;NA;NA;NA;NA;NA
"33";1996;3;NA;NA;NA;NA;NA;NA;NA;NA;NA;NA;NA;NA;NA;NA;NA;NA;NA;NA;NA;NA;NA;NA;NA;NA;NA;NA;NA;NA;NA;NA;NA;NA;NA;NA;NA;NA;NA;NA;NA;NA;NA;NA;NA;NA;NA;NA;NA;NA;NA;NA;NA;NA;NA;NA;NA;NA;NA;NA;NA;NA;NA;NA;NA;NA;NA;NA;NA;NA;NA;NA;NA;NA;NA;NA;NA;NA;NA;NA;NA;NA;NA;NA;NA;NA;NA;NA;NA;NA;NA;NA;NA
"34";1996;3;NA;NA;NA;NA;NA;NA;NA;NA;NA;NA;NA;NA;NA;NA;NA;NA;NA;NA;NA;NA;NA;NA;NA;NA;NA;NA;NA;NA;NA;NA;NA;NA;NA;NA;NA;NA;NA;NA;NA;NA;NA;NA;NA;NA;NA;NA;NA;NA;NA;NA;NA;NA;NA;NA;NA;NA;NA;NA;NA;NA;NA;NA;NA;NA;NA;NA;NA;NA;NA;NA;NA;NA;NA;NA;NA;NA;NA;NA;NA;NA;NA;NA;NA;NA;NA;NA;NA;NA;NA;NA;NA
"35";1996;3;NA;NA;NA;NA;NA;NA;NA;NA;NA;NA;NA;NA;NA;NA;NA;NA;NA;NA;NA;NA;NA;NA;NA;NA;NA;NA;NA;NA;NA;NA;NA;NA;NA;NA;NA;NA;NA;NA;NA;NA;NA;NA;NA;NA;NA;NA;NA;NA;NA;NA;NA;NA;NA;NA;NA;NA;NA;NA;NA;NA;NA;NA;NA;NA;NA;NA;NA;NA;NA;NA;NA;NA;NA;NA;NA;NA;NA;NA;NA;NA;NA;NA;NA;NA;NA;NA;NA;NA;NA;NA;NA
"36";1996;3;NA;NA;NA;NA;NA;NA;NA;NA;NA;NA;NA;NA;NA;NA;NA;NA;NA;NA;NA;NA;NA;NA;NA;NA;NA;NA;NA;NA;NA;NA;NA;NA;NA;NA;NA;NA;NA;NA;NA;NA;NA;NA;NA;NA;NA;NA;NA;NA;NA;NA;NA;NA;NA;NA;NA;NA;NA;NA;NA;NA;NA;NA;NA;NA;NA;NA;NA;NA;NA;NA;NA;NA;NA;NA;NA;NA;NA;NA;NA;NA;NA;NA;NA;NA;NA;NA;NA;NA;NA;NA;NA
"37";1996;3;NA;NA;NA;NA;NA;NA;NA;NA;NA;NA;NA;NA;NA;NA;NA;NA;NA;NA;NA;NA;NA;NA;NA;NA;NA;NA;NA;NA;NA;NA;NA;NA;NA;NA;NA;NA;NA;NA;NA;NA;NA;NA;NA;NA;NA;NA;NA;NA;NA;NA;NA;NA;NA;NA;NA;NA;NA;NA;NA;NA;NA;NA;NA;NA;NA;NA;NA;NA;NA;NA;NA;NA;NA;NA;NA;NA;NA;NA;NA;NA;NA;NA;NA;NA;NA;NA;NA;NA;NA;NA;NA
"38";1996;3;NA;NA;NA;NA;NA;NA;NA;NA;NA;NA;NA;NA;NA;NA;NA;NA;NA;NA;NA;NA;NA;NA;NA;NA;NA;NA;NA;NA;NA;NA;NA;NA;NA;NA;NA;NA;NA;NA;NA;NA;NA;NA;NA;NA;NA;NA;NA;NA;NA;NA;NA;NA;NA;NA;NA;NA;NA;NA;NA;NA;NA;NA;NA;NA;NA;NA;NA;NA;NA;NA;NA;NA;NA;NA;NA;NA;NA;NA;NA;NA;NA;NA;NA;NA;NA;NA;NA;NA;NA;NA;NA
"39";1996;3;NA;NA;NA;NA;NA;NA;NA;NA;NA;NA;NA;NA;NA;NA;NA;NA;NA;NA;NA;NA;NA;NA;NA;NA;NA;NA;NA;NA;NA;NA;NA;NA;NA;NA;NA;NA;NA;NA;NA;NA;NA;NA;NA;NA;NA;NA;NA;NA;NA;NA;NA;NA;NA;NA;NA;NA;NA;NA;NA;NA;NA;NA;NA;NA;NA;NA;NA;NA;NA;NA;NA;NA;NA;NA;NA;NA;NA;NA;NA;NA;NA;NA;NA;NA;NA;NA;NA;NA;NA;NA;NA
"40";1996;3;NA;NA;NA;NA;NA;NA;NA;NA;NA;NA;NA;NA;NA;NA;NA;NA;NA;NA;NA;NA;NA;NA;NA;NA;NA;NA;NA;NA;NA;NA;NA;NA;NA;NA;NA;NA;NA;NA;NA;NA;NA;NA;NA;NA;NA;NA;NA;NA;NA;NA;NA;NA;NA;NA;NA;NA;NA;NA;NA;NA;NA;NA;NA;NA;NA;NA;NA;NA;NA;NA;NA;NA;NA;NA;NA;NA;NA;NA;NA;NA;NA;NA;NA;NA;NA;NA;NA;NA;NA;NA;NA
"10";1996;4;2670;NA;16517;712;63242;NA;850;NA;NA;NA;NA;0;19825;NA;13113;411;NA;243;NA;NA;1092;NA;50;NA;NA;NA;NA;NA;NA;NA;NA;NA;NA;NA;8290;NA;NA;NA;NA;NA;NA;NA;NA;NA;NA;NA;NA;NA;NA;NA;NA;NA;NA;4806;3;NA;31;NA;NA;NA;3;NA;24;NA;NA;NA;3;NA;3;NA;36;NA;1;4629;15699;NA;NA;NA;6882;NA;595;NA;NA;NA;15836;110151;NA;86127;NA;491;NA
"20";1996;4;1343;NA;14583;568;24563;NA;255;NA;NA;NA;NA;1;7411;NA;3633;270;NA;205;NA;NA;782;NA;20;NA;NA;NA;NA;NA;NA;NA;NA;NA;NA;NA;8809;NA;NA;NA;NA;NA;NA;NA;NA;NA;NA;NA;NA;NA;NA;NA;NA;NA;NA;4805;1;NA;18;NA;NA;NA;2;NA;15;NA;NA;NA;2;NA;0;NA;11;NA;1;2388;6064;NA;NA;NA;2899;NA;474;NA;NA;NA;10009;58110;NA;44774;NA;204;NA
"30";1996;4;3438;NA;68662;2488;82008;NA;3635;NA;NA;NA;NA;0;44398;NA;5788;1021;NA;584;NA;NA;759;NA;35;NA;NA;NA;NA;NA;NA;NA;NA;NA;NA;NA;42463;NA;NA;NA;NA;NA;NA;NA;NA;NA;NA;NA;NA;NA;NA;NA;NA;NA;NA;29193;4;NA;36;NA;NA;NA;6;NA;30;NA;NA;NA;7;NA;1;NA;130;NA;5;11467;9562;NA;NA;NA;1791;NA;1205;NA;NA;NA;34542;249786;NA;185986;NA;1244;NA
"99";1996;4;7451;NA;99762;3768;169813;NA;4740;NA;NA;NA;NA;1;71634;NA;22534;1702;NA;1032;NA;NA;2633;NA;105;NA;NA;NA;NA;NA;NA;NA;NA;NA;NA;NA;59562;NA;NA;NA;NA;NA;NA;NA;NA;NA;NA;NA;NA;NA;NA;NA;NA;NA;NA;38804;8;NA;85;NA;NA;NA;11;NA;69;NA;NA;NA;12;NA;4;NA;177;NA;7;18484;31325;NA;NA;NA;11572;NA;2274;NA;NA;NA;60387;418047;NA;316887;NA;1939;NA
"31";1996;4;NA;NA;NA;NA;NA;NA;NA;NA;NA;NA;NA;NA;NA;NA;NA;NA;NA;NA;NA;NA;NA;NA;NA;NA;NA;NA;NA;NA;NA;NA;NA;NA;NA;NA;NA;NA;NA;NA;NA;NA;NA;NA;NA;NA;NA;NA;NA;NA;NA;NA;NA;NA;NA;NA;NA;NA;NA;NA;NA;NA;NA;NA;NA;NA;NA;NA;NA;NA;NA;NA;NA;NA;NA;NA;NA;NA;NA;NA;NA;NA;NA;NA;NA;NA;NA;NA;NA;NA;NA;NA;NA
"32";1996;4;NA;NA;NA;NA;NA;NA;NA;NA;NA;NA;NA;NA;NA;NA;NA;NA;NA;NA;NA;NA;NA;NA;NA;NA;NA;NA;NA;NA;NA;NA;NA;NA;NA;NA;NA;NA;NA;NA;NA;NA;NA;NA;NA;NA;NA;NA;NA;NA;NA;NA;NA;NA;NA;NA;NA;NA;NA;NA;NA;NA;NA;NA;NA;NA;NA;NA;NA;NA;NA;NA;NA;NA;NA;NA;NA;NA;NA;NA;NA;NA;NA;NA;NA;NA;NA;NA;NA;NA;NA;NA;NA
"33";1996;4;NA;NA;NA;NA;NA;NA;NA;NA;NA;NA;NA;NA;NA;NA;NA;NA;NA;NA;NA;NA;NA;NA;NA;NA;NA;NA;NA;NA;NA;NA;NA;NA;NA;NA;NA;NA;NA;NA;NA;NA;NA;NA;NA;NA;NA;NA;NA;NA;NA;NA;NA;NA;NA;NA;NA;NA;NA;NA;NA;NA;NA;NA;NA;NA;NA;NA;NA;NA;NA;NA;NA;NA;NA;NA;NA;NA;NA;NA;NA;NA;NA;NA;NA;NA;NA;NA;NA;NA;NA;NA;NA
"34";1996;4;NA;NA;NA;NA;NA;NA;NA;NA;NA;NA;NA;NA;NA;NA;NA;NA;NA;NA;NA;NA;NA;NA;NA;NA;NA;NA;NA;NA;NA;NA;NA;NA;NA;NA;NA;NA;NA;NA;NA;NA;NA;NA;NA;NA;NA;NA;NA;NA;NA;NA;NA;NA;NA;NA;NA;NA;NA;NA;NA;NA;NA;NA;NA;NA;NA;NA;NA;NA;NA;NA;NA;NA;NA;NA;NA;NA;NA;NA;NA;NA;NA;NA;NA;NA;NA;NA;NA;NA;NA;NA;NA
"35";1996;4;NA;NA;NA;NA;NA;NA;NA;NA;NA;NA;NA;NA;NA;NA;NA;NA;NA;NA;NA;NA;NA;NA;NA;NA;NA;NA;NA;NA;NA;NA;NA;NA;NA;NA;NA;NA;NA;NA;NA;NA;NA;NA;NA;NA;NA;NA;NA;NA;NA;NA;NA;NA;NA;NA;NA;NA;NA;NA;NA;NA;NA;NA;NA;NA;NA;NA;NA;NA;NA;NA;NA;NA;NA;NA;NA;NA;NA;NA;NA;NA;NA;NA;NA;NA;NA;NA;NA;NA;NA;NA;NA
"36";1996;4;NA;NA;NA;NA;NA;NA;NA;NA;NA;NA;NA;NA;NA;NA;NA;NA;NA;NA;NA;NA;NA;NA;NA;NA;NA;NA;NA;NA;NA;NA;NA;NA;NA;NA;NA;NA;NA;NA;NA;NA;NA;NA;NA;NA;NA;NA;NA;NA;NA;NA;NA;NA;NA;NA;NA;NA;NA;NA;NA;NA;NA;NA;NA;NA;NA;NA;NA;NA;NA;NA;NA;NA;NA;NA;NA;NA;NA;NA;NA;NA;NA;NA;NA;NA;NA;NA;NA;NA;NA;NA;NA
"37";1996;4;NA;NA;NA;NA;NA;NA;NA;NA;NA;NA;NA;NA;NA;NA;NA;NA;NA;NA;NA;NA;NA;NA;NA;NA;NA;NA;NA;NA;NA;NA;NA;NA;NA;NA;NA;NA;NA;NA;NA;NA;NA;NA;NA;NA;NA;NA;NA;NA;NA;NA;NA;NA;NA;NA;NA;NA;NA;NA;NA;NA;NA;NA;NA;NA;NA;NA;NA;NA;NA;NA;NA;NA;NA;NA;NA;NA;NA;NA;NA;NA;NA;NA;NA;NA;NA;NA;NA;NA;NA;NA;NA
"38";1996;4;NA;NA;NA;NA;NA;NA;NA;NA;NA;NA;NA;NA;NA;NA;NA;NA;NA;NA;NA;NA;NA;NA;NA;NA;NA;NA;NA;NA;NA;NA;NA;NA;NA;NA;NA;NA;NA;NA;NA;NA;NA;NA;NA;NA;NA;NA;NA;NA;NA;NA;NA;NA;NA;NA;NA;NA;NA;NA;NA;NA;NA;NA;NA;NA;NA;NA;NA;NA;NA;NA;NA;NA;NA;NA;NA;NA;NA;NA;NA;NA;NA;NA;NA;NA;NA;NA;NA;NA;NA;NA;NA
"39";1996;4;NA;NA;NA;NA;NA;NA;NA;NA;NA;NA;NA;NA;NA;NA;NA;NA;NA;NA;NA;NA;NA;NA;NA;NA;NA;NA;NA;NA;NA;NA;NA;NA;NA;NA;NA;NA;NA;NA;NA;NA;NA;NA;NA;NA;NA;NA;NA;NA;NA;NA;NA;NA;NA;NA;NA;NA;NA;NA;NA;NA;NA;NA;NA;NA;NA;NA;NA;NA;NA;NA;NA;NA;NA;NA;NA;NA;NA;NA;NA;NA;NA;NA;NA;NA;NA;NA;NA;NA;NA;NA;NA
"40";1996;4;NA;NA;NA;NA;NA;NA;NA;NA;NA;NA;NA;NA;NA;NA;NA;NA;NA;NA;NA;NA;NA;NA;NA;NA;NA;NA;NA;NA;NA;NA;NA;NA;NA;NA;NA;NA;NA;NA;NA;NA;NA;NA;NA;NA;NA;NA;NA;NA;NA;NA;NA;NA;NA;NA;NA;NA;NA;NA;NA;NA;NA;NA;NA;NA;NA;NA;NA;NA;NA;NA;NA;NA;NA;NA;NA;NA;NA;NA;NA;NA;NA;NA;NA;NA;NA;NA;NA;NA;NA;NA;NA
"10";1997;1;2577;NA;17340;772;60804;NA;977;NA;NA;NA;NA;4;18891;NA;10677;333;NA;259;NA;NA;1140;NA;51;NA;NA;NA;NA;NA;NA;NA;NA;NA;NA;NA;9534;NA;NA;NA;NA;NA;NA;NA;NA;NA;NA;NA;NA;NA;NA;NA;NA;NA;NA;10847;4;NA;28;NA;NA;NA;3;NA;48;NA;NA;NA;4;NA;3;NA;49;NA;3;4880;16212;NA;NA;NA;6160;NA;484;NA;NA;NA;15174;111840;NA;90740;NA;558;NA
"20";1997;1;1456;NA;15556;556;24931;NA;308;NA;NA;NA;NA;1;7850;NA;3190;245;NA;204;NA;NA;730;NA;17;NA;NA;NA;NA;NA;NA;NA;NA;NA;NA;NA;9213;NA;NA;NA;NA;NA;NA;NA;NA;NA;NA;NA;NA;NA;NA;NA;NA;NA;NA;8603;1;NA;12;NA;NA;NA;0;NA;12;NA;NA;NA;0;NA;0;NA;19;NA;2;2528;6312;NA;NA;NA;2831;NA;479;NA;NA;NA;9133;63916;NA;49954;NA;236;NA
"30";1997;1;3361;NA;66484;2501;83840;NA;4344;NA;NA;NA;NA;0;46559;NA;5588;904;NA;554;NA;NA;694;NA;34;NA;NA;NA;NA;NA;NA;NA;NA;NA;NA;NA;42097;NA;NA;NA;NA;NA;NA;NA;NA;NA;NA;NA;NA;NA;NA;NA;NA;NA;NA;31936;9;NA;34;NA;NA;NA;4;NA;23;NA;NA;NA;7;NA;0;NA;123;NA;1;12276;10249;NA;NA;NA;1943;NA;1234;NA;NA;NA;33206;253566;NA;189105;NA;1479;NA
"99";1997;1;7394;NA;99380;3829;169575;NA;5629;NA;NA;NA;NA;5;73300;NA;19455;1482;NA;1017;NA;NA;2564;NA;102;NA;NA;NA;NA;NA;NA;NA;NA;NA;NA;NA;60844;NA;NA;NA;NA;NA;NA;NA;NA;NA;NA;NA;NA;NA;NA;NA;NA;NA;NA;51386;14;NA;74;NA;NA;NA;7;NA;83;NA;NA;NA;11;NA;3;NA;191;NA;6;19684;32773;NA;NA;NA;10934;NA;2197;NA;NA;NA;57513;429322;NA;329799;NA;2273;NA
"31";1997;1;NA;NA;NA;NA;NA;NA;NA;NA;NA;NA;NA;NA;NA;NA;NA;NA;NA;NA;NA;NA;NA;NA;NA;NA;NA;NA;NA;NA;NA;NA;NA;NA;NA;NA;NA;NA;NA;NA;NA;NA;NA;NA;NA;NA;NA;NA;NA;NA;NA;NA;NA;NA;NA;NA;NA;NA;NA;NA;NA;NA;NA;NA;NA;NA;NA;NA;NA;NA;NA;NA;NA;NA;NA;NA;NA;NA;NA;NA;NA;NA;NA;NA;NA;NA;NA;NA;NA;NA;NA;NA;NA
"32";1997;1;NA;NA;NA;NA;NA;NA;NA;NA;NA;NA;NA;NA;NA;NA;NA;NA;NA;NA;NA;NA;NA;NA;NA;NA;NA;NA;NA;NA;NA;NA;NA;NA;NA;NA;NA;NA;NA;NA;NA;NA;NA;NA;NA;NA;NA;NA;NA;NA;NA;NA;NA;NA;NA;NA;NA;NA;NA;NA;NA;NA;NA;NA;NA;NA;NA;NA;NA;NA;NA;NA;NA;NA;NA;NA;NA;NA;NA;NA;NA;NA;NA;NA;NA;NA;NA;NA;NA;NA;NA;NA;NA
"33";1997;1;NA;NA;NA;NA;NA;NA;NA;NA;NA;NA;NA;NA;NA;NA;NA;NA;NA;NA;NA;NA;NA;NA;NA;NA;NA;NA;NA;NA;NA;NA;NA;NA;NA;NA;NA;NA;NA;NA;NA;NA;NA;NA;NA;NA;NA;NA;NA;NA;NA;NA;NA;NA;NA;NA;NA;NA;NA;NA;NA;NA;NA;NA;NA;NA;NA;NA;NA;NA;NA;NA;NA;NA;NA;NA;NA;NA;NA;NA;NA;NA;NA;NA;NA;NA;NA;NA;NA;NA;NA;NA;NA
"34";1997;1;NA;NA;NA;NA;NA;NA;NA;NA;NA;NA;NA;NA;NA;NA;NA;NA;NA;NA;NA;NA;NA;NA;NA;NA;NA;NA;NA;NA;NA;NA;NA;NA;NA;NA;NA;NA;NA;NA;NA;NA;NA;NA;NA;NA;NA;NA;NA;NA;NA;NA;NA;NA;NA;NA;NA;NA;NA;NA;NA;NA;NA;NA;NA;NA;NA;NA;NA;NA;NA;NA;NA;NA;NA;NA;NA;NA;NA;NA;NA;NA;NA;NA;NA;NA;NA;NA;NA;NA;NA;NA;NA
"35";1997;1;NA;NA;NA;NA;NA;NA;NA;NA;NA;NA;NA;NA;NA;NA;NA;NA;NA;NA;NA;NA;NA;NA;NA;NA;NA;NA;NA;NA;NA;NA;NA;NA;NA;NA;NA;NA;NA;NA;NA;NA;NA;NA;NA;NA;NA;NA;NA;NA;NA;NA;NA;NA;NA;NA;NA;NA;NA;NA;NA;NA;NA;NA;NA;NA;NA;NA;NA;NA;NA;NA;NA;NA;NA;NA;NA;NA;NA;NA;NA;NA;NA;NA;NA;NA;NA;NA;NA;NA;NA;NA;NA
"36";1997;1;NA;NA;NA;NA;NA;NA;NA;NA;NA;NA;NA;NA;NA;NA;NA;NA;NA;NA;NA;NA;NA;NA;NA;NA;NA;NA;NA;NA;NA;NA;NA;NA;NA;NA;NA;NA;NA;NA;NA;NA;NA;NA;NA;NA;NA;NA;NA;NA;NA;NA;NA;NA;NA;NA;NA;NA;NA;NA;NA;NA;NA;NA;NA;NA;NA;NA;NA;NA;NA;NA;NA;NA;NA;NA;NA;NA;NA;NA;NA;NA;NA;NA;NA;NA;NA;NA;NA;NA;NA;NA;NA
"37";1997;1;NA;NA;NA;NA;NA;NA;NA;NA;NA;NA;NA;NA;NA;NA;NA;NA;NA;NA;NA;NA;NA;NA;NA;NA;NA;NA;NA;NA;NA;NA;NA;NA;NA;NA;NA;NA;NA;NA;NA;NA;NA;NA;NA;NA;NA;NA;NA;NA;NA;NA;NA;NA;NA;NA;NA;NA;NA;NA;NA;NA;NA;NA;NA;NA;NA;NA;NA;NA;NA;NA;NA;NA;NA;NA;NA;NA;NA;NA;NA;NA;NA;NA;NA;NA;NA;NA;NA;NA;NA;NA;NA
"38";1997;1;NA;NA;NA;NA;NA;NA;NA;NA;NA;NA;NA;NA;NA;NA;NA;NA;NA;NA;NA;NA;NA;NA;NA;NA;NA;NA;NA;NA;NA;NA;NA;NA;NA;NA;NA;NA;NA;NA;NA;NA;NA;NA;NA;NA;NA;NA;NA;NA;NA;NA;NA;NA;NA;NA;NA;NA;NA;NA;NA;NA;NA;NA;NA;NA;NA;NA;NA;NA;NA;NA;NA;NA;NA;NA;NA;NA;NA;NA;NA;NA;NA;NA;NA;NA;NA;NA;NA;NA;NA;NA;NA
"39";1997;1;NA;NA;NA;NA;NA;NA;NA;NA;NA;NA;NA;NA;NA;NA;NA;NA;NA;NA;NA;NA;NA;NA;NA;NA;NA;NA;NA;NA;NA;NA;NA;NA;NA;NA;NA;NA;NA;NA;NA;NA;NA;NA;NA;NA;NA;NA;NA;NA;NA;NA;NA;NA;NA;NA;NA;NA;NA;NA;NA;NA;NA;NA;NA;NA;NA;NA;NA;NA;NA;NA;NA;NA;NA;NA;NA;NA;NA;NA;NA;NA;NA;NA;NA;NA;NA;NA;NA;NA;NA;NA;NA
"40";1997;1;NA;NA;NA;NA;NA;NA;NA;NA;NA;NA;NA;NA;NA;NA;NA;NA;NA;NA;NA;NA;NA;NA;NA;NA;NA;NA;NA;NA;NA;NA;NA;NA;NA;NA;NA;NA;NA;NA;NA;NA;NA;NA;NA;NA;NA;NA;NA;NA;NA;NA;NA;NA;NA;NA;NA;NA;NA;NA;NA;NA;NA;NA;NA;NA;NA;NA;NA;NA;NA;NA;NA;NA;NA;NA;NA;NA;NA;NA;NA;NA;NA;NA;NA;NA;NA;NA;NA;NA;NA;NA;NA
"10";1997;2;2706;NA;19001;726;70287;NA;940;NA;NA;NA;NA;2;22238;NA;11566;322;NA;264;NA;NA;1051;NA;44;NA;NA;NA;NA;NA;NA;NA;NA;NA;NA;NA;10396;NA;NA;NA;NA;NA;NA;NA;NA;NA;NA;NA;NA;NA;NA;NA;NA;NA;NA;8400;1;NA;25;NA;NA;NA;0;NA;15;NA;NA;NA;3;NA;0;NA;40;NA;1;5332;18965;NA;NA;NA;7640;NA;513;NA;NA;NA;17269;126909;NA;99354;NA;497;NA
"20";1997;2;1249;NA;15386;560;28440;NA;263;NA;NA;NA;NA;0;8002;NA;3969;287;NA;203;NA;NA;739;NA;28;NA;NA;NA;NA;NA;NA;NA;NA;NA;NA;NA;9000;NA;NA;NA;NA;NA;NA;NA;NA;NA;NA;NA;NA;NA;NA;NA;NA;NA;NA;7787;1;NA;16;NA;NA;NA;1;NA;7;NA;NA;NA;2;NA;0;NA;29;NA;1;2500;7700;NA;NA;NA;3716;NA;542;NA;NA;NA;9820;67654;NA;52436;NA;194;NA
"30";1997;2;3252;NA;68877;2256;86255;NA;3400;NA;NA;NA;NA;0;46946;NA;5696;939;NA;489;NA;NA;732;NA;41;NA;NA;NA;NA;NA;NA;NA;NA;NA;NA;NA;43286;NA;NA;NA;NA;NA;NA;NA;NA;NA;NA;NA;NA;NA;NA;NA;NA;NA;NA;31875;9;NA;26;NA;NA;NA;6;NA;14;NA;NA;NA;11;NA;1;NA;137;NA;1;11871;12014;NA;NA;NA;2233;NA;1087;NA;NA;NA;36091;256418;NA;192663;NA;1217;NA
"99";1997;2;7207;NA;103264;3542;184982;NA;4603;NA;NA;NA;NA;2;77186;NA;21231;1548;NA;956;NA;NA;2522;NA;113;NA;NA;NA;NA;NA;NA;NA;NA;NA;NA;NA;62682;NA;NA;NA;NA;NA;NA;NA;NA;NA;NA;NA;NA;NA;NA;NA;NA;NA;NA;48062;11;NA;67;NA;NA;NA;7;NA;36;NA;NA;NA;16;NA;1;NA;206;NA;3;19703;38679;NA;NA;NA;13589;NA;2142;NA;NA;NA;63180;450981;NA;344453;NA;1908;NA
"31";1997;2;NA;NA;NA;NA;NA;NA;NA;NA;NA;NA;NA;NA;NA;NA;NA;NA;NA;NA;NA;NA;NA;NA;NA;NA;NA;NA;NA;NA;NA;NA;NA;NA;NA;NA;NA;NA;NA;NA;NA;NA;NA;NA;NA;NA;NA;NA;NA;NA;NA;NA;NA;NA;NA;NA;NA;NA;NA;NA;NA;NA;NA;NA;NA;NA;NA;NA;NA;NA;NA;NA;NA;NA;NA;NA;NA;NA;NA;NA;NA;NA;NA;NA;NA;NA;NA;NA;NA;NA;NA;NA;NA
"32";1997;2;NA;NA;NA;NA;NA;NA;NA;NA;NA;NA;NA;NA;NA;NA;NA;NA;NA;NA;NA;NA;NA;NA;NA;NA;NA;NA;NA;NA;NA;NA;NA;NA;NA;NA;NA;NA;NA;NA;NA;NA;NA;NA;NA;NA;NA;NA;NA;NA;NA;NA;NA;NA;NA;NA;NA;NA;NA;NA;NA;NA;NA;NA;NA;NA;NA;NA;NA;NA;NA;NA;NA;NA;NA;NA;NA;NA;NA;NA;NA;NA;NA;NA;NA;NA;NA;NA;NA;NA;NA;NA;NA
"33";1997;2;NA;NA;NA;NA;NA;NA;NA;NA;NA;NA;NA;NA;NA;NA;NA;NA;NA;NA;NA;NA;NA;NA;NA;NA;NA;NA;NA;NA;NA;NA;NA;NA;NA;NA;NA;NA;NA;NA;NA;NA;NA;NA;NA;NA;NA;NA;NA;NA;NA;NA;NA;NA;NA;NA;NA;NA;NA;NA;NA;NA;NA;NA;NA;NA;NA;NA;NA;NA;NA;NA;NA;NA;NA;NA;NA;NA;NA;NA;NA;NA;NA;NA;NA;NA;NA;NA;NA;NA;NA;NA;NA
"34";1997;2;NA;NA;NA;NA;NA;NA;NA;NA;NA;NA;NA;NA;NA;NA;NA;NA;NA;NA;NA;NA;NA;NA;NA;NA;NA;NA;NA;NA;NA;NA;NA;NA;NA;NA;NA;NA;NA;NA;NA;NA;NA;NA;NA;NA;NA;NA;NA;NA;NA;NA;NA;NA;NA;NA;NA;NA;NA;NA;NA;NA;NA;NA;NA;NA;NA;NA;NA;NA;NA;NA;NA;NA;NA;NA;NA;NA;NA;NA;NA;NA;NA;NA;NA;NA;NA;NA;NA;NA;NA;NA;NA
"35";1997;2;NA;NA;NA;NA;NA;NA;NA;NA;NA;NA;NA;NA;NA;NA;NA;NA;NA;NA;NA;NA;NA;NA;NA;NA;NA;NA;NA;NA;NA;NA;NA;NA;NA;NA;NA;NA;NA;NA;NA;NA;NA;NA;NA;NA;NA;NA;NA;NA;NA;NA;NA;NA;NA;NA;NA;NA;NA;NA;NA;NA;NA;NA;NA;NA;NA;NA;NA;NA;NA;NA;NA;NA;NA;NA;NA;NA;NA;NA;NA;NA;NA;NA;NA;NA;NA;NA;NA;NA;NA;NA;NA
"36";1997;2;NA;NA;NA;NA;NA;NA;NA;NA;NA;NA;NA;NA;NA;NA;NA;NA;NA;NA;NA;NA;NA;NA;NA;NA;NA;NA;NA;NA;NA;NA;NA;NA;NA;NA;NA;NA;NA;NA;NA;NA;NA;NA;NA;NA;NA;NA;NA;NA;NA;NA;NA;NA;NA;NA;NA;NA;NA;NA;NA;NA;NA;NA;NA;NA;NA;NA;NA;NA;NA;NA;NA;NA;NA;NA;NA;NA;NA;NA;NA;NA;NA;NA;NA;NA;NA;NA;NA;NA;NA;NA;NA
"37";1997;2;NA;NA;NA;NA;NA;NA;NA;NA;NA;NA;NA;NA;NA;NA;NA;NA;NA;NA;NA;NA;NA;NA;NA;NA;NA;NA;NA;NA;NA;NA;NA;NA;NA;NA;NA;NA;NA;NA;NA;NA;NA;NA;NA;NA;NA;NA;NA;NA;NA;NA;NA;NA;NA;NA;NA;NA;NA;NA;NA;NA;NA;NA;NA;NA;NA;NA;NA;NA;NA;NA;NA;NA;NA;NA;NA;NA;NA;NA;NA;NA;NA;NA;NA;NA;NA;NA;NA;NA;NA;NA;NA
"38";1997;2;NA;NA;NA;NA;NA;NA;NA;NA;NA;NA;NA;NA;NA;NA;NA;NA;NA;NA;NA;NA;NA;NA;NA;NA;NA;NA;NA;NA;NA;NA;NA;NA;NA;NA;NA;NA;NA;NA;NA;NA;NA;NA;NA;NA;NA;NA;NA;NA;NA;NA;NA;NA;NA;NA;NA;NA;NA;NA;NA;NA;NA;NA;NA;NA;NA;NA;NA;NA;NA;NA;NA;NA;NA;NA;NA;NA;NA;NA;NA;NA;NA;NA;NA;NA;NA;NA;NA;NA;NA;NA;NA
"39";1997;2;NA;NA;NA;NA;NA;NA;NA;NA;NA;NA;NA;NA;NA;NA;NA;NA;NA;NA;NA;NA;NA;NA;NA;NA;NA;NA;NA;NA;NA;NA;NA;NA;NA;NA;NA;NA;NA;NA;NA;NA;NA;NA;NA;NA;NA;NA;NA;NA;NA;NA;NA;NA;NA;NA;NA;NA;NA;NA;NA;NA;NA;NA;NA;NA;NA;NA;NA;NA;NA;NA;NA;NA;NA;NA;NA;NA;NA;NA;NA;NA;NA;NA;NA;NA;NA;NA;NA;NA;NA;NA;NA
"40";1997;2;NA;NA;NA;NA;NA;NA;NA;NA;NA;NA;NA;NA;NA;NA;NA;NA;NA;NA;NA;NA;NA;NA;NA;NA;NA;NA;NA;NA;NA;NA;NA;NA;NA;NA;NA;NA;NA;NA;NA;NA;NA;NA;NA;NA;NA;NA;NA;NA;NA;NA;NA;NA;NA;NA;NA;NA;NA;NA;NA;NA;NA;NA;NA;NA;NA;NA;NA;NA;NA;NA;NA;NA;NA;NA;NA;NA;NA;NA;NA;NA;NA;NA;NA;NA;NA;NA;NA;NA;NA;NA;NA
"10";1997;3;2818;NA;19078;701;75004;NA;1163;NA;NA;NA;NA;6;23723;NA;11596;376;NA;237;NA;NA;1145;NA;57;NA;NA;NA;NA;NA;NA;NA;NA;NA;NA;NA;10698;NA;NA;NA;NA;NA;NA;NA;NA;NA;NA;NA;NA;NA;NA;NA;NA;NA;NA;8408;3;NA;17;NA;NA;NA;1;NA;31;NA;NA;NA;10;NA;5;NA;42;NA;2;6614;20825;NA;NA;NA;8304;NA;548;NA;NA;NA;19230;134663;NA;104354;NA;625;NA
"20";1997;3;1545;NA;15583;622;29614;NA;374;NA;NA;NA;NA;0;8311;NA;4436;286;NA;237;NA;NA;759;NA;17;NA;NA;NA;NA;NA;NA;NA;NA;NA;NA;NA;9189;NA;NA;NA;NA;NA;NA;NA;NA;NA;NA;NA;NA;NA;NA;NA;NA;NA;NA;7829;0;NA;20;NA;NA;NA;0;NA;13;NA;NA;NA;3;NA;1;NA;27;NA;3;3146;7664;NA;NA;NA;4230;NA;469;NA;NA;NA;10016;70634;NA;54022;NA;260;NA
"30";1997;3;3385;NA;73539;2444;88255;NA;3803;NA;NA;NA;NA;0;47837;NA;6197;980;NA;513;NA;NA;772;NA;35;NA;NA;NA;NA;NA;NA;NA;NA;NA;NA;NA;43809;NA;NA;NA;NA;NA;NA;NA;NA;NA;NA;NA;NA;NA;NA;NA;NA;NA;NA;37515;4;NA;26;NA;NA;NA;2;NA;16;NA;NA;NA;14;NA;0;NA;85;NA;1;12814;12146;NA;NA;NA;2387;NA;1153;NA;NA;NA;37558;277806;NA;205556;NA;1336;NA
"99";1997;3;7748;NA;108200;3767;192873;NA;5340;NA;NA;NA;NA;6;79871;NA;22229;1642;NA;987;NA;NA;2676;NA;109;NA;NA;NA;NA;NA;NA;NA;NA;NA;NA;NA;63696;NA;NA;NA;NA;NA;NA;NA;NA;NA;NA;NA;NA;NA;NA;NA;NA;NA;NA;53752;7;NA;63;NA;NA;NA;3;NA;60;NA;NA;NA;27;NA;6;NA;154;NA;6;22574;40635;NA;NA;NA;14921;NA;2170;NA;NA;NA;66804;483103;NA;363932;NA;2221;NA
"31";1997;3;NA;NA;NA;NA;NA;NA;NA;NA;NA;NA;NA;NA;NA;NA;NA;NA;NA;NA;NA;NA;NA;NA;NA;NA;NA;NA;NA;NA;NA;NA;NA;NA;NA;NA;NA;NA;NA;NA;NA;NA;NA;NA;NA;NA;NA;NA;NA;NA;NA;NA;NA;NA;NA;NA;NA;NA;NA;NA;NA;NA;NA;NA;NA;NA;NA;NA;NA;NA;NA;NA;NA;NA;NA;NA;NA;NA;NA;NA;NA;NA;NA;NA;NA;NA;NA;NA;NA;NA;NA;NA;NA
"32";1997;3;NA;NA;NA;NA;NA;NA;NA;NA;NA;NA;NA;NA;NA;NA;NA;NA;NA;NA;NA;NA;NA;NA;NA;NA;NA;NA;NA;NA;NA;NA;NA;NA;NA;NA;NA;NA;NA;NA;NA;NA;NA;NA;NA;NA;NA;NA;NA;NA;NA;NA;NA;NA;NA;NA;NA;NA;NA;NA;NA;NA;NA;NA;NA;NA;NA;NA;NA;NA;NA;NA;NA;NA;NA;NA;NA;NA;NA;NA;NA;NA;NA;NA;NA;NA;NA;NA;NA;NA;NA;NA;NA
"33";1997;3;NA;NA;NA;NA;NA;NA;NA;NA;NA;NA;NA;NA;NA;NA;NA;NA;NA;NA;NA;NA;NA;NA;NA;NA;NA;NA;NA;NA;NA;NA;NA;NA;NA;NA;NA;NA;NA;NA;NA;NA;NA;NA;NA;NA;NA;NA;NA;NA;NA;NA;NA;NA;NA;NA;NA;NA;NA;NA;NA;NA;NA;NA;NA;NA;NA;NA;NA;NA;NA;NA;NA;NA;NA;NA;NA;NA;NA;NA;NA;NA;NA;NA;NA;NA;NA;NA;NA;NA;NA;NA;NA
"34";1997;3;NA;NA;NA;NA;NA;NA;NA;NA;NA;NA;NA;NA;NA;NA;NA;NA;NA;NA;NA;NA;NA;NA;NA;NA;NA;NA;NA;NA;NA;NA;NA;NA;NA;NA;NA;NA;NA;NA;NA;NA;NA;NA;NA;NA;NA;NA;NA;NA;NA;NA;NA;NA;NA;NA;NA;NA;NA;NA;NA;NA;NA;NA;NA;NA;NA;NA;NA;NA;NA;NA;NA;NA;NA;NA;NA;NA;NA;NA;NA;NA;NA;NA;NA;NA;NA;NA;NA;NA;NA;NA;NA
"35";1997;3;NA;NA;NA;NA;NA;NA;NA;NA;NA;NA;NA;NA;NA;NA;NA;NA;NA;NA;NA;NA;NA;NA;NA;NA;NA;NA;NA;NA;NA;NA;NA;NA;NA;NA;NA;NA;NA;NA;NA;NA;NA;NA;NA;NA;NA;NA;NA;NA;NA;NA;NA;NA;NA;NA;NA;NA;NA;NA;NA;NA;NA;NA;NA;NA;NA;NA;NA;NA;NA;NA;NA;NA;NA;NA;NA;NA;NA;NA;NA;NA;NA;NA;NA;NA;NA;NA;NA;NA;NA;NA;NA
"36";1997;3;NA;NA;NA;NA;NA;NA;NA;NA;NA;NA;NA;NA;NA;NA;NA;NA;NA;NA;NA;NA;NA;NA;NA;NA;NA;NA;NA;NA;NA;NA;NA;NA;NA;NA;NA;NA;NA;NA;NA;NA;NA;NA;NA;NA;NA;NA;NA;NA;NA;NA;NA;NA;NA;NA;NA;NA;NA;NA;NA;NA;NA;NA;NA;NA;NA;NA;NA;NA;NA;NA;NA;NA;NA;NA;NA;NA;NA;NA;NA;NA;NA;NA;NA;NA;NA;NA;NA;NA;NA;NA;NA
"37";1997;3;NA;NA;NA;NA;NA;NA;NA;NA;NA;NA;NA;NA;NA;NA;NA;NA;NA;NA;NA;NA;NA;NA;NA;NA;NA;NA;NA;NA;NA;NA;NA;NA;NA;NA;NA;NA;NA;NA;NA;NA;NA;NA;NA;NA;NA;NA;NA;NA;NA;NA;NA;NA;NA;NA;NA;NA;NA;NA;NA;NA;NA;NA;NA;NA;NA;NA;NA;NA;NA;NA;NA;NA;NA;NA;NA;NA;NA;NA;NA;NA;NA;NA;NA;NA;NA;NA;NA;NA;NA;NA;NA
"38";1997;3;NA;NA;NA;NA;NA;NA;NA;NA;NA;NA;NA;NA;NA;NA;NA;NA;NA;NA;NA;NA;NA;NA;NA;NA;NA;NA;NA;NA;NA;NA;NA;NA;NA;NA;NA;NA;NA;NA;NA;NA;NA;NA;NA;NA;NA;NA;NA;NA;NA;NA;NA;NA;NA;NA;NA;NA;NA;NA;NA;NA;NA;NA;NA;NA;NA;NA;NA;NA;NA;NA;NA;NA;NA;NA;NA;NA;NA;NA;NA;NA;NA;NA;NA;NA;NA;NA;NA;NA;NA;NA;NA
"39";1997;3;NA;NA;NA;NA;NA;NA;NA;NA;NA;NA;NA;NA;NA;NA;NA;NA;NA;NA;NA;NA;NA;NA;NA;NA;NA;NA;NA;NA;NA;NA;NA;NA;NA;NA;NA;NA;NA;NA;NA;NA;NA;NA;NA;NA;NA;NA;NA;NA;NA;NA;NA;NA;NA;NA;NA;NA;NA;NA;NA;NA;NA;NA;NA;NA;NA;NA;NA;NA;NA;NA;NA;NA;NA;NA;NA;NA;NA;NA;NA;NA;NA;NA;NA;NA;NA;NA;NA;NA;NA;NA;NA
"40";1997;3;NA;NA;NA;NA;NA;NA;NA;NA;NA;NA;NA;NA;NA;NA;NA;NA;NA;NA;NA;NA;NA;NA;NA;NA;NA;NA;NA;NA;NA;NA;NA;NA;NA;NA;NA;NA;NA;NA;NA;NA;NA;NA;NA;NA;NA;NA;NA;NA;NA;NA;NA;NA;NA;NA;NA;NA;NA;NA;NA;NA;NA;NA;NA;NA;NA;NA;NA;NA;NA;NA;NA;NA;NA;NA;NA;NA;NA;NA;NA;NA;NA;NA;NA;NA;NA;NA;NA;NA;NA;NA;NA
"10";1997;4;3244;NA;21861;689;76810;NA;1081;NA;NA;NA;NA;1;25809;NA;11538;286;NA;229;NA;NA;1217;NA;69;NA;NA;NA;NA;NA;NA;NA;NA;NA;NA;NA;12610;NA;NA;NA;NA;NA;NA;NA;NA;NA;NA;NA;NA;NA;NA;NA;NA;NA;NA;8495;1;NA;25;NA;NA;NA;0;NA;28;NA;NA;NA;5;NA;0;NA;39;NA;4;7329;20864;NA;NA;NA;7678;NA;612;NA;NA;NA;20430;140345;NA;108936;NA;610;NA
"20";1997;4;1749;NA;17842;552;30275;NA;326;NA;NA;NA;NA;0;8790;NA;4258;257;NA;222;NA;NA;767;NA;24;NA;NA;NA;NA;NA;NA;NA;NA;NA;NA;NA;10671;NA;NA;NA;NA;NA;NA;NA;NA;NA;NA;NA;NA;NA;NA;NA;NA;NA;NA;8413;3;NA;15;NA;NA;NA;1;NA;22;NA;NA;NA;0;NA;0;NA;18;NA;2;3476;8183;NA;NA;NA;3796;NA;544;NA;NA;NA;10426;74517;NA;57408;NA;229;NA
"30";1997;4;3827;NA;78604;2636;91711;NA;4179;NA;NA;NA;NA;0;50602;NA;6216;1070;NA;559;NA;NA;821;NA;33;NA;NA;NA;NA;NA;NA;NA;NA;NA;NA;NA;48364;NA;NA;NA;NA;NA;NA;NA;NA;NA;NA;NA;NA;NA;NA;NA;NA;NA;NA;35953;1;NA;31;NA;NA;NA;0;NA;24;NA;NA;NA;9;NA;1;NA;106;NA;5;13126;11705;NA;NA;NA;2825;NA;1315;NA;NA;NA;36655;286754;NA;213083;NA;1273;NA
"99";1997;4;8820;NA;118307;3877;198796;NA;5586;NA;NA;NA;NA;1;85201;NA;22012;1613;NA;1010;NA;NA;2805;NA;126;NA;NA;NA;NA;NA;NA;NA;NA;NA;NA;NA;71645;NA;NA;NA;NA;NA;NA;NA;NA;NA;NA;NA;NA;NA;NA;NA;NA;NA;NA;52861;5;NA;71;NA;NA;NA;1;NA;74;NA;NA;NA;14;NA;1;NA;163;NA;11;23931;40752;NA;NA;NA;14299;NA;2471;NA;NA;NA;67511;501616;NA;379427;NA;2112;NA
"31";1997;4;NA;NA;NA;NA;NA;NA;NA;NA;NA;NA;NA;NA;NA;NA;NA;NA;NA;NA;NA;NA;NA;NA;NA;NA;NA;NA;NA;NA;NA;NA;NA;NA;NA;NA;NA;NA;NA;NA;NA;NA;NA;NA;NA;NA;NA;NA;NA;NA;NA;NA;NA;NA;NA;NA;NA;NA;NA;NA;NA;NA;NA;NA;NA;NA;NA;NA;NA;NA;NA;NA;NA;NA;NA;NA;NA;NA;NA;NA;NA;NA;NA;NA;NA;NA;NA;NA;NA;NA;NA;NA;NA
"32";1997;4;NA;NA;NA;NA;NA;NA;NA;NA;NA;NA;NA;NA;NA;NA;NA;NA;NA;NA;NA;NA;NA;NA;NA;NA;NA;NA;NA;NA;NA;NA;NA;NA;NA;NA;NA;NA;NA;NA;NA;NA;NA;NA;NA;NA;NA;NA;NA;NA;NA;NA;NA;NA;NA;NA;NA;NA;NA;NA;NA;NA;NA;NA;NA;NA;NA;NA;NA;NA;NA;NA;NA;NA;NA;NA;NA;NA;NA;NA;NA;NA;NA;NA;NA;NA;NA;NA;NA;NA;NA;NA;NA
"33";1997;4;NA;NA;NA;NA;NA;NA;NA;NA;NA;NA;NA;NA;NA;NA;NA;NA;NA;NA;NA;NA;NA;NA;NA;NA;NA;NA;NA;NA;NA;NA;NA;NA;NA;NA;NA;NA;NA;NA;NA;NA;NA;NA;NA;NA;NA;NA;NA;NA;NA;NA;NA;NA;NA;NA;NA;NA;NA;NA;NA;NA;NA;NA;NA;NA;NA;NA;NA;NA;NA;NA;NA;NA;NA;NA;NA;NA;NA;NA;NA;NA;NA;NA;NA;NA;NA;NA;NA;NA;NA;NA;NA
"34";1997;4;NA;NA;NA;NA;NA;NA;NA;NA;NA;NA;NA;NA;NA;NA;NA;NA;NA;NA;NA;NA;NA;NA;NA;NA;NA;NA;NA;NA;NA;NA;NA;NA;NA;NA;NA;NA;NA;NA;NA;NA;NA;NA;NA;NA;NA;NA;NA;NA;NA;NA;NA;NA;NA;NA;NA;NA;NA;NA;NA;NA;NA;NA;NA;NA;NA;NA;NA;NA;NA;NA;NA;NA;NA;NA;NA;NA;NA;NA;NA;NA;NA;NA;NA;NA;NA;NA;NA;NA;NA;NA;NA
"35";1997;4;NA;NA;NA;NA;NA;NA;NA;NA;NA;NA;NA;NA;NA;NA;NA;NA;NA;NA;NA;NA;NA;NA;NA;NA;NA;NA;NA;NA;NA;NA;NA;NA;NA;NA;NA;NA;NA;NA;NA;NA;NA;NA;NA;NA;NA;NA;NA;NA;NA;NA;NA;NA;NA;NA;NA;NA;NA;NA;NA;NA;NA;NA;NA;NA;NA;NA;NA;NA;NA;NA;NA;NA;NA;NA;NA;NA;NA;NA;NA;NA;NA;NA;NA;NA;NA;NA;NA;NA;NA;NA;NA
"36";1997;4;NA;NA;NA;NA;NA;NA;NA;NA;NA;NA;NA;NA;NA;NA;NA;NA;NA;NA;NA;NA;NA;NA;NA;NA;NA;NA;NA;NA;NA;NA;NA;NA;NA;NA;NA;NA;NA;NA;NA;NA;NA;NA;NA;NA;NA;NA;NA;NA;NA;NA;NA;NA;NA;NA;NA;NA;NA;NA;NA;NA;NA;NA;NA;NA;NA;NA;NA;NA;NA;NA;NA;NA;NA;NA;NA;NA;NA;NA;NA;NA;NA;NA;NA;NA;NA;NA;NA;NA;NA;NA;NA
"37";1997;4;NA;NA;NA;NA;NA;NA;NA;NA;NA;NA;NA;NA;NA;NA;NA;NA;NA;NA;NA;NA;NA;NA;NA;NA;NA;NA;NA;NA;NA;NA;NA;NA;NA;NA;NA;NA;NA;NA;NA;NA;NA;NA;NA;NA;NA;NA;NA;NA;NA;NA;NA;NA;NA;NA;NA;NA;NA;NA;NA;NA;NA;NA;NA;NA;NA;NA;NA;NA;NA;NA;NA;NA;NA;NA;NA;NA;NA;NA;NA;NA;NA;NA;NA;NA;NA;NA;NA;NA;NA;NA;NA
"38";1997;4;NA;NA;NA;NA;NA;NA;NA;NA;NA;NA;NA;NA;NA;NA;NA;NA;NA;NA;NA;NA;NA;NA;NA;NA;NA;NA;NA;NA;NA;NA;NA;NA;NA;NA;NA;NA;NA;NA;NA;NA;NA;NA;NA;NA;NA;NA;NA;NA;NA;NA;NA;NA;NA;NA;NA;NA;NA;NA;NA;NA;NA;NA;NA;NA;NA;NA;NA;NA;NA;NA;NA;NA;NA;NA;NA;NA;NA;NA;NA;NA;NA;NA;NA;NA;NA;NA;NA;NA;NA;NA;NA
"39";1997;4;NA;NA;NA;NA;NA;NA;NA;NA;NA;NA;NA;NA;NA;NA;NA;NA;NA;NA;NA;NA;NA;NA;NA;NA;NA;NA;NA;NA;NA;NA;NA;NA;NA;NA;NA;NA;NA;NA;NA;NA;NA;NA;NA;NA;NA;NA;NA;NA;NA;NA;NA;NA;NA;NA;NA;NA;NA;NA;NA;NA;NA;NA;NA;NA;NA;NA;NA;NA;NA;NA;NA;NA;NA;NA;NA;NA;NA;NA;NA;NA;NA;NA;NA;NA;NA;NA;NA;NA;NA;NA;NA
"40";1997;4;NA;NA;NA;NA;NA;NA;NA;NA;NA;NA;NA;NA;NA;NA;NA;NA;NA;NA;NA;NA;NA;NA;NA;NA;NA;NA;NA;NA;NA;NA;NA;NA;NA;NA;NA;NA;NA;NA;NA;NA;NA;NA;NA;NA;NA;NA;NA;NA;NA;NA;NA;NA;NA;NA;NA;NA;NA;NA;NA;NA;NA;NA;NA;NA;NA;NA;NA;NA;NA;NA;NA;NA;NA;NA;NA;NA;NA;NA;NA;NA;NA;NA;NA;NA;NA;NA;NA;NA;NA;NA;NA
"10";1998;1;3026;NA;21965;828;78801;NA;1279;NA;NA;NA;NA;1;25532;NA;12215;240;NA;265;NA;NA;1233;NA;51;NA;NA;NA;NA;NA;NA;NA;NA;NA;NA;NA;12266;NA;NA;NA;NA;NA;NA;NA;NA;NA;NA;NA;NA;NA;NA;NA;NA;NA;NA;8984;3;NA;24;NA;NA;NA;2;NA;53;NA;NA;NA;6;NA;1;NA;57;NA;7;7412;22639;NA;NA;NA;7902;NA;626;NA;NA;NA;21251;144272;NA;111857;NA;656;NA
"20";1998;1;1707;NA;18774;686;31688;NA;390;NA;NA;NA;NA;2;8388;NA;4418;195;NA;250;NA;NA;887;NA;24;NA;NA;NA;NA;NA;NA;NA;NA;NA;NA;NA;10136;NA;NA;NA;NA;NA;NA;NA;NA;NA;NA;NA;NA;NA;NA;NA;NA;NA;NA;6122;0;NA;4;NA;NA;NA;4;NA;24;NA;NA;NA;3;NA;1;NA;33;NA;2;3902;8124;NA;NA;NA;4321;NA;561;NA;NA;NA;10899;74015;NA;57660;NA;236;NA
"30";1998;1;3942;NA;77457;2681;100522;NA;4379;NA;NA;NA;NA;0;55744;NA;6763;747;NA;576;NA;NA;942;NA;42;NA;NA;NA;NA;NA;NA;NA;NA;NA;NA;NA;45302;NA;NA;NA;NA;NA;NA;NA;NA;NA;NA;NA;NA;NA;NA;NA;NA;NA;NA;33492;1;NA;21;NA;NA;NA;7;NA;20;NA;NA;NA;3;NA;2;NA;123;NA;3;14213;12727;NA;NA;NA;3061;NA;1401;NA;NA;NA;38648;294570;NA;218531;NA;1561;NA
"99";1998;1;8675;NA;118196;4195;211011;NA;6048;NA;NA;NA;NA;3;89664;NA;23396;1182;NA;1091;NA;NA;3062;NA;117;NA;NA;NA;NA;NA;NA;NA;NA;NA;NA;NA;67704;NA;NA;NA;NA;NA;NA;NA;NA;NA;NA;NA;NA;NA;NA;NA;NA;NA;NA;48598;4;NA;49;NA;NA;NA;13;NA;97;NA;NA;NA;12;NA;4;NA;213;NA;12;25527;43490;NA;NA;NA;15284;NA;2588;NA;NA;NA;70798;512857;NA;388048;NA;2453;NA
"31";1998;1;NA;NA;NA;NA;NA;NA;NA;NA;NA;NA;NA;NA;NA;NA;NA;NA;NA;NA;NA;NA;NA;NA;NA;NA;NA;NA;NA;NA;NA;NA;NA;NA;NA;NA;NA;NA;NA;NA;NA;NA;NA;NA;NA;NA;NA;NA;NA;NA;NA;NA;NA;NA;NA;NA;NA;NA;NA;NA;NA;NA;NA;NA;NA;NA;NA;NA;NA;NA;NA;NA;NA;NA;NA;NA;NA;NA;NA;NA;NA;NA;NA;NA;NA;NA;NA;NA;NA;NA;NA;NA;NA
"32";1998;1;NA;NA;NA;NA;NA;NA;NA;NA;NA;NA;NA;NA;NA;NA;NA;NA;NA;NA;NA;NA;NA;NA;NA;NA;NA;NA;NA;NA;NA;NA;NA;NA;NA;NA;NA;NA;NA;NA;NA;NA;NA;NA;NA;NA;NA;NA;NA;NA;NA;NA;NA;NA;NA;NA;NA;NA;NA;NA;NA;NA;NA;NA;NA;NA;NA;NA;NA;NA;NA;NA;NA;NA;NA;NA;NA;NA;NA;NA;NA;NA;NA;NA;NA;NA;NA;NA;NA;NA;NA;NA;NA
"33";1998;1;NA;NA;NA;NA;NA;NA;NA;NA;NA;NA;NA;NA;NA;NA;NA;NA;NA;NA;NA;NA;NA;NA;NA;NA;NA;NA;NA;NA;NA;NA;NA;NA;NA;NA;NA;NA;NA;NA;NA;NA;NA;NA;NA;NA;NA;NA;NA;NA;NA;NA;NA;NA;NA;NA;NA;NA;NA;NA;NA;NA;NA;NA;NA;NA;NA;NA;NA;NA;NA;NA;NA;NA;NA;NA;NA;NA;NA;NA;NA;NA;NA;NA;NA;NA;NA;NA;NA;NA;NA;NA;NA
"34";1998;1;NA;NA;NA;NA;NA;NA;NA;NA;NA;NA;NA;NA;NA;NA;NA;NA;NA;NA;NA;NA;NA;NA;NA;NA;NA;NA;NA;NA;NA;NA;NA;NA;NA;NA;NA;NA;NA;NA;NA;NA;NA;NA;NA;NA;NA;NA;NA;NA;NA;NA;NA;NA;NA;NA;NA;NA;NA;NA;NA;NA;NA;NA;NA;NA;NA;NA;NA;NA;NA;NA;NA;NA;NA;NA;NA;NA;NA;NA;NA;NA;NA;NA;NA;NA;NA;NA;NA;NA;NA;NA;NA
"35";1998;1;NA;NA;NA;NA;NA;NA;NA;NA;NA;NA;NA;NA;NA;NA;NA;NA;NA;NA;NA;NA;NA;NA;NA;NA;NA;NA;NA;NA;NA;NA;NA;NA;NA;NA;NA;NA;NA;NA;NA;NA;NA;NA;NA;NA;NA;NA;NA;NA;NA;NA;NA;NA;NA;NA;NA;NA;NA;NA;NA;NA;NA;NA;NA;NA;NA;NA;NA;NA;NA;NA;NA;NA;NA;NA;NA;NA;NA;NA;NA;NA;NA;NA;NA;NA;NA;NA;NA;NA;NA;NA;NA
"36";1998;1;NA;NA;NA;NA;NA;NA;NA;NA;NA;NA;NA;NA;NA;NA;NA;NA;NA;NA;NA;NA;NA;NA;NA;NA;NA;NA;NA;NA;NA;NA;NA;NA;NA;NA;NA;NA;NA;NA;NA;NA;NA;NA;NA;NA;NA;NA;NA;NA;NA;NA;NA;NA;NA;NA;NA;NA;NA;NA;NA;NA;NA;NA;NA;NA;NA;NA;NA;NA;NA;NA;NA;NA;NA;NA;NA;NA;NA;NA;NA;NA;NA;NA;NA;NA;NA;NA;NA;NA;NA;NA;NA
"37";1998;1;NA;NA;NA;NA;NA;NA;NA;NA;NA;NA;NA;NA;NA;NA;NA;NA;NA;NA;NA;NA;NA;NA;NA;NA;NA;NA;NA;NA;NA;NA;NA;NA;NA;NA;NA;NA;NA;NA;NA;NA;NA;NA;NA;NA;NA;NA;NA;NA;NA;NA;NA;NA;NA;NA;NA;NA;NA;NA;NA;NA;NA;NA;NA;NA;NA;NA;NA;NA;NA;NA;NA;NA;NA;NA;NA;NA;NA;NA;NA;NA;NA;NA;NA;NA;NA;NA;NA;NA;NA;NA;NA
"38";1998;1;NA;NA;NA;NA;NA;NA;NA;NA;NA;NA;NA;NA;NA;NA;NA;NA;NA;NA;NA;NA;NA;NA;NA;NA;NA;NA;NA;NA;NA;NA;NA;NA;NA;NA;NA;NA;NA;NA;NA;NA;NA;NA;NA;NA;NA;NA;NA;NA;NA;NA;NA;NA;NA;NA;NA;NA;NA;NA;NA;NA;NA;NA;NA;NA;NA;NA;NA;NA;NA;NA;NA;NA;NA;NA;NA;NA;NA;NA;NA;NA;NA;NA;NA;NA;NA;NA;NA;NA;NA;NA;NA
"39";1998;1;NA;NA;NA;NA;NA;NA;NA;NA;NA;NA;NA;NA;NA;NA;NA;NA;NA;NA;NA;NA;NA;NA;NA;NA;NA;NA;NA;NA;NA;NA;NA;NA;NA;NA;NA;NA;NA;NA;NA;NA;NA;NA;NA;NA;NA;NA;NA;NA;NA;NA;NA;NA;NA;NA;NA;NA;NA;NA;NA;NA;NA;NA;NA;NA;NA;NA;NA;NA;NA;NA;NA;NA;NA;NA;NA;NA;NA;NA;NA;NA;NA;NA;NA;NA;NA;NA;NA;NA;NA;NA;NA
"40";1998;1;NA;NA;NA;NA;NA;NA;NA;NA;NA;NA;NA;NA;NA;NA;NA;NA;NA;NA;NA;NA;NA;NA;NA;NA;NA;NA;NA;NA;NA;NA;NA;NA;NA;NA;NA;NA;NA;NA;NA;NA;NA;NA;NA;NA;NA;NA;NA;NA;NA;NA;NA;NA;NA;NA;NA;NA;NA;NA;NA;NA;NA;NA;NA;NA;NA;NA;NA;NA;NA;NA;NA;NA;NA;NA;NA;NA;NA;NA;NA;NA;NA;NA;NA;NA;NA;NA;NA;NA;NA;NA;NA
"10";1998;2;3484;NA;21788;729;80767;NA;1317;NA;NA;NA;NA;2;26304;NA;12813;274;NA;256;NA;NA;1191;NA;68;NA;NA;NA;NA;NA;NA;NA;NA;NA;NA;NA;12426;NA;NA;NA;NA;NA;NA;NA;NA;NA;NA;NA;NA;NA;NA;NA;NA;NA;NA;8918;0;NA;29;NA;NA;NA;2;NA;25;NA;NA;NA;2;NA;0;NA;59;NA;3;7989;22741;NA;NA;NA;9055;NA;577;NA;NA;NA;22041;146956;NA;113519;NA;715;NA
"20";1998;2;1682;NA;17585;544;33818;NA;399;NA;NA;NA;NA;0;9147;NA;4580;226;NA;230;NA;NA;880;NA;21;NA;NA;NA;NA;NA;NA;NA;NA;NA;NA;NA;9113;NA;NA;NA;NA;NA;NA;NA;NA;NA;NA;NA;NA;NA;NA;NA;NA;NA;NA;5848;2;NA;11;NA;NA;NA;4;NA;13;NA;NA;NA;1;NA;0;NA;62;NA;1;3714;8990;NA;NA;NA;5092;NA;508;NA;NA;NA;11152;75330;NA;58194;NA;248;NA
"30";1998;2;3806;NA;72064;2143;99331;NA;3577;NA;NA;NA;NA;0;52635;NA;7054;812;NA;458;NA;NA;878;NA;36;NA;NA;NA;NA;NA;NA;NA;NA;NA;NA;NA;42491;NA;NA;NA;NA;NA;NA;NA;NA;NA;NA;NA;NA;NA;NA;NA;NA;NA;NA;30170;5;NA;71;NA;NA;NA;5;NA;21;NA;NA;NA;7;NA;4;NA;227;NA;6;14001;13936;NA;NA;NA;3615;NA;1180;NA;NA;NA;41217;275172;NA;207285;NA;1349;NA
"99";1998;2;8972;NA;111437;3416;213916;NA;5293;NA;NA;NA;NA;2;88086;NA;24447;1312;NA;944;NA;NA;2949;NA;125;NA;NA;NA;NA;NA;NA;NA;NA;NA;NA;NA;64030;NA;NA;NA;NA;NA;NA;NA;NA;NA;NA;NA;NA;NA;NA;NA;NA;NA;NA;44936;7;NA;111;NA;NA;NA;11;NA;59;NA;NA;NA;10;NA;4;NA;348;NA;10;25704;45667;NA;NA;NA;17762;NA;2265;NA;NA;NA;74410;497458;NA;378998;NA;2312;NA
"31";1998;2;NA;NA;NA;NA;NA;NA;NA;NA;NA;NA;NA;NA;NA;NA;NA;NA;NA;NA;NA;NA;NA;NA;NA;NA;NA;NA;NA;NA;NA;NA;NA;NA;NA;NA;NA;NA;NA;NA;NA;NA;NA;NA;NA;NA;NA;NA;NA;NA;NA;NA;NA;NA;NA;NA;NA;NA;NA;NA;NA;NA;NA;NA;NA;NA;NA;NA;NA;NA;NA;NA;NA;NA;NA;NA;NA;NA;NA;NA;NA;NA;NA;NA;NA;NA;NA;NA;NA;NA;NA;NA;NA
"32";1998;2;NA;NA;NA;NA;NA;NA;NA;NA;NA;NA;NA;NA;NA;NA;NA;NA;NA;NA;NA;NA;NA;NA;NA;NA;NA;NA;NA;NA;NA;NA;NA;NA;NA;NA;NA;NA;NA;NA;NA;NA;NA;NA;NA;NA;NA;NA;NA;NA;NA;NA;NA;NA;NA;NA;NA;NA;NA;NA;NA;NA;NA;NA;NA;NA;NA;NA;NA;NA;NA;NA;NA;NA;NA;NA;NA;NA;NA;NA;NA;NA;NA;NA;NA;NA;NA;NA;NA;NA;NA;NA;NA
"33";1998;2;NA;NA;NA;NA;NA;NA;NA;NA;NA;NA;NA;NA;NA;NA;NA;NA;NA;NA;NA;NA;NA;NA;NA;NA;NA;NA;NA;NA;NA;NA;NA;NA;NA;NA;NA;NA;NA;NA;NA;NA;NA;NA;NA;NA;NA;NA;NA;NA;NA;NA;NA;NA;NA;NA;NA;NA;NA;NA;NA;NA;NA;NA;NA;NA;NA;NA;NA;NA;NA;NA;NA;NA;NA;NA;NA;NA;NA;NA;NA;NA;NA;NA;NA;NA;NA;NA;NA;NA;NA;NA;NA
"34";1998;2;NA;NA;NA;NA;NA;NA;NA;NA;NA;NA;NA;NA;NA;NA;NA;NA;NA;NA;NA;NA;NA;NA;NA;NA;NA;NA;NA;NA;NA;NA;NA;NA;NA;NA;NA;NA;NA;NA;NA;NA;NA;NA;NA;NA;NA;NA;NA;NA;NA;NA;NA;NA;NA;NA;NA;NA;NA;NA;NA;NA;NA;NA;NA;NA;NA;NA;NA;NA;NA;NA;NA;NA;NA;NA;NA;NA;NA;NA;NA;NA;NA;NA;NA;NA;NA;NA;NA;NA;NA;NA;NA
"35";1998;2;NA;NA;NA;NA;NA;NA;NA;NA;NA;NA;NA;NA;NA;NA;NA;NA;NA;NA;NA;NA;NA;NA;NA;NA;NA;NA;NA;NA;NA;NA;NA;NA;NA;NA;NA;NA;NA;NA;NA;NA;NA;NA;NA;NA;NA;NA;NA;NA;NA;NA;NA;NA;NA;NA;NA;NA;NA;NA;NA;NA;NA;NA;NA;NA;NA;NA;NA;NA;NA;NA;NA;NA;NA;NA;NA;NA;NA;NA;NA;NA;NA;NA;NA;NA;NA;NA;NA;NA;NA;NA;NA
"36";1998;2;NA;NA;NA;NA;NA;NA;NA;NA;NA;NA;NA;NA;NA;NA;NA;NA;NA;NA;NA;NA;NA;NA;NA;NA;NA;NA;NA;NA;NA;NA;NA;NA;NA;NA;NA;NA;NA;NA;NA;NA;NA;NA;NA;NA;NA;NA;NA;NA;NA;NA;NA;NA;NA;NA;NA;NA;NA;NA;NA;NA;NA;NA;NA;NA;NA;NA;NA;NA;NA;NA;NA;NA;NA;NA;NA;NA;NA;NA;NA;NA;NA;NA;NA;NA;NA;NA;NA;NA;NA;NA;NA
"37";1998;2;NA;NA;NA;NA;NA;NA;NA;NA;NA;NA;NA;NA;NA;NA;NA;NA;NA;NA;NA;NA;NA;NA;NA;NA;NA;NA;NA;NA;NA;NA;NA;NA;NA;NA;NA;NA;NA;NA;NA;NA;NA;NA;NA;NA;NA;NA;NA;NA;NA;NA;NA;NA;NA;NA;NA;NA;NA;NA;NA;NA;NA;NA;NA;NA;NA;NA;NA;NA;NA;NA;NA;NA;NA;NA;NA;NA;NA;NA;NA;NA;NA;NA;NA;NA;NA;NA;NA;NA;NA;NA;NA
"38";1998;2;NA;NA;NA;NA;NA;NA;NA;NA;NA;NA;NA;NA;NA;NA;NA;NA;NA;NA;NA;NA;NA;NA;NA;NA;NA;NA;NA;NA;NA;NA;NA;NA;NA;NA;NA;NA;NA;NA;NA;NA;NA;NA;NA;NA;NA;NA;NA;NA;NA;NA;NA;NA;NA;NA;NA;NA;NA;NA;NA;NA;NA;NA;NA;NA;NA;NA;NA;NA;NA;NA;NA;NA;NA;NA;NA;NA;NA;NA;NA;NA;NA;NA;NA;NA;NA;NA;NA;NA;NA;NA;NA
"39";1998;2;NA;NA;NA;NA;NA;NA;NA;NA;NA;NA;NA;NA;NA;NA;NA;NA;NA;NA;NA;NA;NA;NA;NA;NA;NA;NA;NA;NA;NA;NA;NA;NA;NA;NA;NA;NA;NA;NA;NA;NA;NA;NA;NA;NA;NA;NA;NA;NA;NA;NA;NA;NA;NA;NA;NA;NA;NA;NA;NA;NA;NA;NA;NA;NA;NA;NA;NA;NA;NA;NA;NA;NA;NA;NA;NA;NA;NA;NA;NA;NA;NA;NA;NA;NA;NA;NA;NA;NA;NA;NA;NA
"40";1998;2;NA;NA;NA;NA;NA;NA;NA;NA;NA;NA;NA;NA;NA;NA;NA;NA;NA;NA;NA;NA;NA;NA;NA;NA;NA;NA;NA;NA;NA;NA;NA;NA;NA;NA;NA;NA;NA;NA;NA;NA;NA;NA;NA;NA;NA;NA;NA;NA;NA;NA;NA;NA;NA;NA;NA;NA;NA;NA;NA;NA;NA;NA;NA;NA;NA;NA;NA;NA;NA;NA;NA;NA;NA;NA;NA;NA;NA;NA;NA;NA;NA;NA;NA;NA;NA;NA;NA;NA;NA;NA;NA
"10";1998;3;3261;NA;22236;725;87271;NA;1346;NA;NA;NA;NA;2;27608;NA;13537;190;NA;259;NA;NA;1179;NA;67;NA;NA;NA;NA;NA;NA;NA;NA;NA;NA;NA;12810;NA;NA;NA;NA;NA;NA;NA;NA;NA;NA;NA;NA;NA;NA;NA;NA;NA;NA;8905;6;NA;28;NA;NA;NA;5;NA;30;NA;NA;NA;13;NA;1;NA;63;NA;1;8005;25035;NA;NA;NA;10194;NA;543;NA;NA;NA;22607;156625;NA;120483;NA;737;NA
"20";1998;3;1873;NA;18162;600;36885;NA;376;NA;NA;NA;NA;1;9848;NA;5173;186;NA;231;NA;NA;848;NA;24;NA;NA;NA;NA;NA;NA;NA;NA;NA;NA;NA;9979;NA;NA;NA;NA;NA;NA;NA;NA;NA;NA;NA;NA;NA;NA;NA;NA;NA;NA;5640;2;NA;19;NA;NA;NA;1;NA;9;NA;NA;NA;5;NA;0;NA;27;NA;0;3674;9492;NA;NA;NA;5729;NA;571;NA;NA;NA;11482;80840;NA;61663;NA;235;NA
"30";1998;3;3787;NA;74817;2208;100218;NA;4219;NA;NA;NA;NA;0;51668;NA;7266;786;NA;479;NA;NA;870;NA;39;NA;NA;NA;NA;NA;NA;NA;NA;NA;NA;NA;43135;NA;NA;NA;NA;NA;NA;NA;NA;NA;NA;NA;NA;NA;NA;NA;NA;NA;NA;31578;5;NA;50;NA;NA;NA;8;NA;25;NA;NA;NA;5;NA;1;NA;165;NA;4;14505;13856;NA;NA;NA;3815;NA;1108;NA;NA;NA;41973;291575;NA;213040;NA;1387;NA
"99";1998;3;8921;NA;115215;3533;224374;NA;5941;NA;NA;NA;NA;3;89124;NA;25976;1162;NA;969;NA;NA;2897;NA;130;NA;NA;NA;NA;NA;NA;NA;NA;NA;NA;NA;65924;NA;NA;NA;NA;NA;NA;NA;NA;NA;NA;NA;NA;NA;NA;NA;NA;NA;NA;46123;13;NA;97;NA;NA;NA;14;NA;64;NA;NA;NA;23;NA;2;NA;255;NA;5;26184;48383;NA;NA;NA;19738;NA;2222;NA;NA;NA;76062;529040;NA;395186;NA;2359;NA
"31";1998;3;NA;NA;NA;NA;NA;NA;NA;NA;NA;NA;NA;NA;NA;NA;NA;NA;NA;NA;NA;NA;NA;NA;NA;NA;NA;NA;NA;NA;NA;NA;NA;NA;NA;NA;NA;NA;NA;NA;NA;NA;NA;NA;NA;NA;NA;NA;NA;NA;NA;NA;NA;NA;NA;NA;NA;NA;NA;NA;NA;NA;NA;NA;NA;NA;NA;NA;NA;NA;NA;NA;NA;NA;NA;NA;NA;NA;NA;NA;NA;NA;NA;NA;NA;NA;NA;NA;NA;NA;NA;NA;NA
"32";1998;3;NA;NA;NA;NA;NA;NA;NA;NA;NA;NA;NA;NA;NA;NA;NA;NA;NA;NA;NA;NA;NA;NA;NA;NA;NA;NA;NA;NA;NA;NA;NA;NA;NA;NA;NA;NA;NA;NA;NA;NA;NA;NA;NA;NA;NA;NA;NA;NA;NA;NA;NA;NA;NA;NA;NA;NA;NA;NA;NA;NA;NA;NA;NA;NA;NA;NA;NA;NA;NA;NA;NA;NA;NA;NA;NA;NA;NA;NA;NA;NA;NA;NA;NA;NA;NA;NA;NA;NA;NA;NA;NA
"33";1998;3;NA;NA;NA;NA;NA;NA;NA;NA;NA;NA;NA;NA;NA;NA;NA;NA;NA;NA;NA;NA;NA;NA;NA;NA;NA;NA;NA;NA;NA;NA;NA;NA;NA;NA;NA;NA;NA;NA;NA;NA;NA;NA;NA;NA;NA;NA;NA;NA;NA;NA;NA;NA;NA;NA;NA;NA;NA;NA;NA;NA;NA;NA;NA;NA;NA;NA;NA;NA;NA;NA;NA;NA;NA;NA;NA;NA;NA;NA;NA;NA;NA;NA;NA;NA;NA;NA;NA;NA;NA;NA;NA
"34";1998;3;NA;NA;NA;NA;NA;NA;NA;NA;NA;NA;NA;NA;NA;NA;NA;NA;NA;NA;NA;NA;NA;NA;NA;NA;NA;NA;NA;NA;NA;NA;NA;NA;NA;NA;NA;NA;NA;NA;NA;NA;NA;NA;NA;NA;NA;NA;NA;NA;NA;NA;NA;NA;NA;NA;NA;NA;NA;NA;NA;NA;NA;NA;NA;NA;NA;NA;NA;NA;NA;NA;NA;NA;NA;NA;NA;NA;NA;NA;NA;NA;NA;NA;NA;NA;NA;NA;NA;NA;NA;NA;NA
"35";1998;3;NA;NA;NA;NA;NA;NA;NA;NA;NA;NA;NA;NA;NA;NA;NA;NA;NA;NA;NA;NA;NA;NA;NA;NA;NA;NA;NA;NA;NA;NA;NA;NA;NA;NA;NA;NA;NA;NA;NA;NA;NA;NA;NA;NA;NA;NA;NA;NA;NA;NA;NA;NA;NA;NA;NA;NA;NA;NA;NA;NA;NA;NA;NA;NA;NA;NA;NA;NA;NA;NA;NA;NA;NA;NA;NA;NA;NA;NA;NA;NA;NA;NA;NA;NA;NA;NA;NA;NA;NA;NA;NA
"36";1998;3;NA;NA;NA;NA;NA;NA;NA;NA;NA;NA;NA;NA;NA;NA;NA;NA;NA;NA;NA;NA;NA;NA;NA;NA;NA;NA;NA;NA;NA;NA;NA;NA;NA;NA;NA;NA;NA;NA;NA;NA;NA;NA;NA;NA;NA;NA;NA;NA;NA;NA;NA;NA;NA;NA;NA;NA;NA;NA;NA;NA;NA;NA;NA;NA;NA;NA;NA;NA;NA;NA;NA;NA;NA;NA;NA;NA;NA;NA;NA;NA;NA;NA;NA;NA;NA;NA;NA;NA;NA;NA;NA
"37";1998;3;NA;NA;NA;NA;NA;NA;NA;NA;NA;NA;NA;NA;NA;NA;NA;NA;NA;NA;NA;NA;NA;NA;NA;NA;NA;NA;NA;NA;NA;NA;NA;NA;NA;NA;NA;NA;NA;NA;NA;NA;NA;NA;NA;NA;NA;NA;NA;NA;NA;NA;NA;NA;NA;NA;NA;NA;NA;NA;NA;NA;NA;NA;NA;NA;NA;NA;NA;NA;NA;NA;NA;NA;NA;NA;NA;NA;NA;NA;NA;NA;NA;NA;NA;NA;NA;NA;NA;NA;NA;NA;NA
"38";1998;3;NA;NA;NA;NA;NA;NA;NA;NA;NA;NA;NA;NA;NA;NA;NA;NA;NA;NA;NA;NA;NA;NA;NA;NA;NA;NA;NA;NA;NA;NA;NA;NA;NA;NA;NA;NA;NA;NA;NA;NA;NA;NA;NA;NA;NA;NA;NA;NA;NA;NA;NA;NA;NA;NA;NA;NA;NA;NA;NA;NA;NA;NA;NA;NA;NA;NA;NA;NA;NA;NA;NA;NA;NA;NA;NA;NA;NA;NA;NA;NA;NA;NA;NA;NA;NA;NA;NA;NA;NA;NA;NA
"39";1998;3;NA;NA;NA;NA;NA;NA;NA;NA;NA;NA;NA;NA;NA;NA;NA;NA;NA;NA;NA;NA;NA;NA;NA;NA;NA;NA;NA;NA;NA;NA;NA;NA;NA;NA;NA;NA;NA;NA;NA;NA;NA;NA;NA;NA;NA;NA;NA;NA;NA;NA;NA;NA;NA;NA;NA;NA;NA;NA;NA;NA;NA;NA;NA;NA;NA;NA;NA;NA;NA;NA;NA;NA;NA;NA;NA;NA;NA;NA;NA;NA;NA;NA;NA;NA;NA;NA;NA;NA;NA;NA;NA
"40";1998;3;NA;NA;NA;NA;NA;NA;NA;NA;NA;NA;NA;NA;NA;NA;NA;NA;NA;NA;NA;NA;NA;NA;NA;NA;NA;NA;NA;NA;NA;NA;NA;NA;NA;NA;NA;NA;NA;NA;NA;NA;NA;NA;NA;NA;NA;NA;NA;NA;NA;NA;NA;NA;NA;NA;NA;NA;NA;NA;NA;NA;NA;NA;NA;NA;NA;NA;NA;NA;NA;NA;NA;NA;NA;NA;NA;NA;NA;NA;NA;NA;NA;NA;NA;NA;NA;NA;NA;NA;NA;NA;NA
"10";1998;4;3224;NA;24949;805;93374;NA;1034;NA;NA;NA;NA;2;31080;NA;15477;230;NA;271;NA;NA;1211;NA;70;NA;NA;NA;NA;NA;NA;NA;NA;NA;NA;NA;14282;NA;NA;NA;NA;NA;NA;NA;NA;NA;NA;NA;NA;NA;NA;NA;NA;NA;NA;8518;4;NA;30;NA;NA;NA;2;NA;31;NA;NA;NA;9;NA;2;NA;59;NA;1;7781;26096;NA;NA;NA;10951;NA;589;NA;NA;NA;22997;179629;NA;128680;NA;513;NA
"20";1998;4;1641;NA;20362;634;40965;NA;331;NA;NA;NA;NA;0;11672;NA;5534;221;NA;228;NA;NA;883;NA;30;NA;NA;NA;NA;NA;NA;NA;NA;NA;NA;NA;11318;NA;NA;NA;NA;NA;NA;NA;NA;NA;NA;NA;NA;NA;NA;NA;NA;NA;NA;5454;3;NA;23;NA;NA;NA;2;NA;11;NA;NA;NA;4;NA;0;NA;31;NA;0;3804;10289;NA;NA;NA;6385;NA;535;NA;NA;NA;12411;97871;NA;67746;NA;192;NA
"30";1998;4;3814;NA;84744;2451;105253;NA;4332;NA;NA;NA;NA;3;56132;NA;7298;833;NA;580;NA;NA;859;NA;48;NA;NA;NA;NA;NA;NA;NA;NA;NA;NA;NA;49481;NA;NA;NA;NA;NA;NA;NA;NA;NA;NA;NA;NA;NA;NA;NA;NA;NA;NA;32796;13;NA;32;NA;NA;NA;10;NA;37;NA;NA;NA;9;NA;2;NA;105;NA;3;13872;15632;NA;NA;NA;3800;NA;1223;NA;NA;NA;43245;322877;NA;229576;NA;1497;NA
"99";1998;4;8679;NA;130055;3890;239592;NA;5697;NA;NA;NA;NA;5;98884;NA;28309;1284;NA;1079;NA;NA;2953;NA;148;NA;NA;NA;NA;NA;NA;NA;NA;NA;NA;NA;75081;NA;NA;NA;NA;NA;NA;NA;NA;NA;NA;NA;NA;NA;NA;NA;NA;NA;NA;46768;20;NA;85;NA;NA;NA;14;NA;79;NA;NA;NA;22;NA;4;NA;195;NA;4;25457;52017;NA;NA;NA;21136;NA;2347;NA;NA;NA;78653;600377;NA;426002;NA;2202;NA
"31";1998;4;NA;NA;NA;NA;NA;NA;NA;NA;NA;NA;NA;NA;NA;NA;NA;NA;NA;NA;NA;NA;NA;NA;NA;NA;NA;NA;NA;NA;NA;NA;NA;NA;NA;NA;NA;NA;NA;NA;NA;NA;NA;NA;NA;NA;NA;NA;NA;NA;NA;NA;NA;NA;NA;NA;NA;NA;NA;NA;NA;NA;NA;NA;NA;NA;NA;NA;NA;NA;NA;NA;NA;NA;NA;NA;NA;NA;NA;NA;NA;NA;NA;NA;NA;NA;NA;NA;NA;NA;NA;NA;NA
"32";1998;4;NA;NA;NA;NA;NA;NA;NA;NA;NA;NA;NA;NA;NA;NA;NA;NA;NA;NA;NA;NA;NA;NA;NA;NA;NA;NA;NA;NA;NA;NA;NA;NA;NA;NA;NA;NA;NA;NA;NA;NA;NA;NA;NA;NA;NA;NA;NA;NA;NA;NA;NA;NA;NA;NA;NA;NA;NA;NA;NA;NA;NA;NA;NA;NA;NA;NA;NA;NA;NA;NA;NA;NA;NA;NA;NA;NA;NA;NA;NA;NA;NA;NA;NA;NA;NA;NA;NA;NA;NA;NA;NA
"33";1998;4;NA;NA;NA;NA;NA;NA;NA;NA;NA;NA;NA;NA;NA;NA;NA;NA;NA;NA;NA;NA;NA;NA;NA;NA;NA;NA;NA;NA;NA;NA;NA;NA;NA;NA;NA;NA;NA;NA;NA;NA;NA;NA;NA;NA;NA;NA;NA;NA;NA;NA;NA;NA;NA;NA;NA;NA;NA;NA;NA;NA;NA;NA;NA;NA;NA;NA;NA;NA;NA;NA;NA;NA;NA;NA;NA;NA;NA;NA;NA;NA;NA;NA;NA;NA;NA;NA;NA;NA;NA;NA;NA
"34";1998;4;NA;NA;NA;NA;NA;NA;NA;NA;NA;NA;NA;NA;NA;NA;NA;NA;NA;NA;NA;NA;NA;NA;NA;NA;NA;NA;NA;NA;NA;NA;NA;NA;NA;NA;NA;NA;NA;NA;NA;NA;NA;NA;NA;NA;NA;NA;NA;NA;NA;NA;NA;NA;NA;NA;NA;NA;NA;NA;NA;NA;NA;NA;NA;NA;NA;NA;NA;NA;NA;NA;NA;NA;NA;NA;NA;NA;NA;NA;NA;NA;NA;NA;NA;NA;NA;NA;NA;NA;NA;NA;NA
"35";1998;4;NA;NA;NA;NA;NA;NA;NA;NA;NA;NA;NA;NA;NA;NA;NA;NA;NA;NA;NA;NA;NA;NA;NA;NA;NA;NA;NA;NA;NA;NA;NA;NA;NA;NA;NA;NA;NA;NA;NA;NA;NA;NA;NA;NA;NA;NA;NA;NA;NA;NA;NA;NA;NA;NA;NA;NA;NA;NA;NA;NA;NA;NA;NA;NA;NA;NA;NA;NA;NA;NA;NA;NA;NA;NA;NA;NA;NA;NA;NA;NA;NA;NA;NA;NA;NA;NA;NA;NA;NA;NA;NA
"36";1998;4;NA;NA;NA;NA;NA;NA;NA;NA;NA;NA;NA;NA;NA;NA;NA;NA;NA;NA;NA;NA;NA;NA;NA;NA;NA;NA;NA;NA;NA;NA;NA;NA;NA;NA;NA;NA;NA;NA;NA;NA;NA;NA;NA;NA;NA;NA;NA;NA;NA;NA;NA;NA;NA;NA;NA;NA;NA;NA;NA;NA;NA;NA;NA;NA;NA;NA;NA;NA;NA;NA;NA;NA;NA;NA;NA;NA;NA;NA;NA;NA;NA;NA;NA;NA;NA;NA;NA;NA;NA;NA;NA
"37";1998;4;NA;NA;NA;NA;NA;NA;NA;NA;NA;NA;NA;NA;NA;NA;NA;NA;NA;NA;NA;NA;NA;NA;NA;NA;NA;NA;NA;NA;NA;NA;NA;NA;NA;NA;NA;NA;NA;NA;NA;NA;NA;NA;NA;NA;NA;NA;NA;NA;NA;NA;NA;NA;NA;NA;NA;NA;NA;NA;NA;NA;NA;NA;NA;NA;NA;NA;NA;NA;NA;NA;NA;NA;NA;NA;NA;NA;NA;NA;NA;NA;NA;NA;NA;NA;NA;NA;NA;NA;NA;NA;NA
"38";1998;4;NA;NA;NA;NA;NA;NA;NA;NA;NA;NA;NA;NA;NA;NA;NA;NA;NA;NA;NA;NA;NA;NA;NA;NA;NA;NA;NA;NA;NA;NA;NA;NA;NA;NA;NA;NA;NA;NA;NA;NA;NA;NA;NA;NA;NA;NA;NA;NA;NA;NA;NA;NA;NA;NA;NA;NA;NA;NA;NA;NA;NA;NA;NA;NA;NA;NA;NA;NA;NA;NA;NA;NA;NA;NA;NA;NA;NA;NA;NA;NA;NA;NA;NA;NA;NA;NA;NA;NA;NA;NA;NA
"39";1998;4;NA;NA;NA;NA;NA;NA;NA;NA;NA;NA;NA;NA;NA;NA;NA;NA;NA;NA;NA;NA;NA;NA;NA;NA;NA;NA;NA;NA;NA;NA;NA;NA;NA;NA;NA;NA;NA;NA;NA;NA;NA;NA;NA;NA;NA;NA;NA;NA;NA;NA;NA;NA;NA;NA;NA;NA;NA;NA;NA;NA;NA;NA;NA;NA;NA;NA;NA;NA;NA;NA;NA;NA;NA;NA;NA;NA;NA;NA;NA;NA;NA;NA;NA;NA;NA;NA;NA;NA;NA;NA;NA
"40";1998;4;NA;NA;NA;NA;NA;NA;NA;NA;NA;NA;NA;NA;NA;NA;NA;NA;NA;NA;NA;NA;NA;NA;NA;NA;NA;NA;NA;NA;NA;NA;NA;NA;NA;NA;NA;NA;NA;NA;NA;NA;NA;NA;NA;NA;NA;NA;NA;NA;NA;NA;NA;NA;NA;NA;NA;NA;NA;NA;NA;NA;NA;NA;NA;NA;NA;NA;NA;NA;NA;NA;NA;NA;NA;NA;NA;NA;NA;NA;NA;NA;NA;NA;NA;NA;NA;NA;NA;NA;NA;NA;NA
"10";1999;1;3600;NA;24917;851;92626;NA;1107;NA;NA;NA;NA;3;28685;NA;14371;199;NA;270;NA;NA;1359;NA;88;NA;NA;NA;NA;NA;NA;NA;NA;NA;NA;NA;13626;NA;NA;NA;NA;NA;NA;NA;NA;NA;NA;NA;NA;NA;NA;NA;NA;NA;NA;9069;3;NA;25;NA;NA;NA;7;NA;44;NA;NA;NA;7;NA;2;NA;69;NA;5;8207;26341;NA;NA;NA;12219;NA;636;NA;NA;NA;24271;180681;NA;128570;NA;569;NA
"20";1999;1;1843;NA;21291;724;43270;NA;387;NA;NA;NA;NA;1;11674;NA;5882;210;NA;250;NA;NA;899;NA;30;NA;NA;NA;NA;NA;NA;NA;NA;NA;NA;NA;11387;NA;NA;NA;NA;NA;NA;NA;NA;NA;NA;NA;NA;NA;NA;NA;NA;NA;NA;6013;1;NA;16;NA;NA;NA;5;NA;9;NA;NA;NA;3;NA;2;NA;35;NA;6;4000;10910;NA;NA;NA;7336;NA;585;NA;NA;NA;12315;102240;NA;71685;NA;155;NA
"30";1999;1;4219;NA;85440;2514;109249;NA;5022;NA;NA;NA;NA;1;58600;NA;8014;729;NA;553;NA;NA;998;NA;55;NA;NA;NA;NA;NA;NA;NA;NA;NA;NA;NA;55068;NA;NA;NA;NA;NA;NA;NA;NA;NA;NA;NA;NA;NA;NA;NA;NA;NA;NA;34358;12;NA;36;NA;NA;NA;6;NA;28;NA;NA;NA;10;NA;1;NA;122;NA;5;16026;15109;NA;NA;NA;4007;NA;1282;NA;NA;NA;43878;336728;NA;236583;NA;1660;NA
"99";1999;1;9662;NA;131648;4089;245145;NA;6516;NA;NA;NA;NA;5;98959;NA;28267;1138;NA;1073;NA;NA;3256;NA;173;NA;NA;NA;NA;NA;NA;NA;NA;NA;NA;NA;80081;NA;NA;NA;NA;NA;NA;NA;NA;NA;NA;NA;NA;NA;NA;NA;NA;NA;NA;49440;16;NA;77;NA;NA;NA;18;NA;81;NA;NA;NA;20;NA;5;NA;226;NA;16;28233;52360;NA;NA;NA;23562;NA;2503;NA;NA;NA;80464;619649;NA;436838;NA;2384;NA
"31";1999;1;NA;NA;NA;NA;NA;NA;NA;NA;NA;NA;NA;NA;NA;NA;NA;NA;NA;NA;NA;NA;NA;NA;NA;NA;NA;NA;NA;NA;NA;NA;NA;NA;NA;NA;NA;NA;NA;NA;NA;NA;NA;NA;NA;NA;NA;NA;NA;NA;NA;NA;NA;NA;NA;NA;NA;NA;NA;NA;NA;NA;NA;NA;NA;NA;NA;NA;NA;NA;NA;NA;NA;NA;NA;NA;NA;NA;NA;NA;NA;NA;NA;NA;NA;NA;NA;NA;NA;NA;NA;NA;NA
"32";1999;1;NA;NA;NA;NA;NA;NA;NA;NA;NA;NA;NA;NA;NA;NA;NA;NA;NA;NA;NA;NA;NA;NA;NA;NA;NA;NA;NA;NA;NA;NA;NA;NA;NA;NA;NA;NA;NA;NA;NA;NA;NA;NA;NA;NA;NA;NA;NA;NA;NA;NA;NA;NA;NA;NA;NA;NA;NA;NA;NA;NA;NA;NA;NA;NA;NA;NA;NA;NA;NA;NA;NA;NA;NA;NA;NA;NA;NA;NA;NA;NA;NA;NA;NA;NA;NA;NA;NA;NA;NA;NA;NA
"33";1999;1;NA;NA;NA;NA;NA;NA;NA;NA;NA;NA;NA;NA;NA;NA;NA;NA;NA;NA;NA;NA;NA;NA;NA;NA;NA;NA;NA;NA;NA;NA;NA;NA;NA;NA;NA;NA;NA;NA;NA;NA;NA;NA;NA;NA;NA;NA;NA;NA;NA;NA;NA;NA;NA;NA;NA;NA;NA;NA;NA;NA;NA;NA;NA;NA;NA;NA;NA;NA;NA;NA;NA;NA;NA;NA;NA;NA;NA;NA;NA;NA;NA;NA;NA;NA;NA;NA;NA;NA;NA;NA;NA
"34";1999;1;NA;NA;NA;NA;NA;NA;NA;NA;NA;NA;NA;NA;NA;NA;NA;NA;NA;NA;NA;NA;NA;NA;NA;NA;NA;NA;NA;NA;NA;NA;NA;NA;NA;NA;NA;NA;NA;NA;NA;NA;NA;NA;NA;NA;NA;NA;NA;NA;NA;NA;NA;NA;NA;NA;NA;NA;NA;NA;NA;NA;NA;NA;NA;NA;NA;NA;NA;NA;NA;NA;NA;NA;NA;NA;NA;NA;NA;NA;NA;NA;NA;NA;NA;NA;NA;NA;NA;NA;NA;NA;NA
"35";1999;1;NA;NA;NA;NA;NA;NA;NA;NA;NA;NA;NA;NA;NA;NA;NA;NA;NA;NA;NA;NA;NA;NA;NA;NA;NA;NA;NA;NA;NA;NA;NA;NA;NA;NA;NA;NA;NA;NA;NA;NA;NA;NA;NA;NA;NA;NA;NA;NA;NA;NA;NA;NA;NA;NA;NA;NA;NA;NA;NA;NA;NA;NA;NA;NA;NA;NA;NA;NA;NA;NA;NA;NA;NA;NA;NA;NA;NA;NA;NA;NA;NA;NA;NA;NA;NA;NA;NA;NA;NA;NA;NA
"36";1999;1;NA;NA;NA;NA;NA;NA;NA;NA;NA;NA;NA;NA;NA;NA;NA;NA;NA;NA;NA;NA;NA;NA;NA;NA;NA;NA;NA;NA;NA;NA;NA;NA;NA;NA;NA;NA;NA;NA;NA;NA;NA;NA;NA;NA;NA;NA;NA;NA;NA;NA;NA;NA;NA;NA;NA;NA;NA;NA;NA;NA;NA;NA;NA;NA;NA;NA;NA;NA;NA;NA;NA;NA;NA;NA;NA;NA;NA;NA;NA;NA;NA;NA;NA;NA;NA;NA;NA;NA;NA;NA;NA
"37";1999;1;NA;NA;NA;NA;NA;NA;NA;NA;NA;NA;NA;NA;NA;NA;NA;NA;NA;NA;NA;NA;NA;NA;NA;NA;NA;NA;NA;NA;NA;NA;NA;NA;NA;NA;NA;NA;NA;NA;NA;NA;NA;NA;NA;NA;NA;NA;NA;NA;NA;NA;NA;NA;NA;NA;NA;NA;NA;NA;NA;NA;NA;NA;NA;NA;NA;NA;NA;NA;NA;NA;NA;NA;NA;NA;NA;NA;NA;NA;NA;NA;NA;NA;NA;NA;NA;NA;NA;NA;NA;NA;NA
"38";1999;1;NA;NA;NA;NA;NA;NA;NA;NA;NA;NA;NA;NA;NA;NA;NA;NA;NA;NA;NA;NA;NA;NA;NA;NA;NA;NA;NA;NA;NA;NA;NA;NA;NA;NA;NA;NA;NA;NA;NA;NA;NA;NA;NA;NA;NA;NA;NA;NA;NA;NA;NA;NA;NA;NA;NA;NA;NA;NA;NA;NA;NA;NA;NA;NA;NA;NA;NA;NA;NA;NA;NA;NA;NA;NA;NA;NA;NA;NA;NA;NA;NA;NA;NA;NA;NA;NA;NA;NA;NA;NA;NA
"39";1999;1;NA;NA;NA;NA;NA;NA;NA;NA;NA;NA;NA;NA;NA;NA;NA;NA;NA;NA;NA;NA;NA;NA;NA;NA;NA;NA;NA;NA;NA;NA;NA;NA;NA;NA;NA;NA;NA;NA;NA;NA;NA;NA;NA;NA;NA;NA;NA;NA;NA;NA;NA;NA;NA;NA;NA;NA;NA;NA;NA;NA;NA;NA;NA;NA;NA;NA;NA;NA;NA;NA;NA;NA;NA;NA;NA;NA;NA;NA;NA;NA;NA;NA;NA;NA;NA;NA;NA;NA;NA;NA;NA
"40";1999;1;NA;NA;NA;NA;NA;NA;NA;NA;NA;NA;NA;NA;NA;NA;NA;NA;NA;NA;NA;NA;NA;NA;NA;NA;NA;NA;NA;NA;NA;NA;NA;NA;NA;NA;NA;NA;NA;NA;NA;NA;NA;NA;NA;NA;NA;NA;NA;NA;NA;NA;NA;NA;NA;NA;NA;NA;NA;NA;NA;NA;NA;NA;NA;NA;NA;NA;NA;NA;NA;NA;NA;NA;NA;NA;NA;NA;NA;NA;NA;NA;NA;NA;NA;NA;NA;NA;NA;NA;NA;NA;NA
"10";1999;2;3795;NA;24534;717;97934;NA;1332;NA;NA;NA;NA;3;28893;NA;15165;259;NA;267;NA;NA;1293;NA;87;NA;NA;NA;NA;NA;NA;NA;NA;NA;NA;NA;13483;NA;NA;NA;NA;NA;NA;NA;NA;NA;NA;NA;NA;NA;NA;NA;NA;NA;NA;10063;11;NA;16;NA;NA;NA;11;NA;38;NA;NA;NA;8;NA;5;NA;87;NA;3;8600;29445;NA;NA;NA;13609;NA;637;NA;NA;NA;25790;190422;NA;134580;NA;701;NA
"20";1999;2;2067;NA;20317;682;44846;NA;529;NA;NA;NA;NA;1;12210;NA;6318;253;NA;261;NA;NA;890;NA;41;NA;NA;NA;NA;NA;NA;NA;NA;NA;NA;NA;10663;NA;NA;NA;NA;NA;NA;NA;NA;NA;NA;NA;NA;NA;NA;NA;NA;NA;NA;9870;3;NA;20;NA;NA;NA;1;NA;8;NA;NA;NA;3;NA;2;NA;11;NA;0;4352;12063;NA;NA;NA;7596;NA;591;NA;NA;NA;13444;109206;NA;76244;NA;274;NA
"30";1999;2;5808;NA;83085;2224;109157;NA;4983;NA;NA;NA;NA;0;57725;NA;8433;897;NA;503;NA;NA;953;NA;42;NA;NA;NA;NA;NA;NA;NA;NA;NA;NA;NA;47351;NA;NA;NA;NA;NA;NA;NA;NA;NA;NA;NA;NA;NA;NA;NA;NA;NA;NA;33205;5;NA;26;NA;NA;NA;4;NA;17;NA;NA;NA;17;NA;3;NA;188;NA;4;16855;15989;NA;NA;NA;4678;NA;1150;NA;NA;NA;46969;334587;NA;232654;NA;1954;NA
"99";1999;2;11670;NA;127936;3623;251937;NA;6844;NA;NA;NA;NA;4;98828;NA;29916;1409;NA;1031;NA;NA;3136;NA;170;NA;NA;NA;NA;NA;NA;NA;NA;NA;NA;NA;71497;NA;NA;NA;NA;NA;NA;NA;NA;NA;NA;NA;NA;NA;NA;NA;NA;NA;NA;53138;19;NA;62;NA;NA;NA;16;NA;63;NA;NA;NA;28;NA;10;NA;286;NA;7;29807;57497;NA;NA;NA;25883;NA;2378;NA;NA;NA;86203;634215;NA;443478;NA;2929;NA
"31";1999;2;NA;NA;NA;NA;NA;NA;NA;NA;NA;NA;NA;NA;NA;NA;NA;NA;NA;NA;NA;NA;NA;NA;NA;NA;NA;NA;NA;NA;NA;NA;NA;NA;NA;NA;NA;NA;NA;NA;NA;NA;NA;NA;NA;NA;NA;NA;NA;NA;NA;NA;NA;NA;NA;NA;NA;NA;NA;NA;NA;NA;NA;NA;NA;NA;NA;NA;NA;NA;NA;NA;NA;NA;NA;NA;NA;NA;NA;NA;NA;NA;NA;NA;NA;NA;NA;NA;NA;NA;NA;NA;NA
"32";1999;2;NA;NA;NA;NA;NA;NA;NA;NA;NA;NA;NA;NA;NA;NA;NA;NA;NA;NA;NA;NA;NA;NA;NA;NA;NA;NA;NA;NA;NA;NA;NA;NA;NA;NA;NA;NA;NA;NA;NA;NA;NA;NA;NA;NA;NA;NA;NA;NA;NA;NA;NA;NA;NA;NA;NA;NA;NA;NA;NA;NA;NA;NA;NA;NA;NA;NA;NA;NA;NA;NA;NA;NA;NA;NA;NA;NA;NA;NA;NA;NA;NA;NA;NA;NA;NA;NA;NA;NA;NA;NA;NA
"33";1999;2;NA;NA;NA;NA;NA;NA;NA;NA;NA;NA;NA;NA;NA;NA;NA;NA;NA;NA;NA;NA;NA;NA;NA;NA;NA;NA;NA;NA;NA;NA;NA;NA;NA;NA;NA;NA;NA;NA;NA;NA;NA;NA;NA;NA;NA;NA;NA;NA;NA;NA;NA;NA;NA;NA;NA;NA;NA;NA;NA;NA;NA;NA;NA;NA;NA;NA;NA;NA;NA;NA;NA;NA;NA;NA;NA;NA;NA;NA;NA;NA;NA;NA;NA;NA;NA;NA;NA;NA;NA;NA;NA
"34";1999;2;NA;NA;NA;NA;NA;NA;NA;NA;NA;NA;NA;NA;NA;NA;NA;NA;NA;NA;NA;NA;NA;NA;NA;NA;NA;NA;NA;NA;NA;NA;NA;NA;NA;NA;NA;NA;NA;NA;NA;NA;NA;NA;NA;NA;NA;NA;NA;NA;NA;NA;NA;NA;NA;NA;NA;NA;NA;NA;NA;NA;NA;NA;NA;NA;NA;NA;NA;NA;NA;NA;NA;NA;NA;NA;NA;NA;NA;NA;NA;NA;NA;NA;NA;NA;NA;NA;NA;NA;NA;NA;NA
"35";1999;2;NA;NA;NA;NA;NA;NA;NA;NA;NA;NA;NA;NA;NA;NA;NA;NA;NA;NA;NA;NA;NA;NA;NA;NA;NA;NA;NA;NA;NA;NA;NA;NA;NA;NA;NA;NA;NA;NA;NA;NA;NA;NA;NA;NA;NA;NA;NA;NA;NA;NA;NA;NA;NA;NA;NA;NA;NA;NA;NA;NA;NA;NA;NA;NA;NA;NA;NA;NA;NA;NA;NA;NA;NA;NA;NA;NA;NA;NA;NA;NA;NA;NA;NA;NA;NA;NA;NA;NA;NA;NA;NA
"36";1999;2;NA;NA;NA;NA;NA;NA;NA;NA;NA;NA;NA;NA;NA;NA;NA;NA;NA;NA;NA;NA;NA;NA;NA;NA;NA;NA;NA;NA;NA;NA;NA;NA;NA;NA;NA;NA;NA;NA;NA;NA;NA;NA;NA;NA;NA;NA;NA;NA;NA;NA;NA;NA;NA;NA;NA;NA;NA;NA;NA;NA;NA;NA;NA;NA;NA;NA;NA;NA;NA;NA;NA;NA;NA;NA;NA;NA;NA;NA;NA;NA;NA;NA;NA;NA;NA;NA;NA;NA;NA;NA;NA
"37";1999;2;NA;NA;NA;NA;NA;NA;NA;NA;NA;NA;NA;NA;NA;NA;NA;NA;NA;NA;NA;NA;NA;NA;NA;NA;NA;NA;NA;NA;NA;NA;NA;NA;NA;NA;NA;NA;NA;NA;NA;NA;NA;NA;NA;NA;NA;NA;NA;NA;NA;NA;NA;NA;NA;NA;NA;NA;NA;NA;NA;NA;NA;NA;NA;NA;NA;NA;NA;NA;NA;NA;NA;NA;NA;NA;NA;NA;NA;NA;NA;NA;NA;NA;NA;NA;NA;NA;NA;NA;NA;NA;NA
"38";1999;2;NA;NA;NA;NA;NA;NA;NA;NA;NA;NA;NA;NA;NA;NA;NA;NA;NA;NA;NA;NA;NA;NA;NA;NA;NA;NA;NA;NA;NA;NA;NA;NA;NA;NA;NA;NA;NA;NA;NA;NA;NA;NA;NA;NA;NA;NA;NA;NA;NA;NA;NA;NA;NA;NA;NA;NA;NA;NA;NA;NA;NA;NA;NA;NA;NA;NA;NA;NA;NA;NA;NA;NA;NA;NA;NA;NA;NA;NA;NA;NA;NA;NA;NA;NA;NA;NA;NA;NA;NA;NA;NA
"39";1999;2;NA;NA;NA;NA;NA;NA;NA;NA;NA;NA;NA;NA;NA;NA;NA;NA;NA;NA;NA;NA;NA;NA;NA;NA;NA;NA;NA;NA;NA;NA;NA;NA;NA;NA;NA;NA;NA;NA;NA;NA;NA;NA;NA;NA;NA;NA;NA;NA;NA;NA;NA;NA;NA;NA;NA;NA;NA;NA;NA;NA;NA;NA;NA;NA;NA;NA;NA;NA;NA;NA;NA;NA;NA;NA;NA;NA;NA;NA;NA;NA;NA;NA;NA;NA;NA;NA;NA;NA;NA;NA;NA
"40";1999;2;NA;NA;NA;NA;NA;NA;NA;NA;NA;NA;NA;NA;NA;NA;NA;NA;NA;NA;NA;NA;NA;NA;NA;NA;NA;NA;NA;NA;NA;NA;NA;NA;NA;NA;NA;NA;NA;NA;NA;NA;NA;NA;NA;NA;NA;NA;NA;NA;NA;NA;NA;NA;NA;NA;NA;NA;NA;NA;NA;NA;NA;NA;NA;NA;NA;NA;NA;NA;NA;NA;NA;NA;NA;NA;NA;NA;NA;NA;NA;NA;NA;NA;NA;NA;NA;NA;NA;NA;NA;NA;NA
"10";1999;3;3799;NA;23878;780;96697;NA;1374;NA;NA;NA;NA;3;27207;NA;15743;275;NA;285;NA;NA;1372;NA;58;NA;NA;NA;NA;NA;NA;NA;NA;NA;NA;NA;12798;NA;NA;NA;NA;NA;NA;NA;NA;NA;NA;NA;NA;NA;NA;NA;NA;NA;NA;9214;12;NA;27;NA;NA;NA;8;NA;61;NA;NA;NA;12;NA;2;NA;60;NA;5;8632;27918;NA;NA;NA;14165;NA;613;NA;NA;NA;25066;169653;NA;131943;NA;746;NA
"20";1999;3;2021;NA;19490;641;45841;NA;419;NA;NA;NA;NA;2;12379;NA;6145;215;NA;243;NA;NA;878;NA;56;NA;NA;NA;NA;NA;NA;NA;NA;NA;NA;NA;10311;NA;NA;NA;NA;NA;NA;NA;NA;NA;NA;NA;NA;NA;NA;NA;NA;NA;NA;5617;4;NA;10;NA;NA;NA;4;NA;11;NA;NA;NA;2;NA;2;NA;37;NA;1;4074;12123;NA;NA;NA;8139;NA;576;NA;NA;NA;12554;97554;NA;72008;NA;258;NA
"30";1999;3;4250;NA;80424;2367;109073;NA;4701;NA;NA;NA;NA;0;56091;NA;8823;857;NA;487;NA;NA;888;NA;43;NA;NA;NA;NA;NA;NA;NA;NA;NA;NA;NA;45841;NA;NA;NA;NA;NA;NA;NA;NA;NA;NA;NA;NA;NA;NA;NA;NA;NA;NA;34638;15;NA;35;NA;NA;NA;5;NA;35;NA;NA;NA;21;NA;2;NA;182;NA;2;16571;16087;NA;NA;NA;5066;NA;1175;NA;NA;NA;44419;332918;NA;231203;NA;1586;NA
"99";1999;3;10070;NA;123792;3788;251611;NA;6494;NA;NA;NA;NA;5;95677;NA;30711;1347;NA;1015;NA;NA;3138;NA;157;NA;NA;NA;NA;NA;NA;NA;NA;NA;NA;NA;68950;NA;NA;NA;NA;NA;NA;NA;NA;NA;NA;NA;NA;NA;NA;NA;NA;NA;NA;49469;31;NA;72;NA;NA;NA;17;NA;107;NA;NA;NA;35;NA;6;NA;279;NA;8;29277;56128;NA;NA;NA;27370;NA;2364;NA;NA;NA;82039;600125;NA;435154;NA;2590;NA
"31";1999;3;NA;NA;NA;NA;NA;NA;NA;NA;NA;NA;NA;NA;NA;NA;NA;NA;NA;NA;NA;NA;NA;NA;NA;NA;NA;NA;NA;NA;NA;NA;NA;NA;NA;NA;NA;NA;NA;NA;NA;NA;NA;NA;NA;NA;NA;NA;NA;NA;NA;NA;NA;NA;NA;NA;NA;NA;NA;NA;NA;NA;NA;NA;NA;NA;NA;NA;NA;NA;NA;NA;NA;NA;NA;NA;NA;NA;NA;NA;NA;NA;NA;NA;NA;NA;NA;NA;NA;NA;NA;NA;NA
"32";1999;3;NA;NA;NA;NA;NA;NA;NA;NA;NA;NA;NA;NA;NA;NA;NA;NA;NA;NA;NA;NA;NA;NA;NA;NA;NA;NA;NA;NA;NA;NA;NA;NA;NA;NA;NA;NA;NA;NA;NA;NA;NA;NA;NA;NA;NA;NA;NA;NA;NA;NA;NA;NA;NA;NA;NA;NA;NA;NA;NA;NA;NA;NA;NA;NA;NA;NA;NA;NA;NA;NA;NA;NA;NA;NA;NA;NA;NA;NA;NA;NA;NA;NA;NA;NA;NA;NA;NA;NA;NA;NA;NA
"33";1999;3;NA;NA;NA;NA;NA;NA;NA;NA;NA;NA;NA;NA;NA;NA;NA;NA;NA;NA;NA;NA;NA;NA;NA;NA;NA;NA;NA;NA;NA;NA;NA;NA;NA;NA;NA;NA;NA;NA;NA;NA;NA;NA;NA;NA;NA;NA;NA;NA;NA;NA;NA;NA;NA;NA;NA;NA;NA;NA;NA;NA;NA;NA;NA;NA;NA;NA;NA;NA;NA;NA;NA;NA;NA;NA;NA;NA;NA;NA;NA;NA;NA;NA;NA;NA;NA;NA;NA;NA;NA;NA;NA
"34";1999;3;NA;NA;NA;NA;NA;NA;NA;NA;NA;NA;NA;NA;NA;NA;NA;NA;NA;NA;NA;NA;NA;NA;NA;NA;NA;NA;NA;NA;NA;NA;NA;NA;NA;NA;NA;NA;NA;NA;NA;NA;NA;NA;NA;NA;NA;NA;NA;NA;NA;NA;NA;NA;NA;NA;NA;NA;NA;NA;NA;NA;NA;NA;NA;NA;NA;NA;NA;NA;NA;NA;NA;NA;NA;NA;NA;NA;NA;NA;NA;NA;NA;NA;NA;NA;NA;NA;NA;NA;NA;NA;NA
"35";1999;3;NA;NA;NA;NA;NA;NA;NA;NA;NA;NA;NA;NA;NA;NA;NA;NA;NA;NA;NA;NA;NA;NA;NA;NA;NA;NA;NA;NA;NA;NA;NA;NA;NA;NA;NA;NA;NA;NA;NA;NA;NA;NA;NA;NA;NA;NA;NA;NA;NA;NA;NA;NA;NA;NA;NA;NA;NA;NA;NA;NA;NA;NA;NA;NA;NA;NA;NA;NA;NA;NA;NA;NA;NA;NA;NA;NA;NA;NA;NA;NA;NA;NA;NA;NA;NA;NA;NA;NA;NA;NA;NA
"36";1999;3;NA;NA;NA;NA;NA;NA;NA;NA;NA;NA;NA;NA;NA;NA;NA;NA;NA;NA;NA;NA;NA;NA;NA;NA;NA;NA;NA;NA;NA;NA;NA;NA;NA;NA;NA;NA;NA;NA;NA;NA;NA;NA;NA;NA;NA;NA;NA;NA;NA;NA;NA;NA;NA;NA;NA;NA;NA;NA;NA;NA;NA;NA;NA;NA;NA;NA;NA;NA;NA;NA;NA;NA;NA;NA;NA;NA;NA;NA;NA;NA;NA;NA;NA;NA;NA;NA;NA;NA;NA;NA;NA
"37";1999;3;NA;NA;NA;NA;NA;NA;NA;NA;NA;NA;NA;NA;NA;NA;NA;NA;NA;NA;NA;NA;NA;NA;NA;NA;NA;NA;NA;NA;NA;NA;NA;NA;NA;NA;NA;NA;NA;NA;NA;NA;NA;NA;NA;NA;NA;NA;NA;NA;NA;NA;NA;NA;NA;NA;NA;NA;NA;NA;NA;NA;NA;NA;NA;NA;NA;NA;NA;NA;NA;NA;NA;NA;NA;NA;NA;NA;NA;NA;NA;NA;NA;NA;NA;NA;NA;NA;NA;NA;NA;NA;NA
"38";1999;3;NA;NA;NA;NA;NA;NA;NA;NA;NA;NA;NA;NA;NA;NA;NA;NA;NA;NA;NA;NA;NA;NA;NA;NA;NA;NA;NA;NA;NA;NA;NA;NA;NA;NA;NA;NA;NA;NA;NA;NA;NA;NA;NA;NA;NA;NA;NA;NA;NA;NA;NA;NA;NA;NA;NA;NA;NA;NA;NA;NA;NA;NA;NA;NA;NA;NA;NA;NA;NA;NA;NA;NA;NA;NA;NA;NA;NA;NA;NA;NA;NA;NA;NA;NA;NA;NA;NA;NA;NA;NA;NA
"39";1999;3;NA;NA;NA;NA;NA;NA;NA;NA;NA;NA;NA;NA;NA;NA;NA;NA;NA;NA;NA;NA;NA;NA;NA;NA;NA;NA;NA;NA;NA;NA;NA;NA;NA;NA;NA;NA;NA;NA;NA;NA;NA;NA;NA;NA;NA;NA;NA;NA;NA;NA;NA;NA;NA;NA;NA;NA;NA;NA;NA;NA;NA;NA;NA;NA;NA;NA;NA;NA;NA;NA;NA;NA;NA;NA;NA;NA;NA;NA;NA;NA;NA;NA;NA;NA;NA;NA;NA;NA;NA;NA;NA
"40";1999;3;NA;NA;NA;NA;NA;NA;NA;NA;NA;NA;NA;NA;NA;NA;NA;NA;NA;NA;NA;NA;NA;NA;NA;NA;NA;NA;NA;NA;NA;NA;NA;NA;NA;NA;NA;NA;NA;NA;NA;NA;NA;NA;NA;NA;NA;NA;NA;NA;NA;NA;NA;NA;NA;NA;NA;NA;NA;NA;NA;NA;NA;NA;NA;NA;NA;NA;NA;NA;NA;NA;NA;NA;NA;NA;NA;NA;NA;NA;NA;NA;NA;NA;NA;NA;NA;NA;NA;NA;NA;NA;NA
"10";1999;4;3482;NA;24179;821;94129;NA;1283;NA;NA;NA;NA;3;27044;NA;14684;205;NA;274;NA;NA;1394;NA;65;NA;NA;NA;NA;NA;NA;NA;NA;NA;NA;NA;12886;NA;NA;NA;NA;NA;NA;NA;NA;NA;NA;NA;NA;NA;NA;NA;NA;NA;NA;7891;5;NA;40;NA;NA;NA;6;NA;54;NA;NA;NA;8;NA;4;NA;35;NA;5;8026;26394;NA;NA;NA;14241;NA;580;NA;NA;NA;22569;161574;NA;128303;NA;700;NA
"20";1999;4;2189;NA;20508;616;44051;NA;372;NA;NA;NA;NA;1;11844;NA;5569;202;NA;192;NA;NA;942;NA;46;NA;NA;NA;NA;NA;NA;NA;NA;NA;NA;NA;11236;NA;NA;NA;NA;NA;NA;NA;NA;NA;NA;NA;NA;NA;NA;NA;NA;NA;NA;5684;3;NA;18;NA;NA;NA;7;NA;41;NA;NA;NA;1;NA;2;NA;18;NA;3;3992;11612;NA;NA;NA;8401;NA;635;NA;NA;NA;13137;92333;NA;71231;NA;371;NA
"30";1999;4;4489;NA;85447;2455;108140;NA;4940;NA;NA;NA;NA;0;57792;NA;8506;795;NA;534;NA;NA;952;NA;59;NA;NA;NA;NA;NA;NA;NA;NA;NA;NA;NA;48191;NA;NA;NA;NA;NA;NA;NA;NA;NA;NA;NA;NA;NA;NA;NA;NA;NA;NA;33818;10;NA;29;NA;NA;NA;3;NA;25;NA;NA;NA;12;NA;1;NA;124;NA;5;17239;15663;NA;NA;NA;4664;NA;1384;NA;NA;NA;43657;346528;NA;234800;NA;1551;NA
"99";1999;4;10160;NA;130134;3892;246320;NA;6595;NA;NA;NA;NA;4;96680;NA;28759;1202;NA;1000;NA;NA;3288;NA;170;NA;NA;NA;NA;NA;NA;NA;NA;NA;NA;NA;72313;NA;NA;NA;NA;NA;NA;NA;NA;NA;NA;NA;NA;NA;NA;NA;NA;NA;NA;47393;18;NA;87;NA;NA;NA;16;NA;120;NA;NA;NA;21;NA;7;NA;177;NA;13;29257;53669;NA;NA;NA;27306;NA;2599;NA;NA;NA;79363;600435;NA;434334;NA;2622;NA
"31";1999;4;NA;NA;NA;NA;NA;NA;NA;NA;NA;NA;NA;NA;NA;NA;NA;NA;NA;NA;NA;NA;NA;NA;NA;NA;NA;NA;NA;NA;NA;NA;NA;NA;NA;NA;NA;NA;NA;NA;NA;NA;NA;NA;NA;NA;NA;NA;NA;NA;NA;NA;NA;NA;NA;NA;NA;NA;NA;NA;NA;NA;NA;NA;NA;NA;NA;NA;NA;NA;NA;NA;NA;NA;NA;NA;NA;NA;NA;NA;NA;NA;NA;NA;NA;NA;NA;NA;NA;NA;NA;NA;NA
"32";1999;4;NA;NA;NA;NA;NA;NA;NA;NA;NA;NA;NA;NA;NA;NA;NA;NA;NA;NA;NA;NA;NA;NA;NA;NA;NA;NA;NA;NA;NA;NA;NA;NA;NA;NA;NA;NA;NA;NA;NA;NA;NA;NA;NA;NA;NA;NA;NA;NA;NA;NA;NA;NA;NA;NA;NA;NA;NA;NA;NA;NA;NA;NA;NA;NA;NA;NA;NA;NA;NA;NA;NA;NA;NA;NA;NA;NA;NA;NA;NA;NA;NA;NA;NA;NA;NA;NA;NA;NA;NA;NA;NA
"33";1999;4;NA;NA;NA;NA;NA;NA;NA;NA;NA;NA;NA;NA;NA;NA;NA;NA;NA;NA;NA;NA;NA;NA;NA;NA;NA;NA;NA;NA;NA;NA;NA;NA;NA;NA;NA;NA;NA;NA;NA;NA;NA;NA;NA;NA;NA;NA;NA;NA;NA;NA;NA;NA;NA;NA;NA;NA;NA;NA;NA;NA;NA;NA;NA;NA;NA;NA;NA;NA;NA;NA;NA;NA;NA;NA;NA;NA;NA;NA;NA;NA;NA;NA;NA;NA;NA;NA;NA;NA;NA;NA;NA
"34";1999;4;NA;NA;NA;NA;NA;NA;NA;NA;NA;NA;NA;NA;NA;NA;NA;NA;NA;NA;NA;NA;NA;NA;NA;NA;NA;NA;NA;NA;NA;NA;NA;NA;NA;NA;NA;NA;NA;NA;NA;NA;NA;NA;NA;NA;NA;NA;NA;NA;NA;NA;NA;NA;NA;NA;NA;NA;NA;NA;NA;NA;NA;NA;NA;NA;NA;NA;NA;NA;NA;NA;NA;NA;NA;NA;NA;NA;NA;NA;NA;NA;NA;NA;NA;NA;NA;NA;NA;NA;NA;NA;NA
"35";1999;4;NA;NA;NA;NA;NA;NA;NA;NA;NA;NA;NA;NA;NA;NA;NA;NA;NA;NA;NA;NA;NA;NA;NA;NA;NA;NA;NA;NA;NA;NA;NA;NA;NA;NA;NA;NA;NA;NA;NA;NA;NA;NA;NA;NA;NA;NA;NA;NA;NA;NA;NA;NA;NA;NA;NA;NA;NA;NA;NA;NA;NA;NA;NA;NA;NA;NA;NA;NA;NA;NA;NA;NA;NA;NA;NA;NA;NA;NA;NA;NA;NA;NA;NA;NA;NA;NA;NA;NA;NA;NA;NA
"36";1999;4;NA;NA;NA;NA;NA;NA;NA;NA;NA;NA;NA;NA;NA;NA;NA;NA;NA;NA;NA;NA;NA;NA;NA;NA;NA;NA;NA;NA;NA;NA;NA;NA;NA;NA;NA;NA;NA;NA;NA;NA;NA;NA;NA;NA;NA;NA;NA;NA;NA;NA;NA;NA;NA;NA;NA;NA;NA;NA;NA;NA;NA;NA;NA;NA;NA;NA;NA;NA;NA;NA;NA;NA;NA;NA;NA;NA;NA;NA;NA;NA;NA;NA;NA;NA;NA;NA;NA;NA;NA;NA;NA
"37";1999;4;NA;NA;NA;NA;NA;NA;NA;NA;NA;NA;NA;NA;NA;NA;NA;NA;NA;NA;NA;NA;NA;NA;NA;NA;NA;NA;NA;NA;NA;NA;NA;NA;NA;NA;NA;NA;NA;NA;NA;NA;NA;NA;NA;NA;NA;NA;NA;NA;NA;NA;NA;NA;NA;NA;NA;NA;NA;NA;NA;NA;NA;NA;NA;NA;NA;NA;NA;NA;NA;NA;NA;NA;NA;NA;NA;NA;NA;NA;NA;NA;NA;NA;NA;NA;NA;NA;NA;NA;NA;NA;NA
"38";1999;4;NA;NA;NA;NA;NA;NA;NA;NA;NA;NA;NA;NA;NA;NA;NA;NA;NA;NA;NA;NA;NA;NA;NA;NA;NA;NA;NA;NA;NA;NA;NA;NA;NA;NA;NA;NA;NA;NA;NA;NA;NA;NA;NA;NA;NA;NA;NA;NA;NA;NA;NA;NA;NA;NA;NA;NA;NA;NA;NA;NA;NA;NA;NA;NA;NA;NA;NA;NA;NA;NA;NA;NA;NA;NA;NA;NA;NA;NA;NA;NA;NA;NA;NA;NA;NA;NA;NA;NA;NA;NA;NA
"39";1999;4;NA;NA;NA;NA;NA;NA;NA;NA;NA;NA;NA;NA;NA;NA;NA;NA;NA;NA;NA;NA;NA;NA;NA;NA;NA;NA;NA;NA;NA;NA;NA;NA;NA;NA;NA;NA;NA;NA;NA;NA;NA;NA;NA;NA;NA;NA;NA;NA;NA;NA;NA;NA;NA;NA;NA;NA;NA;NA;NA;NA;NA;NA;NA;NA;NA;NA;NA;NA;NA;NA;NA;NA;NA;NA;NA;NA;NA;NA;NA;NA;NA;NA;NA;NA;NA;NA;NA;NA;NA;NA;NA
"40";1999;4;NA;NA;NA;NA;NA;NA;NA;NA;NA;NA;NA;NA;NA;NA;NA;NA;NA;NA;NA;NA;NA;NA;NA;NA;NA;NA;NA;NA;NA;NA;NA;NA;NA;NA;NA;NA;NA;NA;NA;NA;NA;NA;NA;NA;NA;NA;NA;NA;NA;NA;NA;NA;NA;NA;NA;NA;NA;NA;NA;NA;NA;NA;NA;NA;NA;NA;NA;NA;NA;NA;NA;NA;NA;NA;NA;NA;NA;NA;NA;NA;NA;NA;NA;NA;NA;NA;NA;NA;NA;NA;NA
"10";2000;1;3913;NA;23911;753;93667;NA;1087;NA;NA;NA;NA;5;25226;NA;15812;168;NA;257;NA;NA;1390;NA;62;NA;NA;NA;NA;NA;NA;NA;NA;NA;NA;NA;12520;NA;NA;NA;NA;NA;NA;NA;NA;NA;NA;NA;NA;NA;NA;NA;NA;NA;NA;7683;8;NA;31;NA;NA;NA;12;NA;111;NA;NA;NA;6;NA;2;NA;65;NA;2;8124;26005;NA;NA;NA;15603;NA;623;NA;NA;NA;24241;163137;NA;127101;NA;565;NA
"20";2000;1;1912;NA;19130;676;40542;NA;420;NA;NA;NA;NA;2;10947;NA;5173;182;NA;261;NA;NA;887;NA;42;NA;NA;NA;NA;NA;NA;NA;NA;NA;NA;NA;10291;NA;NA;NA;NA;NA;NA;NA;NA;NA;NA;NA;NA;NA;NA;NA;NA;NA;NA;5437;4;NA;16;NA;NA;NA;3;NA;29;NA;NA;NA;4;NA;0;NA;33;NA;5;4144;10255;NA;NA;NA;7686;NA;541;NA;NA;NA;12161;85269;NA;66205;NA;221;NA
"30";2000;1;4715;NA;85708;2522;114510;NA;5785;NA;NA;NA;NA;8;60606;NA;9183;670;NA;496;NA;NA;984;NA;58;NA;NA;NA;NA;NA;NA;NA;NA;NA;NA;NA;45770;NA;NA;NA;NA;NA;NA;NA;NA;NA;NA;NA;NA;NA;NA;NA;NA;NA;NA;33954;20;NA;33;NA;NA;NA;10;NA;28;NA;NA;NA;16;NA;3;NA;130;NA;3;18563;16333;NA;NA;NA;5618;NA;1364;NA;NA;NA;44909;347693;NA;242479;NA;1837;NA
"99";2000;1;10540;NA;128749;3951;248719;NA;7292;NA;NA;NA;NA;15;96779;NA;30168;1020;NA;1014;NA;NA;3261;NA;162;NA;NA;NA;NA;NA;NA;NA;NA;NA;NA;NA;68581;NA;NA;NA;NA;NA;NA;NA;NA;NA;NA;NA;NA;NA;NA;NA;NA;NA;NA;47074;32;NA;80;NA;NA;NA;25;NA;168;NA;NA;NA;26;NA;5;NA;228;NA;10;30831;52593;NA;NA;NA;28907;NA;2528;NA;NA;NA;81311;596099;NA;435785;NA;2623;NA
"31";2000;1;NA;NA;NA;NA;NA;NA;NA;NA;NA;NA;NA;NA;NA;NA;NA;NA;NA;NA;NA;NA;NA;NA;NA;NA;NA;NA;NA;NA;NA;NA;NA;NA;NA;NA;NA;NA;NA;NA;NA;NA;NA;NA;NA;NA;NA;NA;NA;NA;NA;NA;NA;NA;NA;NA;NA;NA;NA;NA;NA;NA;NA;NA;NA;NA;NA;NA;NA;NA;NA;NA;NA;NA;NA;NA;NA;NA;NA;NA;NA;NA;NA;NA;NA;NA;NA;NA;NA;NA;NA;NA;NA
"32";2000;1;NA;NA;NA;NA;NA;NA;NA;NA;NA;NA;NA;NA;NA;NA;NA;NA;NA;NA;NA;NA;NA;NA;NA;NA;NA;NA;NA;NA;NA;NA;NA;NA;NA;NA;NA;NA;NA;NA;NA;NA;NA;NA;NA;NA;NA;NA;NA;NA;NA;NA;NA;NA;NA;NA;NA;NA;NA;NA;NA;NA;NA;NA;NA;NA;NA;NA;NA;NA;NA;NA;NA;NA;NA;NA;NA;NA;NA;NA;NA;NA;NA;NA;NA;NA;NA;NA;NA;NA;NA;NA;NA
"33";2000;1;NA;NA;NA;NA;NA;NA;NA;NA;NA;NA;NA;NA;NA;NA;NA;NA;NA;NA;NA;NA;NA;NA;NA;NA;NA;NA;NA;NA;NA;NA;NA;NA;NA;NA;NA;NA;NA;NA;NA;NA;NA;NA;NA;NA;NA;NA;NA;NA;NA;NA;NA;NA;NA;NA;NA;NA;NA;NA;NA;NA;NA;NA;NA;NA;NA;NA;NA;NA;NA;NA;NA;NA;NA;NA;NA;NA;NA;NA;NA;NA;NA;NA;NA;NA;NA;NA;NA;NA;NA;NA;NA
"34";2000;1;NA;NA;NA;NA;NA;NA;NA;NA;NA;NA;NA;NA;NA;NA;NA;NA;NA;NA;NA;NA;NA;NA;NA;NA;NA;NA;NA;NA;NA;NA;NA;NA;NA;NA;NA;NA;NA;NA;NA;NA;NA;NA;NA;NA;NA;NA;NA;NA;NA;NA;NA;NA;NA;NA;NA;NA;NA;NA;NA;NA;NA;NA;NA;NA;NA;NA;NA;NA;NA;NA;NA;NA;NA;NA;NA;NA;NA;NA;NA;NA;NA;NA;NA;NA;NA;NA;NA;NA;NA;NA;NA
"35";2000;1;NA;NA;NA;NA;NA;NA;NA;NA;NA;NA;NA;NA;NA;NA;NA;NA;NA;NA;NA;NA;NA;NA;NA;NA;NA;NA;NA;NA;NA;NA;NA;NA;NA;NA;NA;NA;NA;NA;NA;NA;NA;NA;NA;NA;NA;NA;NA;NA;NA;NA;NA;NA;NA;NA;NA;NA;NA;NA;NA;NA;NA;NA;NA;NA;NA;NA;NA;NA;NA;NA;NA;NA;NA;NA;NA;NA;NA;NA;NA;NA;NA;NA;NA;NA;NA;NA;NA;NA;NA;NA;NA
"36";2000;1;NA;NA;NA;NA;NA;NA;NA;NA;NA;NA;NA;NA;NA;NA;NA;NA;NA;NA;NA;NA;NA;NA;NA;NA;NA;NA;NA;NA;NA;NA;NA;NA;NA;NA;NA;NA;NA;NA;NA;NA;NA;NA;NA;NA;NA;NA;NA;NA;NA;NA;NA;NA;NA;NA;NA;NA;NA;NA;NA;NA;NA;NA;NA;NA;NA;NA;NA;NA;NA;NA;NA;NA;NA;NA;NA;NA;NA;NA;NA;NA;NA;NA;NA;NA;NA;NA;NA;NA;NA;NA;NA
"37";2000;1;NA;NA;NA;NA;NA;NA;NA;NA;NA;NA;NA;NA;NA;NA;NA;NA;NA;NA;NA;NA;NA;NA;NA;NA;NA;NA;NA;NA;NA;NA;NA;NA;NA;NA;NA;NA;NA;NA;NA;NA;NA;NA;NA;NA;NA;NA;NA;NA;NA;NA;NA;NA;NA;NA;NA;NA;NA;NA;NA;NA;NA;NA;NA;NA;NA;NA;NA;NA;NA;NA;NA;NA;NA;NA;NA;NA;NA;NA;NA;NA;NA;NA;NA;NA;NA;NA;NA;NA;NA;NA;NA
"38";2000;1;NA;NA;NA;NA;NA;NA;NA;NA;NA;NA;NA;NA;NA;NA;NA;NA;NA;NA;NA;NA;NA;NA;NA;NA;NA;NA;NA;NA;NA;NA;NA;NA;NA;NA;NA;NA;NA;NA;NA;NA;NA;NA;NA;NA;NA;NA;NA;NA;NA;NA;NA;NA;NA;NA;NA;NA;NA;NA;NA;NA;NA;NA;NA;NA;NA;NA;NA;NA;NA;NA;NA;NA;NA;NA;NA;NA;NA;NA;NA;NA;NA;NA;NA;NA;NA;NA;NA;NA;NA;NA;NA
"39";2000;1;NA;NA;NA;NA;NA;NA;NA;NA;NA;NA;NA;NA;NA;NA;NA;NA;NA;NA;NA;NA;NA;NA;NA;NA;NA;NA;NA;NA;NA;NA;NA;NA;NA;NA;NA;NA;NA;NA;NA;NA;NA;NA;NA;NA;NA;NA;NA;NA;NA;NA;NA;NA;NA;NA;NA;NA;NA;NA;NA;NA;NA;NA;NA;NA;NA;NA;NA;NA;NA;NA;NA;NA;NA;NA;NA;NA;NA;NA;NA;NA;NA;NA;NA;NA;NA;NA;NA;NA;NA;NA;NA
"40";2000;1;NA;NA;NA;NA;NA;NA;NA;NA;NA;NA;NA;NA;NA;NA;NA;NA;NA;NA;NA;NA;NA;NA;NA;NA;NA;NA;NA;NA;NA;NA;NA;NA;NA;NA;NA;NA;NA;NA;NA;NA;NA;NA;NA;NA;NA;NA;NA;NA;NA;NA;NA;NA;NA;NA;NA;NA;NA;NA;NA;NA;NA;NA;NA;NA;NA;NA;NA;NA;NA;NA;NA;NA;NA;NA;NA;NA;NA;NA;NA;NA;NA;NA;NA;NA;NA;NA;NA;NA;NA;NA;NA
"10";2000;2;3681;NA;24143;692;95589;NA;1098;NA;NA;NA;NA;10;25610;NA;15858;187;NA;272;NA;NA;1270;NA;52;NA;NA;NA;NA;NA;NA;NA;NA;NA;NA;NA;12975;NA;NA;NA;NA;NA;NA;NA;NA;NA;NA;NA;NA;NA;NA;NA;NA;NA;NA;7199;7;NA;32;NA;NA;NA;4;NA;84;NA;NA;NA;10;NA;0;NA;47;NA;5;8254;27275;NA;NA;NA;15681;NA;589;NA;NA;NA;25132;164975;NA;128721;NA;598;NA
"20";2000;2;2070;NA;19900;645;45251;NA;399;NA;NA;NA;NA;0;11995;NA;5471;218;NA;260;NA;NA;871;NA;25;NA;NA;NA;NA;NA;NA;NA;NA;NA;NA;NA;10599;NA;NA;NA;NA;NA;NA;NA;NA;NA;NA;NA;NA;NA;NA;NA;NA;NA;NA;5007;4;NA;20;NA;NA;NA;6;NA;30;NA;NA;NA;4;NA;1;NA;10;NA;2;4238;11262;NA;NA;NA;9617;NA;608;NA;NA;NA;12407;92399;NA;71202;NA;198;NA
"30";2000;2;4800;NA;83636;2245;114716;NA;5072;NA;NA;NA;NA;13;60323;NA;8572;837;NA;480;NA;NA;974;NA;52;NA;NA;NA;NA;NA;NA;NA;NA;NA;NA;NA;44878;NA;NA;NA;NA;NA;NA;NA;NA;NA;NA;NA;NA;NA;NA;NA;NA;NA;NA;31909;9;NA;41;NA;NA;NA;10;NA;32;NA;NA;NA;12;NA;2;NA;94;NA;2;17784;17132;NA;NA;NA;6044;NA;1235;NA;NA;NA;45722;339770;NA;237578;NA;1724;NA
"99";2000;2;10551;NA;127679;3582;255556;NA;6569;NA;NA;NA;NA;23;97928;NA;29901;1242;NA;1012;NA;NA;3115;NA;129;NA;NA;NA;NA;NA;NA;NA;NA;NA;NA;NA;68452;NA;NA;NA;NA;NA;NA;NA;NA;NA;NA;NA;NA;NA;NA;NA;NA;NA;NA;44115;20;NA;93;NA;NA;NA;20;NA;146;NA;NA;NA;26;NA;3;NA;151;NA;9;30276;55669;NA;NA;NA;31342;NA;2432;NA;NA;NA;83261;597144;NA;437501;NA;2520;NA
"31";2000;2;NA;NA;NA;NA;NA;NA;NA;NA;NA;NA;NA;NA;NA;NA;NA;NA;NA;NA;NA;NA;NA;NA;NA;NA;NA;NA;NA;NA;NA;NA;NA;NA;NA;NA;NA;NA;NA;NA;NA;NA;NA;NA;NA;NA;NA;NA;NA;NA;NA;NA;NA;NA;NA;NA;NA;NA;NA;NA;NA;NA;NA;NA;NA;NA;NA;NA;NA;NA;NA;NA;NA;NA;NA;NA;NA;NA;NA;NA;NA;NA;NA;NA;NA;NA;NA;NA;NA;NA;NA;NA;NA
"32";2000;2;NA;NA;NA;NA;NA;NA;NA;NA;NA;NA;NA;NA;NA;NA;NA;NA;NA;NA;NA;NA;NA;NA;NA;NA;NA;NA;NA;NA;NA;NA;NA;NA;NA;NA;NA;NA;NA;NA;NA;NA;NA;NA;NA;NA;NA;NA;NA;NA;NA;NA;NA;NA;NA;NA;NA;NA;NA;NA;NA;NA;NA;NA;NA;NA;NA;NA;NA;NA;NA;NA;NA;NA;NA;NA;NA;NA;NA;NA;NA;NA;NA;NA;NA;NA;NA;NA;NA;NA;NA;NA;NA
"33";2000;2;NA;NA;NA;NA;NA;NA;NA;NA;NA;NA;NA;NA;NA;NA;NA;NA;NA;NA;NA;NA;NA;NA;NA;NA;NA;NA;NA;NA;NA;NA;NA;NA;NA;NA;NA;NA;NA;NA;NA;NA;NA;NA;NA;NA;NA;NA;NA;NA;NA;NA;NA;NA;NA;NA;NA;NA;NA;NA;NA;NA;NA;NA;NA;NA;NA;NA;NA;NA;NA;NA;NA;NA;NA;NA;NA;NA;NA;NA;NA;NA;NA;NA;NA;NA;NA;NA;NA;NA;NA;NA;NA
"34";2000;2;NA;NA;NA;NA;NA;NA;NA;NA;NA;NA;NA;NA;NA;NA;NA;NA;NA;NA;NA;NA;NA;NA;NA;NA;NA;NA;NA;NA;NA;NA;NA;NA;NA;NA;NA;NA;NA;NA;NA;NA;NA;NA;NA;NA;NA;NA;NA;NA;NA;NA;NA;NA;NA;NA;NA;NA;NA;NA;NA;NA;NA;NA;NA;NA;NA;NA;NA;NA;NA;NA;NA;NA;NA;NA;NA;NA;NA;NA;NA;NA;NA;NA;NA;NA;NA;NA;NA;NA;NA;NA;NA
"35";2000;2;NA;NA;NA;NA;NA;NA;NA;NA;NA;NA;NA;NA;NA;NA;NA;NA;NA;NA;NA;NA;NA;NA;NA;NA;NA;NA;NA;NA;NA;NA;NA;NA;NA;NA;NA;NA;NA;NA;NA;NA;NA;NA;NA;NA;NA;NA;NA;NA;NA;NA;NA;NA;NA;NA;NA;NA;NA;NA;NA;NA;NA;NA;NA;NA;NA;NA;NA;NA;NA;NA;NA;NA;NA;NA;NA;NA;NA;NA;NA;NA;NA;NA;NA;NA;NA;NA;NA;NA;NA;NA;NA
"36";2000;2;NA;NA;NA;NA;NA;NA;NA;NA;NA;NA;NA;NA;NA;NA;NA;NA;NA;NA;NA;NA;NA;NA;NA;NA;NA;NA;NA;NA;NA;NA;NA;NA;NA;NA;NA;NA;NA;NA;NA;NA;NA;NA;NA;NA;NA;NA;NA;NA;NA;NA;NA;NA;NA;NA;NA;NA;NA;NA;NA;NA;NA;NA;NA;NA;NA;NA;NA;NA;NA;NA;NA;NA;NA;NA;NA;NA;NA;NA;NA;NA;NA;NA;NA;NA;NA;NA;NA;NA;NA;NA;NA
"37";2000;2;NA;NA;NA;NA;NA;NA;NA;NA;NA;NA;NA;NA;NA;NA;NA;NA;NA;NA;NA;NA;NA;NA;NA;NA;NA;NA;NA;NA;NA;NA;NA;NA;NA;NA;NA;NA;NA;NA;NA;NA;NA;NA;NA;NA;NA;NA;NA;NA;NA;NA;NA;NA;NA;NA;NA;NA;NA;NA;NA;NA;NA;NA;NA;NA;NA;NA;NA;NA;NA;NA;NA;NA;NA;NA;NA;NA;NA;NA;NA;NA;NA;NA;NA;NA;NA;NA;NA;NA;NA;NA;NA
"38";2000;2;NA;NA;NA;NA;NA;NA;NA;NA;NA;NA;NA;NA;NA;NA;NA;NA;NA;NA;NA;NA;NA;NA;NA;NA;NA;NA;NA;NA;NA;NA;NA;NA;NA;NA;NA;NA;NA;NA;NA;NA;NA;NA;NA;NA;NA;NA;NA;NA;NA;NA;NA;NA;NA;NA;NA;NA;NA;NA;NA;NA;NA;NA;NA;NA;NA;NA;NA;NA;NA;NA;NA;NA;NA;NA;NA;NA;NA;NA;NA;NA;NA;NA;NA;NA;NA;NA;NA;NA;NA;NA;NA
"39";2000;2;NA;NA;NA;NA;NA;NA;NA;NA;NA;NA;NA;NA;NA;NA;NA;NA;NA;NA;NA;NA;NA;NA;NA;NA;NA;NA;NA;NA;NA;NA;NA;NA;NA;NA;NA;NA;NA;NA;NA;NA;NA;NA;NA;NA;NA;NA;NA;NA;NA;NA;NA;NA;NA;NA;NA;NA;NA;NA;NA;NA;NA;NA;NA;NA;NA;NA;NA;NA;NA;NA;NA;NA;NA;NA;NA;NA;NA;NA;NA;NA;NA;NA;NA;NA;NA;NA;NA;NA;NA;NA;NA
"40";2000;2;NA;NA;NA;NA;NA;NA;NA;NA;NA;NA;NA;NA;NA;NA;NA;NA;NA;NA;NA;NA;NA;NA;NA;NA;NA;NA;NA;NA;NA;NA;NA;NA;NA;NA;NA;NA;NA;NA;NA;NA;NA;NA;NA;NA;NA;NA;NA;NA;NA;NA;NA;NA;NA;NA;NA;NA;NA;NA;NA;NA;NA;NA;NA;NA;NA;NA;NA;NA;NA;NA;NA;NA;NA;NA;NA;NA;NA;NA;NA;NA;NA;NA;NA;NA;NA;NA;NA;NA;NA;NA;NA
"10";2000;3;3295;NA;23114;722;96836;NA;989;NA;NA;NA;NA;8;26762;NA;15827;180;NA;290;NA;NA;1269;NA;49;NA;NA;NA;NA;NA;NA;NA;NA;NA;NA;NA;12149;NA;NA;NA;NA;NA;NA;NA;NA;NA;NA;NA;NA;NA;NA;NA;NA;NA;NA;6897;7;NA;22;NA;NA;NA;5;NA;50;NA;NA;NA;6;NA;4;NA;62;NA;1;7817;28113;NA;NA;NA;15826;NA;588;NA;NA;NA;23426;171394;NA;128558;NA;484;NA
"20";2000;3;1906;NA;19464;602;44166;NA;437;NA;NA;NA;NA;0;12469;NA;5735;221;NA;221;NA;NA;863;NA;22;NA;NA;NA;NA;NA;NA;NA;NA;NA;NA;NA;10208;NA;NA;NA;NA;NA;NA;NA;NA;NA;NA;NA;NA;NA;NA;NA;NA;NA;NA;4775;6;NA;12;NA;NA;NA;4;NA;19;NA;NA;NA;5;NA;0;NA;16;NA;0;3984;11036;NA;NA;NA;8704;NA;540;NA;NA;NA;12120;94232;NA;69444;NA;203;NA
"30";2000;3;4380;NA;82960;2135;111364;NA;5076;NA;NA;NA;NA;2;58206;NA;8593;744;NA;412;NA;NA;881;NA;32;NA;NA;NA;NA;NA;NA;NA;NA;NA;NA;NA;45239;NA;NA;NA;NA;NA;NA;NA;NA;NA;NA;NA;NA;NA;NA;NA;NA;NA;NA;30910;10;NA;28;NA;NA;NA;4;NA;21;NA;NA;NA;18;NA;1;NA;91;NA;3;17109;14976;NA;NA;NA;5509;NA;1200;NA;NA;NA;44582;337384;NA;232445;NA;1612;NA
"99";2000;3;9581;NA;125538;3459;252366;NA;6502;NA;NA;NA;NA;10;97437;NA;30155;1145;NA;923;NA;NA;3013;NA;103;NA;NA;NA;NA;NA;NA;NA;NA;NA;NA;NA;67596;NA;NA;NA;NA;NA;NA;NA;NA;NA;NA;NA;NA;NA;NA;NA;NA;NA;NA;42582;23;NA;62;NA;NA;NA;13;NA;90;NA;NA;NA;29;NA;5;NA;169;NA;4;28910;54125;NA;NA;NA;30039;NA;2328;NA;NA;NA;80128;603010;NA;430447;NA;2299;NA
"31";2000;3;NA;NA;NA;NA;NA;NA;NA;NA;NA;NA;NA;NA;NA;NA;NA;NA;NA;NA;NA;NA;NA;NA;NA;NA;NA;NA;NA;NA;NA;NA;NA;NA;NA;NA;NA;NA;NA;NA;NA;NA;NA;NA;NA;NA;NA;NA;NA;NA;NA;NA;NA;NA;NA;NA;NA;NA;NA;NA;NA;NA;NA;NA;NA;NA;NA;NA;NA;NA;NA;NA;NA;NA;NA;NA;NA;NA;NA;NA;NA;NA;NA;NA;NA;NA;NA;NA;NA;NA;NA;NA;NA
"32";2000;3;NA;NA;NA;NA;NA;NA;NA;NA;NA;NA;NA;NA;NA;NA;NA;NA;NA;NA;NA;NA;NA;NA;NA;NA;NA;NA;NA;NA;NA;NA;NA;NA;NA;NA;NA;NA;NA;NA;NA;NA;NA;NA;NA;NA;NA;NA;NA;NA;NA;NA;NA;NA;NA;NA;NA;NA;NA;NA;NA;NA;NA;NA;NA;NA;NA;NA;NA;NA;NA;NA;NA;NA;NA;NA;NA;NA;NA;NA;NA;NA;NA;NA;NA;NA;NA;NA;NA;NA;NA;NA;NA
"33";2000;3;NA;NA;NA;NA;NA;NA;NA;NA;NA;NA;NA;NA;NA;NA;NA;NA;NA;NA;NA;NA;NA;NA;NA;NA;NA;NA;NA;NA;NA;NA;NA;NA;NA;NA;NA;NA;NA;NA;NA;NA;NA;NA;NA;NA;NA;NA;NA;NA;NA;NA;NA;NA;NA;NA;NA;NA;NA;NA;NA;NA;NA;NA;NA;NA;NA;NA;NA;NA;NA;NA;NA;NA;NA;NA;NA;NA;NA;NA;NA;NA;NA;NA;NA;NA;NA;NA;NA;NA;NA;NA;NA
"34";2000;3;NA;NA;NA;NA;NA;NA;NA;NA;NA;NA;NA;NA;NA;NA;NA;NA;NA;NA;NA;NA;NA;NA;NA;NA;NA;NA;NA;NA;NA;NA;NA;NA;NA;NA;NA;NA;NA;NA;NA;NA;NA;NA;NA;NA;NA;NA;NA;NA;NA;NA;NA;NA;NA;NA;NA;NA;NA;NA;NA;NA;NA;NA;NA;NA;NA;NA;NA;NA;NA;NA;NA;NA;NA;NA;NA;NA;NA;NA;NA;NA;NA;NA;NA;NA;NA;NA;NA;NA;NA;NA;NA
"35";2000;3;NA;NA;NA;NA;NA;NA;NA;NA;NA;NA;NA;NA;NA;NA;NA;NA;NA;NA;NA;NA;NA;NA;NA;NA;NA;NA;NA;NA;NA;NA;NA;NA;NA;NA;NA;NA;NA;NA;NA;NA;NA;NA;NA;NA;NA;NA;NA;NA;NA;NA;NA;NA;NA;NA;NA;NA;NA;NA;NA;NA;NA;NA;NA;NA;NA;NA;NA;NA;NA;NA;NA;NA;NA;NA;NA;NA;NA;NA;NA;NA;NA;NA;NA;NA;NA;NA;NA;NA;NA;NA;NA
"36";2000;3;NA;NA;NA;NA;NA;NA;NA;NA;NA;NA;NA;NA;NA;NA;NA;NA;NA;NA;NA;NA;NA;NA;NA;NA;NA;NA;NA;NA;NA;NA;NA;NA;NA;NA;NA;NA;NA;NA;NA;NA;NA;NA;NA;NA;NA;NA;NA;NA;NA;NA;NA;NA;NA;NA;NA;NA;NA;NA;NA;NA;NA;NA;NA;NA;NA;NA;NA;NA;NA;NA;NA;NA;NA;NA;NA;NA;NA;NA;NA;NA;NA;NA;NA;NA;NA;NA;NA;NA;NA;NA;NA
"37";2000;3;NA;NA;NA;NA;NA;NA;NA;NA;NA;NA;NA;NA;NA;NA;NA;NA;NA;NA;NA;NA;NA;NA;NA;NA;NA;NA;NA;NA;NA;NA;NA;NA;NA;NA;NA;NA;NA;NA;NA;NA;NA;NA;NA;NA;NA;NA;NA;NA;NA;NA;NA;NA;NA;NA;NA;NA;NA;NA;NA;NA;NA;NA;NA;NA;NA;NA;NA;NA;NA;NA;NA;NA;NA;NA;NA;NA;NA;NA;NA;NA;NA;NA;NA;NA;NA;NA;NA;NA;NA;NA;NA
"38";2000;3;NA;NA;NA;NA;NA;NA;NA;NA;NA;NA;NA;NA;NA;NA;NA;NA;NA;NA;NA;NA;NA;NA;NA;NA;NA;NA;NA;NA;NA;NA;NA;NA;NA;NA;NA;NA;NA;NA;NA;NA;NA;NA;NA;NA;NA;NA;NA;NA;NA;NA;NA;NA;NA;NA;NA;NA;NA;NA;NA;NA;NA;NA;NA;NA;NA;NA;NA;NA;NA;NA;NA;NA;NA;NA;NA;NA;NA;NA;NA;NA;NA;NA;NA;NA;NA;NA;NA;NA;NA;NA;NA
"39";2000;3;NA;NA;NA;NA;NA;NA;NA;NA;NA;NA;NA;NA;NA;NA;NA;NA;NA;NA;NA;NA;NA;NA;NA;NA;NA;NA;NA;NA;NA;NA;NA;NA;NA;NA;NA;NA;NA;NA;NA;NA;NA;NA;NA;NA;NA;NA;NA;NA;NA;NA;NA;NA;NA;NA;NA;NA;NA;NA;NA;NA;NA;NA;NA;NA;NA;NA;NA;NA;NA;NA;NA;NA;NA;NA;NA;NA;NA;NA;NA;NA;NA;NA;NA;NA;NA;NA;NA;NA;NA;NA;NA
"40";2000;3;NA;NA;NA;NA;NA;NA;NA;NA;NA;NA;NA;NA;NA;NA;NA;NA;NA;NA;NA;NA;NA;NA;NA;NA;NA;NA;NA;NA;NA;NA;NA;NA;NA;NA;NA;NA;NA;NA;NA;NA;NA;NA;NA;NA;NA;NA;NA;NA;NA;NA;NA;NA;NA;NA;NA;NA;NA;NA;NA;NA;NA;NA;NA;NA;NA;NA;NA;NA;NA;NA;NA;NA;NA;NA;NA;NA;NA;NA;NA;NA;NA;NA;NA;NA;NA;NA;NA;NA;NA;NA;NA
"10";2000;4;3328;NA;25243;832;94673;NA;1153;NA;NA;NA;NA;12;29957;NA;13149;234;NA;331;NA;NA;1398;NA;39;NA;NA;NA;NA;NA;NA;NA;NA;NA;NA;NA;13445;NA;NA;NA;NA;NA;NA;NA;NA;NA;NA;NA;NA;NA;NA;NA;NA;NA;NA;6741;2;NA;28;NA;NA;NA;4;NA;66;NA;NA;NA;7;NA;2;NA;41;NA;2;7856;27422;NA;NA;NA;14428;NA;693;NA;NA;NA;23550;184954;NA;128642;NA;562;NA
"20";2000;4;1788;NA;21358;612;44053;NA;431;NA;NA;NA;NA;2;13622;NA;5512;222;NA;215;NA;NA;865;NA;33;NA;NA;NA;NA;NA;NA;NA;NA;NA;NA;NA;11444;NA;NA;NA;NA;NA;NA;NA;NA;NA;NA;NA;NA;NA;NA;NA;NA;NA;NA;4797;5;NA;9;NA;NA;NA;5;NA;18;NA;NA;NA;4;NA;1;NA;21;NA;0;3842;10541;NA;NA;NA;7822;NA;603;NA;NA;NA;12779;105647;NA;71251;NA;206;NA
"30";2000;4;4438;NA;90730;2415;111667;NA;5322;NA;NA;NA;NA;1;61229;NA;8068;739;NA;488;NA;NA;986;NA;52;NA;NA;NA;NA;NA;NA;NA;NA;NA;NA;NA;50406;NA;NA;NA;NA;NA;NA;NA;NA;NA;NA;NA;NA;NA;NA;NA;NA;NA;NA;31669;6;NA;26;NA;NA;NA;4;NA;36;NA;NA;NA;9;NA;0;NA;102;NA;8;17003;14831;NA;NA;NA;5545;NA;1418;NA;NA;NA;45775;348803;NA;241803;NA;1579;NA
"99";2000;4;9554;NA;137331;3859;250393;NA;6906;NA;NA;NA;NA;15;104808;NA;26729;1195;NA;1034;NA;NA;3249;NA;124;NA;NA;NA;NA;NA;NA;NA;NA;NA;NA;NA;75295;NA;NA;NA;NA;NA;NA;NA;NA;NA;NA;NA;NA;NA;NA;NA;NA;NA;NA;43207;13;NA;63;NA;NA;NA;13;NA;120;NA;NA;NA;20;NA;3;NA;164;NA;10;28701;52794;NA;NA;NA;27795;NA;2714;NA;NA;NA;82104;639404;NA;441696;NA;2347;NA
"31";2000;4;NA;NA;NA;NA;NA;NA;NA;NA;NA;NA;NA;NA;NA;NA;NA;NA;NA;NA;NA;NA;NA;NA;NA;NA;NA;NA;NA;NA;NA;NA;NA;NA;NA;NA;NA;NA;NA;NA;NA;NA;NA;NA;NA;NA;NA;NA;NA;NA;NA;NA;NA;NA;NA;NA;NA;NA;NA;NA;NA;NA;NA;NA;NA;NA;NA;NA;NA;NA;NA;NA;NA;NA;NA;NA;NA;NA;NA;NA;NA;NA;NA;NA;NA;NA;NA;NA;NA;NA;NA;NA;NA
"32";2000;4;NA;NA;NA;NA;NA;NA;NA;NA;NA;NA;NA;NA;NA;NA;NA;NA;NA;NA;NA;NA;NA;NA;NA;NA;NA;NA;NA;NA;NA;NA;NA;NA;NA;NA;NA;NA;NA;NA;NA;NA;NA;NA;NA;NA;NA;NA;NA;NA;NA;NA;NA;NA;NA;NA;NA;NA;NA;NA;NA;NA;NA;NA;NA;NA;NA;NA;NA;NA;NA;NA;NA;NA;NA;NA;NA;NA;NA;NA;NA;NA;NA;NA;NA;NA;NA;NA;NA;NA;NA;NA;NA
"33";2000;4;NA;NA;NA;NA;NA;NA;NA;NA;NA;NA;NA;NA;NA;NA;NA;NA;NA;NA;NA;NA;NA;NA;NA;NA;NA;NA;NA;NA;NA;NA;NA;NA;NA;NA;NA;NA;NA;NA;NA;NA;NA;NA;NA;NA;NA;NA;NA;NA;NA;NA;NA;NA;NA;NA;NA;NA;NA;NA;NA;NA;NA;NA;NA;NA;NA;NA;NA;NA;NA;NA;NA;NA;NA;NA;NA;NA;NA;NA;NA;NA;NA;NA;NA;NA;NA;NA;NA;NA;NA;NA;NA
"34";2000;4;NA;NA;NA;NA;NA;NA;NA;NA;NA;NA;NA;NA;NA;NA;NA;NA;NA;NA;NA;NA;NA;NA;NA;NA;NA;NA;NA;NA;NA;NA;NA;NA;NA;NA;NA;NA;NA;NA;NA;NA;NA;NA;NA;NA;NA;NA;NA;NA;NA;NA;NA;NA;NA;NA;NA;NA;NA;NA;NA;NA;NA;NA;NA;NA;NA;NA;NA;NA;NA;NA;NA;NA;NA;NA;NA;NA;NA;NA;NA;NA;NA;NA;NA;NA;NA;NA;NA;NA;NA;NA;NA
"35";2000;4;NA;NA;NA;NA;NA;NA;NA;NA;NA;NA;NA;NA;NA;NA;NA;NA;NA;NA;NA;NA;NA;NA;NA;NA;NA;NA;NA;NA;NA;NA;NA;NA;NA;NA;NA;NA;NA;NA;NA;NA;NA;NA;NA;NA;NA;NA;NA;NA;NA;NA;NA;NA;NA;NA;NA;NA;NA;NA;NA;NA;NA;NA;NA;NA;NA;NA;NA;NA;NA;NA;NA;NA;NA;NA;NA;NA;NA;NA;NA;NA;NA;NA;NA;NA;NA;NA;NA;NA;NA;NA;NA
"36";2000;4;NA;NA;NA;NA;NA;NA;NA;NA;NA;NA;NA;NA;NA;NA;NA;NA;NA;NA;NA;NA;NA;NA;NA;NA;NA;NA;NA;NA;NA;NA;NA;NA;NA;NA;NA;NA;NA;NA;NA;NA;NA;NA;NA;NA;NA;NA;NA;NA;NA;NA;NA;NA;NA;NA;NA;NA;NA;NA;NA;NA;NA;NA;NA;NA;NA;NA;NA;NA;NA;NA;NA;NA;NA;NA;NA;NA;NA;NA;NA;NA;NA;NA;NA;NA;NA;NA;NA;NA;NA;NA;NA
"37";2000;4;NA;NA;NA;NA;NA;NA;NA;NA;NA;NA;NA;NA;NA;NA;NA;NA;NA;NA;NA;NA;NA;NA;NA;NA;NA;NA;NA;NA;NA;NA;NA;NA;NA;NA;NA;NA;NA;NA;NA;NA;NA;NA;NA;NA;NA;NA;NA;NA;NA;NA;NA;NA;NA;NA;NA;NA;NA;NA;NA;NA;NA;NA;NA;NA;NA;NA;NA;NA;NA;NA;NA;NA;NA;NA;NA;NA;NA;NA;NA;NA;NA;NA;NA;NA;NA;NA;NA;NA;NA;NA;NA
"38";2000;4;NA;NA;NA;NA;NA;NA;NA;NA;NA;NA;NA;NA;NA;NA;NA;NA;NA;NA;NA;NA;NA;NA;NA;NA;NA;NA;NA;NA;NA;NA;NA;NA;NA;NA;NA;NA;NA;NA;NA;NA;NA;NA;NA;NA;NA;NA;NA;NA;NA;NA;NA;NA;NA;NA;NA;NA;NA;NA;NA;NA;NA;NA;NA;NA;NA;NA;NA;NA;NA;NA;NA;NA;NA;NA;NA;NA;NA;NA;NA;NA;NA;NA;NA;NA;NA;NA;NA;NA;NA;NA;NA
"39";2000;4;NA;NA;NA;NA;NA;NA;NA;NA;NA;NA;NA;NA;NA;NA;NA;NA;NA;NA;NA;NA;NA;NA;NA;NA;NA;NA;NA;NA;NA;NA;NA;NA;NA;NA;NA;NA;NA;NA;NA;NA;NA;NA;NA;NA;NA;NA;NA;NA;NA;NA;NA;NA;NA;NA;NA;NA;NA;NA;NA;NA;NA;NA;NA;NA;NA;NA;NA;NA;NA;NA;NA;NA;NA;NA;NA;NA;NA;NA;NA;NA;NA;NA;NA;NA;NA;NA;NA;NA;NA;NA;NA
"40";2000;4;NA;NA;NA;NA;NA;NA;NA;NA;NA;NA;NA;NA;NA;NA;NA;NA;NA;NA;NA;NA;NA;NA;NA;NA;NA;NA;NA;NA;NA;NA;NA;NA;NA;NA;NA;NA;NA;NA;NA;NA;NA;NA;NA;NA;NA;NA;NA;NA;NA;NA;NA;NA;NA;NA;NA;NA;NA;NA;NA;NA;NA;NA;NA;NA;NA;NA;NA;NA;NA;NA;NA;NA;NA;NA;NA;NA;NA;NA;NA;NA;NA;NA;NA;NA;NA;NA;NA;NA;NA;NA;NA
"10";2001;1;3430;NA;24340;780;92710;NA;1115;NA;NA;NA;NA;15;41858;27559;14299;207;NA;286;NA;NA;1374;NA;41;NA;NA;NA;NA;NA;NA;NA;NA;NA;NA;NA;12631;NA;NA;NA;NA;NA;NA;NA;NA;NA;NA;NA;NA;NA;NA;NA;NA;NA;NA;6522;26;NA;39;NA;NA;NA;7;NA;55;NA;NA;NA;11;NA;2;NA;44;NA;4;7543;41017;27390;NA;NA;13627;NA;687;NA;NA;NA;22932;180047;NA;125467;NA;481;NA
"20";2001;1;1741;NA;21043;643;43503;NA;443;NA;NA;NA;NA;26;19585;13933;5652;134;NA;209;NA;NA;979;NA;33;NA;NA;NA;NA;NA;NA;NA;NA;NA;NA;NA;9897;NA;NA;NA;NA;NA;NA;NA;NA;NA;NA;NA;NA;NA;NA;NA;NA;NA;NA;4834;4;NA;14;NA;NA;NA;4;NA;22;NA;NA;NA;4;NA;1;NA;15;NA;2;4164;18366;10460;NA;NA;7906;NA;554;NA;NA;NA;12597;103222;NA;70466;NA;210;NA
"30";2001;1;4818;NA;89725;2463;118358;NA;5801;NA;NA;NA;NA;0;71843;63487;8356;615;NA;513;NA;NA;1065;NA;49;NA;NA;NA;NA;NA;NA;NA;NA;NA;NA;NA;47463;NA;NA;NA;NA;NA;NA;NA;NA;NA;NA;NA;NA;NA;NA;NA;NA;NA;NA;32066;7;NA;34;NA;NA;NA;5;NA;18;NA;NA;NA;18;NA;2;NA;29;NA;1;18648;20639;15591;NA;NA;5048;NA;1402;NA;NA;NA;45331;355673;NA;248413;NA;1683;NA
"99";2001;1;9989;NA;135108;3886;254571;NA;7359;NA;NA;NA;NA;41;133286;104979;28307;956;NA;1008;NA;NA;3418;NA;123;NA;NA;NA;NA;NA;NA;NA;NA;NA;NA;NA;69991;NA;NA;NA;NA;NA;NA;NA;NA;NA;NA;NA;NA;NA;NA;NA;NA;NA;NA;43422;37;NA;87;NA;NA;NA;16;NA;95;NA;NA;NA;33;NA;5;NA;88;NA;7;30355;80022;53441;NA;NA;26581;NA;2643;NA;NA;NA;80860;638942;NA;444346;NA;2374;NA
"31";2001;1;NA;NA;NA;NA;NA;NA;NA;NA;NA;NA;NA;NA;NA;NA;NA;NA;NA;NA;NA;NA;NA;NA;NA;NA;NA;NA;NA;NA;NA;NA;NA;NA;NA;NA;NA;NA;NA;NA;NA;NA;NA;NA;NA;NA;NA;NA;NA;NA;NA;NA;NA;NA;NA;NA;NA;NA;NA;NA;NA;NA;NA;NA;NA;NA;NA;NA;NA;NA;NA;NA;NA;NA;NA;NA;NA;NA;NA;NA;NA;NA;NA;NA;NA;NA;NA;NA;NA;NA;NA;NA;NA
"32";2001;1;NA;NA;NA;NA;NA;NA;NA;NA;NA;NA;NA;NA;NA;NA;NA;NA;NA;NA;NA;NA;NA;NA;NA;NA;NA;NA;NA;NA;NA;NA;NA;NA;NA;NA;NA;NA;NA;NA;NA;NA;NA;NA;NA;NA;NA;NA;NA;NA;NA;NA;NA;NA;NA;NA;NA;NA;NA;NA;NA;NA;NA;NA;NA;NA;NA;NA;NA;NA;NA;NA;NA;NA;NA;NA;NA;NA;NA;NA;NA;NA;NA;NA;NA;NA;NA;NA;NA;NA;NA;NA;NA
"33";2001;1;NA;NA;NA;NA;NA;NA;NA;NA;NA;NA;NA;NA;NA;NA;NA;NA;NA;NA;NA;NA;NA;NA;NA;NA;NA;NA;NA;NA;NA;NA;NA;NA;NA;NA;NA;NA;NA;NA;NA;NA;NA;NA;NA;NA;NA;NA;NA;NA;NA;NA;NA;NA;NA;NA;NA;NA;NA;NA;NA;NA;NA;NA;NA;NA;NA;NA;NA;NA;NA;NA;NA;NA;NA;NA;NA;NA;NA;NA;NA;NA;NA;NA;NA;NA;NA;NA;NA;NA;NA;NA;NA
"34";2001;1;NA;NA;NA;NA;NA;NA;NA;NA;NA;NA;NA;NA;NA;NA;NA;NA;NA;NA;NA;NA;NA;NA;NA;NA;NA;NA;NA;NA;NA;NA;NA;NA;NA;NA;NA;NA;NA;NA;NA;NA;NA;NA;NA;NA;NA;NA;NA;NA;NA;NA;NA;NA;NA;NA;NA;NA;NA;NA;NA;NA;NA;NA;NA;NA;NA;NA;NA;NA;NA;NA;NA;NA;NA;NA;NA;NA;NA;NA;NA;NA;NA;NA;NA;NA;NA;NA;NA;NA;NA;NA;NA
"35";2001;1;NA;NA;NA;NA;NA;NA;NA;NA;NA;NA;NA;NA;NA;NA;NA;NA;NA;NA;NA;NA;NA;NA;NA;NA;NA;NA;NA;NA;NA;NA;NA;NA;NA;NA;NA;NA;NA;NA;NA;NA;NA;NA;NA;NA;NA;NA;NA;NA;NA;NA;NA;NA;NA;NA;NA;NA;NA;NA;NA;NA;NA;NA;NA;NA;NA;NA;NA;NA;NA;NA;NA;NA;NA;NA;NA;NA;NA;NA;NA;NA;NA;NA;NA;NA;NA;NA;NA;NA;NA;NA;NA
"36";2001;1;NA;NA;NA;NA;NA;NA;NA;NA;NA;NA;NA;NA;NA;NA;NA;NA;NA;NA;NA;NA;NA;NA;NA;NA;NA;NA;NA;NA;NA;NA;NA;NA;NA;NA;NA;NA;NA;NA;NA;NA;NA;NA;NA;NA;NA;NA;NA;NA;NA;NA;NA;NA;NA;NA;NA;NA;NA;NA;NA;NA;NA;NA;NA;NA;NA;NA;NA;NA;NA;NA;NA;NA;NA;NA;NA;NA;NA;NA;NA;NA;NA;NA;NA;NA;NA;NA;NA;NA;NA;NA;NA
"37";2001;1;NA;NA;NA;NA;NA;NA;NA;NA;NA;NA;NA;NA;NA;NA;NA;NA;NA;NA;NA;NA;NA;NA;NA;NA;NA;NA;NA;NA;NA;NA;NA;NA;NA;NA;NA;NA;NA;NA;NA;NA;NA;NA;NA;NA;NA;NA;NA;NA;NA;NA;NA;NA;NA;NA;NA;NA;NA;NA;NA;NA;NA;NA;NA;NA;NA;NA;NA;NA;NA;NA;NA;NA;NA;NA;NA;NA;NA;NA;NA;NA;NA;NA;NA;NA;NA;NA;NA;NA;NA;NA;NA
"38";2001;1;NA;NA;NA;NA;NA;NA;NA;NA;NA;NA;NA;NA;NA;NA;NA;NA;NA;NA;NA;NA;NA;NA;NA;NA;NA;NA;NA;NA;NA;NA;NA;NA;NA;NA;NA;NA;NA;NA;NA;NA;NA;NA;NA;NA;NA;NA;NA;NA;NA;NA;NA;NA;NA;NA;NA;NA;NA;NA;NA;NA;NA;NA;NA;NA;NA;NA;NA;NA;NA;NA;NA;NA;NA;NA;NA;NA;NA;NA;NA;NA;NA;NA;NA;NA;NA;NA;NA;NA;NA;NA;NA
"39";2001;1;NA;NA;NA;NA;NA;NA;NA;NA;NA;NA;NA;NA;NA;NA;NA;NA;NA;NA;NA;NA;NA;NA;NA;NA;NA;NA;NA;NA;NA;NA;NA;NA;NA;NA;NA;NA;NA;NA;NA;NA;NA;NA;NA;NA;NA;NA;NA;NA;NA;NA;NA;NA;NA;NA;NA;NA;NA;NA;NA;NA;NA;NA;NA;NA;NA;NA;NA;NA;NA;NA;NA;NA;NA;NA;NA;NA;NA;NA;NA;NA;NA;NA;NA;NA;NA;NA;NA;NA;NA;NA;NA
"40";2001;1;NA;NA;NA;NA;NA;NA;NA;NA;NA;NA;NA;NA;NA;NA;NA;NA;NA;NA;NA;NA;NA;NA;NA;NA;NA;NA;NA;NA;NA;NA;NA;NA;NA;NA;NA;NA;NA;NA;NA;NA;NA;NA;NA;NA;NA;NA;NA;NA;NA;NA;NA;NA;NA;NA;NA;NA;NA;NA;NA;NA;NA;NA;NA;NA;NA;NA;NA;NA;NA;NA;NA;NA;NA;NA;NA;NA;NA;NA;NA;NA;NA;NA;NA;NA;NA;NA;NA;NA;NA;NA;NA
"10";2001;2;3373;NA;23055;776;94342;NA;1136;NA;NA;NA;NA;36;42725;28836;13889;245;NA;309;NA;NA;1342;NA;45;NA;NA;NA;NA;NA;NA;NA;NA;NA;NA;NA;11865;NA;NA;NA;NA;NA;NA;NA;NA;NA;NA;NA;NA;NA;NA;NA;NA;NA;NA;6753;12;NA;50;NA;NA;NA;5;NA;51;NA;NA;NA;11;NA;0;NA;67;NA;6;7986;41211;28099;NA;NA;13112;NA;613;NA;NA;NA;21897;182695;NA;126062;NA;512;NA
"20";2001;2;1841;NA;19763;553;44807;NA;480;NA;NA;NA;NA;22;20411;14549;5862;184;NA;210;NA;NA;899;NA;23;NA;NA;NA;NA;NA;NA;NA;NA;NA;NA;NA;9971;NA;NA;NA;NA;NA;NA;NA;NA;NA;NA;NA;NA;NA;NA;NA;NA;NA;NA;4952;3;NA;18;NA;NA;NA;3;NA;11;NA;NA;NA;3;NA;1;NA;16;NA;0;4521;18275;10997;NA;NA;7278;NA;530;NA;NA;NA;12590;104908;NA;70555;NA;236;NA
"30";2001;2;5195;NA;85732;2204;120911;NA;5403;NA;NA;NA;NA;3;75773;67322;8451;806;NA;400;NA;NA;1017;NA;46;NA;NA;NA;NA;NA;NA;NA;NA;NA;NA;NA;47565;NA;NA;NA;NA;NA;NA;NA;NA;NA;NA;NA;NA;NA;NA;NA;NA;NA;NA;30808;10;NA;21;NA;NA;NA;7;NA;18;NA;NA;NA;13;NA;2;NA;60;NA;2;18711;21869;16701;NA;NA;5168;NA;1453;NA;NA;NA;46592;347046;NA;245058;NA;1659;NA
"99";2001;2;10409;NA;128550;3533;260060;NA;7019;NA;NA;NA;NA;61;138909;110707;28202;1235;NA;919;NA;NA;3258;NA;114;NA;NA;NA;NA;NA;NA;NA;NA;NA;NA;NA;69401;NA;NA;NA;NA;NA;NA;NA;NA;NA;NA;NA;NA;NA;NA;NA;NA;NA;NA;42513;25;NA;89;NA;NA;NA;15;NA;80;NA;NA;NA;27;NA;3;NA;143;NA;8;31218;81355;55797;NA;NA;25558;NA;2596;NA;NA;NA;81079;634649;NA;441675;NA;2407;NA
"31";2001;2;NA;NA;NA;NA;NA;NA;NA;NA;NA;NA;NA;NA;NA;NA;NA;NA;NA;NA;NA;NA;NA;NA;NA;NA;NA;NA;NA;NA;NA;NA;NA;NA;NA;NA;NA;NA;NA;NA;NA;NA;NA;NA;NA;NA;NA;NA;NA;NA;NA;NA;NA;NA;NA;NA;NA;NA;NA;NA;NA;NA;NA;NA;NA;NA;NA;NA;NA;NA;NA;NA;NA;NA;NA;NA;NA;NA;NA;NA;NA;NA;NA;NA;NA;NA;NA;NA;NA;NA;NA;NA;NA
"32";2001;2;NA;NA;NA;NA;NA;NA;NA;NA;NA;NA;NA;NA;NA;NA;NA;NA;NA;NA;NA;NA;NA;NA;NA;NA;NA;NA;NA;NA;NA;NA;NA;NA;NA;NA;NA;NA;NA;NA;NA;NA;NA;NA;NA;NA;NA;NA;NA;NA;NA;NA;NA;NA;NA;NA;NA;NA;NA;NA;NA;NA;NA;NA;NA;NA;NA;NA;NA;NA;NA;NA;NA;NA;NA;NA;NA;NA;NA;NA;NA;NA;NA;NA;NA;NA;NA;NA;NA;NA;NA;NA;NA
"33";2001;2;NA;NA;NA;NA;NA;NA;NA;NA;NA;NA;NA;NA;NA;NA;NA;NA;NA;NA;NA;NA;NA;NA;NA;NA;NA;NA;NA;NA;NA;NA;NA;NA;NA;NA;NA;NA;NA;NA;NA;NA;NA;NA;NA;NA;NA;NA;NA;NA;NA;NA;NA;NA;NA;NA;NA;NA;NA;NA;NA;NA;NA;NA;NA;NA;NA;NA;NA;NA;NA;NA;NA;NA;NA;NA;NA;NA;NA;NA;NA;NA;NA;NA;NA;NA;NA;NA;NA;NA;NA;NA;NA
"34";2001;2;NA;NA;NA;NA;NA;NA;NA;NA;NA;NA;NA;NA;NA;NA;NA;NA;NA;NA;NA;NA;NA;NA;NA;NA;NA;NA;NA;NA;NA;NA;NA;NA;NA;NA;NA;NA;NA;NA;NA;NA;NA;NA;NA;NA;NA;NA;NA;NA;NA;NA;NA;NA;NA;NA;NA;NA;NA;NA;NA;NA;NA;NA;NA;NA;NA;NA;NA;NA;NA;NA;NA;NA;NA;NA;NA;NA;NA;NA;NA;NA;NA;NA;NA;NA;NA;NA;NA;NA;NA;NA;NA
"35";2001;2;NA;NA;NA;NA;NA;NA;NA;NA;NA;NA;NA;NA;NA;NA;NA;NA;NA;NA;NA;NA;NA;NA;NA;NA;NA;NA;NA;NA;NA;NA;NA;NA;NA;NA;NA;NA;NA;NA;NA;NA;NA;NA;NA;NA;NA;NA;NA;NA;NA;NA;NA;NA;NA;NA;NA;NA;NA;NA;NA;NA;NA;NA;NA;NA;NA;NA;NA;NA;NA;NA;NA;NA;NA;NA;NA;NA;NA;NA;NA;NA;NA;NA;NA;NA;NA;NA;NA;NA;NA;NA;NA
"36";2001;2;NA;NA;NA;NA;NA;NA;NA;NA;NA;NA;NA;NA;NA;NA;NA;NA;NA;NA;NA;NA;NA;NA;NA;NA;NA;NA;NA;NA;NA;NA;NA;NA;NA;NA;NA;NA;NA;NA;NA;NA;NA;NA;NA;NA;NA;NA;NA;NA;NA;NA;NA;NA;NA;NA;NA;NA;NA;NA;NA;NA;NA;NA;NA;NA;NA;NA;NA;NA;NA;NA;NA;NA;NA;NA;NA;NA;NA;NA;NA;NA;NA;NA;NA;NA;NA;NA;NA;NA;NA;NA;NA
"37";2001;2;NA;NA;NA;NA;NA;NA;NA;NA;NA;NA;NA;NA;NA;NA;NA;NA;NA;NA;NA;NA;NA;NA;NA;NA;NA;NA;NA;NA;NA;NA;NA;NA;NA;NA;NA;NA;NA;NA;NA;NA;NA;NA;NA;NA;NA;NA;NA;NA;NA;NA;NA;NA;NA;NA;NA;NA;NA;NA;NA;NA;NA;NA;NA;NA;NA;NA;NA;NA;NA;NA;NA;NA;NA;NA;NA;NA;NA;NA;NA;NA;NA;NA;NA;NA;NA;NA;NA;NA;NA;NA;NA
"38";2001;2;NA;NA;NA;NA;NA;NA;NA;NA;NA;NA;NA;NA;NA;NA;NA;NA;NA;NA;NA;NA;NA;NA;NA;NA;NA;NA;NA;NA;NA;NA;NA;NA;NA;NA;NA;NA;NA;NA;NA;NA;NA;NA;NA;NA;NA;NA;NA;NA;NA;NA;NA;NA;NA;NA;NA;NA;NA;NA;NA;NA;NA;NA;NA;NA;NA;NA;NA;NA;NA;NA;NA;NA;NA;NA;NA;NA;NA;NA;NA;NA;NA;NA;NA;NA;NA;NA;NA;NA;NA;NA;NA
"39";2001;2;NA;NA;NA;NA;NA;NA;NA;NA;NA;NA;NA;NA;NA;NA;NA;NA;NA;NA;NA;NA;NA;NA;NA;NA;NA;NA;NA;NA;NA;NA;NA;NA;NA;NA;NA;NA;NA;NA;NA;NA;NA;NA;NA;NA;NA;NA;NA;NA;NA;NA;NA;NA;NA;NA;NA;NA;NA;NA;NA;NA;NA;NA;NA;NA;NA;NA;NA;NA;NA;NA;NA;NA;NA;NA;NA;NA;NA;NA;NA;NA;NA;NA;NA;NA;NA;NA;NA;NA;NA;NA;NA
"40";2001;2;NA;NA;NA;NA;NA;NA;NA;NA;NA;NA;NA;NA;NA;NA;NA;NA;NA;NA;NA;NA;NA;NA;NA;NA;NA;NA;NA;NA;NA;NA;NA;NA;NA;NA;NA;NA;NA;NA;NA;NA;NA;NA;NA;NA;NA;NA;NA;NA;NA;NA;NA;NA;NA;NA;NA;NA;NA;NA;NA;NA;NA;NA;NA;NA;NA;NA;NA;NA;NA;NA;NA;NA;NA;NA;NA;NA;NA;NA;NA;NA;NA;NA;NA;NA;NA;NA;NA;NA;NA;NA;NA
"10";2001;3;3249;NA;22240;815;94841;NA;1141;NA;NA;NA;NA;NA;43269;28643;14626;228;NA;345;NA;NA;1138;NA;58;NA;NA;NA;NA;NA;NA;NA;NA;NA;NA;NA;11723;NA;NA;NA;NA;NA;NA;NA;NA;NA;NA;NA;NA;NA;NA;NA;NA;NA;NA;6424;5;NA;34;NA;NA;NA;5;NA;64;NA;NA;NA;4;NA;4;NA;32;NA;5;6621;40913;27907;NA;NA;13006;NA;571;NA;NA;NA;21722;181289;NA;125461;NA;624;NA
"20";2001;3;1978;NA;19181;549;44677;NA;565;NA;NA;NA;NA;NA;20437;14701;5736;207;NA;200;NA;NA;736;NA;38;NA;NA;NA;NA;NA;NA;NA;NA;NA;NA;NA;10229;NA;NA;NA;NA;NA;NA;NA;NA;NA;NA;NA;NA;NA;NA;NA;NA;NA;NA;4689;2;NA;17;NA;NA;NA;0;NA;20;NA;NA;NA;4;NA;2;NA;31;NA;4;4146;18246;10805;NA;NA;7441;NA;513;NA;NA;NA;13213;113368;NA;69661;NA;283;NA
"30";2001;3;4612;NA;80519;2131;117439;NA;5543;NA;NA;NA;NA;NA;75091;66228;8863;903;NA;399;NA;NA;836;NA;58;NA;NA;NA;NA;NA;NA;NA;NA;NA;NA;NA;47028;NA;NA;NA;NA;NA;NA;NA;NA;NA;NA;NA;NA;NA;NA;NA;NA;NA;NA;28968;6;NA;35;NA;NA;NA;10;NA;26;NA;NA;NA;14;NA;1;NA;94;NA;7;14809;21288;16580;NA;NA;4708;NA;1167;NA;NA;NA;47214;358372;NA;234600;NA;1875;NA
"99";2001;3;9839;NA;121940;3495;256957;NA;7249;NA;NA;NA;NA;NA;138797;109572;29225;1338;NA;944;NA;NA;271;NA;154;NA;NA;NA;NA;NA;NA;NA;NA;NA;NA;NA;68980;NA;NA;NA;NA;NA;NA;NA;NA;NA;NA;NA;NA;NA;NA;NA;NA;NA;NA;40081;13;NA;86;NA;NA;NA;15;NA;110;NA;NA;NA;22;NA;7;NA;157;NA;16;25576;80447;55292;NA;NA;25155;NA;2251;NA;NA;NA;82149;653029;NA;429722;NA;2782;NA
"31";2001;3;NA;NA;NA;NA;NA;NA;NA;NA;NA;NA;NA;NA;NA;NA;NA;NA;NA;NA;NA;NA;NA;NA;NA;NA;NA;NA;NA;NA;NA;NA;NA;NA;NA;NA;NA;NA;NA;NA;NA;NA;NA;NA;NA;NA;NA;NA;NA;NA;NA;NA;NA;NA;NA;NA;NA;NA;NA;NA;NA;NA;NA;NA;NA;NA;NA;NA;NA;NA;NA;NA;NA;NA;NA;NA;NA;NA;NA;NA;NA;NA;NA;NA;NA;NA;NA;NA;NA;NA;NA;NA;NA
"32";2001;3;NA;NA;NA;NA;NA;NA;NA;NA;NA;NA;NA;NA;NA;NA;NA;NA;NA;NA;NA;NA;NA;NA;NA;NA;NA;NA;NA;NA;NA;NA;NA;NA;NA;NA;NA;NA;NA;NA;NA;NA;NA;NA;NA;NA;NA;NA;NA;NA;NA;NA;NA;NA;NA;NA;NA;NA;NA;NA;NA;NA;NA;NA;NA;NA;NA;NA;NA;NA;NA;NA;NA;NA;NA;NA;NA;NA;NA;NA;NA;NA;NA;NA;NA;NA;NA;NA;NA;NA;NA;NA;NA
"33";2001;3;NA;NA;NA;NA;NA;NA;NA;NA;NA;NA;NA;NA;NA;NA;NA;NA;NA;NA;NA;NA;NA;NA;NA;NA;NA;NA;NA;NA;NA;NA;NA;NA;NA;NA;NA;NA;NA;NA;NA;NA;NA;NA;NA;NA;NA;NA;NA;NA;NA;NA;NA;NA;NA;NA;NA;NA;NA;NA;NA;NA;NA;NA;NA;NA;NA;NA;NA;NA;NA;NA;NA;NA;NA;NA;NA;NA;NA;NA;NA;NA;NA;NA;NA;NA;NA;NA;NA;NA;NA;NA;NA
"34";2001;3;NA;NA;NA;NA;NA;NA;NA;NA;NA;NA;NA;NA;NA;NA;NA;NA;NA;NA;NA;NA;NA;NA;NA;NA;NA;NA;NA;NA;NA;NA;NA;NA;NA;NA;NA;NA;NA;NA;NA;NA;NA;NA;NA;NA;NA;NA;NA;NA;NA;NA;NA;NA;NA;NA;NA;NA;NA;NA;NA;NA;NA;NA;NA;NA;NA;NA;NA;NA;NA;NA;NA;NA;NA;NA;NA;NA;NA;NA;NA;NA;NA;NA;NA;NA;NA;NA;NA;NA;NA;NA;NA
"35";2001;3;NA;NA;NA;NA;NA;NA;NA;NA;NA;NA;NA;NA;NA;NA;NA;NA;NA;NA;NA;NA;NA;NA;NA;NA;NA;NA;NA;NA;NA;NA;NA;NA;NA;NA;NA;NA;NA;NA;NA;NA;NA;NA;NA;NA;NA;NA;NA;NA;NA;NA;NA;NA;NA;NA;NA;NA;NA;NA;NA;NA;NA;NA;NA;NA;NA;NA;NA;NA;NA;NA;NA;NA;NA;NA;NA;NA;NA;NA;NA;NA;NA;NA;NA;NA;NA;NA;NA;NA;NA;NA;NA
"36";2001;3;NA;NA;NA;NA;NA;NA;NA;NA;NA;NA;NA;NA;NA;NA;NA;NA;NA;NA;NA;NA;NA;NA;NA;NA;NA;NA;NA;NA;NA;NA;NA;NA;NA;NA;NA;NA;NA;NA;NA;NA;NA;NA;NA;NA;NA;NA;NA;NA;NA;NA;NA;NA;NA;NA;NA;NA;NA;NA;NA;NA;NA;NA;NA;NA;NA;NA;NA;NA;NA;NA;NA;NA;NA;NA;NA;NA;NA;NA;NA;NA;NA;NA;NA;NA;NA;NA;NA;NA;NA;NA;NA
"37";2001;3;NA;NA;NA;NA;NA;NA;NA;NA;NA;NA;NA;NA;NA;NA;NA;NA;NA;NA;NA;NA;NA;NA;NA;NA;NA;NA;NA;NA;NA;NA;NA;NA;NA;NA;NA;NA;NA;NA;NA;NA;NA;NA;NA;NA;NA;NA;NA;NA;NA;NA;NA;NA;NA;NA;NA;NA;NA;NA;NA;NA;NA;NA;NA;NA;NA;NA;NA;NA;NA;NA;NA;NA;NA;NA;NA;NA;NA;NA;NA;NA;NA;NA;NA;NA;NA;NA;NA;NA;NA;NA;NA
"38";2001;3;NA;NA;NA;NA;NA;NA;NA;NA;NA;NA;NA;NA;NA;NA;NA;NA;NA;NA;NA;NA;NA;NA;NA;NA;NA;NA;NA;NA;NA;NA;NA;NA;NA;NA;NA;NA;NA;NA;NA;NA;NA;NA;NA;NA;NA;NA;NA;NA;NA;NA;NA;NA;NA;NA;NA;NA;NA;NA;NA;NA;NA;NA;NA;NA;NA;NA;NA;NA;NA;NA;NA;NA;NA;NA;NA;NA;NA;NA;NA;NA;NA;NA;NA;NA;NA;NA;NA;NA;NA;NA;NA
"39";2001;3;NA;NA;NA;NA;NA;NA;NA;NA;NA;NA;NA;NA;NA;NA;NA;NA;NA;NA;NA;NA;NA;NA;NA;NA;NA;NA;NA;NA;NA;NA;NA;NA;NA;NA;NA;NA;NA;NA;NA;NA;NA;NA;NA;NA;NA;NA;NA;NA;NA;NA;NA;NA;NA;NA;NA;NA;NA;NA;NA;NA;NA;NA;NA;NA;NA;NA;NA;NA;NA;NA;NA;NA;NA;NA;NA;NA;NA;NA;NA;NA;NA;NA;NA;NA;NA;NA;NA;NA;NA;NA;NA
"40";2001;3;NA;NA;NA;NA;NA;NA;NA;NA;NA;NA;NA;NA;NA;NA;NA;NA;NA;NA;NA;NA;NA;NA;NA;NA;NA;NA;NA;NA;NA;NA;NA;NA;NA;NA;NA;NA;NA;NA;NA;NA;NA;NA;NA;NA;NA;NA;NA;NA;NA;NA;NA;NA;NA;NA;NA;NA;NA;NA;NA;NA;NA;NA;NA;NA;NA;NA;NA;NA;NA;NA;NA;NA;NA;NA;NA;NA;NA;NA;NA;NA;NA;NA;NA;NA;NA;NA;NA;NA;NA;NA;NA
"10";2001;4;3060;NA;23898;794;96128;NA;1077;NA;NA;NA;NA;NA;43822;30342;13480;258;NA;322;NA;NA;132;NA;64;NA;NA;NA;NA;NA;NA;NA;NA;NA;NA;NA;12503;NA;NA;NA;NA;NA;NA;NA;NA;NA;NA;NA;NA;NA;NA;NA;NA;NA;NA;6375;4;NA;37;NA;NA;NA;4;NA;59;NA;NA;NA;9;NA;2;NA;69;NA;2;6283;41247;28635;NA;NA;12612;NA;668;NA;NA;NA;22081;182313;NA;128272;NA;492;NA
"20";2001;4;1800;NA;20496;640;45823;NA;579;NA;NA;NA;NA;NA;21279;15909;5370;218;NA;218;NA;NA;803;NA;50;NA;NA;NA;NA;NA;NA;NA;NA;NA;NA;NA;11046;NA;NA;NA;NA;NA;NA;NA;NA;NA;NA;NA;NA;NA;NA;NA;NA;NA;NA;4496;1;NA;18;NA;NA;NA;13;NA;21;NA;NA;NA;4;NA;1;NA;25;NA;1;3864;18186;10603;NA;NA;7583;NA;531;NA;NA;NA;12482;115996;NA;72034;NA;282;NA
"30";2001;4;4747;NA;89413;2713;117886;NA;5494;NA;NA;NA;NA;NA;76717;68121;8596;890;NA;459;NA;NA;966;NA;57;NA;NA;NA;NA;NA;NA;NA;NA;NA;NA;NA;51867;NA;NA;NA;NA;NA;NA;NA;NA;NA;NA;NA;NA;NA;NA;NA;NA;NA;NA;28745;2;NA;40;NA;NA;NA;11;NA;20;NA;NA;NA;5;NA;0;NA;42;NA;6;14120;20112;15833;NA;NA;4279;NA;1304;NA;NA;NA;45955;372456;NA;244251;NA;1755;NA
"99";2001;4;9607;NA;133807;4147;259837;NA;7150;NA;NA;NA;NA;NA;141818;114372;27446;1366;NA;999;NA;NA;3089;NA;171;NA;NA;NA;NA;NA;NA;NA;NA;NA;NA;NA;75416;NA;NA;NA;NA;NA;NA;NA;NA;NA;NA;NA;NA;NA;NA;NA;NA;NA;NA;39616;7;NA;95;NA;NA;NA;28;NA;100;NA;NA;NA;18;NA;3;NA;136;NA;9;24267;79545;55071;NA;NA;24474;NA;2503;NA;NA;NA;80518;670765;NA;444557;NA;2529;NA
"31";2001;4;NA;NA;NA;NA;NA;NA;NA;NA;NA;NA;NA;NA;NA;NA;NA;NA;NA;NA;NA;NA;NA;NA;NA;NA;NA;NA;NA;NA;NA;NA;NA;NA;NA;NA;NA;NA;NA;NA;NA;NA;NA;NA;NA;NA;NA;NA;NA;NA;NA;NA;NA;NA;NA;NA;NA;NA;NA;NA;NA;NA;NA;NA;NA;NA;NA;NA;NA;NA;NA;NA;NA;NA;NA;NA;NA;NA;NA;NA;NA;NA;NA;NA;NA;NA;NA;NA;NA;NA;NA;NA;NA
"32";2001;4;NA;NA;NA;NA;NA;NA;NA;NA;NA;NA;NA;NA;NA;NA;NA;NA;NA;NA;NA;NA;NA;NA;NA;NA;NA;NA;NA;NA;NA;NA;NA;NA;NA;NA;NA;NA;NA;NA;NA;NA;NA;NA;NA;NA;NA;NA;NA;NA;NA;NA;NA;NA;NA;NA;NA;NA;NA;NA;NA;NA;NA;NA;NA;NA;NA;NA;NA;NA;NA;NA;NA;NA;NA;NA;NA;NA;NA;NA;NA;NA;NA;NA;NA;NA;NA;NA;NA;NA;NA;NA;NA
"33";2001;4;NA;NA;NA;NA;NA;NA;NA;NA;NA;NA;NA;NA;NA;NA;NA;NA;NA;NA;NA;NA;NA;NA;NA;NA;NA;NA;NA;NA;NA;NA;NA;NA;NA;NA;NA;NA;NA;NA;NA;NA;NA;NA;NA;NA;NA;NA;NA;NA;NA;NA;NA;NA;NA;NA;NA;NA;NA;NA;NA;NA;NA;NA;NA;NA;NA;NA;NA;NA;NA;NA;NA;NA;NA;NA;NA;NA;NA;NA;NA;NA;NA;NA;NA;NA;NA;NA;NA;NA;NA;NA;NA
"34";2001;4;NA;NA;NA;NA;NA;NA;NA;NA;NA;NA;NA;NA;NA;NA;NA;NA;NA;NA;NA;NA;NA;NA;NA;NA;NA;NA;NA;NA;NA;NA;NA;NA;NA;NA;NA;NA;NA;NA;NA;NA;NA;NA;NA;NA;NA;NA;NA;NA;NA;NA;NA;NA;NA;NA;NA;NA;NA;NA;NA;NA;NA;NA;NA;NA;NA;NA;NA;NA;NA;NA;NA;NA;NA;NA;NA;NA;NA;NA;NA;NA;NA;NA;NA;NA;NA;NA;NA;NA;NA;NA;NA
"35";2001;4;NA;NA;NA;NA;NA;NA;NA;NA;NA;NA;NA;NA;NA;NA;NA;NA;NA;NA;NA;NA;NA;NA;NA;NA;NA;NA;NA;NA;NA;NA;NA;NA;NA;NA;NA;NA;NA;NA;NA;NA;NA;NA;NA;NA;NA;NA;NA;NA;NA;NA;NA;NA;NA;NA;NA;NA;NA;NA;NA;NA;NA;NA;NA;NA;NA;NA;NA;NA;NA;NA;NA;NA;NA;NA;NA;NA;NA;NA;NA;NA;NA;NA;NA;NA;NA;NA;NA;NA;NA;NA;NA
"36";2001;4;NA;NA;NA;NA;NA;NA;NA;NA;NA;NA;NA;NA;NA;NA;NA;NA;NA;NA;NA;NA;NA;NA;NA;NA;NA;NA;NA;NA;NA;NA;NA;NA;NA;NA;NA;NA;NA;NA;NA;NA;NA;NA;NA;NA;NA;NA;NA;NA;NA;NA;NA;NA;NA;NA;NA;NA;NA;NA;NA;NA;NA;NA;NA;NA;NA;NA;NA;NA;NA;NA;NA;NA;NA;NA;NA;NA;NA;NA;NA;NA;NA;NA;NA;NA;NA;NA;NA;NA;NA;NA;NA
"37";2001;4;NA;NA;NA;NA;NA;NA;NA;NA;NA;NA;NA;NA;NA;NA;NA;NA;NA;NA;NA;NA;NA;NA;NA;NA;NA;NA;NA;NA;NA;NA;NA;NA;NA;NA;NA;NA;NA;NA;NA;NA;NA;NA;NA;NA;NA;NA;NA;NA;NA;NA;NA;NA;NA;NA;NA;NA;NA;NA;NA;NA;NA;NA;NA;NA;NA;NA;NA;NA;NA;NA;NA;NA;NA;NA;NA;NA;NA;NA;NA;NA;NA;NA;NA;NA;NA;NA;NA;NA;NA;NA;NA
"38";2001;4;NA;NA;NA;NA;NA;NA;NA;NA;NA;NA;NA;NA;NA;NA;NA;NA;NA;NA;NA;NA;NA;NA;NA;NA;NA;NA;NA;NA;NA;NA;NA;NA;NA;NA;NA;NA;NA;NA;NA;NA;NA;NA;NA;NA;NA;NA;NA;NA;NA;NA;NA;NA;NA;NA;NA;NA;NA;NA;NA;NA;NA;NA;NA;NA;NA;NA;NA;NA;NA;NA;NA;NA;NA;NA;NA;NA;NA;NA;NA;NA;NA;NA;NA;NA;NA;NA;NA;NA;NA;NA;NA
"39";2001;4;NA;NA;NA;NA;NA;NA;NA;NA;NA;NA;NA;NA;NA;NA;NA;NA;NA;NA;NA;NA;NA;NA;NA;NA;NA;NA;NA;NA;NA;NA;NA;NA;NA;NA;NA;NA;NA;NA;NA;NA;NA;NA;NA;NA;NA;NA;NA;NA;NA;NA;NA;NA;NA;NA;NA;NA;NA;NA;NA;NA;NA;NA;NA;NA;NA;NA;NA;NA;NA;NA;NA;NA;NA;NA;NA;NA;NA;NA;NA;NA;NA;NA;NA;NA;NA;NA;NA;NA;NA;NA;NA
"40";2001;4;NA;NA;NA;NA;NA;NA;NA;NA;NA;NA;NA;NA;NA;NA;NA;NA;NA;NA;NA;NA;NA;NA;NA;NA;NA;NA;NA;NA;NA;NA;NA;NA;NA;NA;NA;NA;NA;NA;NA;NA;NA;NA;NA;NA;NA;NA;NA;NA;NA;NA;NA;NA;NA;NA;NA;NA;NA;NA;NA;NA;NA;NA;NA;NA;NA;NA;NA;NA;NA;NA;NA;NA;NA;NA;NA;NA;NA;NA;NA;NA;NA;NA;NA;NA;NA;NA;NA;NA;NA;NA;NA
"10";2002;1;2932;NA;23071;793;95694;NA;1064;NA;NA;NA;NA;63;43115;29778;13337;210;NA;325;NA;NA;1295;NA;54;NA;NA;NA;NA;NA;NA;NA;NA;NA;NA;NA;NA;4896;NA;NA;7068;NA;NA;572;668;112;6475;1476;NA;NA;NA;NA;NA;NA;NA;6011;3;NA;40;NA;NA;NA;13;NA;79;NA;NA;NA;2;NA;0;NA;43;NA;3;5964;42013;29707;NA;NA;12306;NA;695;NA;7338;587;20260;169459;NA;126633;NA;483;NA
"20";2002;1;1777;NA;19899;612;43355;NA;535;NA;NA;NA;NA;27;20202;14689;5513;162;NA;224;NA;NA;905;NA;33;NA;NA;NA;NA;NA;NA;NA;NA;NA;NA;NA;NA;3751;NA;NA;6250;NA;NA;281;353;56;3543;813;NA;NA;NA;NA;NA;NA;NA;4341;0;NA;18;NA;NA;NA;4;NA;38;NA;NA;NA;3;NA;1;NA;29;NA;0;3782;17215;10000;NA;NA;7215;NA;593;NA;7289;1044;12144;101985;NA;68742;NA;253;NA
"30";2002;1;4825;NA;85025;2181;117704;NA;5430;NA;NA;NA;NA;20;76949;68215;8733;751;NA;449;NA;NA;948;NA;58;NA;NA;NA;NA;NA;NA;NA;NA;NA;NA;NA;NA;18225;NA;NA;29657;NA;NA;568;1097;214;12273;5325;NA;NA;NA;NA;NA;NA;NA;27351;8;NA;34;NA;NA;NA;10;NA;22;NA;NA;NA;17;NA;2;NA;58;NA;1;12791;19881;15793;NA;NA;4088;NA;1314;NA;50890;1881;40692;311827;NA;237691;NA;1958;NA
"99";2002;1;9534;NA;127995;3586;256753;NA;7029;NA;NA;NA;NA;110;140266;112683;27583;1123;NA;998;NA;NA;3148;NA;145;NA;NA;NA;NA;NA;NA;NA;NA;NA;NA;NA;NA;26872;NA;NA;42975;NA;NA;1421;2118;382;22291;7614;NA;NA;NA;NA;NA;NA;NA;37703;11;NA;92;NA;NA;NA;27;NA;139;NA;NA;NA;22;NA;3;NA;130;NA;4;22537;79109;55500;NA;NA;23609;NA;2602;NA;65517;3512;73069;583271;NA;433066;NA;2694;NA
"31";2002;1;NA;NA;NA;NA;NA;NA;NA;NA;NA;NA;NA;NA;NA;NA;NA;NA;NA;NA;NA;NA;NA;NA;NA;NA;NA;NA;NA;NA;NA;NA;NA;NA;NA;NA;NA;NA;NA;NA;NA;NA;NA;NA;NA;NA;NA;NA;NA;NA;NA;NA;NA;NA;NA;NA;NA;NA;NA;NA;NA;NA;NA;NA;NA;NA;NA;NA;NA;NA;NA;NA;NA;NA;NA;NA;NA;NA;NA;NA;NA;NA;NA;NA;NA;NA;NA;NA;NA;NA;NA;NA;NA
"32";2002;1;NA;NA;NA;NA;NA;NA;NA;NA;NA;NA;NA;NA;NA;NA;NA;NA;NA;NA;NA;NA;NA;NA;NA;NA;NA;NA;NA;NA;NA;NA;NA;NA;NA;NA;NA;NA;NA;NA;NA;NA;NA;NA;NA;NA;NA;NA;NA;NA;NA;NA;NA;NA;NA;NA;NA;NA;NA;NA;NA;NA;NA;NA;NA;NA;NA;NA;NA;NA;NA;NA;NA;NA;NA;NA;NA;NA;NA;NA;NA;NA;NA;NA;NA;NA;NA;NA;NA;NA;NA;NA;NA
"33";2002;1;NA;NA;NA;NA;NA;NA;NA;NA;NA;NA;NA;NA;NA;NA;NA;NA;NA;NA;NA;NA;NA;NA;NA;NA;NA;NA;NA;NA;NA;NA;NA;NA;NA;NA;NA;NA;NA;NA;NA;NA;NA;NA;NA;NA;NA;NA;NA;NA;NA;NA;NA;NA;NA;NA;NA;NA;NA;NA;NA;NA;NA;NA;NA;NA;NA;NA;NA;NA;NA;NA;NA;NA;NA;NA;NA;NA;NA;NA;NA;NA;NA;NA;NA;NA;NA;NA;NA;NA;NA;NA;NA
"34";2002;1;NA;NA;NA;NA;NA;NA;NA;NA;NA;NA;NA;NA;NA;NA;NA;NA;NA;NA;NA;NA;NA;NA;NA;NA;NA;NA;NA;NA;NA;NA;NA;NA;NA;NA;NA;NA;NA;NA;NA;NA;NA;NA;NA;NA;NA;NA;NA;NA;NA;NA;NA;NA;NA;NA;NA;NA;NA;NA;NA;NA;NA;NA;NA;NA;NA;NA;NA;NA;NA;NA;NA;NA;NA;NA;NA;NA;NA;NA;NA;NA;NA;NA;NA;NA;NA;NA;NA;NA;NA;NA;NA
"35";2002;1;NA;NA;NA;NA;NA;NA;NA;NA;NA;NA;NA;NA;NA;NA;NA;NA;NA;NA;NA;NA;NA;NA;NA;NA;NA;NA;NA;NA;NA;NA;NA;NA;NA;NA;NA;NA;NA;NA;NA;NA;NA;NA;NA;NA;NA;NA;NA;NA;NA;NA;NA;NA;NA;NA;NA;NA;NA;NA;NA;NA;NA;NA;NA;NA;NA;NA;NA;NA;NA;NA;NA;NA;NA;NA;NA;NA;NA;NA;NA;NA;NA;NA;NA;NA;NA;NA;NA;NA;NA;NA;NA
"36";2002;1;NA;NA;NA;NA;NA;NA;NA;NA;NA;NA;NA;NA;NA;NA;NA;NA;NA;NA;NA;NA;NA;NA;NA;NA;NA;NA;NA;NA;NA;NA;NA;NA;NA;NA;NA;NA;NA;NA;NA;NA;NA;NA;NA;NA;NA;NA;NA;NA;NA;NA;NA;NA;NA;NA;NA;NA;NA;NA;NA;NA;NA;NA;NA;NA;NA;NA;NA;NA;NA;NA;NA;NA;NA;NA;NA;NA;NA;NA;NA;NA;NA;NA;NA;NA;NA;NA;NA;NA;NA;NA;NA
"37";2002;1;NA;NA;NA;NA;NA;NA;NA;NA;NA;NA;NA;NA;NA;NA;NA;NA;NA;NA;NA;NA;NA;NA;NA;NA;NA;NA;NA;NA;NA;NA;NA;NA;NA;NA;NA;NA;NA;NA;NA;NA;NA;NA;NA;NA;NA;NA;NA;NA;NA;NA;NA;NA;NA;NA;NA;NA;NA;NA;NA;NA;NA;NA;NA;NA;NA;NA;NA;NA;NA;NA;NA;NA;NA;NA;NA;NA;NA;NA;NA;NA;NA;NA;NA;NA;NA;NA;NA;NA;NA;NA;NA
"38";2002;1;NA;NA;NA;NA;NA;NA;NA;NA;NA;NA;NA;NA;NA;NA;NA;NA;NA;NA;NA;NA;NA;NA;NA;NA;NA;NA;NA;NA;NA;NA;NA;NA;NA;NA;NA;NA;NA;NA;NA;NA;NA;NA;NA;NA;NA;NA;NA;NA;NA;NA;NA;NA;NA;NA;NA;NA;NA;NA;NA;NA;NA;NA;NA;NA;NA;NA;NA;NA;NA;NA;NA;NA;NA;NA;NA;NA;NA;NA;NA;NA;NA;NA;NA;NA;NA;NA;NA;NA;NA;NA;NA
"39";2002;1;NA;NA;NA;NA;NA;NA;NA;NA;NA;NA;NA;NA;NA;NA;NA;NA;NA;NA;NA;NA;NA;NA;NA;NA;NA;NA;NA;NA;NA;NA;NA;NA;NA;NA;NA;NA;NA;NA;NA;NA;NA;NA;NA;NA;NA;NA;NA;NA;NA;NA;NA;NA;NA;NA;NA;NA;NA;NA;NA;NA;NA;NA;NA;NA;NA;NA;NA;NA;NA;NA;NA;NA;NA;NA;NA;NA;NA;NA;NA;NA;NA;NA;NA;NA;NA;NA;NA;NA;NA;NA;NA
"40";2002;1;NA;NA;NA;NA;NA;NA;NA;NA;NA;NA;NA;NA;NA;NA;NA;NA;NA;NA;NA;NA;NA;NA;NA;NA;NA;NA;NA;NA;NA;NA;NA;NA;NA;NA;NA;NA;NA;NA;NA;NA;NA;NA;NA;NA;NA;NA;NA;NA;NA;NA;NA;NA;NA;NA;NA;NA;NA;NA;NA;NA;NA;NA;NA;NA;NA;NA;NA;NA;NA;NA;NA;NA;NA;NA;NA;NA;NA;NA;NA;NA;NA;NA;NA;NA;NA;NA;NA;NA;NA;NA;NA
"10";2002;3;2947;NA;23860;815;94701;NA;1399;NA;NA;NA;NA;46;NA;32419;12733;212;NA;289;NA;NA;1039;NA;40;NA;NA;NA;NA;NA;NA;NA;NA;NA;NA;NA;NA;5452;NA;NA;7135;NA;NA;520;685;39;6401;2020;NA;NA;NA;NA;NA;6353;NA;NA;2;NA;52;NA;NA;NA;6;NA;66;NA;NA;NA;6;NA;1;NA;47;NA;6;6011;NA;29036;NA;NA;10685;NA;575;NA;8245;659;21733;171073;NA;127128;NA;883;NA
"20";2002;3;2002;NA;19925;608;42376;NA;666;NA;NA;NA;NA;15;NA;15475;5342;191;NA;196;NA;NA;763;NA;21;NA;NA;NA;NA;NA;NA;NA;NA;NA;NA;NA;NA;3863;NA;NA;6058;NA;NA;244;322;57;3585;1247;NA;NA;NA;NA;NA;5117;NA;NA;1;NA;13;NA;NA;NA;5;NA;53;NA;NA;NA;2;NA;0;NA;13;NA;0;4371;NA;9735;NA;NA;5678;NA;498;NA;7782;1422;13628;102901;NA;68692;NA;365;NA
"30";2002;3;4442;NA;84429;2171;112930;NA;5360;NA;NA;NA;NA;9;NA;65357;7893;846;NA;439;NA;NA;907;NA;45;NA;NA;NA;NA;NA;NA;NA;NA;NA;NA;NA;NA;19880;NA;NA;28437;NA;NA;394;827;239;10210;6906;NA;NA;NA;NA;NA;29319;NA;NA;15;NA;42;NA;NA;NA;9;NA;29;NA;NA;NA;9;NA;1;NA;29;NA;4;12232;NA;14217;NA;NA;3509;NA;1206;NA;52444;1723;43900;306765;NA;234209;NA;2021;NA
"99";2002;3;9391;NA;128214;3594;250007;NA;7425;NA;NA;NA;NA;70;NA;113251;25968;1249;NA;924;NA;NA;2709;NA;106;NA;NA;NA;NA;NA;NA;NA;NA;NA;NA;NA;NA;29195;NA;NA;41630;NA;NA;1158;1834;335;20196;10173;NA;NA;NA;NA;NA;40789;NA;NA;18;NA;107;NA;NA;NA;20;NA;148;NA;NA;NA;17;NA;2;NA;89;NA;10;22614;NA;52988;NA;NA;19872;NA;2279;NA;68471;3804;79261;580739;NA;430029;NA;3269;NA
"31";2002;3;NA;NA;NA;NA;NA;NA;NA;NA;NA;NA;NA;NA;NA;NA;NA;NA;NA;NA;NA;NA;NA;NA;NA;NA;NA;NA;NA;NA;NA;NA;NA;NA;NA;NA;NA;NA;NA;NA;NA;NA;NA;NA;NA;NA;NA;NA;NA;NA;NA;NA;NA;NA;NA;NA;NA;NA;NA;NA;NA;NA;NA;NA;NA;NA;NA;NA;NA;NA;NA;NA;NA;NA;NA;NA;NA;NA;NA;NA;NA;NA;NA;NA;NA;NA;NA;NA;NA;NA;NA;NA;NA
"32";2002;3;NA;NA;NA;NA;NA;NA;NA;NA;NA;NA;NA;NA;NA;NA;NA;NA;NA;NA;NA;NA;NA;NA;NA;NA;NA;NA;NA;NA;NA;NA;NA;NA;NA;NA;NA;NA;NA;NA;NA;NA;NA;NA;NA;NA;NA;NA;NA;NA;NA;NA;NA;NA;NA;NA;NA;NA;NA;NA;NA;NA;NA;NA;NA;NA;NA;NA;NA;NA;NA;NA;NA;NA;NA;NA;NA;NA;NA;NA;NA;NA;NA;NA;NA;NA;NA;NA;NA;NA;NA;NA;NA
"33";2002;3;NA;NA;NA;NA;NA;NA;NA;NA;NA;NA;NA;NA;NA;NA;NA;NA;NA;NA;NA;NA;NA;NA;NA;NA;NA;NA;NA;NA;NA;NA;NA;NA;NA;NA;NA;NA;NA;NA;NA;NA;NA;NA;NA;NA;NA;NA;NA;NA;NA;NA;NA;NA;NA;NA;NA;NA;NA;NA;NA;NA;NA;NA;NA;NA;NA;NA;NA;NA;NA;NA;NA;NA;NA;NA;NA;NA;NA;NA;NA;NA;NA;NA;NA;NA;NA;NA;NA;NA;NA;NA;NA
"34";2002;3;NA;NA;NA;NA;NA;NA;NA;NA;NA;NA;NA;NA;NA;NA;NA;NA;NA;NA;NA;NA;NA;NA;NA;NA;NA;NA;NA;NA;NA;NA;NA;NA;NA;NA;NA;NA;NA;NA;NA;NA;NA;NA;NA;NA;NA;NA;NA;NA;NA;NA;NA;NA;NA;NA;NA;NA;NA;NA;NA;NA;NA;NA;NA;NA;NA;NA;NA;NA;NA;NA;NA;NA;NA;NA;NA;NA;NA;NA;NA;NA;NA;NA;NA;NA;NA;NA;NA;NA;NA;NA;NA
"35";2002;3;NA;NA;NA;NA;NA;NA;NA;NA;NA;NA;NA;NA;NA;NA;NA;NA;NA;NA;NA;NA;NA;NA;NA;NA;NA;NA;NA;NA;NA;NA;NA;NA;NA;NA;NA;NA;NA;NA;NA;NA;NA;NA;NA;NA;NA;NA;NA;NA;NA;NA;NA;NA;NA;NA;NA;NA;NA;NA;NA;NA;NA;NA;NA;NA;NA;NA;NA;NA;NA;NA;NA;NA;NA;NA;NA;NA;NA;NA;NA;NA;NA;NA;NA;NA;NA;NA;NA;NA;NA;NA;NA
"36";2002;3;NA;NA;NA;NA;NA;NA;NA;NA;NA;NA;NA;NA;NA;NA;NA;NA;NA;NA;NA;NA;NA;NA;NA;NA;NA;NA;NA;NA;NA;NA;NA;NA;NA;NA;NA;NA;NA;NA;NA;NA;NA;NA;NA;NA;NA;NA;NA;NA;NA;NA;NA;NA;NA;NA;NA;NA;NA;NA;NA;NA;NA;NA;NA;NA;NA;NA;NA;NA;NA;NA;NA;NA;NA;NA;NA;NA;NA;NA;NA;NA;NA;NA;NA;NA;NA;NA;NA;NA;NA;NA;NA
"37";2002;3;NA;NA;NA;NA;NA;NA;NA;NA;NA;NA;NA;NA;NA;NA;NA;NA;NA;NA;NA;NA;NA;NA;NA;NA;NA;NA;NA;NA;NA;NA;NA;NA;NA;NA;NA;NA;NA;NA;NA;NA;NA;NA;NA;NA;NA;NA;NA;NA;NA;NA;NA;NA;NA;NA;NA;NA;NA;NA;NA;NA;NA;NA;NA;NA;NA;NA;NA;NA;NA;NA;NA;NA;NA;NA;NA;NA;NA;NA;NA;NA;NA;NA;NA;NA;NA;NA;NA;NA;NA;NA;NA
"38";2002;3;NA;NA;NA;NA;NA;NA;NA;NA;NA;NA;NA;NA;NA;NA;NA;NA;NA;NA;NA;NA;NA;NA;NA;NA;NA;NA;NA;NA;NA;NA;NA;NA;NA;NA;NA;NA;NA;NA;NA;NA;NA;NA;NA;NA;NA;NA;NA;NA;NA;NA;NA;NA;NA;NA;NA;NA;NA;NA;NA;NA;NA;NA;NA;NA;NA;NA;NA;NA;NA;NA;NA;NA;NA;NA;NA;NA;NA;NA;NA;NA;NA;NA;NA;NA;NA;NA;NA;NA;NA;NA;NA
"39";2002;3;NA;NA;NA;NA;NA;NA;NA;NA;NA;NA;NA;NA;NA;NA;NA;NA;NA;NA;NA;NA;NA;NA;NA;NA;NA;NA;NA;NA;NA;NA;NA;NA;NA;NA;NA;NA;NA;NA;NA;NA;NA;NA;NA;NA;NA;NA;NA;NA;NA;NA;NA;NA;NA;NA;NA;NA;NA;NA;NA;NA;NA;NA;NA;NA;NA;NA;NA;NA;NA;NA;NA;NA;NA;NA;NA;NA;NA;NA;NA;NA;NA;NA;NA;NA;NA;NA;NA;NA;NA;NA;NA
"40";2002;3;NA;NA;NA;NA;NA;NA;NA;NA;NA;NA;NA;NA;NA;NA;NA;NA;NA;NA;NA;NA;NA;NA;NA;NA;NA;NA;NA;NA;NA;NA;NA;NA;NA;NA;NA;NA;NA;NA;NA;NA;NA;NA;NA;NA;NA;NA;NA;NA;NA;NA;NA;NA;NA;NA;NA;NA;NA;NA;NA;NA;NA;NA;NA;NA;NA;NA;NA;NA;NA;NA;NA;NA;NA;NA;NA;NA;NA;NA;NA;NA;NA;NA;NA;NA;NA;NA;NA;NA;NA;NA;NA
"10";2002;4;2956;NA;28580;963;99644;NA;1315;NA;NA;NA;NA;26;NA;34684;12840;232;NA;340;NA;NA;1159;NA;36;NA;NA;NA;NA;NA;NA;NA;NA;NA;NA;NA;NA;6061;NA;NA;9286;NA;NA;501;597;43;6278;1585;NA;NA;NA;NA;NA;7455;NA;NA;1;NA;32;NA;NA;NA;3;NA;77;NA;NA;NA;2;NA;2;NA;55;NA;6;5532;NA;30427;NA;NA;10419;NA;749;NA;9226;653;22012;176488;NA;137957;NA;802;NA
"20";2002;4;1741;NA;22977;670;44419;NA;555;NA;NA;NA;NA;19;NA;16967;5247;205;NA;221;NA;NA;795;NA;25;NA;NA;NA;NA;NA;NA;NA;NA;NA;NA;NA;NA;4388;NA;NA;7409;NA;NA;262;360;41;3434;995;NA;NA;NA;NA;NA;5026;NA;NA;4;NA;22;NA;NA;NA;5;NA;48;NA;NA;NA;0;NA;2;NA;24;NA;1;3941;NA;10084;NA;NA;5849;NA;555;NA;8669;1289;14635;106707;NA;73647;NA;316;NA
"30";2002;4;4599;NA;98965;2541;124244;NA;5401;NA;NA;NA;NA;7;NA;73441;8386;936;NA;479;NA;NA;1025;NA;53;NA;NA;NA;NA;NA;NA;NA;NA;NA;NA;NA;NA;21336;NA;NA;34867;NA;NA;476;945;253;10812;6208;NA;NA;NA;NA;NA;30648;NA;NA;4;NA;35;NA;NA;NA;2;NA;34;NA;NA;NA;11;NA;2;NA;53;NA;8;12170;NA;15411;NA;NA;3736;NA;1482;NA;58867;2194;45130;333346;NA;261799;NA;2034;NA
"99";2002;4;9296;NA;150522;4174;268307;NA;7271;NA;NA;NA;NA;52;NA;125092;26473;1373;NA;1040;NA;NA;2979;NA;114;NA;NA;NA;NA;NA;NA;NA;NA;NA;NA;NA;NA;31785;NA;NA;51562;NA;NA;1239;1902;337;20524;8788;NA;NA;NA;NA;NA;43129;NA;NA;9;NA;89;NA;NA;NA;10;NA;159;NA;NA;NA;13;NA;6;NA;132;NA;15;21643;NA;55922;NA;NA;20004;NA;2786;NA;76762;4136;81777;616541;NA;473403;NA;3152;NA
"31";2002;4;NA;NA;NA;NA;NA;NA;NA;NA;NA;NA;NA;NA;NA;NA;NA;NA;NA;NA;NA;NA;NA;NA;NA;NA;NA;NA;NA;NA;NA;NA;NA;NA;NA;NA;NA;NA;NA;NA;NA;NA;NA;NA;NA;NA;NA;NA;NA;NA;NA;NA;NA;NA;NA;NA;NA;NA;NA;NA;NA;NA;NA;NA;NA;NA;NA;NA;NA;NA;NA;NA;NA;NA;NA;NA;NA;NA;NA;NA;NA;NA;NA;NA;NA;NA;NA;NA;NA;NA;NA;NA;NA
"32";2002;4;NA;NA;NA;NA;NA;NA;NA;NA;NA;NA;NA;NA;NA;NA;NA;NA;NA;NA;NA;NA;NA;NA;NA;NA;NA;NA;NA;NA;NA;NA;NA;NA;NA;NA;NA;NA;NA;NA;NA;NA;NA;NA;NA;NA;NA;NA;NA;NA;NA;NA;NA;NA;NA;NA;NA;NA;NA;NA;NA;NA;NA;NA;NA;NA;NA;NA;NA;NA;NA;NA;NA;NA;NA;NA;NA;NA;NA;NA;NA;NA;NA;NA;NA;NA;NA;NA;NA;NA;NA;NA;NA
"33";2002;4;NA;NA;NA;NA;NA;NA;NA;NA;NA;NA;NA;NA;NA;NA;NA;NA;NA;NA;NA;NA;NA;NA;NA;NA;NA;NA;NA;NA;NA;NA;NA;NA;NA;NA;NA;NA;NA;NA;NA;NA;NA;NA;NA;NA;NA;NA;NA;NA;NA;NA;NA;NA;NA;NA;NA;NA;NA;NA;NA;NA;NA;NA;NA;NA;NA;NA;NA;NA;NA;NA;NA;NA;NA;NA;NA;NA;NA;NA;NA;NA;NA;NA;NA;NA;NA;NA;NA;NA;NA;NA;NA
"34";2002;4;NA;NA;NA;NA;NA;NA;NA;NA;NA;NA;NA;NA;NA;NA;NA;NA;NA;NA;NA;NA;NA;NA;NA;NA;NA;NA;NA;NA;NA;NA;NA;NA;NA;NA;NA;NA;NA;NA;NA;NA;NA;NA;NA;NA;NA;NA;NA;NA;NA;NA;NA;NA;NA;NA;NA;NA;NA;NA;NA;NA;NA;NA;NA;NA;NA;NA;NA;NA;NA;NA;NA;NA;NA;NA;NA;NA;NA;NA;NA;NA;NA;NA;NA;NA;NA;NA;NA;NA;NA;NA;NA
"35";2002;4;NA;NA;NA;NA;NA;NA;NA;NA;NA;NA;NA;NA;NA;NA;NA;NA;NA;NA;NA;NA;NA;NA;NA;NA;NA;NA;NA;NA;NA;NA;NA;NA;NA;NA;NA;NA;NA;NA;NA;NA;NA;NA;NA;NA;NA;NA;NA;NA;NA;NA;NA;NA;NA;NA;NA;NA;NA;NA;NA;NA;NA;NA;NA;NA;NA;NA;NA;NA;NA;NA;NA;NA;NA;NA;NA;NA;NA;NA;NA;NA;NA;NA;NA;NA;NA;NA;NA;NA;NA;NA;NA
"36";2002;4;NA;NA;NA;NA;NA;NA;NA;NA;NA;NA;NA;NA;NA;NA;NA;NA;NA;NA;NA;NA;NA;NA;NA;NA;NA;NA;NA;NA;NA;NA;NA;NA;NA;NA;NA;NA;NA;NA;NA;NA;NA;NA;NA;NA;NA;NA;NA;NA;NA;NA;NA;NA;NA;NA;NA;NA;NA;NA;NA;NA;NA;NA;NA;NA;NA;NA;NA;NA;NA;NA;NA;NA;NA;NA;NA;NA;NA;NA;NA;NA;NA;NA;NA;NA;NA;NA;NA;NA;NA;NA;NA
"37";2002;4;NA;NA;NA;NA;NA;NA;NA;NA;NA;NA;NA;NA;NA;NA;NA;NA;NA;NA;NA;NA;NA;NA;NA;NA;NA;NA;NA;NA;NA;NA;NA;NA;NA;NA;NA;NA;NA;NA;NA;NA;NA;NA;NA;NA;NA;NA;NA;NA;NA;NA;NA;NA;NA;NA;NA;NA;NA;NA;NA;NA;NA;NA;NA;NA;NA;NA;NA;NA;NA;NA;NA;NA;NA;NA;NA;NA;NA;NA;NA;NA;NA;NA;NA;NA;NA;NA;NA;NA;NA;NA;NA
"38";2002;4;NA;NA;NA;NA;NA;NA;NA;NA;NA;NA;NA;NA;NA;NA;NA;NA;NA;NA;NA;NA;NA;NA;NA;NA;NA;NA;NA;NA;NA;NA;NA;NA;NA;NA;NA;NA;NA;NA;NA;NA;NA;NA;NA;NA;NA;NA;NA;NA;NA;NA;NA;NA;NA;NA;NA;NA;NA;NA;NA;NA;NA;NA;NA;NA;NA;NA;NA;NA;NA;NA;NA;NA;NA;NA;NA;NA;NA;NA;NA;NA;NA;NA;NA;NA;NA;NA;NA;NA;NA;NA;NA
"39";2002;4;NA;NA;NA;NA;NA;NA;NA;NA;NA;NA;NA;NA;NA;NA;NA;NA;NA;NA;NA;NA;NA;NA;NA;NA;NA;NA;NA;NA;NA;NA;NA;NA;NA;NA;NA;NA;NA;NA;NA;NA;NA;NA;NA;NA;NA;NA;NA;NA;NA;NA;NA;NA;NA;NA;NA;NA;NA;NA;NA;NA;NA;NA;NA;NA;NA;NA;NA;NA;NA;NA;NA;NA;NA;NA;NA;NA;NA;NA;NA;NA;NA;NA;NA;NA;NA;NA;NA;NA;NA;NA;NA
"40";2002;4;NA;NA;NA;NA;NA;NA;NA;NA;NA;NA;NA;NA;NA;NA;NA;NA;NA;NA;NA;NA;NA;NA;NA;NA;NA;NA;NA;NA;NA;NA;NA;NA;NA;NA;NA;NA;NA;NA;NA;NA;NA;NA;NA;NA;NA;NA;NA;NA;NA;NA;NA;NA;NA;NA;NA;NA;NA;NA;NA;NA;NA;NA;NA;NA;NA;NA;NA;NA;NA;NA;NA;NA;NA;NA;NA;NA;NA;NA;NA;NA;NA;NA;NA;NA;NA;NA;NA;NA;NA;NA;NA
"10";2003;1;3134;NA;29342;892;100989;NA;1374;NA;NA;NA;NA;25;NA;33460;12511;231;NA;330;NA;NA;1169;NA;49;NA;NA;NA;NA;NA;NA;NA;NA;NA;NA;NA;NA;5637;NA;NA;9248;NA;NA;1046;409;175;6606;1873;NA;NA;NA;NA;NA;7461;NA;NA;NA;3;NA;36;1;29;NA;4;NA;2;19;NA;3;NA;2;NA;62;NA;2;5891;NA;31328;NA;NA;10737;NA;757;NA;8834;618;22066;172098;NA;140058;NA;787;128
"20";2003;1;1742;NA;23021;709;45160;NA;658;NA;NA;NA;NA;5;NA;17146;5244;193;NA;199;NA;NA;795;NA;23;NA;NA;NA;NA;NA;NA;NA;NA;NA;NA;NA;NA;3936;NA;NA;7512;NA;NA;263;396;43;3989;1232;NA;NA;NA;NA;NA;5034;NA;NA;NA;2;NA;16;1;10;NA;2;NA;0;10;NA;1;NA;0;NA;12;NA;0;5006;NA;10575;NA;NA;5869;NA;578;NA;8500;1074;14731;103680;NA;74582;NA;375;44
"30";2003;1;4695;NA;94134;2471;133469;NA;5750;NA;NA;NA;NA;0;NA;79750;8678;743;NA;476;NA;NA;1007;NA;63;NA;NA;NA;NA;NA;NA;NA;NA;NA;NA;NA;NA;18575;NA;NA;32323;NA;NA;575;1129;339;11844;6345;NA;NA;NA;NA;NA;29624;NA;NA;NA;7;NA;35;2;7;NA;2;NA;0;3;NA;14;NA;0;NA;38;NA;3;12928;NA;17317;NA;NA;3930;NA;1341;NA;60554;1809;44752;332431;NA;265448;NA;2167;24
"99";2003;1;9571;NA;146497;4072;279618;NA;7782;NA;NA;NA;NA;30;NA;130356;26433;1167;NA;1005;NA;NA;2971;NA;135;NA;NA;NA;NA;NA;NA;NA;NA;NA;NA;NA;NA;28148;NA;NA;49083;NA;NA;1884;1934;557;22439;9450;NA;NA;NA;NA;NA;42119;NA;NA;NA;12;NA;87;4;46;NA;8;NA;2;32;NA;18;NA;2;NA;112;NA;5;23825;NA;59220;NA;NA;20536;NA;2676;NA;77888;3501;81549;608209;NA;480088;NA;3329;196
"31";2003;1;NA;NA;NA;NA;NA;NA;NA;NA;NA;NA;NA;NA;NA;NA;NA;NA;NA;NA;NA;NA;NA;NA;NA;NA;NA;NA;NA;NA;NA;NA;NA;NA;NA;NA;NA;NA;NA;NA;NA;NA;NA;NA;NA;NA;NA;NA;NA;NA;NA;NA;NA;NA;NA;NA;NA;NA;NA;NA;NA;NA;NA;NA;NA;NA;NA;NA;NA;NA;NA;NA;NA;NA;NA;NA;NA;NA;NA;NA;NA;NA;NA;NA;NA;NA;NA;NA;NA;NA;NA;NA;NA
"32";2003;1;NA;NA;NA;NA;NA;NA;NA;NA;NA;NA;NA;NA;NA;NA;NA;NA;NA;NA;NA;NA;NA;NA;NA;NA;NA;NA;NA;NA;NA;NA;NA;NA;NA;NA;NA;NA;NA;NA;NA;NA;NA;NA;NA;NA;NA;NA;NA;NA;NA;NA;NA;NA;NA;NA;NA;NA;NA;NA;NA;NA;NA;NA;NA;NA;NA;NA;NA;NA;NA;NA;NA;NA;NA;NA;NA;NA;NA;NA;NA;NA;NA;NA;NA;NA;NA;NA;NA;NA;NA;NA;NA
"33";2003;1;NA;NA;NA;NA;NA;NA;NA;NA;NA;NA;NA;NA;NA;NA;NA;NA;NA;NA;NA;NA;NA;NA;NA;NA;NA;NA;NA;NA;NA;NA;NA;NA;NA;NA;NA;NA;NA;NA;NA;NA;NA;NA;NA;NA;NA;NA;NA;NA;NA;NA;NA;NA;NA;NA;NA;NA;NA;NA;NA;NA;NA;NA;NA;NA;NA;NA;NA;NA;NA;NA;NA;NA;NA;NA;NA;NA;NA;NA;NA;NA;NA;NA;NA;NA;NA;NA;NA;NA;NA;NA;NA
"34";2003;1;NA;NA;NA;NA;NA;NA;NA;NA;NA;NA;NA;NA;NA;NA;NA;NA;NA;NA;NA;NA;NA;NA;NA;NA;NA;NA;NA;NA;NA;NA;NA;NA;NA;NA;NA;NA;NA;NA;NA;NA;NA;NA;NA;NA;NA;NA;NA;NA;NA;NA;NA;NA;NA;NA;NA;NA;NA;NA;NA;NA;NA;NA;NA;NA;NA;NA;NA;NA;NA;NA;NA;NA;NA;NA;NA;NA;NA;NA;NA;NA;NA;NA;NA;NA;NA;NA;NA;NA;NA;NA;NA
"35";2003;1;NA;NA;NA;NA;NA;NA;NA;NA;NA;NA;NA;NA;NA;NA;NA;NA;NA;NA;NA;NA;NA;NA;NA;NA;NA;NA;NA;NA;NA;NA;NA;NA;NA;NA;NA;NA;NA;NA;NA;NA;NA;NA;NA;NA;NA;NA;NA;NA;NA;NA;NA;NA;NA;NA;NA;NA;NA;NA;NA;NA;NA;NA;NA;NA;NA;NA;NA;NA;NA;NA;NA;NA;NA;NA;NA;NA;NA;NA;NA;NA;NA;NA;NA;NA;NA;NA;NA;NA;NA;NA;NA
"36";2003;1;NA;NA;NA;NA;NA;NA;NA;NA;NA;NA;NA;NA;NA;NA;NA;NA;NA;NA;NA;NA;NA;NA;NA;NA;NA;NA;NA;NA;NA;NA;NA;NA;NA;NA;NA;NA;NA;NA;NA;NA;NA;NA;NA;NA;NA;NA;NA;NA;NA;NA;NA;NA;NA;NA;NA;NA;NA;NA;NA;NA;NA;NA;NA;NA;NA;NA;NA;NA;NA;NA;NA;NA;NA;NA;NA;NA;NA;NA;NA;NA;NA;NA;NA;NA;NA;NA;NA;NA;NA;NA;NA
"37";2003;1;NA;NA;NA;NA;NA;NA;NA;NA;NA;NA;NA;NA;NA;NA;NA;NA;NA;NA;NA;NA;NA;NA;NA;NA;NA;NA;NA;NA;NA;NA;NA;NA;NA;NA;NA;NA;NA;NA;NA;NA;NA;NA;NA;NA;NA;NA;NA;NA;NA;NA;NA;NA;NA;NA;NA;NA;NA;NA;NA;NA;NA;NA;NA;NA;NA;NA;NA;NA;NA;NA;NA;NA;NA;NA;NA;NA;NA;NA;NA;NA;NA;NA;NA;NA;NA;NA;NA;NA;NA;NA;NA
"38";2003;1;NA;NA;NA;NA;NA;NA;NA;NA;NA;NA;NA;NA;NA;NA;NA;NA;NA;NA;NA;NA;NA;NA;NA;NA;NA;NA;NA;NA;NA;NA;NA;NA;NA;NA;NA;NA;NA;NA;NA;NA;NA;NA;NA;NA;NA;NA;NA;NA;NA;NA;NA;NA;NA;NA;NA;NA;NA;NA;NA;NA;NA;NA;NA;NA;NA;NA;NA;NA;NA;NA;NA;NA;NA;NA;NA;NA;NA;NA;NA;NA;NA;NA;NA;NA;NA;NA;NA;NA;NA;NA;NA
"39";2003;1;NA;NA;NA;NA;NA;NA;NA;NA;NA;NA;NA;NA;NA;NA;NA;NA;NA;NA;NA;NA;NA;NA;NA;NA;NA;NA;NA;NA;NA;NA;NA;NA;NA;NA;NA;NA;NA;NA;NA;NA;NA;NA;NA;NA;NA;NA;NA;NA;NA;NA;NA;NA;NA;NA;NA;NA;NA;NA;NA;NA;NA;NA;NA;NA;NA;NA;NA;NA;NA;NA;NA;NA;NA;NA;NA;NA;NA;NA;NA;NA;NA;NA;NA;NA;NA;NA;NA;NA;NA;NA;NA
"40";2003;1;NA;NA;NA;NA;NA;NA;NA;NA;NA;NA;NA;NA;NA;NA;NA;NA;NA;NA;NA;NA;NA;NA;NA;NA;NA;NA;NA;NA;NA;NA;NA;NA;NA;NA;NA;NA;NA;NA;NA;NA;NA;NA;NA;NA;NA;NA;NA;NA;NA;NA;NA;NA;NA;NA;NA;NA;NA;NA;NA;NA;NA;NA;NA;NA;NA;NA;NA;NA;NA;NA;NA;NA;NA;NA;NA;NA;NA;NA;NA;NA;NA;NA;NA;NA;NA;NA;NA;NA;NA;NA;NA
"10";2003;2;3218;NA;27618;901;106494;NA;1370;NA;NA;NA;NA;18;NA;35038;12921;238;NA;329;NA;NA;1060;NA;55;NA;NA;NA;NA;NA;NA;NA;NA;NA;NA;NA;NA;5849;NA;NA;8244;NA;NA;963;462;104;6910;2383;NA;NA;NA;NA;NA;7315;NA;NA;NA;2;NA;52;0;38;NA;3;NA;2;15;NA;5;NA;3;NA;57;NA;4;6449;NA;34128;NA;NA;11031;NA;675;NA;8408;600;23714;166532;NA;143698;NA;835;110
"20";2003;2;1989;NA;21426;667;48118;NA;625;NA;NA;NA;NA;6;NA;18268;5277;207;NA;221;NA;NA;851;NA;34;NA;NA;NA;NA;NA;NA;NA;NA;NA;NA;NA;NA;4278;NA;NA;6685;NA;NA;355;559;34;4505;1441;NA;NA;NA;NA;NA;5124;NA;NA;NA;3;NA;19;0;8;NA;6;NA;1;4;NA;4;NA;0;NA;18;NA;0;5322;NA;11505;NA;NA;6375;NA;580;NA;7681;1114;17000;97849;NA;75960;NA;357;56
"30";2003;2;5006;NA;90083;2167;137644;NA;5622;NA;NA;NA;NA;5;NA;82207;8837;820;NA;383;NA;NA;939;NA;73;NA;NA;NA;NA;NA;NA;NA;NA;NA;NA;NA;NA;20201;NA;NA;29238;NA;NA;587;1062;299;12383;7245;NA;NA;NA;NA;NA;29701;NA;NA;NA;3;NA;45;1;12;NA;3;NA;1;11;NA;8;NA;1;NA;32;NA;2;13786;NA;18649;NA;NA;3878;NA;1257;NA;58266;1837;48317;314636;NA;265217;NA;2300;37
"99";2003;2;10213;NA;139127;3735;292256;NA;7617;NA;NA;NA;NA;29;NA;135513;27035;1265;NA;933;NA;NA;2850;NA;162;NA;NA;NA;NA;NA;NA;NA;NA;NA;NA;NA;NA;30328;NA;NA;44167;NA;NA;1905;2083;437;23798;11069;NA;NA;NA;NA;NA;42140;NA;NA;NA;8;NA;116;1;58;NA;12;NA;4;30;NA;17;NA;4;NA;107;NA;6;25557;NA;64282;NA;NA;21284;NA;2512;NA;74355;3551;89031;579017;NA;484875;NA;3492;203
"31";2003;2;NA;NA;NA;NA;NA;NA;NA;NA;NA;NA;NA;NA;NA;NA;NA;NA;NA;NA;NA;NA;NA;NA;NA;NA;NA;NA;NA;NA;NA;NA;NA;NA;NA;NA;NA;NA;NA;NA;NA;NA;NA;NA;NA;NA;NA;NA;NA;NA;NA;NA;NA;NA;NA;NA;NA;NA;NA;NA;NA;NA;NA;NA;NA;NA;NA;NA;NA;NA;NA;NA;NA;NA;NA;NA;NA;NA;NA;NA;NA;NA;NA;NA;NA;NA;NA;NA;NA;NA;NA;NA;NA
"32";2003;2;NA;NA;NA;NA;NA;NA;NA;NA;NA;NA;NA;NA;NA;NA;NA;NA;NA;NA;NA;NA;NA;NA;NA;NA;NA;NA;NA;NA;NA;NA;NA;NA;NA;NA;NA;NA;NA;NA;NA;NA;NA;NA;NA;NA;NA;NA;NA;NA;NA;NA;NA;NA;NA;NA;NA;NA;NA;NA;NA;NA;NA;NA;NA;NA;NA;NA;NA;NA;NA;NA;NA;NA;NA;NA;NA;NA;NA;NA;NA;NA;NA;NA;NA;NA;NA;NA;NA;NA;NA;NA;NA
"33";2003;2;NA;NA;NA;NA;NA;NA;NA;NA;NA;NA;NA;NA;NA;NA;NA;NA;NA;NA;NA;NA;NA;NA;NA;NA;NA;NA;NA;NA;NA;NA;NA;NA;NA;NA;NA;NA;NA;NA;NA;NA;NA;NA;NA;NA;NA;NA;NA;NA;NA;NA;NA;NA;NA;NA;NA;NA;NA;NA;NA;NA;NA;NA;NA;NA;NA;NA;NA;NA;NA;NA;NA;NA;NA;NA;NA;NA;NA;NA;NA;NA;NA;NA;NA;NA;NA;NA;NA;NA;NA;NA;NA
"34";2003;2;NA;NA;NA;NA;NA;NA;NA;NA;NA;NA;NA;NA;NA;NA;NA;NA;NA;NA;NA;NA;NA;NA;NA;NA;NA;NA;NA;NA;NA;NA;NA;NA;NA;NA;NA;NA;NA;NA;NA;NA;NA;NA;NA;NA;NA;NA;NA;NA;NA;NA;NA;NA;NA;NA;NA;NA;NA;NA;NA;NA;NA;NA;NA;NA;NA;NA;NA;NA;NA;NA;NA;NA;NA;NA;NA;NA;NA;NA;NA;NA;NA;NA;NA;NA;NA;NA;NA;NA;NA;NA;NA
"35";2003;2;NA;NA;NA;NA;NA;NA;NA;NA;NA;NA;NA;NA;NA;NA;NA;NA;NA;NA;NA;NA;NA;NA;NA;NA;NA;NA;NA;NA;NA;NA;NA;NA;NA;NA;NA;NA;NA;NA;NA;NA;NA;NA;NA;NA;NA;NA;NA;NA;NA;NA;NA;NA;NA;NA;NA;NA;NA;NA;NA;NA;NA;NA;NA;NA;NA;NA;NA;NA;NA;NA;NA;NA;NA;NA;NA;NA;NA;NA;NA;NA;NA;NA;NA;NA;NA;NA;NA;NA;NA;NA;NA
"36";2003;2;NA;NA;NA;NA;NA;NA;NA;NA;NA;NA;NA;NA;NA;NA;NA;NA;NA;NA;NA;NA;NA;NA;NA;NA;NA;NA;NA;NA;NA;NA;NA;NA;NA;NA;NA;NA;NA;NA;NA;NA;NA;NA;NA;NA;NA;NA;NA;NA;NA;NA;NA;NA;NA;NA;NA;NA;NA;NA;NA;NA;NA;NA;NA;NA;NA;NA;NA;NA;NA;NA;NA;NA;NA;NA;NA;NA;NA;NA;NA;NA;NA;NA;NA;NA;NA;NA;NA;NA;NA;NA;NA
"37";2003;2;NA;NA;NA;NA;NA;NA;NA;NA;NA;NA;NA;NA;NA;NA;NA;NA;NA;NA;NA;NA;NA;NA;NA;NA;NA;NA;NA;NA;NA;NA;NA;NA;NA;NA;NA;NA;NA;NA;NA;NA;NA;NA;NA;NA;NA;NA;NA;NA;NA;NA;NA;NA;NA;NA;NA;NA;NA;NA;NA;NA;NA;NA;NA;NA;NA;NA;NA;NA;NA;NA;NA;NA;NA;NA;NA;NA;NA;NA;NA;NA;NA;NA;NA;NA;NA;NA;NA;NA;NA;NA;NA
"38";2003;2;NA;NA;NA;NA;NA;NA;NA;NA;NA;NA;NA;NA;NA;NA;NA;NA;NA;NA;NA;NA;NA;NA;NA;NA;NA;NA;NA;NA;NA;NA;NA;NA;NA;NA;NA;NA;NA;NA;NA;NA;NA;NA;NA;NA;NA;NA;NA;NA;NA;NA;NA;NA;NA;NA;NA;NA;NA;NA;NA;NA;NA;NA;NA;NA;NA;NA;NA;NA;NA;NA;NA;NA;NA;NA;NA;NA;NA;NA;NA;NA;NA;NA;NA;NA;NA;NA;NA;NA;NA;NA;NA
"39";2003;2;NA;NA;NA;NA;NA;NA;NA;NA;NA;NA;NA;NA;NA;NA;NA;NA;NA;NA;NA;NA;NA;NA;NA;NA;NA;NA;NA;NA;NA;NA;NA;NA;NA;NA;NA;NA;NA;NA;NA;NA;NA;NA;NA;NA;NA;NA;NA;NA;NA;NA;NA;NA;NA;NA;NA;NA;NA;NA;NA;NA;NA;NA;NA;NA;NA;NA;NA;NA;NA;NA;NA;NA;NA;NA;NA;NA;NA;NA;NA;NA;NA;NA;NA;NA;NA;NA;NA;NA;NA;NA;NA
"40";2003;2;NA;NA;NA;NA;NA;NA;NA;NA;NA;NA;NA;NA;NA;NA;NA;NA;NA;NA;NA;NA;NA;NA;NA;NA;NA;NA;NA;NA;NA;NA;NA;NA;NA;NA;NA;NA;NA;NA;NA;NA;NA;NA;NA;NA;NA;NA;NA;NA;NA;NA;NA;NA;NA;NA;NA;NA;NA;NA;NA;NA;NA;NA;NA;NA;NA;NA;NA;NA;NA;NA;NA;NA;NA;NA;NA;NA;NA;NA;NA;NA;NA;NA;NA;NA;NA;NA;NA;NA;NA;NA;NA
"10";2003;3;3223;NA;27401;898;109452;NA;1453;NA;NA;NA;NA;18;NA;36733;13594;242;NA;319;NA;NA;1064;NA;30;NA;NA;NA;NA;NA;NA;NA;NA;NA;NA;NA;NA;6478;NA;NA;8166;NA;NA;762;560;63;7067;2453;NA;NA;NA;NA;NA;7658;NA;NA;NA;1;NA;45;0;30;NA;0;NA;2;17;NA;4;NA;1;NA;57;NA;1;6436;NA;34545;NA;NA;10446;NA;614;NA;8601;549;23977;171236;NA;146862;NA;841;80
"20";2003;3;1784;NA;21098;648;47728;NA;626;NA;NA;NA;NA;7;NA;18740;5349;199;NA;238;NA;NA;699;NA;30;NA;NA;NA;NA;NA;NA;NA;NA;NA;NA;NA;NA;4210;NA;NA;6703;NA;NA;480;592;93;4081;1447;NA;NA;NA;NA;NA;4992;NA;NA;NA;3;NA;16;0;2;NA;2;NA;1;3;NA;7;NA;1;NA;29;NA;0;4831;NA;11500;NA;NA;5687;NA;510;NA;7810;1130;16223;96545;NA;75092;NA;376;44
"30";2003;3;5000;NA;89128;2309;136494;NA;5852;NA;NA;NA;NA;2;NA;81147;8943;900;NA;450;NA;NA;837;NA;67;NA;NA;NA;NA;NA;NA;NA;NA;NA;NA;NA;NA;20253;NA;NA;28853;NA;NA;584;1155;366;11785;7200;NA;NA;NA;NA;NA;32263;NA;NA;NA;1;NA;39;0;7;NA;7;NA;1;4;NA;15;NA;1;NA;38;NA;1;13263;NA;18160;NA;NA;3733;NA;1140;NA;56181;1884;49075;317116;NA;266046;NA;2439;30
"99";2003;3;10007;NA;137627;3855;293674;NA;7931;NA;NA;NA;NA;27;NA;136620;27886;1341;NA;1007;NA;NA;2600;NA;127;NA;NA;NA;NA;NA;NA;NA;NA;NA;NA;NA;NA;30941;NA;NA;43722;NA;NA;1826;2307;522;22933;11100;NA;NA;NA;NA;NA;44913;NA;NA;NA;5;NA;100;0;39;NA;9;NA;4;24;NA;26;NA;3;NA;124;NA;2;24530;NA;64205;NA;NA;19866;NA;2264;NA;72592;3563;89275;584897;NA;488000;NA;3656;154
"31";2003;3;NA;NA;NA;NA;NA;NA;NA;NA;NA;NA;NA;NA;NA;NA;NA;NA;NA;NA;NA;NA;NA;NA;NA;NA;NA;NA;NA;NA;NA;NA;NA;NA;NA;NA;NA;NA;NA;NA;NA;NA;NA;NA;NA;NA;NA;NA;NA;NA;NA;NA;NA;NA;NA;NA;NA;NA;NA;NA;NA;NA;NA;NA;NA;NA;NA;NA;NA;NA;NA;NA;NA;NA;NA;NA;NA;NA;NA;NA;NA;NA;NA;NA;NA;NA;NA;NA;NA;NA;NA;NA;NA
"32";2003;3;NA;NA;NA;NA;NA;NA;NA;NA;NA;NA;NA;NA;NA;NA;NA;NA;NA;NA;NA;NA;NA;NA;NA;NA;NA;NA;NA;NA;NA;NA;NA;NA;NA;NA;NA;NA;NA;NA;NA;NA;NA;NA;NA;NA;NA;NA;NA;NA;NA;NA;NA;NA;NA;NA;NA;NA;NA;NA;NA;NA;NA;NA;NA;NA;NA;NA;NA;NA;NA;NA;NA;NA;NA;NA;NA;NA;NA;NA;NA;NA;NA;NA;NA;NA;NA;NA;NA;NA;NA;NA;NA
"33";2003;3;NA;NA;NA;NA;NA;NA;NA;NA;NA;NA;NA;NA;NA;NA;NA;NA;NA;NA;NA;NA;NA;NA;NA;NA;NA;NA;NA;NA;NA;NA;NA;NA;NA;NA;NA;NA;NA;NA;NA;NA;NA;NA;NA;NA;NA;NA;NA;NA;NA;NA;NA;NA;NA;NA;NA;NA;NA;NA;NA;NA;NA;NA;NA;NA;NA;NA;NA;NA;NA;NA;NA;NA;NA;NA;NA;NA;NA;NA;NA;NA;NA;NA;NA;NA;NA;NA;NA;NA;NA;NA;NA
"34";2003;3;NA;NA;NA;NA;NA;NA;NA;NA;NA;NA;NA;NA;NA;NA;NA;NA;NA;NA;NA;NA;NA;NA;NA;NA;NA;NA;NA;NA;NA;NA;NA;NA;NA;NA;NA;NA;NA;NA;NA;NA;NA;NA;NA;NA;NA;NA;NA;NA;NA;NA;NA;NA;NA;NA;NA;NA;NA;NA;NA;NA;NA;NA;NA;NA;NA;NA;NA;NA;NA;NA;NA;NA;NA;NA;NA;NA;NA;NA;NA;NA;NA;NA;NA;NA;NA;NA;NA;NA;NA;NA;NA
"35";2003;3;NA;NA;NA;NA;NA;NA;NA;NA;NA;NA;NA;NA;NA;NA;NA;NA;NA;NA;NA;NA;NA;NA;NA;NA;NA;NA;NA;NA;NA;NA;NA;NA;NA;NA;NA;NA;NA;NA;NA;NA;NA;NA;NA;NA;NA;NA;NA;NA;NA;NA;NA;NA;NA;NA;NA;NA;NA;NA;NA;NA;NA;NA;NA;NA;NA;NA;NA;NA;NA;NA;NA;NA;NA;NA;NA;NA;NA;NA;NA;NA;NA;NA;NA;NA;NA;NA;NA;NA;NA;NA;NA
"36";2003;3;NA;NA;NA;NA;NA;NA;NA;NA;NA;NA;NA;NA;NA;NA;NA;NA;NA;NA;NA;NA;NA;NA;NA;NA;NA;NA;NA;NA;NA;NA;NA;NA;NA;NA;NA;NA;NA;NA;NA;NA;NA;NA;NA;NA;NA;NA;NA;NA;NA;NA;NA;NA;NA;NA;NA;NA;NA;NA;NA;NA;NA;NA;NA;NA;NA;NA;NA;NA;NA;NA;NA;NA;NA;NA;NA;NA;NA;NA;NA;NA;NA;NA;NA;NA;NA;NA;NA;NA;NA;NA;NA
"37";2003;3;NA;NA;NA;NA;NA;NA;NA;NA;NA;NA;NA;NA;NA;NA;NA;NA;NA;NA;NA;NA;NA;NA;NA;NA;NA;NA;NA;NA;NA;NA;NA;NA;NA;NA;NA;NA;NA;NA;NA;NA;NA;NA;NA;NA;NA;NA;NA;NA;NA;NA;NA;NA;NA;NA;NA;NA;NA;NA;NA;NA;NA;NA;NA;NA;NA;NA;NA;NA;NA;NA;NA;NA;NA;NA;NA;NA;NA;NA;NA;NA;NA;NA;NA;NA;NA;NA;NA;NA;NA;NA;NA
"38";2003;3;NA;NA;NA;NA;NA;NA;NA;NA;NA;NA;NA;NA;NA;NA;NA;NA;NA;NA;NA;NA;NA;NA;NA;NA;NA;NA;NA;NA;NA;NA;NA;NA;NA;NA;NA;NA;NA;NA;NA;NA;NA;NA;NA;NA;NA;NA;NA;NA;NA;NA;NA;NA;NA;NA;NA;NA;NA;NA;NA;NA;NA;NA;NA;NA;NA;NA;NA;NA;NA;NA;NA;NA;NA;NA;NA;NA;NA;NA;NA;NA;NA;NA;NA;NA;NA;NA;NA;NA;NA;NA;NA
"39";2003;3;NA;NA;NA;NA;NA;NA;NA;NA;NA;NA;NA;NA;NA;NA;NA;NA;NA;NA;NA;NA;NA;NA;NA;NA;NA;NA;NA;NA;NA;NA;NA;NA;NA;NA;NA;NA;NA;NA;NA;NA;NA;NA;NA;NA;NA;NA;NA;NA;NA;NA;NA;NA;NA;NA;NA;NA;NA;NA;NA;NA;NA;NA;NA;NA;NA;NA;NA;NA;NA;NA;NA;NA;NA;NA;NA;NA;NA;NA;NA;NA;NA;NA;NA;NA;NA;NA;NA;NA;NA;NA;NA
"40";2003;3;NA;NA;NA;NA;NA;NA;NA;NA;NA;NA;NA;NA;NA;NA;NA;NA;NA;NA;NA;NA;NA;NA;NA;NA;NA;NA;NA;NA;NA;NA;NA;NA;NA;NA;NA;NA;NA;NA;NA;NA;NA;NA;NA;NA;NA;NA;NA;NA;NA;NA;NA;NA;NA;NA;NA;NA;NA;NA;NA;NA;NA;NA;NA;NA;NA;NA;NA;NA;NA;NA;NA;NA;NA;NA;NA;NA;NA;NA;NA;NA;NA;NA;NA;NA;NA;NA;NA;NA;NA;NA;NA
"10";2003;4;3047;NA;30000;818;106263;NA;1374;NA;NA;NA;NA;23;NA;37463;11981;242;NA;283;NA;NA;975;NA;49;NA;NA;NA;NA;NA;NA;NA;NA;NA;NA;NA;NA;7248;NA;NA;9269;NA;NA;624;363;70;6580;2514;NA;NA;NA;NA;NA;7931;NA;NA;NA;0;NA;41;0;20;NA;2;NA;0;19;NA;2;NA;2;NA;60;NA;5;6042;NA;32409;NA;NA;9659;NA;599;8856;8499;357;24301;173724;NA;146386;NA;779;116
"20";2003;4;1786;NA;23262;768;45114;NA;620;NA;NA;NA;NA;2;NA;18515;4601;220;NA;294;NA;NA;688;NA;28;NA;NA;NA;NA;NA;NA;NA;NA;NA;NA;NA;NA;4774;NA;NA;7477;NA;NA;411;589;58;3811;1266;NA;NA;NA;NA;NA;5044;NA;NA;NA;1;NA;24;1;9;NA;3;NA;2;4;NA;1;NA;0;NA;20;NA;1;4747;NA;10933;NA;NA;4960;NA;551;8610;8147;463;15283;96387;NA;74808;NA;387;53
"30";2003;4;4927;NA;98127;2347;133471;NA;5677;NA;NA;NA;NA;7;NA;80753;8373;757;NA;456;NA;NA;870;NA;39;NA;NA;NA;NA;NA;NA;NA;NA;NA;NA;NA;NA;21802;NA;NA;32849;NA;NA;585;1150;302;11517;6578;NA;NA;NA;NA;NA;31562;NA;NA;NA;4;NA;46;1;8;NA;1;NA;0;3;NA;9;NA;3;NA;35;NA;0;12962;NA;17357;NA;NA;3541;NA;1262;60423;58743;1680;45229;322232;NA;271184;NA;2292;34
"99";2003;4;9760;NA;151389;3933;284848;NA;7671;NA;NA;NA;NA;32;NA;136731;24955;1219;NA;1033;NA;NA;2533;NA;116;NA;NA;NA;NA;NA;NA;NA;NA;NA;NA;NA;NA;33824;NA;NA;49595;NA;NA;1620;2102;430;21908;10358;NA;NA;NA;NA;NA;44537;NA;NA;NA;5;NA;111;2;37;NA;6;NA;2;26;NA;12;NA;5;NA;115;NA;6;23751;NA;60699;NA;NA;18160;NA;2412;77889;75389;2500;84813;592343;NA;492378;NA;3458;203
"31";2003;4;NA;NA;NA;NA;NA;NA;NA;NA;NA;NA;NA;NA;NA;NA;NA;NA;NA;NA;NA;NA;NA;NA;NA;NA;NA;NA;NA;NA;NA;NA;NA;NA;NA;NA;NA;NA;NA;NA;NA;NA;NA;NA;NA;NA;NA;NA;NA;NA;NA;NA;NA;NA;NA;NA;NA;NA;NA;NA;NA;NA;NA;NA;NA;NA;NA;NA;NA;NA;NA;NA;NA;NA;NA;NA;NA;NA;NA;NA;NA;NA;NA;NA;NA;NA;NA;NA;NA;NA;NA;NA;NA
"32";2003;4;NA;NA;NA;NA;NA;NA;NA;NA;NA;NA;NA;NA;NA;NA;NA;NA;NA;NA;NA;NA;NA;NA;NA;NA;NA;NA;NA;NA;NA;NA;NA;NA;NA;NA;NA;NA;NA;NA;NA;NA;NA;NA;NA;NA;NA;NA;NA;NA;NA;NA;NA;NA;NA;NA;NA;NA;NA;NA;NA;NA;NA;NA;NA;NA;NA;NA;NA;NA;NA;NA;NA;NA;NA;NA;NA;NA;NA;NA;NA;NA;NA;NA;NA;NA;NA;NA;NA;NA;NA;NA;NA
"33";2003;4;NA;NA;NA;NA;NA;NA;NA;NA;NA;NA;NA;NA;NA;NA;NA;NA;NA;NA;NA;NA;NA;NA;NA;NA;NA;NA;NA;NA;NA;NA;NA;NA;NA;NA;NA;NA;NA;NA;NA;NA;NA;NA;NA;NA;NA;NA;NA;NA;NA;NA;NA;NA;NA;NA;NA;NA;NA;NA;NA;NA;NA;NA;NA;NA;NA;NA;NA;NA;NA;NA;NA;NA;NA;NA;NA;NA;NA;NA;NA;NA;NA;NA;NA;NA;NA;NA;NA;NA;NA;NA;NA
"34";2003;4;NA;NA;NA;NA;NA;NA;NA;NA;NA;NA;NA;NA;NA;NA;NA;NA;NA;NA;NA;NA;NA;NA;NA;NA;NA;NA;NA;NA;NA;NA;NA;NA;NA;NA;NA;NA;NA;NA;NA;NA;NA;NA;NA;NA;NA;NA;NA;NA;NA;NA;NA;NA;NA;NA;NA;NA;NA;NA;NA;NA;NA;NA;NA;NA;NA;NA;NA;NA;NA;NA;NA;NA;NA;NA;NA;NA;NA;NA;NA;NA;NA;NA;NA;NA;NA;NA;NA;NA;NA;NA;NA
"35";2003;4;NA;NA;NA;NA;NA;NA;NA;NA;NA;NA;NA;NA;NA;NA;NA;NA;NA;NA;NA;NA;NA;NA;NA;NA;NA;NA;NA;NA;NA;NA;NA;NA;NA;NA;NA;NA;NA;NA;NA;NA;NA;NA;NA;NA;NA;NA;NA;NA;NA;NA;NA;NA;NA;NA;NA;NA;NA;NA;NA;NA;NA;NA;NA;NA;NA;NA;NA;NA;NA;NA;NA;NA;NA;NA;NA;NA;NA;NA;NA;NA;NA;NA;NA;NA;NA;NA;NA;NA;NA;NA;NA
"36";2003;4;NA;NA;NA;NA;NA;NA;NA;NA;NA;NA;NA;NA;NA;NA;NA;NA;NA;NA;NA;NA;NA;NA;NA;NA;NA;NA;NA;NA;NA;NA;NA;NA;NA;NA;NA;NA;NA;NA;NA;NA;NA;NA;NA;NA;NA;NA;NA;NA;NA;NA;NA;NA;NA;NA;NA;NA;NA;NA;NA;NA;NA;NA;NA;NA;NA;NA;NA;NA;NA;NA;NA;NA;NA;NA;NA;NA;NA;NA;NA;NA;NA;NA;NA;NA;NA;NA;NA;NA;NA;NA;NA
"37";2003;4;NA;NA;NA;NA;NA;NA;NA;NA;NA;NA;NA;NA;NA;NA;NA;NA;NA;NA;NA;NA;NA;NA;NA;NA;NA;NA;NA;NA;NA;NA;NA;NA;NA;NA;NA;NA;NA;NA;NA;NA;NA;NA;NA;NA;NA;NA;NA;NA;NA;NA;NA;NA;NA;NA;NA;NA;NA;NA;NA;NA;NA;NA;NA;NA;NA;NA;NA;NA;NA;NA;NA;NA;NA;NA;NA;NA;NA;NA;NA;NA;NA;NA;NA;NA;NA;NA;NA;NA;NA;NA;NA
"38";2003;4;NA;NA;NA;NA;NA;NA;NA;NA;NA;NA;NA;NA;NA;NA;NA;NA;NA;NA;NA;NA;NA;NA;NA;NA;NA;NA;NA;NA;NA;NA;NA;NA;NA;NA;NA;NA;NA;NA;NA;NA;NA;NA;NA;NA;NA;NA;NA;NA;NA;NA;NA;NA;NA;NA;NA;NA;NA;NA;NA;NA;NA;NA;NA;NA;NA;NA;NA;NA;NA;NA;NA;NA;NA;NA;NA;NA;NA;NA;NA;NA;NA;NA;NA;NA;NA;NA;NA;NA;NA;NA;NA
"39";2003;4;NA;NA;NA;NA;NA;NA;NA;NA;NA;NA;NA;NA;NA;NA;NA;NA;NA;NA;NA;NA;NA;NA;NA;NA;NA;NA;NA;NA;NA;NA;NA;NA;NA;NA;NA;NA;NA;NA;NA;NA;NA;NA;NA;NA;NA;NA;NA;NA;NA;NA;NA;NA;NA;NA;NA;NA;NA;NA;NA;NA;NA;NA;NA;NA;NA;NA;NA;NA;NA;NA;NA;NA;NA;NA;NA;NA;NA;NA;NA;NA;NA;NA;NA;NA;NA;NA;NA;NA;NA;NA;NA
"40";2003;4;NA;NA;NA;NA;NA;NA;NA;NA;NA;NA;NA;NA;NA;NA;NA;NA;NA;NA;NA;NA;NA;NA;NA;NA;NA;NA;NA;NA;NA;NA;NA;NA;NA;NA;NA;NA;NA;NA;NA;NA;NA;NA;NA;NA;NA;NA;NA;NA;NA;NA;NA;NA;NA;NA;NA;NA;NA;NA;NA;NA;NA;NA;NA;NA;NA;NA;NA;NA;NA;NA;NA;NA;NA;NA;NA;NA;NA;NA;NA;NA;NA;NA;NA;NA;NA;NA;NA;NA;NA;NA;NA
"10";2004;1;2853;NA;28060;865;104562;NA;1438;NA;NA;NA;NA;14;NA;39014;14748;195;NA;296;NA;NA;881;NA;26;NA;NA;NA;NA;NA;NA;NA;NA;NA;NA;NA;NA;6258;NA;NA;8734;NA;NA;543;335;35;6447;2559;NA;NA;NA;NA;NA;7434;NA;NA;NA;1;NA;39;1;20;NA;2;NA;2;16;NA;4;NA;0;NA;67;NA;3;5935;NA;28247;NA;NA;11410;NA;704;NA;8009;242;NA;168733;NA;142359;23431;851;61
"20";2004;1;1662;NA;22457;691;43150;NA;630;NA;NA;NA;NA;3;NA;15122;4541;174;NA;254;NA;NA;548;NA;24;NA;NA;NA;NA;NA;NA;NA;NA;NA;NA;NA;NA;4285;NA;NA;7255;NA;NA;326;548;39;3915;1134;NA;NA;NA;NA;NA;5090;NA;NA;NA;0;NA;15;1;6;NA;4;NA;1;6;NA;0;NA;0;NA;18;NA;0;4419;NA;8883;NA;NA;4502;NA;509;NA;8086;155;NA;93513;NA;72018;14113;417;50
"30";2004;1;4841;NA;94994;2308;135489;NA;5721;NA;NA;NA;NA;5;NA;81490;9093;738;NA;487;NA;NA;789;NA;43;NA;NA;NA;NA;NA;NA;NA;NA;NA;NA;NA;NA;20101;NA;NA;31357;NA;NA;876;1474;283;12265;5857;NA;NA;NA;NA;NA;29252;NA;NA;NA;4;NA;33;1;7;NA;4;NA;0;2;NA;17;NA;1;NA;26;NA;1;12695;NA;17437;NA;NA;3165;NA;1136;NA;58930;2561;NA;320825;NA;267764;42923;2294;30
"99";2004;1;9356;NA;145511;3864;283201;NA;7789;NA;NA;NA;NA;22;NA;135626;28382;1107;NA;1037;NA;NA;2218;NA;93;NA;NA;NA;NA;NA;NA;NA;NA;NA;NA;NA;NA;30644;NA;NA;47346;NA;NA;1745;2357;357;22627;9550;NA;NA;NA;NA;NA;41776;NA;NA;NA;5;NA;87;3;33;NA;10;NA;3;24;NA;21;NA;1;NA;111;NA;4;23049;NA;54567;NA;NA;19077;NA;2349;NA;75025;2958;NA;583071;NA;482141;80467;3562;141
"31";2004;1;NA;NA;NA;NA;NA;NA;NA;NA;NA;NA;NA;NA;NA;NA;NA;NA;NA;NA;NA;NA;NA;NA;NA;NA;NA;NA;NA;NA;NA;NA;NA;NA;NA;NA;NA;NA;NA;NA;NA;NA;NA;NA;NA;NA;NA;NA;NA;NA;NA;NA;NA;NA;NA;NA;NA;NA;NA;NA;NA;NA;NA;NA;NA;NA;NA;NA;NA;NA;NA;NA;NA;NA;NA;NA;NA;NA;NA;NA;NA;NA;NA;NA;NA;NA;NA;NA;NA;NA;NA;NA;NA
"32";2004;1;NA;NA;NA;NA;NA;NA;NA;NA;NA;NA;NA;NA;NA;NA;NA;NA;NA;NA;NA;NA;NA;NA;NA;NA;NA;NA;NA;NA;NA;NA;NA;NA;NA;NA;NA;NA;NA;NA;NA;NA;NA;NA;NA;NA;NA;NA;NA;NA;NA;NA;NA;NA;NA;NA;NA;NA;NA;NA;NA;NA;NA;NA;NA;NA;NA;NA;NA;NA;NA;NA;NA;NA;NA;NA;NA;NA;NA;NA;NA;NA;NA;NA;NA;NA;NA;NA;NA;NA;NA;NA;NA
"33";2004;1;NA;NA;NA;NA;NA;NA;NA;NA;NA;NA;NA;NA;NA;NA;NA;NA;NA;NA;NA;NA;NA;NA;NA;NA;NA;NA;NA;NA;NA;NA;NA;NA;NA;NA;NA;NA;NA;NA;NA;NA;NA;NA;NA;NA;NA;NA;NA;NA;NA;NA;NA;NA;NA;NA;NA;NA;NA;NA;NA;NA;NA;NA;NA;NA;NA;NA;NA;NA;NA;NA;NA;NA;NA;NA;NA;NA;NA;NA;NA;NA;NA;NA;NA;NA;NA;NA;NA;NA;NA;NA;NA
"34";2004;1;NA;NA;NA;NA;NA;NA;NA;NA;NA;NA;NA;NA;NA;NA;NA;NA;NA;NA;NA;NA;NA;NA;NA;NA;NA;NA;NA;NA;NA;NA;NA;NA;NA;NA;NA;NA;NA;NA;NA;NA;NA;NA;NA;NA;NA;NA;NA;NA;NA;NA;NA;NA;NA;NA;NA;NA;NA;NA;NA;NA;NA;NA;NA;NA;NA;NA;NA;NA;NA;NA;NA;NA;NA;NA;NA;NA;NA;NA;NA;NA;NA;NA;NA;NA;NA;NA;NA;NA;NA;NA;NA
"35";2004;1;NA;NA;NA;NA;NA;NA;NA;NA;NA;NA;NA;NA;NA;NA;NA;NA;NA;NA;NA;NA;NA;NA;NA;NA;NA;NA;NA;NA;NA;NA;NA;NA;NA;NA;NA;NA;NA;NA;NA;NA;NA;NA;NA;NA;NA;NA;NA;NA;NA;NA;NA;NA;NA;NA;NA;NA;NA;NA;NA;NA;NA;NA;NA;NA;NA;NA;NA;NA;NA;NA;NA;NA;NA;NA;NA;NA;NA;NA;NA;NA;NA;NA;NA;NA;NA;NA;NA;NA;NA;NA;NA
"36";2004;1;NA;NA;NA;NA;NA;NA;NA;NA;NA;NA;NA;NA;NA;NA;NA;NA;NA;NA;NA;NA;NA;NA;NA;NA;NA;NA;NA;NA;NA;NA;NA;NA;NA;NA;NA;NA;NA;NA;NA;NA;NA;NA;NA;NA;NA;NA;NA;NA;NA;NA;NA;NA;NA;NA;NA;NA;NA;NA;NA;NA;NA;NA;NA;NA;NA;NA;NA;NA;NA;NA;NA;NA;NA;NA;NA;NA;NA;NA;NA;NA;NA;NA;NA;NA;NA;NA;NA;NA;NA;NA;NA
"37";2004;1;NA;NA;NA;NA;NA;NA;NA;NA;NA;NA;NA;NA;NA;NA;NA;NA;NA;NA;NA;NA;NA;NA;NA;NA;NA;NA;NA;NA;NA;NA;NA;NA;NA;NA;NA;NA;NA;NA;NA;NA;NA;NA;NA;NA;NA;NA;NA;NA;NA;NA;NA;NA;NA;NA;NA;NA;NA;NA;NA;NA;NA;NA;NA;NA;NA;NA;NA;NA;NA;NA;NA;NA;NA;NA;NA;NA;NA;NA;NA;NA;NA;NA;NA;NA;NA;NA;NA;NA;NA;NA;NA
"38";2004;1;NA;NA;NA;NA;NA;NA;NA;NA;NA;NA;NA;NA;NA;NA;NA;NA;NA;NA;NA;NA;NA;NA;NA;NA;NA;NA;NA;NA;NA;NA;NA;NA;NA;NA;NA;NA;NA;NA;NA;NA;NA;NA;NA;NA;NA;NA;NA;NA;NA;NA;NA;NA;NA;NA;NA;NA;NA;NA;NA;NA;NA;NA;NA;NA;NA;NA;NA;NA;NA;NA;NA;NA;NA;NA;NA;NA;NA;NA;NA;NA;NA;NA;NA;NA;NA;NA;NA;NA;NA;NA;NA
"39";2004;1;NA;NA;NA;NA;NA;NA;NA;NA;NA;NA;NA;NA;NA;NA;NA;NA;NA;NA;NA;NA;NA;NA;NA;NA;NA;NA;NA;NA;NA;NA;NA;NA;NA;NA;NA;NA;NA;NA;NA;NA;NA;NA;NA;NA;NA;NA;NA;NA;NA;NA;NA;NA;NA;NA;NA;NA;NA;NA;NA;NA;NA;NA;NA;NA;NA;NA;NA;NA;NA;NA;NA;NA;NA;NA;NA;NA;NA;NA;NA;NA;NA;NA;NA;NA;NA;NA;NA;NA;NA;NA;NA
"40";2004;1;NA;NA;NA;NA;NA;NA;NA;NA;NA;NA;NA;NA;NA;NA;NA;NA;NA;NA;NA;NA;NA;NA;NA;NA;NA;NA;NA;NA;NA;NA;NA;NA;NA;NA;NA;NA;NA;NA;NA;NA;NA;NA;NA;NA;NA;NA;NA;NA;NA;NA;NA;NA;NA;NA;NA;NA;NA;NA;NA;NA;NA;NA;NA;NA;NA;NA;NA;NA;NA;NA;NA;NA;NA;NA;NA;NA;NA;NA;NA;NA;NA;NA;NA;NA;NA;NA;NA;NA;NA;NA;NA
"10";2004;2;2687;NA;28430;875;109633;NA;1537;NA;NA;NA;NA;21;NA;41305;14479;197;NA;310;NA;NA;923;NA;14;NA;NA;NA;NA;NA;NA;NA;NA;NA;NA;NA;NA;7024;NA;NA;8368;NA;NA;666;476;51;6510;2840;NA;NA;NA;NA;NA;7415;NA;NA;NA;2;NA;23;0;16;NA;1;NA;1;17;NA;3;NA;1;NA;39;NA;5;6283;NA;30462;NA;NA;11975;NA;734;NA;7751;260;NA;175888;NA;147890;24583;908;53
"20";2004;2;1566;NA;22198;610;45023;NA;650;NA;NA;NA;NA;4;NA;16647;5015;174;NA;246;NA;NA;582;NA;10;NA;NA;NA;NA;NA;NA;NA;NA;NA;NA;NA;NA;4933;NA;NA;6865;NA;NA;339;679;91;3640;1257;NA;NA;NA;NA;NA;4808;NA;NA;NA;0;NA;11;0;7;NA;1;NA;1;7;NA;0;NA;0;NA;13;NA;0;4332;NA;9463;NA;NA;4952;NA;476;NA;7896;153;NA;96209;NA;73289;14338;419;43
"30";2004;2;4466;NA;90999;2014;137793;NA;5507;NA;NA;NA;NA;8;NA;82294;9198;854;NA;396;NA;NA;798;NA;56;NA;NA;NA;NA;NA;NA;NA;NA;NA;NA;NA;NA;21684;NA;NA;29471;NA;NA;1125;1634;382;11632;6901;NA;NA;NA;NA;NA;28288;NA;NA;NA;0;NA;39;0;9;NA;1;NA;1;1;NA;21;NA;0;NA;33;NA;4;12692;NA;18092;NA;NA;3500;NA;1110;NA;56745;2810;NA;318669;NA;264601;44786;2236;17
"99";2004;2;8719;NA;141627;3499;292449;NA;7694;NA;NA;NA;NA;33;NA;140246;28692;1225;NA;952;NA;NA;2303;NA;80;NA;NA;NA;NA;NA;NA;NA;NA;NA;NA;NA;NA;33641;NA;NA;44704;NA;NA;2130;2789;524;21782;10998;NA;NA;NA;NA;NA;40511;NA;NA;NA;2;NA;73;0;32;NA;3;NA;3;25;NA;24;NA;1;NA;85;NA;9;23307;NA;58017;NA;NA;20427;NA;2320;NA;72392;3223;NA;590766;NA;485780;83707;3563;113
"31";2004;2;NA;NA;NA;NA;NA;NA;NA;NA;NA;NA;NA;NA;NA;NA;NA;NA;NA;NA;NA;NA;NA;NA;NA;NA;NA;NA;NA;NA;NA;NA;NA;NA;NA;NA;NA;NA;NA;NA;NA;NA;NA;NA;NA;NA;NA;NA;NA;NA;NA;NA;NA;NA;NA;NA;NA;NA;NA;NA;NA;NA;NA;NA;NA;NA;NA;NA;NA;NA;NA;NA;NA;NA;NA;NA;NA;NA;NA;NA;NA;NA;NA;NA;NA;NA;NA;NA;NA;NA;NA;NA;NA
"32";2004;2;NA;NA;NA;NA;NA;NA;NA;NA;NA;NA;NA;NA;NA;NA;NA;NA;NA;NA;NA;NA;NA;NA;NA;NA;NA;NA;NA;NA;NA;NA;NA;NA;NA;NA;NA;NA;NA;NA;NA;NA;NA;NA;NA;NA;NA;NA;NA;NA;NA;NA;NA;NA;NA;NA;NA;NA;NA;NA;NA;NA;NA;NA;NA;NA;NA;NA;NA;NA;NA;NA;NA;NA;NA;NA;NA;NA;NA;NA;NA;NA;NA;NA;NA;NA;NA;NA;NA;NA;NA;NA;NA
"33";2004;2;NA;NA;NA;NA;NA;NA;NA;NA;NA;NA;NA;NA;NA;NA;NA;NA;NA;NA;NA;NA;NA;NA;NA;NA;NA;NA;NA;NA;NA;NA;NA;NA;NA;NA;NA;NA;NA;NA;NA;NA;NA;NA;NA;NA;NA;NA;NA;NA;NA;NA;NA;NA;NA;NA;NA;NA;NA;NA;NA;NA;NA;NA;NA;NA;NA;NA;NA;NA;NA;NA;NA;NA;NA;NA;NA;NA;NA;NA;NA;NA;NA;NA;NA;NA;NA;NA;NA;NA;NA;NA;NA
"34";2004;2;NA;NA;NA;NA;NA;NA;NA;NA;NA;NA;NA;NA;NA;NA;NA;NA;NA;NA;NA;NA;NA;NA;NA;NA;NA;NA;NA;NA;NA;NA;NA;NA;NA;NA;NA;NA;NA;NA;NA;NA;NA;NA;NA;NA;NA;NA;NA;NA;NA;NA;NA;NA;NA;NA;NA;NA;NA;NA;NA;NA;NA;NA;NA;NA;NA;NA;NA;NA;NA;NA;NA;NA;NA;NA;NA;NA;NA;NA;NA;NA;NA;NA;NA;NA;NA;NA;NA;NA;NA;NA;NA
"35";2004;2;NA;NA;NA;NA;NA;NA;NA;NA;NA;NA;NA;NA;NA;NA;NA;NA;NA;NA;NA;NA;NA;NA;NA;NA;NA;NA;NA;NA;NA;NA;NA;NA;NA;NA;NA;NA;NA;NA;NA;NA;NA;NA;NA;NA;NA;NA;NA;NA;NA;NA;NA;NA;NA;NA;NA;NA;NA;NA;NA;NA;NA;NA;NA;NA;NA;NA;NA;NA;NA;NA;NA;NA;NA;NA;NA;NA;NA;NA;NA;NA;NA;NA;NA;NA;NA;NA;NA;NA;NA;NA;NA
"36";2004;2;NA;NA;NA;NA;NA;NA;NA;NA;NA;NA;NA;NA;NA;NA;NA;NA;NA;NA;NA;NA;NA;NA;NA;NA;NA;NA;NA;NA;NA;NA;NA;NA;NA;NA;NA;NA;NA;NA;NA;NA;NA;NA;NA;NA;NA;NA;NA;NA;NA;NA;NA;NA;NA;NA;NA;NA;NA;NA;NA;NA;NA;NA;NA;NA;NA;NA;NA;NA;NA;NA;NA;NA;NA;NA;NA;NA;NA;NA;NA;NA;NA;NA;NA;NA;NA;NA;NA;NA;NA;NA;NA
"37";2004;2;NA;NA;NA;NA;NA;NA;NA;NA;NA;NA;NA;NA;NA;NA;NA;NA;NA;NA;NA;NA;NA;NA;NA;NA;NA;NA;NA;NA;NA;NA;NA;NA;NA;NA;NA;NA;NA;NA;NA;NA;NA;NA;NA;NA;NA;NA;NA;NA;NA;NA;NA;NA;NA;NA;NA;NA;NA;NA;NA;NA;NA;NA;NA;NA;NA;NA;NA;NA;NA;NA;NA;NA;NA;NA;NA;NA;NA;NA;NA;NA;NA;NA;NA;NA;NA;NA;NA;NA;NA;NA;NA
"38";2004;2;NA;NA;NA;NA;NA;NA;NA;NA;NA;NA;NA;NA;NA;NA;NA;NA;NA;NA;NA;NA;NA;NA;NA;NA;NA;NA;NA;NA;NA;NA;NA;NA;NA;NA;NA;NA;NA;NA;NA;NA;NA;NA;NA;NA;NA;NA;NA;NA;NA;NA;NA;NA;NA;NA;NA;NA;NA;NA;NA;NA;NA;NA;NA;NA;NA;NA;NA;NA;NA;NA;NA;NA;NA;NA;NA;NA;NA;NA;NA;NA;NA;NA;NA;NA;NA;NA;NA;NA;NA;NA;NA
"39";2004;2;NA;NA;NA;NA;NA;NA;NA;NA;NA;NA;NA;NA;NA;NA;NA;NA;NA;NA;NA;NA;NA;NA;NA;NA;NA;NA;NA;NA;NA;NA;NA;NA;NA;NA;NA;NA;NA;NA;NA;NA;NA;NA;NA;NA;NA;NA;NA;NA;NA;NA;NA;NA;NA;NA;NA;NA;NA;NA;NA;NA;NA;NA;NA;NA;NA;NA;NA;NA;NA;NA;NA;NA;NA;NA;NA;NA;NA;NA;NA;NA;NA;NA;NA;NA;NA;NA;NA;NA;NA;NA;NA
"40";2004;2;NA;NA;NA;NA;NA;NA;NA;NA;NA;NA;NA;NA;NA;NA;NA;NA;NA;NA;NA;NA;NA;NA;NA;NA;NA;NA;NA;NA;NA;NA;NA;NA;NA;NA;NA;NA;NA;NA;NA;NA;NA;NA;NA;NA;NA;NA;NA;NA;NA;NA;NA;NA;NA;NA;NA;NA;NA;NA;NA;NA;NA;NA;NA;NA;NA;NA;NA;NA;NA;NA;NA;NA;NA;NA;NA;NA;NA;NA;NA;NA;NA;NA;NA;NA;NA;NA;NA;NA;NA;NA;NA
"10";2004;3;2672;NA;29676;813;109011;NA;1354;NA;NA;NA;NA;22;NA;42453;14682;218;NA;317;NA;NA;822;NA;40;NA;NA;NA;NA;NA;NA;NA;NA;NA;NA;NA;NA;7103;NA;NA;9163;NA;NA;628;395;33;6441;2603;NA;NA;NA;NA;NA;7336;NA;NA;NA;1;NA;46;0;17;NA;4;NA;1;14;NA;3;NA;0;NA;43;NA;0;5805;NA;28482;NA;NA;12197;NA;692;NA;7905;285;NA;176377;NA;148190;25177;863;80
"20";2004;3;1582;NA;23091;638;46758;NA;629;NA;NA;NA;NA;3;NA;17199;5209;186;NA;219;NA;NA;540;NA;13;NA;NA;NA;NA;NA;NA;NA;NA;NA;NA;NA;NA;5181;NA;NA;7089;NA;NA;325;615;75;3672;960;NA;NA;NA;NA;NA;4982;NA;NA;NA;2;NA;14;0;9;NA;2;NA;1;6;NA;1;NA;0;NA;16;NA;0;4056;NA;9434;NA;NA;4930;NA;539;NA;7718;121;NA;98364;NA;76098;14070;406;41
"30";2004;3;3935;NA;97687;2201;137503;NA;5437;NA;NA;NA;NA;3;NA;81714;9748;867;NA;446;NA;NA;849;NA;65;NA;NA;NA;NA;NA;NA;NA;NA;NA;NA;NA;NA;23141;NA;NA;31349;NA;NA;1020;1477;288;10978;4964;NA;NA;NA;NA;NA;31608;NA;NA;NA;3;NA;39;0;10;NA;1;NA;2;1;NA;9;NA;0;NA;65;NA;4;11552;NA;17116;NA;NA;3560;NA;1226;NA;57131;2892;NA;331121;NA;274436;40642;2299;29
"99";2004;3;8189;NA;150454;3652;293272;NA;7420;NA;NA;NA;NA;28;NA;141366;29639;1271;NA;982;NA;NA;2211;NA;118;NA;NA;NA;NA;NA;NA;NA;NA;NA;NA;NA;NA;35425;NA;NA;47601;NA;NA;1973;2487;396;21091;8527;NA;NA;NA;NA;NA;43926;NA;NA;NA;6;NA;99;0;36;NA;7;NA;4;21;NA;13;NA;0;NA;124;NA;4;21413;NA;55032;NA;NA;20687;NA;2457;NA;72754;3298;NA;605862;NA;498724;79889;3568;150
"31";2004;3;NA;NA;NA;NA;NA;NA;NA;NA;NA;NA;NA;NA;NA;NA;NA;NA;NA;NA;NA;NA;NA;NA;NA;NA;NA;NA;NA;NA;NA;NA;NA;NA;NA;NA;NA;NA;NA;NA;NA;NA;NA;NA;NA;NA;NA;NA;NA;NA;NA;NA;NA;NA;NA;NA;NA;NA;NA;NA;NA;NA;NA;NA;NA;NA;NA;NA;NA;NA;NA;NA;NA;NA;NA;NA;NA;NA;NA;NA;NA;NA;NA;NA;NA;NA;NA;NA;NA;NA;NA;NA;NA
"32";2004;3;NA;NA;NA;NA;NA;NA;NA;NA;NA;NA;NA;NA;NA;NA;NA;NA;NA;NA;NA;NA;NA;NA;NA;NA;NA;NA;NA;NA;NA;NA;NA;NA;NA;NA;NA;NA;NA;NA;NA;NA;NA;NA;NA;NA;NA;NA;NA;NA;NA;NA;NA;NA;NA;NA;NA;NA;NA;NA;NA;NA;NA;NA;NA;NA;NA;NA;NA;NA;NA;NA;NA;NA;NA;NA;NA;NA;NA;NA;NA;NA;NA;NA;NA;NA;NA;NA;NA;NA;NA;NA;NA
"33";2004;3;NA;NA;NA;NA;NA;NA;NA;NA;NA;NA;NA;NA;NA;NA;NA;NA;NA;NA;NA;NA;NA;NA;NA;NA;NA;NA;NA;NA;NA;NA;NA;NA;NA;NA;NA;NA;NA;NA;NA;NA;NA;NA;NA;NA;NA;NA;NA;NA;NA;NA;NA;NA;NA;NA;NA;NA;NA;NA;NA;NA;NA;NA;NA;NA;NA;NA;NA;NA;NA;NA;NA;NA;NA;NA;NA;NA;NA;NA;NA;NA;NA;NA;NA;NA;NA;NA;NA;NA;NA;NA;NA
"34";2004;3;NA;NA;NA;NA;NA;NA;NA;NA;NA;NA;NA;NA;NA;NA;NA;NA;NA;NA;NA;NA;NA;NA;NA;NA;NA;NA;NA;NA;NA;NA;NA;NA;NA;NA;NA;NA;NA;NA;NA;NA;NA;NA;NA;NA;NA;NA;NA;NA;NA;NA;NA;NA;NA;NA;NA;NA;NA;NA;NA;NA;NA;NA;NA;NA;NA;NA;NA;NA;NA;NA;NA;NA;NA;NA;NA;NA;NA;NA;NA;NA;NA;NA;NA;NA;NA;NA;NA;NA;NA;NA;NA
"35";2004;3;NA;NA;NA;NA;NA;NA;NA;NA;NA;NA;NA;NA;NA;NA;NA;NA;NA;NA;NA;NA;NA;NA;NA;NA;NA;NA;NA;NA;NA;NA;NA;NA;NA;NA;NA;NA;NA;NA;NA;NA;NA;NA;NA;NA;NA;NA;NA;NA;NA;NA;NA;NA;NA;NA;NA;NA;NA;NA;NA;NA;NA;NA;NA;NA;NA;NA;NA;NA;NA;NA;NA;NA;NA;NA;NA;NA;NA;NA;NA;NA;NA;NA;NA;NA;NA;NA;NA;NA;NA;NA;NA
"36";2004;3;NA;NA;NA;NA;NA;NA;NA;NA;NA;NA;NA;NA;NA;NA;NA;NA;NA;NA;NA;NA;NA;NA;NA;NA;NA;NA;NA;NA;NA;NA;NA;NA;NA;NA;NA;NA;NA;NA;NA;NA;NA;NA;NA;NA;NA;NA;NA;NA;NA;NA;NA;NA;NA;NA;NA;NA;NA;NA;NA;NA;NA;NA;NA;NA;NA;NA;NA;NA;NA;NA;NA;NA;NA;NA;NA;NA;NA;NA;NA;NA;NA;NA;NA;NA;NA;NA;NA;NA;NA;NA;NA
"37";2004;3;NA;NA;NA;NA;NA;NA;NA;NA;NA;NA;NA;NA;NA;NA;NA;NA;NA;NA;NA;NA;NA;NA;NA;NA;NA;NA;NA;NA;NA;NA;NA;NA;NA;NA;NA;NA;NA;NA;NA;NA;NA;NA;NA;NA;NA;NA;NA;NA;NA;NA;NA;NA;NA;NA;NA;NA;NA;NA;NA;NA;NA;NA;NA;NA;NA;NA;NA;NA;NA;NA;NA;NA;NA;NA;NA;NA;NA;NA;NA;NA;NA;NA;NA;NA;NA;NA;NA;NA;NA;NA;NA
"38";2004;3;NA;NA;NA;NA;NA;NA;NA;NA;NA;NA;NA;NA;NA;NA;NA;NA;NA;NA;NA;NA;NA;NA;NA;NA;NA;NA;NA;NA;NA;NA;NA;NA;NA;NA;NA;NA;NA;NA;NA;NA;NA;NA;NA;NA;NA;NA;NA;NA;NA;NA;NA;NA;NA;NA;NA;NA;NA;NA;NA;NA;NA;NA;NA;NA;NA;NA;NA;NA;NA;NA;NA;NA;NA;NA;NA;NA;NA;NA;NA;NA;NA;NA;NA;NA;NA;NA;NA;NA;NA;NA;NA
"39";2004;3;NA;NA;NA;NA;NA;NA;NA;NA;NA;NA;NA;NA;NA;NA;NA;NA;NA;NA;NA;NA;NA;NA;NA;NA;NA;NA;NA;NA;NA;NA;NA;NA;NA;NA;NA;NA;NA;NA;NA;NA;NA;NA;NA;NA;NA;NA;NA;NA;NA;NA;NA;NA;NA;NA;NA;NA;NA;NA;NA;NA;NA;NA;NA;NA;NA;NA;NA;NA;NA;NA;NA;NA;NA;NA;NA;NA;NA;NA;NA;NA;NA;NA;NA;NA;NA;NA;NA;NA;NA;NA;NA
"40";2004;3;NA;NA;NA;NA;NA;NA;NA;NA;NA;NA;NA;NA;NA;NA;NA;NA;NA;NA;NA;NA;NA;NA;NA;NA;NA;NA;NA;NA;NA;NA;NA;NA;NA;NA;NA;NA;NA;NA;NA;NA;NA;NA;NA;NA;NA;NA;NA;NA;NA;NA;NA;NA;NA;NA;NA;NA;NA;NA;NA;NA;NA;NA;NA;NA;NA;NA;NA;NA;NA;NA;NA;NA;NA;NA;NA;NA;NA;NA;NA;NA;NA;NA;NA;NA;NA;NA;NA;NA;NA;NA;NA
"10";2004;4;2863;NA;30819;853;105555;NA;1273;NA;NA;NA;NA;18;NA;43323;12516;187;NA;339;NA;NA;742;NA;20;NA;NA;NA;NA;NA;NA;NA;NA;NA;NA;NA;NA;7353;NA;NA;9676;NA;NA;722;388;70;6383;2170;NA;NA;NA;NA;NA;7155;NA;NA;NA;2;NA;37;0;5;NA;3;NA;1;2;NA;5;NA;0;NA;69;NA;0;5407;NA;27010;NA;NA;10819;NA;652;NA;8304;348;NA;172402;NA;145655;24672;767;70
"20";2004;4;1554;NA;23902;690;45919;NA;619;NA;NA;NA;NA;6;NA;17304;4866;219;NA;244;NA;NA;512;NA;20;NA;NA;NA;NA;NA;NA;NA;NA;NA;NA;NA;NA;5237;NA;NA;7759;NA;NA;280;565;39;3760;976;NA;NA;NA;NA;NA;5205;NA;NA;NA;1;NA;18;4;4;NA;1;NA;1;3;NA;0;NA;0;NA;16;NA;0;4023;NA;8951;NA;NA;4918;NA;499;NA;7312;174;NA;98783;NA;76335;14516;419;56
"30";2004;4;4307;NA;102067;2225;139728;NA;5341;NA;NA;NA;NA;5;NA;83406;9678;846;NA;432;NA;NA;767;NA;59;NA;NA;NA;NA;NA;NA;NA;NA;NA;NA;NA;NA;23368;NA;NA;33246;NA;NA;1032;1441;311;11337;5539;NA;NA;NA;NA;NA;31803;NA;NA;NA;4;NA;47;0;5;NA;4;NA;0;3;NA;18;NA;0;NA;37;NA;8;11883;NA;16684;NA;NA;3679;NA;1109;NA;61147;2921;NA;339470;NA;281164;42485;2382;15
"99";2004;4;8724;NA;156788;3768;291202;NA;7233;NA;NA;NA;NA;29;NA;144033;27060;1252;NA;1015;NA;NA;2021;NA;99;NA;NA;NA;NA;NA;NA;NA;NA;NA;NA;NA;NA;35958;NA;NA;50681;NA;NA;2034;2394;420;21480;8685;NA;NA;NA;NA;NA;44163;NA;NA;NA;7;NA;102;4;14;NA;8;NA;2;8;NA;23;NA;0;NA;122;NA;8;21313;NA;52645;NA;NA;19416;NA;2260;NA;76763;3443;NA;610655;NA;503154;81673;3568;141
"31";2004;4;NA;NA;NA;NA;NA;NA;NA;NA;NA;NA;NA;NA;NA;NA;NA;NA;NA;NA;NA;NA;NA;NA;NA;NA;NA;NA;NA;NA;NA;NA;NA;NA;NA;NA;NA;NA;NA;NA;NA;NA;NA;NA;NA;NA;NA;NA;NA;NA;NA;NA;NA;NA;NA;NA;NA;NA;NA;NA;NA;NA;NA;NA;NA;NA;NA;NA;NA;NA;NA;NA;NA;NA;NA;NA;NA;NA;NA;NA;NA;NA;NA;NA;NA;NA;NA;NA;NA;NA;NA;NA;NA
"32";2004;4;NA;NA;NA;NA;NA;NA;NA;NA;NA;NA;NA;NA;NA;NA;NA;NA;NA;NA;NA;NA;NA;NA;NA;NA;NA;NA;NA;NA;NA;NA;NA;NA;NA;NA;NA;NA;NA;NA;NA;NA;NA;NA;NA;NA;NA;NA;NA;NA;NA;NA;NA;NA;NA;NA;NA;NA;NA;NA;NA;NA;NA;NA;NA;NA;NA;NA;NA;NA;NA;NA;NA;NA;NA;NA;NA;NA;NA;NA;NA;NA;NA;NA;NA;NA;NA;NA;NA;NA;NA;NA;NA
"33";2004;4;NA;NA;NA;NA;NA;NA;NA;NA;NA;NA;NA;NA;NA;NA;NA;NA;NA;NA;NA;NA;NA;NA;NA;NA;NA;NA;NA;NA;NA;NA;NA;NA;NA;NA;NA;NA;NA;NA;NA;NA;NA;NA;NA;NA;NA;NA;NA;NA;NA;NA;NA;NA;NA;NA;NA;NA;NA;NA;NA;NA;NA;NA;NA;NA;NA;NA;NA;NA;NA;NA;NA;NA;NA;NA;NA;NA;NA;NA;NA;NA;NA;NA;NA;NA;NA;NA;NA;NA;NA;NA;NA
"34";2004;4;NA;NA;NA;NA;NA;NA;NA;NA;NA;NA;NA;NA;NA;NA;NA;NA;NA;NA;NA;NA;NA;NA;NA;NA;NA;NA;NA;NA;NA;NA;NA;NA;NA;NA;NA;NA;NA;NA;NA;NA;NA;NA;NA;NA;NA;NA;NA;NA;NA;NA;NA;NA;NA;NA;NA;NA;NA;NA;NA;NA;NA;NA;NA;NA;NA;NA;NA;NA;NA;NA;NA;NA;NA;NA;NA;NA;NA;NA;NA;NA;NA;NA;NA;NA;NA;NA;NA;NA;NA;NA;NA
"35";2004;4;NA;NA;NA;NA;NA;NA;NA;NA;NA;NA;NA;NA;NA;NA;NA;NA;NA;NA;NA;NA;NA;NA;NA;NA;NA;NA;NA;NA;NA;NA;NA;NA;NA;NA;NA;NA;NA;NA;NA;NA;NA;NA;NA;NA;NA;NA;NA;NA;NA;NA;NA;NA;NA;NA;NA;NA;NA;NA;NA;NA;NA;NA;NA;NA;NA;NA;NA;NA;NA;NA;NA;NA;NA;NA;NA;NA;NA;NA;NA;NA;NA;NA;NA;NA;NA;NA;NA;NA;NA;NA;NA
"36";2004;4;NA;NA;NA;NA;NA;NA;NA;NA;NA;NA;NA;NA;NA;NA;NA;NA;NA;NA;NA;NA;NA;NA;NA;NA;NA;NA;NA;NA;NA;NA;NA;NA;NA;NA;NA;NA;NA;NA;NA;NA;NA;NA;NA;NA;NA;NA;NA;NA;NA;NA;NA;NA;NA;NA;NA;NA;NA;NA;NA;NA;NA;NA;NA;NA;NA;NA;NA;NA;NA;NA;NA;NA;NA;NA;NA;NA;NA;NA;NA;NA;NA;NA;NA;NA;NA;NA;NA;NA;NA;NA;NA
"37";2004;4;NA;NA;NA;NA;NA;NA;NA;NA;NA;NA;NA;NA;NA;NA;NA;NA;NA;NA;NA;NA;NA;NA;NA;NA;NA;NA;NA;NA;NA;NA;NA;NA;NA;NA;NA;NA;NA;NA;NA;NA;NA;NA;NA;NA;NA;NA;NA;NA;NA;NA;NA;NA;NA;NA;NA;NA;NA;NA;NA;NA;NA;NA;NA;NA;NA;NA;NA;NA;NA;NA;NA;NA;NA;NA;NA;NA;NA;NA;NA;NA;NA;NA;NA;NA;NA;NA;NA;NA;NA;NA;NA
"38";2004;4;NA;NA;NA;NA;NA;NA;NA;NA;NA;NA;NA;NA;NA;NA;NA;NA;NA;NA;NA;NA;NA;NA;NA;NA;NA;NA;NA;NA;NA;NA;NA;NA;NA;NA;NA;NA;NA;NA;NA;NA;NA;NA;NA;NA;NA;NA;NA;NA;NA;NA;NA;NA;NA;NA;NA;NA;NA;NA;NA;NA;NA;NA;NA;NA;NA;NA;NA;NA;NA;NA;NA;NA;NA;NA;NA;NA;NA;NA;NA;NA;NA;NA;NA;NA;NA;NA;NA;NA;NA;NA;NA
"39";2004;4;NA;NA;NA;NA;NA;NA;NA;NA;NA;NA;NA;NA;NA;NA;NA;NA;NA;NA;NA;NA;NA;NA;NA;NA;NA;NA;NA;NA;NA;NA;NA;NA;NA;NA;NA;NA;NA;NA;NA;NA;NA;NA;NA;NA;NA;NA;NA;NA;NA;NA;NA;NA;NA;NA;NA;NA;NA;NA;NA;NA;NA;NA;NA;NA;NA;NA;NA;NA;NA;NA;NA;NA;NA;NA;NA;NA;NA;NA;NA;NA;NA;NA;NA;NA;NA;NA;NA;NA;NA;NA;NA
"40";2004;4;NA;NA;NA;NA;NA;NA;NA;NA;NA;NA;NA;NA;NA;NA;NA;NA;NA;NA;NA;NA;NA;NA;NA;NA;NA;NA;NA;NA;NA;NA;NA;NA;NA;NA;NA;NA;NA;NA;NA;NA;NA;NA;NA;NA;NA;NA;NA;NA;NA;NA;NA;NA;NA;NA;NA;NA;NA;NA;NA;NA;NA;NA;NA;NA;NA;NA;NA;NA;NA;NA;NA;NA;NA;NA;NA;NA;NA;NA;NA;NA;NA;NA;NA;NA;NA;NA;NA;NA;NA;NA;NA
"10";2005;1;2559;NA;30969;829;100594;1874;1235;38872;2513;NA;32419;17;NA;40088;14467;157;149;303;NA;NA;761;NA;28;31710;NA;NA;2117;NA;NA;NA;NA;15551;NA;NA;NA;NA;363;6044;10279;NA;46482;672;502;65;6357;2246;478565;9301;28;802;NA;NA;4919;NA;NA;1;NA;41;0;14;NA;1;NA;2;4;NA;5;NA;1;NA;72;NA;2;5482;NA;26013;51;952;11029;NA;667;NA;8768;260;NA;166504;38151;140420;23068;825;47
"20";2005;1;1424;NA;24575;658;43676;2160;629;17266;1679;NA;20433;4;NA;15672;5267;192;185;242;NA;NA;541;NA;8;16693;NA;NA;1494;NA;NA;NA;NA;9649;NA;NA;NA;NA;225;4398;8241;NA;25173;283;547;69;3667;1112;103254;4507;19;597;NA;NA;3268;NA;NA;1;NA;11;1;3;NA;2;NA;1;1;NA;2;NA;0;NA;16;NA;1;4191;NA;9151;11;385;5098;NA;530;NA;7935;125;NA;96724;15044;74966;13599;464;24
"30";2005;1;4006;NA;103330;2366;141455;16994;5628;48960;3819;NA;90560;7;NA;82341;9849;730;694;467;NA;NA;793;NA;55;46874;NA;NA;3554;NA;NA;NA;NA;51179;NA;NA;NA;NA;683;21079;34277;NA;90163;1079;1532;311;11979;6124;979357;6701;59;820;NA;NA;13736;NA;NA;4;NA;47;0;5;NA;0;NA;1;2;NA;13;NA;0;NA;37;NA;1;12969;NA;17552;12;204;3918;NA;1141;NA;62036;2686;NA;344174;22792;283509;40052;2541;26
"99";2005;1;7989;NA;158874;3853;285725;21028;7492;105098;8011;NA;143412;28;NA;138101;29583;1079;1028;1012;NA;NA;2095;NA;91;95277;NA;NA;7165;NA;NA;NA;NA;76379;NA;NA;NA;NA;1271;31521;52797;NA;161818;2034;2581;445;22003;9482;1561176;20509;106;2219;NA;NA;21923;NA;NA;6;NA;99;1;22;NA;3;NA;4;7;NA;20;NA;1;NA;125;NA;4;22642;NA;52716;74;1541;20045;NA;2338;NA;78739;3071;NA;607402;75987;498895;76719;3830;97
"31";2005;1;370;NA;9924;234;14405;1633;534;NA;NA;NA;NA;1;NA;8091;1144;83;75;46;NA;NA;94;NA;6;NA;NA;NA;NA;NA;NA;NA;NA;NA;NA;NA;NA;NA;63;1993;3101;NA;6988;152;197;23;1450;586;77517;753;6;98;NA;NA;1674;NA;NA;1;NA;5;0;1;NA;0;NA;0;0;NA;0;NA;0;NA;4;NA;0;1705;NA;2216;1;8;548;NA;136;NA;7120;NA;NA;32406;2911;28404;4882;312;9
"32";2005;1;1147;NA;27726;593;42930;4085;1434;NA;NA;NA;NA;4;NA;21604;4352;209;203;114;NA;NA;253;NA;19;NA;NA;NA;NA;NA;NA;NA;NA;NA;NA;NA;NA;NA;158;6572;8881;NA;27816;139;306;69;3299;1302;273601;3169;20;257;NA;NA;3255;NA;NA;1;NA;15;0;4;NA;0;NA;0;0;NA;3;NA;0;NA;4;NA;1;3406;NA;6340;1;135;2403;NA;302;NA;13964;NA;NA;101414;9133;80023;10424;670;6
"33";2005;1;526;NA;16302;334;21949;3077;1021;NA;NA;NA;NA;0;NA;14871;1087;101;97;53;NA;NA;96;NA;7;NA;NA;NA;NA;NA;NA;NA;NA;NA;NA;NA;NA;NA;97;3044;5724;NA;12602;546;641;32;1854;937;310061;695;7;100;NA;NA;2075;NA;NA;0;NA;4;0;0;NA;0;NA;0;0;NA;1;NA;0;NA;6;NA;0;1512;NA;1871;3;22;168;NA;157;NA;11241;NA;NA;51687;2195;44758;6097;455;1
"34";2005;1;434;NA;10895;171;12724;2000;593;NA;NA;NA;NA;0;NA;8305;324;53;53;37;NA;NA;54;NA;5;NA;NA;NA;NA;NA;NA;NA;NA;NA;NA;NA;NA;NA;56;2234;3765;NA;8153;38;76;51;1049;685;57360;267;7;57;NA;NA;1244;NA;NA;1;NA;10;0;0;NA;0;NA;0;2;NA;0;NA;0;NA;5;NA;0;1210;NA;732;0;5;56;NA;89;NA;6906;NA;NA;34136;884;27627;3424;206;1
"35";2005;1;387;NA;11125;301;13621;2031;561;NA;NA;NA;NA;0;NA;8812;748;77;68;46;NA;NA;77;NA;3;NA;NA;NA;NA;NA;NA;NA;NA;NA;NA;NA;NA;NA;198;2453;3658;NA;10694;29;51;57;1219;874;76229;374;4;77;NA;NA;1769;NA;NA;1;NA;3;0;0;NA;0;NA;0;0;NA;3;NA;0;NA;2;NA;0;1402;NA;757;1;0;58;NA;126;NA;7047;NA;NA;36667;941;29408;4592;307;1
"36";2005;1;418;NA;9950;289;17235;956;699;NA;NA;NA;NA;2;NA;9260;1150;109;107;88;NA;NA;84;NA;4;NA;NA;NA;NA;NA;NA;NA;NA;NA;NA;NA;NA;NA;35;1647;3251;NA;6667;80;132;42;1275;682;56198;807;4;90;NA;NA;1519;NA;NA;0;NA;7;0;0;NA;0;NA;1;0;NA;5;NA;0;NA;11;NA;0;1637;NA;3973;4;21;369;NA;113;NA;4895;NA;NA;32561;4520;30648;4410;264;5
"37";2005;1;501;NA;12269;348;14390;2214;532;NA;NA;NA;NA;0;NA;8859;996;75;72;73;NA;NA;113;NA;8;NA;NA;NA;NA;NA;NA;NA;NA;NA;NA;NA;NA;NA;51;2170;4110;NA;12346;70;96;18;1425;765;75772;582;8;116;NA;NA;1530;NA;NA;0;NA;3;0;0;NA;0;NA;0;0;NA;0;NA;0;NA;5;NA;0;1606;NA;1457;2;12;308;NA;165;NA;5788;NA;NA;38386;1959;31283;4356;255;3
"38";2005;1;223;NA;5139;96;4201;998;254;NA;NA;NA;NA;0;NA;2539;48;23;19;10;NA;NA;22;NA;3;NA;NA;NA;NA;NA;NA;NA;NA;NA;NA;NA;NA;NA;25;966;1787;NA;4897;25;33;19;408;293;18989;54;3;25;NA;NA;670;NA;NA;0;NA;0;0;0;NA;0;NA;0;0;NA;1;NA;0;NA;0;NA;0;491;NA;206;0;1;8;NA;53;NA;5075;NA;NA;16917;249;11358;1867;72;0
"39";2005;1;NA;NA;NA;NA;NA;NA;NA;NA;NA;NA;NA;NA;NA;NA;NA;NA;NA;NA;NA;NA;NA;NA;NA;NA;NA;NA;NA;NA;NA;NA;NA;NA;NA;NA;NA;NA;NA;NA;NA;NA;NA;NA;NA;NA;NA;NA;NA;NA;NA;NA;NA;NA;NA;NA;NA;NA;NA;NA;NA;NA;NA;NA;NA;NA;NA;NA;NA;NA;NA;NA;NA;NA;NA;NA;NA;NA;NA;NA;NA;NA;NA;NA;NA;NA;NA;NA;NA;NA;NA;NA;NA
"40";2005;1;NA;NA;NA;NA;NA;NA;NA;NA;NA;NA;NA;NA;NA;NA;NA;NA;NA;NA;NA;NA;NA;NA;NA;NA;NA;NA;NA;NA;NA;NA;NA;NA;NA;NA;NA;NA;NA;NA;NA;NA;NA;NA;NA;NA;NA;NA;NA;NA;NA;NA;NA;NA;NA;NA;NA;NA;NA;NA;NA;NA;NA;NA;NA;NA;NA;NA;NA;NA;NA;NA;NA;NA;NA;NA;NA;NA;NA;NA;NA;NA;NA;NA;NA;NA;NA;NA;NA;NA;NA;NA;NA
"10";2005;2;2918;NA;31943;963;108251;2052;1212;41199;2491;NA;36579;13;NA;45867;14974;259;246;324;NA;NA;652;NA;28;39026;NA;NA;2148;NA;NA;NA;NA;28514;NA;NA;NA;NA;436;7135;9963;NA;50379;661;584;35;6475;2418;458536;9473;39;684;NA;NA;5528;NA;NA;1;NA;32;0;4;NA;0;NA;1;2;NA;0;NA;1;NA;55;NA;2;5479;NA;29034;60;889;11480;NA;560;NA;8744;285;NA;177438;41531;149949;24339;779;28
"20";2005;2;1393;NA;24599;640;46535;2203;665;17668;1548;NA;21594;4;NA;16454;5758;192;185;194;NA;NA;464;NA;14;17428;NA;NA;1459;NA;NA;NA;NA;14727;NA;NA;NA;NA;166;4949;8106;NA;27160;317;574;75;3701;1281;136432;4507;19;516;NA;NA;3546;NA;NA;1;NA;12;2;2;NA;8;NA;1;0;NA;3;NA;0;NA;14;NA;2;4342;NA;10321;9;405;5178;NA;437;NA;8229;131;NA;101787;16175;78188;14093;502;16
"30";2005;2;3938;NA;100214;2188;140662;16954;5793;50254;3596;NA;96714;11;NA;82677;9385;914;857;426;NA;NA;653;NA;41;49549;NA;NA;3523;NA;NA;NA;NA;72175;NA;NA;NA;NA;649;23142;31499;NA;87533;1125;1602;353;11763;6995;1075274;6564;41;682;NA;NA;14277;NA;NA;2;NA;33;2;4;NA;3;NA;0;0;NA;14;NA;0;NA;28;NA;1;12991;NA;18525;18;251;3882;NA;1131;NA;61786;2644;NA;340566;23538;280088;42073;2742;8
"99";2005;2;8249;NA;156756;3791;295448;21209;7670;109121;7635;NA;154887;28;NA;144998;30117;1365;1288;944;NA;NA;1769;NA;83;106003;NA;NA;7130;NA;NA;NA;NA;115416;NA;NA;NA;NA;1251;35226;49568;NA;165072;2103;2760;463;21939;10694;1670242;20544;99;1882;NA;NA;23351;NA;NA;4;NA;77;4;10;NA;11;NA;2;2;NA;17;NA;1;NA;97;NA;5;22812;NA;57880;87;1545;20540;NA;2128;NA;78759;3060;NA;619791;81244;508225;80505;4023;52
"31";2005;2;411;NA;9870;197;15450;1540;494;NA;NA;NA;NA;1;NA;8491;1157;118;87;56;NA;NA;81;NA;3;NA;NA;NA;NA;NA;NA;NA;NA;NA;NA;NA;NA;NA;73;2034;2868;NA;7030;125;203;24;1393;585;84498;675;3;84;NA;NA;1699;NA;NA;1;NA;5;0;0;NA;2;NA;0;0;NA;0;NA;0;NA;4;NA;0;1620;NA;2551;6;16;561;NA;211;NA;6390;NA;NA;33603;3253;29250;4733;311;2
"32";2005;2;1081;NA;27168;516;42086;4179;1548;NA;NA;NA;NA;4;NA;21507;4166;235;227;101;NA;NA;216;NA;15;NA;NA;NA;NA;NA;NA;NA;NA;NA;NA;NA;NA;NA;140;7579;8291;NA;26593;144;275;73;3342;1510;324722;3264;16;224;NA;NA;3429;NA;NA;0;NA;8;1;1;NA;0;NA;0;0;NA;5;NA;0;NA;10;NA;0;3583;NA;6642;4;165;2298;NA;277;NA;14962;NA;NA;99631;9276;78926;11009;772;3
"33";2005;2;524;NA;15575;306;21879;2931;1094;NA;NA;NA;NA;1;NA;15224;985;129;124;53;NA;NA;67;NA;5;NA;NA;NA;NA;NA;NA;NA;NA;NA;NA;NA;NA;NA;95;3393;5035;NA;12714;596;744;24;1757;1091;314269;732;5;72;NA;NA;2222;NA;NA;1;NA;4;0;0;NA;0;NA;0;0;NA;2;NA;0;NA;6;NA;1;1403;NA;1901;3;24;156;NA;126;NA;10694;NA;NA;51508;2183;44007;6651;460;0
"34";2005;2;418;NA;10735;182;12381;2060;663;NA;NA;NA;NA;0;NA;8178;339;78;77;37;NA;NA;44;NA;3;NA;NA;NA;NA;NA;NA;NA;NA;NA;NA;NA;NA;NA;46;2597;3523;NA;7984;40;68;48;1051;846;73197;282;3;44;NA;NA;1299;NA;NA;0;NA;3;0;0;NA;0;NA;0;0;NA;1;NA;0;NA;2;NA;0;1316;NA;800;0;5;43;NA;70;NA;7481;NA;NA;33329;927;27320;3608;257;0
"35";2005;2;343;NA;11145;251;13810;2180;522;NA;NA;NA;NA;0;NA;8998;544;94;90;40;NA;NA;47;NA;3;NA;NA;NA;NA;NA;NA;NA;NA;NA;NA;NA;NA;NA;175;2724;3522;NA;10381;37;57;54;1103;1013;84736;291;3;48;NA;NA;1944;NA;NA;0;NA;3;0;0;NA;1;NA;0;0;NA;3;NA;0;NA;4;NA;0;1258;NA;848;3;1;67;NA;106;NA;7082;NA;NA;37113;1005;29852;4777;267;0
"36";2005;2;445;NA;8575;218;16038;808;540;NA;NA;NA;NA;4;NA;8282;1122;111;109;54;NA;NA;80;NA;8;NA;NA;NA;NA;NA;NA;NA;NA;NA;NA;NA;NA;NA;27;1401;2749;NA;6107;92;128;89;1174;653;60651;698;8;83;NA;NA;1417;NA;NA;0;NA;2;1;3;NA;0;NA;0;0;NA;0;NA;0;NA;0;NA;0;1556;NA;3955;1;31;447;NA;131;NA;4601;NA;NA;29911;4548;27596;4536;261;1
"37";2005;2;503;NA;12162;432;14852;2268;618;NA;NA;NA;NA;1;NA;9375;1015;122;116;69;NA;NA;94;NA;2;NA;NA;NA;NA;NA;NA;NA;NA;NA;NA;NA;NA;NA;63;2398;3836;NA;12050;78;110;12;1560;923;78270;573;2;97;NA;NA;1549;NA;NA;0;NA;4;0;0;NA;0;NA;0;0;NA;0;NA;0;NA;2;NA;0;1770;NA;1601;1;8;295;NA;167;NA;5694;NA;NA;38813;2062;31881;4817;312;2
"38";2005;2;213;NA;4984;86;4166;988;314;NA;NA;NA;NA;0;NA;2622;57;27;27;16;NA;NA;24;NA;2;NA;NA;NA;NA;NA;NA;NA;NA;NA;NA;NA;NA;NA;30;1016;1675;NA;4674;13;17;29;383;374;16825;49;1;30;NA;NA;718;NA;NA;0;NA;4;0;0;NA;0;NA;0;0;NA;3;NA;0;NA;0;NA;0;485;NA;227;0;1;15;NA;43;NA;4882;NA;NA;16658;284;11256;1942;102;0
"39";2005;2;NA;NA;NA;NA;NA;NA;NA;NA;NA;NA;NA;NA;NA;NA;NA;NA;NA;NA;NA;NA;NA;NA;NA;NA;NA;NA;NA;NA;NA;NA;NA;NA;NA;NA;NA;NA;NA;NA;NA;NA;NA;NA;NA;NA;NA;NA;NA;NA;NA;NA;NA;NA;NA;NA;NA;NA;NA;NA;NA;NA;NA;NA;NA;NA;NA;NA;NA;NA;NA;NA;NA;NA;NA;NA;NA;NA;NA;NA;NA;NA;NA;NA;NA;NA;NA;NA;NA;NA;NA;NA;NA
"40";2005;2;NA;NA;NA;NA;NA;NA;NA;NA;NA;NA;NA;NA;NA;NA;NA;NA;NA;NA;NA;NA;NA;NA;NA;NA;NA;NA;NA;NA;NA;NA;NA;NA;NA;NA;NA;NA;NA;NA;NA;NA;NA;NA;NA;NA;NA;NA;NA;NA;NA;NA;NA;NA;NA;NA;NA;NA;NA;NA;NA;NA;NA;NA;NA;NA;NA;NA;NA;NA;NA;NA;NA;NA;NA;NA;NA;NA;NA;NA;NA;NA;NA;NA;NA;NA;NA;NA;NA;NA;NA;NA;NA
"10";2005;3;2899;NA;30395;891;108563;1888;1288;39443;2348;NA;36962;16;NA;45206;15618;236;223;337;NA;NA;521;NA;12;36418;NA;NA;2267;NA;NA;NA;NA;33927;NA;NA;NA;NA;524;7070;9513;NA;48700;630;652;63;6275;2395;481816;9264;23;616;NA;NA;5891;NA;NA;0;NA;23;1;6;NA;0;NA;1;2;NA;3;NA;2;NA;45;NA;6;5414;NA;28817;64;925;11373;NA;533;NA;8222;271;NA;174772;41076;148916;24438;839;28
"20";2005;3;1486;NA;23905;666;46422;2179;695;17103;1531;NA;22315;8;NA;16380;5811;182;172;234;NA;NA;432;NA;14;16578;NA;NA;1478;NA;NA;NA;NA;19489;NA;NA;NA;NA;200;4840;7663;NA;27503;307;553;75;3619;1313;145015;4473;22;481;NA;NA;3511;NA;NA;1;NA;17;1;3;NA;0;NA;1;3;NA;3;NA;0;NA;12;NA;1;4248;NA;10118;11;393;5184;NA;441;NA;7894;110;NA;101408;15990;77378;13642;519;28
"30";2005;3;3684;NA;100332;2196;139732;17145;5985;50333;3566;NA;95352;11;NA;80643;9756;848;802;428;NA;NA;610;NA;39;48850;NA;NA;3475;NA;NA;NA;NA;75394;NA;NA;NA;NA;763;23015;31645;NA;90795;1212;1739;414;11298;7441;1144451;6703;40;637;NA;NA;14717;NA;NA;3;NA;42;0;3;NA;5;NA;1;0;NA;14;NA;0;NA;28;NA;0;13017;NA;18039;13;195;3827;NA;906;NA;61529;2809;NA;342543;22954;280107;41151;2754;17
"99";2005;3;8069;NA;154632;3753;294717;21212;7968;106879;7445;NA;154629;35;NA;142229;31185;1266;1197;999;NA;NA;1563;NA;65;101846;NA;NA;7220;NA;NA;NA;NA;128810;NA;NA;NA;NA;1487;34925;48821;NA;166998;2149;2944;552;21192;11149;1771282;20440;85;1734;NA;NA;24119;NA;NA;4;NA;82;2;12;NA;5;NA;3;5;NA;20;NA;2;NA;85;NA;7;22679;NA;56974;88;1513;20384;NA;1880;NA;77645;3190;NA;618723;80020;506401;79231;4112;73
"31";2005;3;393;NA;9847;200;15479;1655;505;NA;NA;NA;NA;1;NA;8293;1242;88;82;29;NA;NA;79;NA;8;NA;NA;NA;NA;NA;NA;NA;NA;NA;NA;NA;NA;NA;60;2073;2785;NA;7422;139;226;15;1334;637;100361;793;9;81;NA;NA;1543;NA;NA;0;NA;4;0;1;NA;1;NA;0;0;NA;2;NA;0;NA;0;NA;0;1649;NA;2677;0;9;597;NA;101;NA;6047;NA;NA;34519;3391;29229;4852;308;5
"32";2005;3;1023;NA;27826;560;41485;4178;1553;NA;NA;NA;NA;6;NA;20503;4543;231;219;101;NA;NA;200;NA;7;NA;NA;NA;NA;NA;NA;NA;NA;NA;NA;NA;NA;NA;182;7486;8473;NA;26877;163;254;112;3166;1627;328659;3307;7;211;NA;NA;3693;NA;NA;0;NA;13;0;1;NA;0;NA;1;0;NA;1;NA;0;NA;13;NA;0;3518;NA;6312;3;126;2253;NA;268;NA;15552;NA;NA;98730;8879;79295;10841;784;1
"33";2005;3;515;NA;16211;288;22282;3262;1102;NA;NA;NA;NA;1;NA;15238;1005;139;133;56;NA;NA;79;NA;5;NA;NA;NA;NA;NA;NA;NA;NA;NA;NA;NA;NA;NA;110;3272;5483;NA;13790;670;863;36;1771;1156;317547;708;5;80;NA;NA;2494;NA;NA;0;NA;4;0;0;NA;1;NA;0;0;NA;3;NA;0;NA;3;NA;0;1426;NA;1947;5;16;173;NA;136;NA;10809;NA;NA;53851;2261;45639;6292;468;3
"34";2005;3;283;NA;10340;193;12381;1991;697;NA;NA;NA;NA;0;NA;8365;314;73;68;23;NA;NA;49;NA;3;NA;NA;NA;NA;NA;NA;NA;NA;NA;NA;NA;NA;NA;82;2525;3417;NA;8274;28;47;35;940;780;89278;266;3;49;NA;NA;1355;NA;NA;1;NA;2;0;0;NA;0;NA;0;0;NA;1;NA;0;NA;3;NA;0;1234;NA;697;0;9;37;NA;56;NA;7305;NA;NA;33354;809;26957;3565;252;3
"35";2005;3;395;NA;11176;338;13590;2174;516;NA;NA;NA;NA;0;NA;8774;468;84;79;61;NA;NA;43;NA;4;NA;NA;NA;NA;NA;NA;NA;NA;NA;NA;NA;NA;NA;201;2867;3506;NA;11109;24;49;60;996;1130;85022;293;4;44;NA;NA;2028;NA;NA;0;NA;1;0;0;NA;2;NA;0;0;NA;2;NA;0;NA;8;NA;0;1276;NA;752;1;2;56;NA;96;NA;6625;NA;NA;37885;916;29822;4508;245;1
"36";2005;3;414;NA;8349;227;15647;777;596;NA;NA;NA;NA;2;NA;7936;1177;89;86;64;NA;NA;60;NA;9;NA;NA;NA;NA;NA;NA;NA;NA;NA;NA;NA;NA;NA;34;1333;2729;NA;6384;86;139;102;1301;744;59523;714;9;69;NA;NA;1395;NA;NA;1;NA;10;0;0;NA;1;NA;0;0;NA;4;NA;0;NA;1;NA;0;1667;NA;3804;2;24;421;NA;90;NA;4401;NA;NA;29681;4360;26991;4273;234;2
"37";2005;3;524;NA;11898;297;14604;2138;717;NA;NA;NA;NA;1;NA;9098;944;113;105;76;NA;NA;89;NA;2;NA;NA;NA;NA;NA;NA;NA;NA;NA;NA;NA;NA;NA;71;2488;3666;NA;12141;87;129;18;1402;963;69320;551;2;92;NA;NA;1552;NA;NA;1;NA;6;0;1;NA;0;NA;0;0;NA;1;NA;0;NA;0;NA;0;1713;NA;1558;2;8;277;NA;131;NA;5630;NA;NA;38128;2003;31206;4814;363;2
"38";2005;3;137;NA;4685;93;4264;970;299;NA;NA;NA;NA;0;NA;2436;63;31;30;18;NA;NA;11;NA;1;NA;NA;NA;NA;NA;NA;NA;NA;NA;NA;NA;NA;NA;23;971;1586;NA;4798;15;32;36;388;404;21717;71;1;11;NA;NA;657;NA;NA;0;NA;2;0;0;NA;0;NA;0;0;NA;0;NA;0;NA;0;NA;0;534;NA;292;0;1;13;NA;28;NA;5160;NA;NA;16395;335;10968;2006;100;0
"39";2005;3;NA;NA;NA;NA;NA;NA;NA;NA;NA;NA;NA;NA;NA;NA;NA;NA;NA;NA;NA;NA;NA;NA;NA;NA;NA;NA;NA;NA;NA;NA;NA;NA;NA;NA;NA;NA;NA;NA;NA;NA;NA;NA;NA;NA;NA;NA;NA;NA;NA;NA;NA;NA;NA;NA;NA;NA;NA;NA;NA;NA;NA;NA;NA;NA;NA;NA;NA;NA;NA;NA;NA;NA;NA;NA;NA;NA;NA;NA;NA;NA;NA;NA;NA;NA;NA;NA;NA;NA;NA;NA;NA
"40";2005;3;NA;NA;NA;NA;NA;NA;NA;NA;NA;NA;NA;NA;NA;NA;NA;NA;NA;NA;NA;NA;NA;NA;NA;NA;NA;NA;NA;NA;NA;NA;NA;NA;NA;NA;NA;NA;NA;NA;NA;NA;NA;NA;NA;NA;NA;NA;NA;NA;NA;NA;NA;NA;NA;NA;NA;NA;NA;NA;NA;NA;NA;NA;NA;NA;NA;NA;NA;NA;NA;NA;NA;NA;NA;NA;NA;NA;NA;NA;NA;NA;NA;NA;NA;NA;NA;NA;NA;NA;NA;NA;NA
"10";2005;4;2131;NA;32107;801;101460;1953;1239;38131;2348;NA;34351;22;NA;45020;12566;230;224;327;NA;NA;535;NA;13;38365;NA;NA;2360;NA;NA;NA;NA;30369;NA;NA;NA;NA;304;7359;10632;NA;44062;612;556;44;5928;2112;508595;8493;15;582;NA;NA;5144;NA;NA;1;NA;27;0;5;NA;1;NA;1;3;NA;1;NA;0;NA;50;NA;2;5132;NA;27200;68;958;10236;NA;501;NA;8212;312;NA;170503;38333;142704;25120;897;18
"20";2005;4;1461;NA;24024;615;43195;1954;774;16502;1626;NA;20695;10;NA;16054;4741;188;180;197;NA;NA;468;NA;16;15676;NA;NA;1543;NA;NA;NA;NA;17595;NA;NA;NA;NA;230;5097;8154;NA;25791;297;519;45;3601;1194;178878;4235;22;510;NA;NA;3433;NA;NA;1;NA;20;0;2;NA;1;NA;0;2;NA;1;NA;1;NA;14;NA;2;4069;NA;9772;9;448;4959;NA;392;NA;7449;116;NA;98600;15422;73995;13100;590;27
"30";2005;4;3805;NA;104793;2175;136129;16900;6107;48844;3629;NA;90971;10;NA;78558;9376;842;794;424;NA;NA;646;NA;47;49054;NA;NA;3577;NA;NA;NA;NA;72600;NA;NA;NA;NA;637;24107;33912;NA;89565;1215;1832;299;11242;6089;1097892;6479;48;666;NA;NA;13263;NA;NA;1;NA;47;0;3;NA;1;NA;0;0;NA;10;NA;1;NA;27;NA;2;12288;NA;17275;6;217;3814;NA;950;NA;62723;3010;NA;337449;22216;279367;37431;2714;11
"99";2005;4;7397;NA;160924;3591;280784;20807;8120;103477;7603;NA;146017;42;NA;139632;26683;1260;1198;948;NA;NA;1649;NA;76;103095;NA;NA;7480;NA;NA;NA;NA;120564;NA;NA;NA;NA;1171;36563;52698;NA;159418;2124;2907;388;20771;9395;1785365;19207;85;1758;NA;NA;21840;NA;NA;3;NA;94;0;10;NA;3;NA;1;5;NA;12;NA;2;NA;91;NA;6;21489;NA;54247;83;1623;19009;NA;1843;NA;78384;3438;NA;606552;75971;496066;75651;4201;56
"31";2005;4;389;NA;10039;197;14751;1445;548;NA;NA;NA;NA;0;NA;8120;1088;94;90;51;NA;NA;89;NA;6;NA;NA;NA;NA;NA;NA;NA;NA;NA;NA;NA;NA;NA;70;2185;2978;NA;7506;140;215;13;1331;525;107686;639;6;92;NA;NA;1246;NA;NA;0;NA;1;0;0;NA;0;NA;0;0;NA;0;NA;0;NA;0;NA;0;1532;NA;2490;1;14;520;NA;119;NA;5353;NA;NA;32244;3156;28226;4517;316;2
"32";2005;4;1195;NA;28763;531;40218;4053;1527;NA;NA;NA;NA;5;NA;19705;4107;218;204;96;NA;NA;196;NA;13;NA;NA;NA;NA;NA;NA;NA;NA;NA;NA;NA;NA;NA;124;7906;8933;NA;26221;154;335;73;3006;1500;288022;2965;13;204;NA;NA;3188;NA;NA;1;NA;13;0;1;NA;1;NA;0;0;NA;2;NA;0;NA;9;NA;1;3462;NA;6167;3;115;2373;NA;247;NA;17952;NA;NA;95027;8850;78280;9419;746;5
"33";2005;4;502;NA;16647;326;22073;3221;1072;NA;NA;NA;NA;1;NA;14908;1157;134;129;49;NA;NA;88;NA;6;NA;NA;NA;NA;NA;NA;NA;NA;NA;NA;NA;NA;NA;109;3392;5692;NA;13387;655;880;37;1791;1036;303095;812;6;90;NA;NA;2116;NA;NA;0;NA;5;0;0;NA;0;NA;0;0;NA;2;NA;1;NA;2;NA;0;1447;NA;1948;0;25;172;NA;131;NA;10677;NA;NA;53199;2264;45455;5682;444;0
"34";2005;4;309;NA;11141;183;11991;2062;696;NA;NA;NA;NA;0;NA;7857;450;69;66;24;NA;NA;46;NA;2;NA;NA;NA;NA;NA;NA;NA;NA;NA;NA;NA;NA;NA;58;2649;3690;NA;8255;35;60;35;959;624;89870;335;2;46;NA;NA;1139;NA;NA;0;NA;3;0;0;NA;0;NA;0;0;NA;1;NA;0;NA;9;NA;0;1163;NA;687;0;2;33;NA;87;NA;7440;NA;NA;33425;792;27212;3767;210;1
"35";2005;4;347;NA;11530;281;13751;2197;584;NA;NA;NA;NA;0;NA;8915;492;80;72;49;NA;NA;59;NA;4;NA;NA;NA;NA;NA;NA;NA;NA;NA;NA;NA;NA;NA;148;2822;3734;NA;11222;33;73;59;1091;804;77719;388;4;60;NA;NA;1893;NA;NA;0;NA;4;0;2;NA;0;NA;0;0;NA;1;NA;0;NA;0;NA;0;1193;NA;945;1;4;71;NA;102;NA;6564;NA;NA;38372;1128;30236;4434;256;0
"36";2005;4;370;NA;9093;228;15221;729;685;NA;NA;NA;NA;3;NA;7863;1198;92;88;64;NA;NA;65;NA;6;NA;NA;NA;NA;NA;NA;NA;NA;NA;NA;NA;NA;NA;45;1576;3055;NA;5756;95;130;65;1284;592;64817;735;6;68;NA;NA;1509;NA;NA;0;NA;9;0;0;NA;0;NA;0;0;NA;1;NA;0;NA;3;NA;0;1591;NA;3416;0;41;377;NA;109;NA;4316;NA;NA;30016;3931;27465;3630;311;0
"37";2005;4;480;NA;12358;325;14200;2155;680;NA;NA;NA;NA;1;NA;8864;817;114;108;66;NA;NA;80;NA;7;NA;NA;NA;NA;NA;NA;NA;NA;NA;NA;NA;NA;NA;62;2572;3943;NA;12155;84;118;7;1385;685;80351;545;8;83;NA;NA;1551;NA;NA;0;NA;10;0;0;NA;0;NA;0;0;NA;3;NA;0;NA;3;NA;0;1423;NA;1424;0;15;259;NA;135;NA;5673;NA;NA;38221;1837;31269;4289;356;2
"38";2005;4;213;NA;5222;104;3924;1038;315;NA;NA;NA;NA;0;NA;2326;67;41;37;25;NA;NA;23;NA;3;NA;NA;NA;NA;NA;NA;NA;NA;NA;NA;NA;NA;NA;21;1005;1887;NA;5063;19;21;10;395;323;26895;60;3;23;NA;NA;621;NA;NA;0;NA;2;0;0;NA;0;NA;0;0;NA;0;NA;0;NA;1;NA;1;477;NA;198;1;1;9;NA;20;NA;4748;NA;NA;16945;258;11224;1693;75;1
"39";2005;4;NA;NA;NA;NA;NA;NA;NA;NA;NA;NA;NA;NA;NA;NA;NA;NA;NA;NA;NA;NA;NA;NA;NA;NA;NA;NA;NA;NA;NA;NA;NA;NA;NA;NA;NA;NA;NA;NA;NA;NA;NA;NA;NA;NA;NA;NA;NA;NA;NA;NA;NA;NA;NA;NA;NA;NA;NA;NA;NA;NA;NA;NA;NA;NA;NA;NA;NA;NA;NA;NA;NA;NA;NA;NA;NA;NA;NA;NA;NA;NA;NA;NA;NA;NA;NA;NA;NA;NA;NA;NA;NA
"40";2005;4;NA;NA;NA;NA;NA;NA;NA;NA;NA;NA;NA;NA;NA;NA;NA;NA;NA;NA;NA;NA;NA;NA;NA;NA;NA;NA;NA;NA;NA;NA;NA;NA;NA;NA;NA;NA;NA;NA;NA;NA;NA;NA;NA;NA;NA;NA;NA;NA;NA;NA;NA;NA;NA;NA;NA;NA;NA;NA;NA;NA;NA;NA;NA;NA;NA;NA;NA;NA;NA;NA;NA;NA;NA;NA;NA;NA;NA;NA;NA;NA;NA;NA;NA;NA;NA;NA;NA;NA;NA;NA;NA
"10";2006;1;1876;NA;33307;795;101174;1900;1353;39449;2240;NA;37440;15;NA;41628;13977;224;202;312;NA;NA;524;NA;10;33672;NA;NA;439;NA;NA;NA;NA;20297;NA;NA;NA;NA;343;6612;11312;NA;42616;596;629;58;5817;2041;457774;8075;19;574;NA;NA;5357;NA;NA;0;NA;34;0;0;NA;5;NA;1;1;NA;1;NA;0;NA;43;NA;2;5035;NA;26176;74;910;9900;NA;475;NA;8799;265;NA;166721;36937;143886;24017;934;51
"20";2006;1;1185;NA;25720;716;42185;1990;808;17864;1595;NA;20016;4;NA;15806;4949;185;174;236;NA;NA;428;NA;11;15358;NA;NA;1246;NA;NA;NA;NA;10346;NA;NA;NA;NA;189;4630;8992;NA;27915;288;450;50;3710;1375;140159;3776;18;462;NA;NA;3417;NA;NA;0;NA;14;0;2;NA;2;NA;2;1;NA;0;NA;0;NA;8;NA;1;4241;NA;9524;17;431;4947;NA;370;NA;8512;76;NA;100201;15150;74836;12814;605;27
"30";2006;1;3588;NA;105944;2172;139086;16651;6618;51189;3675;NA;90952;9;NA;80672;9677;735;692;417;NA;NA;564;NA;54;48611;NA;NA;3331;NA;NA;NA;NA;52588;NA;NA;NA;NA;619;21604;34530;NA;94601;1195;1797;337;11635;7098;990693;6585;59;586;NA;NA;13230;NA;NA;1;NA;32;2;1;NA;1;NA;0;1;NA;18;NA;0;NA;31;NA;2;13033;NA;17308;22;219;4053;NA;918;NA;66071;2344;NA;343706;22405;283701;39458;3000;24
"99";2006;1;6649;NA;164971;3683;282445;20541;8779;108502;7510;NA;148408;28;NA;138106;28603;1144;1068;965;NA;NA;1516;NA;75;97641;NA;NA;5016;NA;NA;NA;NA;83231;NA;NA;NA;NA;1151;32846;54834;NA;165132;2079;2876;445;21162;10514;1588626;18436;96;1622;NA;NA;22004;NA;NA;1;NA;80;2;3;NA;8;NA;3;3;NA;19;NA;0;NA;82;NA;5;22309;NA;53008;113;1560;18900;NA;1763;NA;83382;2685;NA;610628;74492;502423;76289;4539;102
"31";2006;1;417;NA;10807;209;14612;1569;653;NA;NA;NA;NA;2;NA;8047;1121;105;99;42;NA;NA;94;NA;7;NA;NA;NA;NA;NA;NA;NA;NA;NA;NA;NA;NA;NA;73;2071;3199;NA;7803;120;210;32;1461;565;88526;738;7;99;NA;NA;1333;NA;NA;0;NA;6;0;0;NA;0;NA;0;0;NA;4;NA;0;NA;6;NA;1;1643;NA;2281;0;15;513;NA;114;NA;6261;NA;NA;33781;2939;29183;4829;367;4
"32";2006;1;1035;NA;28621;510;41402;4072;1516;NA;NA;NA;NA;4;NA;20253;4285;211;194;93;NA;NA;170;NA;16;NA;NA;NA;NA;NA;NA;NA;NA;NA;NA;NA;NA;NA;156;6828;9174;NA;27618;161;313;101;3087;1600;240209;3058;19;174;NA;NA;3143;NA;NA;0;NA;11;2;1;NA;0;NA;0;1;NA;0;NA;0;NA;8;NA;1;3556;NA;6368;9;124;2657;NA;246;NA;18917;NA;NA;96647;9308;79264;10160;734;8
"33";2006;1;478;NA;16702;304;22010;3082;1220;NA;NA;NA;NA;0;NA;15009;1168;96;91;49;NA;NA;52;NA;8;NA;NA;NA;NA;NA;NA;NA;NA;NA;NA;NA;NA;NA;99;3032;5765;NA;13996;620;804;30;1931;1139;287683;826;8;55;NA;NA;1982;NA;NA;0;NA;7;0;0;NA;0;NA;0;0;NA;0;NA;0;NA;2;NA;0;1487;NA;1898;6;26;177;NA;129;NA;10718;NA;NA;53381;2184;45300;5634;521;3
"34";2006;1;343;NA;10842;244;11841;2071;734;NA;NA;NA;NA;1;NA;7780;412;51;48;38;NA;NA;38;NA;3;NA;NA;NA;NA;NA;NA;NA;NA;NA;NA;NA;NA;NA;35;2264;3662;NA;8852;47;84;36;999;747;82802;368;5;38;NA;NA;1122;NA;NA;1;NA;0;0;0;NA;0;NA;0;0;NA;2;NA;0;NA;3;NA;0;1255;NA;650;1;8;40;NA;70;NA;8139;NA;NA;33726;770;26854;3886;261;1
"35";2006;1;341;NA;11074;256;13232;2074;563;NA;NA;NA;NA;0;NA;8598;462;68;61;42;NA;NA;55;NA;2;NA;NA;NA;NA;NA;NA;NA;NA;NA;NA;NA;NA;NA;143;2451;3559;NA;11137;36;65;43;1112;1022;71363;300;2;55;NA;NA;1873;NA;NA;0;NA;3;0;0;NA;0;NA;0;0;NA;2;NA;0;NA;3;NA;0;1278;NA;792;2;4;55;NA;109;NA;6752;NA;NA;37116;946;29072;4587;281;3
"36";2006;1;389;NA;10268;223;18003;821;868;NA;NA;NA;NA;2;NA;9805;1341;93;92;57;NA;NA;55;NA;10;NA;NA;NA;NA;NA;NA;NA;NA;NA;NA;NA;NA;NA;43;1722;3301;NA;7730;110;168;53;1327;814;65905;776;10;59;NA;NA;1671;NA;NA;0;NA;2;0;0;NA;1;NA;0;0;NA;3;NA;0;NA;4;NA;0;1786;NA;3817;0;32;380;NA;103;NA;4641;NA;NA;34094;4321;31854;4044;361;4
"37";2006;1;427;NA;12712;313;14077;2077;765;NA;NA;NA;NA;0;NA;8834;830;86;83;83;NA;NA;83;NA;7;NA;NA;NA;NA;NA;NA;NA;NA;NA;NA;NA;NA;NA;38;2345;4206;NA;12552;87;138;20;1321;835;71713;458;7;89;NA;NA;1478;NA;NA;0;NA;2;0;0;NA;0;NA;0;0;NA;7;NA;0;NA;4;NA;0;1522;NA;1332;4;10;222;NA;127;NA;5600;NA;NA;38717;1727;31422;4459;398;1
"38";2006;1;158;NA;4918;113;3909;885;299;NA;NA;NA;NA;0;NA;2346;58;25;24;13;NA;NA;17;NA;1;NA;NA;NA;NA;NA;NA;NA;NA;NA;NA;NA;NA;NA;32;891;1664;NA;4913;14;15;22;397;376;27998;61;1;17;NA;NA;628;NA;NA;0;NA;1;0;0;NA;0;NA;0;0;NA;0;NA;0;NA;1;NA;0;506;NA;170;0;0;9;NA;20;NA;5043;NA;NA;16244;210;10752;1859;77;0
"39";2006;1;NA;NA;NA;NA;NA;NA;NA;NA;NA;NA;NA;NA;NA;NA;NA;NA;NA;NA;NA;NA;NA;NA;NA;NA;NA;NA;NA;NA;NA;NA;NA;NA;NA;NA;NA;NA;NA;NA;NA;NA;NA;NA;NA;NA;NA;NA;NA;NA;NA;NA;NA;NA;NA;NA;NA;NA;NA;NA;NA;NA;NA;NA;NA;NA;NA;NA;NA;NA;NA;NA;NA;NA;NA;NA;NA;NA;NA;NA;NA;NA;NA;NA;NA;NA;NA;NA;NA;NA;NA;NA;NA
"40";2006;1;NA;NA;NA;NA;NA;NA;NA;NA;NA;NA;NA;NA;NA;NA;NA;NA;NA;NA;NA;NA;NA;NA;NA;NA;NA;NA;NA;NA;NA;NA;NA;NA;NA;NA;NA;NA;NA;NA;NA;NA;NA;NA;NA;NA;NA;NA;NA;NA;NA;NA;NA;NA;NA;NA;NA;NA;NA;NA;NA;NA;NA;NA;NA;NA;NA;NA;NA;NA;NA;NA;NA;NA;NA;NA;NA;NA;NA;NA;NA;NA;NA;NA;NA;NA;NA;NA;NA;NA;NA;NA;NA
"10";2006;2;2014;NA;29630;695;109719;1605;1336;36919;2447;NA;37825;19;NA;45641;13742;190;181;267;NA;NA;562;NA;15;36678;NA;NA;2030;NA;NA;NA;NA;29718;NA;NA;NA;NA;329;6864;9457;NA;54632;564;561;15;5761;2055;534872;8059;15;633;NA;NA;4979;NA;NA;0;NA;26;3;3;NA;2;NA;1;2;NA;0;NA;2;NA;41;NA;5;4962;NA;27255;77;885;9801;NA;500;NA;7382;192;NA;163550;37919;147964;23821;922;100
"20";2006;2;1287;NA;23285;507;42825;1888;890;16394;1728;NA;19585;6;NA;16043;5220;184;176;176;NA;NA;462;NA;9;16251;NA;NA;1465;NA;NA;NA;NA;15085;NA;NA;NA;NA;154;5003;7517;NA;28316;267;536;45;3492;1490;153616;3910;14;535;NA;NA;3124;NA;NA;2;NA;9;0;0;NA;19;NA;1;0;NA;4;NA;0;NA;12;NA;3;4320;NA;9873;14;457;5011;NA;445;NA;7270;78;NA;98776;15537;72519;12529;686;39
"30";2006;2;3482;NA;94864;1829;137824;14808;6071;47233;3816;NA;89877;11;NA;78691;9703;827;783;367;NA;NA;679;NA;48;45550;NA;NA;3709;NA;NA;NA;NA;67753;NA;NA;NA;NA;577;22860;28529;NA;88734;1216;1685;282;11500;7077;1073099;6379;52;719;NA;NA;13545;NA;NA;6;NA;50;1;1;NA;6;NA;3;3;NA;7;NA;0;NA;54;NA;6;12667;NA;18226;16;201;4307;NA;901;NA;57654;2852;NA;329925;23638;268941;38530;2867;49
"99";2006;2;6783;NA;147779;3031;290368;18301;8297;100546;7991;NA;147287;36;NA;140375;28665;1201;1140;810;NA;NA;1703;NA;72;98479;NA;NA;7204;NA;NA;NA;NA;112556;NA;NA;NA;NA;1060;34727;45503;NA;171682;2047;2782;342;20753;10622;1761587;18348;81;1887;NA;NA;21648;NA;NA;8;NA;85;4;4;NA;27;NA;5;5;NA;11;NA;2;NA;107;NA;14;21949;NA;55354;107;1543;19119;NA;1846;NA;72306;3122;NA;592251;77094;489424;74880;4475;188
"31";2006;2;465;NA;9555;169;14594;1364;548;NA;NA;NA;NA;2;NA;7905;1135;85;78;35;NA;NA;107;NA;6;NA;NA;NA;NA;NA;NA;NA;NA;NA;NA;NA;NA;NA;52;2081;2578;NA;6946;73;159;17;1458;618;75444;737;6;118;NA;NA;1274;NA;NA;2;NA;3;0;0;NA;4;NA;0;1;NA;0;NA;0;NA;6;NA;1;1659;NA;2605;2;18;581;NA;126;NA;5414;NA;NA;31998;3336;27504;4720;320;10
"32";2006;2;909;NA;25937;448;42684;3631;1464;NA;NA;NA;NA;8;NA;20849;4467;233;217;82;NA;NA;203;NA;11;NA;NA;NA;NA;NA;NA;NA;NA;NA;NA;NA;NA;NA;142;7535;7458;NA;26250;149;299;89;3108;1540;286422;3034;12;212;NA;NA;3249;NA;NA;3;NA;21;1;0;NA;0;NA;1;0;NA;1;NA;0;NA;7;NA;3;3552;NA;6492;5;118;2703;NA;228;NA;16722;NA;NA;95273;9499;77413;9811;724;10
"33";2006;2;478;NA;14925;274;21300;2701;1097;NA;NA;NA;NA;0;NA;14226;1155;105;99;64;NA;NA;81;NA;7;NA;NA;NA;NA;NA;NA;NA;NA;NA;NA;NA;NA;NA;97;3296;4754;NA;13909;645;778;28;1780;1150;291985;820;8;85;NA;NA;2085;NA;NA;0;NA;8;0;0;NA;0;NA;0;0;NA;1;NA;0;NA;15;NA;0;1362;NA;1982;1;17;187;NA;124;NA;9724;NA;NA;51728;2321;42382;5469;436;4
"34";2006;2;298;NA;9960;173;11198;1820;758;NA;NA;NA;NA;0;NA;7204;408;73;70;31;NA;NA;30;NA;6;NA;NA;NA;NA;NA;NA;NA;NA;NA;NA;NA;NA;NA;51;2458;3228;NA;8655;45;80;19;1066;766;93360;300;6;30;NA;NA;1260;NA;NA;1;NA;3;0;0;NA;0;NA;0;0;NA;1;NA;0;NA;2;NA;0;1241;NA;703;1;7;40;NA;62;NA;6768;NA;NA;32666;810;25169;3755;298;4
"35";2006;2;359;NA;10502;245;13416;1892;553;NA;NA;NA;NA;0;NA;8744;518;80;76;38;NA;NA;45;NA;5;NA;NA;NA;NA;NA;NA;NA;NA;NA;NA;NA;NA;NA;138;2704;3095;NA;10718;34;77;44;1091;1071;76639;285;6;48;NA;NA;2068;NA;NA;0;NA;1;0;0;NA;0;NA;0;0;NA;1;NA;0;NA;4;NA;0;1265;NA;763;5;2;75;NA;92;NA;6330;NA;NA;36610;926;28676;4679;272;6
"36";2006;2;396;NA;8130;200;16348;712;650;NA;NA;NA;NA;0;NA;8309;1015;107;105;38;NA;NA;90;NA;5;NA;NA;NA;NA;NA;NA;NA;NA;NA;NA;NA;NA;NA;37;1318;2577;NA;6481;163;127;48;1291;650;68897;646;5;100;NA;NA;1461;NA;NA;0;NA;6;0;0;NA;2;NA;2;1;NA;3;NA;0;NA;6;NA;0;1575;NA;4053;0;33;431;NA;110;NA;3820;NA;NA;29728;4617;27501;3780;323;9
"37";2006;2;457;NA;11465;253;14629;1892;712;NA;NA;NA;NA;1;NA;9035;958;112;108;64;NA;NA;112;NA;5;NA;NA;NA;NA;NA;NA;NA;NA;NA;NA;NA;NA;NA;41;2561;3405;NA;11142;83;124;11;1383;858;76566;504;6;115;NA;NA;1591;NA;NA;0;NA;8;0;1;NA;0;NA;0;1;NA;0;NA;0;NA;5;NA;2;1523;NA;1463;0;6;285;NA;137;NA;4979;NA;NA;36822;1930;30542;4588;415;5
"38";2006;2;120;NA;4390;67;3655;796;289;NA;NA;NA;NA;0;NA;2419;47;32;30;15;NA;NA;11;NA;3;NA;NA;NA;NA;NA;NA;NA;NA;NA;NA;NA;NA;NA;19;907;1434;NA;4633;24;41;26;323;424;41310;53;3;11;NA;NA;557;NA;NA;0;NA;0;0;0;NA;0;NA;0;0;NA;0;NA;0;NA;9;NA;0;490;NA;165;2;0;5;NA;22;NA;3897;NA;NA;15100;199;9754;1728;79;1
"39";2006;2;NA;NA;NA;NA;NA;NA;NA;NA;NA;NA;NA;NA;NA;NA;NA;NA;NA;NA;NA;NA;NA;NA;NA;NA;NA;NA;NA;NA;NA;NA;NA;NA;NA;NA;NA;NA;NA;NA;NA;NA;NA;NA;NA;NA;NA;NA;NA;NA;NA;NA;NA;NA;NA;NA;NA;NA;NA;NA;NA;NA;NA;NA;NA;NA;NA;NA;NA;NA;NA;NA;NA;NA;NA;NA;NA;NA;NA;NA;NA;NA;NA;NA;NA;NA;NA;NA;NA;NA;NA;NA;NA
"40";2006;2;NA;NA;NA;NA;NA;NA;NA;NA;NA;NA;NA;NA;NA;NA;NA;NA;NA;NA;NA;NA;NA;NA;NA;NA;NA;NA;NA;NA;NA;NA;NA;NA;NA;NA;NA;NA;NA;NA;NA;NA;NA;NA;NA;NA;NA;NA;NA;NA;NA;NA;NA;NA;NA;NA;NA;NA;NA;NA;NA;NA;NA;NA;NA;NA;NA;NA;NA;NA;NA;NA;NA;NA;NA;NA;NA;NA;NA;NA;NA;NA;NA;NA;NA;NA;NA;NA;NA;NA;NA;NA;NA
"10";2006;3;1904;NA;29049;1704;107284;1711;1353;38338;2339;NA;37920;10;NA;41730;13553;240;229;262;NA;NA;479;0;8;35118;NA;NA;1466;NA;NA;NA;NA;31580;NA;NA;NA;NA;341;6974;9100;NA;45422;536;467;34;5874;2161;541739;7442;20;517;0;NA;5032;NA;NA;1;NA;40;0;0;NA;1;NA;0;0;NA;1;NA;1;NA;51;NA;3;5160;NA;26806;90;872;9394;NA;449;NA;7181;NA;NA;163577;36959;146133;23942;923;71
"20";2006;3;1070;NA;23448;540;43944;1877;936;16823;1409;NA;19710;9;NA;16775;5532;161;151;174;NA;NA;410;0;7;16462;NA;NA;1477;NA;NA;NA;NA;16849;NA;NA;NA;NA;179;4713;7549;NA;28152;252;548;43;3721;1546;154155;3514;14;457;0;NA;3442;NA;NA;2;NA;18;0;0;NA;8;NA;0;1;NA;5;NA;1;NA;14;NA;0;4515;NA;9663;19;361;4903;NA;395;NA;7233;NA;NA;102514;15166;74187;12614;705;19
"30";2006;3;3402;NA;95305;1751;136479;15328;6372;47654;3598;NA;88767;6;NA;76501;9431;794;759;349;NA;NA;552;0;41;45435;NA;NA;3489;NA;NA;NA;NA;71267;NA;NA;NA;NA;540;22371;28392;NA;95549;1086;1605;256;12011;7508;1160068;6352;55;564;0;NA;15105;NA;NA;7;NA;40;1;2;NA;1;NA;3;1;NA;8;NA;1;NA;38;NA;3;13358;NA;16664;15;232;3760;NA;860;NA;55610;NA;NA;338943;21372;270340;39814;3100;33
"99";2006;3;6376;NA;147802;3995;287707;18916;8661;102815;7346;NA;146397;25;NA;135006;28516;1195;1139;785;NA;NA;1441;0;56;97015;NA;NA;6432;NA;NA;NA;NA;119696;NA;NA;NA;NA;1060;34058;45041;NA;169123;1874;2620;333;21606;11215;1855962;17308;89;1538;0;NA;23579;NA;NA;10;NA;98;1;2;NA;10;NA;3;2;NA;14;NA;3;NA;103;NA;6;23033;NA;53133;124;1465;18057;NA;1704;NA;70024;NA;NA;605034;73497;490660;76370;4728;123
"31";2006;3;317;NA;9294;155;15054;1481;571;NA;NA;NA;NA;2;NA;8218;1168;82;77;37;NA;NA;74;0;4;NA;NA;NA;NA;NA;NA;NA;NA;NA;NA;NA;NA;NA;45;1986;2493;NA;7435;107;207;13;1462;599;80840;794;4;75;0;NA;1494;NA;NA;2;NA;6;1;0;NA;0;NA;0;0;NA;1;NA;0;NA;4;NA;0;1696;NA;2360;0;16;514;NA;111;NA;5462;NA;NA;33096;2991;28049;4756;342;3
"32";2006;3;460;NA;12829;255;24374;1817;790;NA;NA;NA;NA;3;NA;11364;2562;116;113;47;NA;NA;81;0;7;NA;NA;NA;NA;NA;NA;NA;NA;NA;NA;NA;NA;NA;67;3608;3581;NA;14148;102;201;54;1693;709;205434;1838;13;82;0;NA;1910;NA;NA;3;NA;7;0;1;NA;0;NA;0;0;NA;1;NA;0;NA;10;NA;0;1931;NA;3880;9;92;1659;NA;134;NA;7766;NA;NA;50930;5677;41975;6456;415;2
"33";2006;3;560;NA;15357;261;21114;2879;1251;NA;NA;NA;NA;0;NA;13896;1206;108;102;47;NA;NA;67;0;5;NA;NA;NA;NA;NA;NA;NA;NA;NA;NA;NA;NA;NA;91;3419;4832;NA;14436;559;660;33;1881;1030;293869;723;8;67;0;NA;2665;NA;NA;1;NA;6;0;0;NA;1;NA;0;0;NA;0;NA;1;NA;4;NA;3;1449;NA;1746;2;21;155;NA;96;NA;9326;NA;NA;53167;2020;43527;5672;515;4
"34";2006;3;297;NA;9961;144;10325;1842;777;NA;NA;NA;NA;0;NA;6300;312;70;68;19;NA;NA;31;0;4;NA;NA;NA;NA;NA;NA;NA;NA;NA;NA;NA;NA;NA;38;2321;3125;NA;9264;33;66;14;1088;865;103208;226;5;31;0;NA;1449;NA;NA;0;NA;0;0;0;NA;0;NA;0;0;NA;3;NA;0;NA;7;NA;0;1360;NA;626;1;5;37;NA;59;NA;6944;NA;NA;32303;717;24498;3774;309;7
"35";2006;3;298;NA;10931;218;13448;1947;555;NA;NA;NA;NA;0;NA;8093;547;110;102;30;NA;NA;49;0;1;NA;NA;NA;NA;NA;NA;NA;NA;NA;NA;NA;NA;NA;136;2803;3235;NA;11156;25;53;17;1036;1028;72999;235;1;50;0;NA;2054;NA;NA;0;NA;3;0;0;NA;0;NA;0;0;NA;0;NA;0;NA;3;NA;0;1260;NA;643;0;3;72;NA;77;NA;5820;NA;NA;37658;795;29153;4544;279;5
"36";2006;3;486;NA;8149;189;16066;699;597;NA;NA;NA;NA;1;NA;7983;1158;81;79;45;NA;NA;84;0;10;NA;NA;NA;NA;NA;NA;NA;NA;NA;NA;NA;NA;NA;32;1291;2521;NA;6839;113;129;24;1673;1025;72241;879;11;90;0;NA;1554;NA;NA;0;NA;9;0;1;NA;0;NA;3;0;NA;0;NA;0;NA;4;NA;0;1962;NA;3648;0;28;411;NA;132;NA;4431;NA;NA;29113;4199;27254;3826;300;8
"37";2006;3;443;NA;11171;242;14584;1929;689;NA;NA;NA;NA;0;NA;8989;797;108;102;72;NA;NA;79;0;1;NA;NA;NA;NA;NA;NA;NA;NA;NA;NA;NA;NA;NA;45;2361;3325;NA;12640;75;88;26;1360;954;77841;441;3;81;0;NA;1682;NA;NA;1;NA;4;0;0;NA;0;NA;0;0;NA;1;NA;0;NA;4;NA;0;1570;NA;1117;1;14;252;NA;126;NA;4589;NA;NA;38639;1521;30297;4270;423;1
"38";2006;3;130;NA;4531;82;4000;850;313;NA;NA;NA;NA;0;NA;2519;48;21;20;10;NA;NA;15;0;2;NA;NA;NA;NA;NA;NA;NA;NA;NA;NA;NA;NA;NA;10;904;1440;NA;5053;12;22;22;334;396;39566;34;3;15;0;NA;645;NA;NA;0;NA;0;0;0;NA;0;NA;0;0;NA;1;NA;0;NA;1;NA;0;464;NA;164;0;1;6;NA;18;NA;3728;NA;NA;15996;197;10421;1691;89;0
"39";2006;3;411;NA;13082;205;17514;1884;829;NA;NA;NA;NA;0;NA;9139;1633;98;96;42;NA;NA;72;0;7;NA;NA;NA;NA;NA;NA;NA;NA;NA;NA;NA;NA;NA;76;3678;3840;NA;14578;60;179;53;1484;902;132264;1182;7;73;0;NA;1652;NA;NA;0;NA;5;0;0;NA;0;NA;0;1;NA;1;NA;0;NA;1;NA;0;1666;NA;2480;2;52;654;NA;107;NA;7544;NA;NA;48041;3255;35166;4825;428;3
"40";2006;3;NA;NA;NA;NA;NA;NA;NA;NA;NA;NA;NA;NA;NA;NA;NA;NA;NA;NA;NA;NA;NA;NA;NA;NA;NA;NA;NA;NA;NA;NA;NA;NA;NA;NA;NA;NA;NA;NA;NA;NA;NA;NA;NA;NA;NA;NA;NA;NA;NA;NA;NA;NA;NA;NA;NA;NA;NA;NA;NA;NA;NA;NA;NA;NA;NA;NA;NA;NA;NA;NA;NA;NA;NA;NA;NA;NA;NA;NA;NA;NA;NA;NA;NA;NA;NA;NA;NA;NA;NA;NA;NA
"10";2006;4;1839;NA;29933;682;102768;1809;1148;38714;2272;NA;36167;18;NA;43298;11562;201;188;256;NA;NA;420;NA;12;37290;NA;NA;2093;NA;NA;NA;NA;31170;NA;NA;NA;NA;323;7296;9503;NA;42700;522;423;55;6033;1824;546237;7512;13;466;NA;NA;4715;NA;NA;0;NA;35;0;0;NA;1;NA;0;4;NA;3;NA;0;NA;32;NA;3;5328;NA;25676;60;864;8677;NA;481;NA;3696;170;NA;166129;35059;141055;26737;825;35
"20";2006;4;1125;NA;24119;577;43487;1996;833;17068;1470;NA;18737;7;NA;17829;4819;178;168;201;NA;NA;400;NA;11;16264;NA;NA;1358;NA;NA;NA;NA;16289;NA;NA;NA;NA;172;5095;7942;NA;27531;282;474;49;3739;1321;179167;3438;16;449;NA;NA;3393;NA;NA;2;NA;20;0;3;NA;3;NA;3;0;NA;2;NA;3;NA;25;NA;0;4553;NA;9688;15;374;4524;NA;359;NA;5320;150;NA;100404;14831;74405;14455;650;19
"30";2006;4;3152;NA;104715;2021;136554;17007;6181;49620;3659;NA;88163;9;NA;77690;8856;827;787;408;NA;NA;577;NA;40;47827;NA;NA;3530;NA;NA;NA;NA;70768;NA;NA;NA;NA;564;24495;32894;NA;98220;1176;1672;254;12589;6767;1210239;5914;59;597;NA;NA;14373;NA;NA;4;NA;52;0;1;NA;2;NA;1;1;NA;9;NA;1;NA;45;NA;1;13740;NA;16617;23;221;3501;NA;880;NA;48514;2848;NA;358757;21152;280851;44734;3000;28
"99";2006;4;6116;NA;158767;3280;282809;20812;8162;105402;7401;NA;143067;34;NA;138817;25237;1206;1143;865;NA;NA;1397;NA;63;101381;NA;NA;6981;NA;NA;NA;NA;118227;NA;NA;NA;NA;1059;36886;50339;NA;168451;1980;2569;358;22361;9912;1935643;16864;88;1512;NA;NA;22481;NA;NA;6;NA;107;0;4;NA;6;NA;4;5;NA;14;NA;4;NA;102;NA;4;23621;NA;51981;98;1459;16702;NA;1720;NA;57530;3168;NA;625290;71042;496311;85926;4475;82
"31";2006;4;285;NA;10218;164;14719;1487;531;NA;NA;NA;NA;1;NA;8347;1025;89;83;37;NA;NA;82;NA;9;NA;NA;NA;NA;NA;NA;NA;NA;NA;NA;NA;NA;NA;57;2252;3023;NA;7412;120;180;12;1416;598;106131;701;10;86;NA;NA;1249;NA;NA;0;NA;5;0;0;NA;1;NA;0;0;NA;1;NA;0;NA;7;NA;0;1710;NA;2274;5;23;438;NA;118;NA;4446;NA;NA;34428;2841;28368;5285;331;1
"32";2006;4;437;NA;13924;291;24047;1977;684;NA;NA;NA;NA;3;NA;11586;2096;142;137;67;NA;NA;93;NA;11;NA;NA;NA;NA;NA;NA;NA;NA;NA;NA;NA;NA;NA;90;3825;4188;NA;13916;108;206;26;1581;657;217819;1782;24;97;NA;NA;1759;NA;NA;1;NA;7;0;0;NA;1;NA;0;1;NA;0;NA;0;NA;5;NA;0;1871;NA;3730;9;69;1593;NA;113;NA;6407;NA;NA;52174;5497;42682;5845;347;5
"33";2006;4;487;NA;16758;284;21715;3163;1132;NA;NA;NA;NA;0;NA;14463;1150;137;130;66;NA;NA;65;NA;2;NA;NA;NA;NA;NA;NA;NA;NA;NA;NA;NA;NA;NA;86;3454;5571;NA;15378;627;738;32;1987;1171;296260;737;6;66;NA;NA;2446;NA;NA;1;NA;4;0;0;NA;0;NA;0;0;NA;0;NA;0;NA;5;NA;0;1571;NA;1753;4;12;155;NA;121;NA;8157;NA;NA;57286;2041;45498;6930;473;4
"34";2006;4;250;NA;11219;200;10185;2145;822;NA;NA;NA;NA;0;NA;6445;256;65;62;40;NA;NA;42;NA;4;NA;NA;NA;NA;NA;NA;NA;NA;NA;NA;NA;NA;NA;30;2503;3673;NA;9279;41;62;43;1319;783;104171;205;4;42;NA;NA;1299;NA;NA;0;NA;2;0;0;NA;0;NA;0;0;NA;0;NA;0;NA;5;NA;0;1517;NA;606;0;8;31;NA;63;NA;6666;NA;NA;33878;723;25870;4572;357;1
"35";2006;4;379;NA;12157;269;13862;2152;509;NA;NA;NA;NA;0;NA;8549;644;77;68;52;NA;NA;60;NA;2;NA;NA;NA;NA;NA;NA;NA;NA;NA;NA;NA;NA;NA;125;3026;3610;NA;12525;43;104;40;1317;964;74834;330;2;60;NA;NA;2122;NA;NA;0;NA;3;0;0;NA;0;NA;0;0;NA;4;NA;0;NA;3;NA;0;1499;NA;650;0;7;92;NA;104;NA;4939;NA;NA;41807;856;31071;5270;279;2
"36";2006;4;369;NA;8266;197;16854;742;611;NA;NA;NA;NA;4;NA;8320;1301;104;102;37;NA;NA;74;NA;7;NA;NA;NA;NA;NA;NA;NA;NA;NA;NA;NA;NA;NA;46;1583;2704;NA;6223;113;142;28;1448;631;67455;683;7;77;NA;NA;1513;NA;NA;1;NA;11;0;0;NA;0;NA;1;0;NA;0;NA;0;NA;6;NA;0;1629;NA;3999;4;29;371;NA;103;NA;3256;NA;NA;31079;4492;28183;4203;294;8
"37";2006;4;415;NA;12213;320;13695;2258;721;NA;NA;NA;NA;1;NA;8373;744;97;91;61;NA;NA;63;NA;3;NA;NA;NA;NA;NA;NA;NA;NA;NA;NA;NA;NA;NA;59;2598;3769;NA;12583;74;98;19;1464;773;92326;429;3;68;NA;NA;1710;NA;NA;0;NA;9;0;1;NA;0;NA;0;0;NA;3;NA;0;NA;4;NA;0;1573;NA;1091;0;12;258;NA;125;NA;4371;NA;NA;39440;1477;30917;4907;420;4
"38";2006;4;108;NA;5221;84;4044;972;376;NA;NA;NA;NA;0;NA;2490;63;26;25;10;NA;NA;16;NA;0;NA;NA;NA;NA;NA;NA;NA;NA;NA;NA;NA;NA;NA;14;1000;1867;NA;5274;10;16;10;399;373;48564;59;0;16;NA;NA;723;NA;NA;0;NA;0;0;0;NA;0;NA;0;0;NA;0;NA;0;NA;5;NA;0;495;NA;147;0;0;10;NA;34;NA;3504;NA;NA;17329;183;11420;2225;103;0
"39";2006;4;422;NA;14739;212;17433;2111;795;NA;NA;NA;NA;0;NA;9117;1577;90;89;38;NA;NA;82;NA;2;NA;NA;NA;NA;NA;NA;NA;NA;NA;NA;NA;NA;NA;57;4254;4489;NA;15630;40;126;44;1658;817;123960;988;3;85;NA;NA;1552;NA;NA;1;NA;11;0;0;NA;0;NA;0;0;NA;1;NA;1;NA;5;NA;1;1875;NA;2367;1;61;553;NA;99;NA;6768;NA;NA;51336;3042;36842;5497;396;3
"40";2006;4;NA;NA;NA;NA;NA;NA;NA;NA;NA;NA;NA;NA;NA;NA;NA;NA;NA;NA;NA;NA;NA;NA;NA;NA;NA;NA;NA;NA;NA;NA;NA;NA;NA;NA;NA;NA;NA;NA;NA;NA;NA;NA;NA;NA;NA;NA;NA;NA;NA;NA;NA;NA;NA;NA;NA;NA;NA;NA;NA;NA;NA;NA;NA;NA;NA;NA;NA;NA;NA;NA;NA;NA;NA;NA;NA;NA;NA;NA;NA;NA;NA;NA;NA;NA;NA;NA;NA;NA;NA;NA;NA
"10";2007;1;1720;NA;31673;670;101654;1946;1540;38782;2279;NA;36790;10;NA;39820;11872;194;184;251;NA;NA;399;NA;8;26734;NA;NA;517;NA;NA;NA;NA;22782;NA;NA;NA;NA;322;7093;9842;NA;47990;472;449;56;6440;2339;478536;7534;17;426;NA;NA;5019;NA;NA;3;NA;42;0;3;NA;1;NA;2;1;NA;1;NA;1;NA;48;NA;4;5783;NA;26060;67;950;9132;NA;413;NA;3931;247;NA;171424;35860;142502;25383;1034;33
"20";2007;1;1155;NA;25698;579;42935;2056;966;18272;1494;NA;19211;10;NA;16988;4690;197;192;208;NA;NA;348;NA;11;16463;NA;NA;1114;NA;NA;NA;NA;11256;NA;NA;NA;NA;167;4832;8227;NA;35120;297;562;68;4101;1591;206261;3667;15;378;NA;NA;3865;NA;NA;0;NA;13;0;4;NA;4;NA;1;0;NA;2;NA;0;NA;17;NA;0;5052;NA;9810;10;375;4472;NA;351;NA;5703;113;NA;113461;14859;76099;15037;765;20
"30";2007;1;3112;NA;104490;1834;139376;16869;7636;51755;3584;NA;90415;8;NA;77503;9444;715;672;389;NA;NA;503;NA;39;48763;NA;NA;3345;NA;NA;NA;NA;54500;NA;NA;NA;NA;585;22263;32253;NA;101554;1229;1759;350;13427;8572;1421253;5777;44;516;NA;NA;14671;NA;NA;3;NA;31;1;4;NA;1;NA;0;2;NA;15;NA;1;NA;59;NA;4;15467;NA;17100;21;195;3659;NA;865;NA;47442;3105;NA;362810;21698;284876;45341;3669;16
"99";2007;1;5987;NA;161861;3083;283965;20871;10142;108809;7357;NA;146416;28;NA;134311;26006;1106;1048;848;NA;NA;1250;NA;58;91960;NA;NA;4976;NA;NA;NA;NA;88538;NA;NA;NA;NA;1074;34188;50322;NA;184664;1998;2770;474;23968;12502;2106050;16978;76;1320;NA;NA;23555;NA;NA;6;NA;86;1;11;NA;6;NA;3;3;NA;18;NA;2;NA;124;NA;8;26302;NA;52970;98;1520;17263;NA;1629;NA;57076;3465;NA;647695;72417;503477;85761;5468;69
"31";2007;1;320;NA;10359;154;15005;1407;756;NA;NA;NA;NA;0;NA;7725;945;75;68;36;NA;NA;77;NA;3;NA;NA;NA;NA;NA;NA;NA;NA;NA;NA;NA;NA;NA;73;2050;2988;NA;7605;133;223;17;1683;745;111676;617;4;77;NA;NA;1339;NA;NA;1;NA;5;0;0;NA;0;NA;0;0;NA;0;NA;0;NA;7;NA;0;1934;NA;2217;5;14;417;NA;135;NA;4287;NA;NA;34337;2750;29020;5581;481;1
"32";2007;1;437;NA;14188;247;25131;2157;806;NA;NA;NA;NA;5;NA;11528;2563;119;113;60;NA;NA;90;NA;6;NA;NA;NA;NA;NA;NA;NA;NA;NA;NA;NA;NA;NA;89;3528;4165;NA;14157;78;173;14;1852;838;216393;1653;9;89;NA;NA;1765;NA;NA;0;NA;2;1;2;NA;0;NA;0;1;NA;0;NA;0;NA;14;NA;0;2211;NA;4042;3;66;1715;NA;111;NA;6587;NA;NA;53948;5918;44294;6482;402;3
"33";2007;1;444;NA;16127;258;21431;3180;1460;NA;NA;NA;NA;0;NA;14360;1084;98;91;44;NA;NA;62;NA;6;NA;NA;NA;NA;NA;NA;NA;NA;NA;NA;NA;NA;NA;79;3164;5247;NA;16110;658;755;43;2219;1466;343277;720;7;64;NA;NA;2750;NA;NA;0;NA;8;0;1;NA;0;NA;0;0;NA;5;NA;0;NA;9;NA;0;1791;NA;1794;4;21;197;NA;102;NA;7905;NA;NA;57857;2103;45206;6444;604;1
"34";2007;1;269;NA;10640;185;9926;1981;874;NA;NA;NA;NA;0;NA;6125;266;49;48;33;NA;NA;23;NA;4;NA;NA;NA;NA;NA;NA;NA;NA;NA;NA;NA;NA;NA;42;2212;3493;NA;10016;49;81;40;1221;1152;114478;227;4;22;NA;NA;1269;NA;NA;0;NA;3;0;1;NA;0;NA;0;0;NA;4;NA;1;NA;3;NA;0;1720;NA;578;1;5;33;NA;61;NA;6241;NA;NA;33732;671;24875;4247;365;0
"35";2007;1;305;NA;11108;229;13521;2092;618;NA;NA;NA;NA;0;NA;8227;680;81;76;39;NA;NA;39;NA;1;NA;NA;NA;NA;NA;NA;NA;NA;NA;NA;NA;NA;NA;109;2641;3271;NA;11684;35;71;35;1273;1061;120779;379;2;42;NA;NA;1966;NA;NA;1;NA;0;0;0;NA;0;NA;0;0;NA;2;NA;0;NA;6;NA;1;1452;NA;723;0;4;91;NA;95;NA;4509;NA;NA;39374;893;29534;5122;319;1
"36";2007;1;347;NA;9851;232;18200;857;862;NA;NA;NA;NA;2;NA;9218;1289;92;84;74;NA;NA;59;NA;5;NA;NA;NA;NA;NA;NA;NA;NA;NA;NA;NA;NA;NA;53;1641;3054;NA;8288;110;174;81;1432;758;91305;698;4;66;NA;NA;1626;NA;NA;1;NA;2;0;0;NA;0;NA;0;0;NA;1;NA;0;NA;6;NA;0;1818;NA;3963;5;21;363;NA;106;NA;3412;NA;NA;34192;4466;31628;4574;408;2
"37";2007;1;428;NA;12416;268;14011;2130;842;NA;NA;NA;NA;0;NA;8412;959;93;89;59;NA;NA;70;NA;4;NA;NA;NA;NA;NA;NA;NA;NA;NA;NA;NA;NA;NA;44;2424;3777;NA;12660;89;122;36;1634;1016;88605;448;4;71;NA;NA;1570;NA;NA;0;NA;3;0;0;NA;1;NA;0;0;NA;2;NA;0;NA;5;NA;3;1930;NA;1201;3;17;236;NA;117;NA;4331;NA;NA;40045;1570;31237;5188;516;3
"38";2007;1;133;NA;5022;88;3843;870;391;NA;NA;NA;NA;0;NA;2521;56;18;18;13;NA;NA;19;NA;1;NA;NA;NA;NA;NA;NA;NA;NA;NA;NA;NA;NA;NA;26;867;1745;NA;5214;11;15;35;463;476;51825;51;1;19;NA;NA;687;NA;NA;0;NA;2;0;0;NA;0;NA;0;0;NA;1;NA;0;NA;6;NA;0;635;NA;137;0;1;9;NA;29;NA;3497;NA;NA;16646;179;10901;2262;121;1
"39";2007;1;429;NA;14779;173;18308;2195;1027;NA;NA;NA;NA;1;NA;9387;1602;90;85;31;NA;NA;64;NA;9;NA;NA;NA;NA;NA;NA;NA;NA;NA;NA;NA;NA;NA;70;3736;4513;NA;15820;66;145;49;1650;1060;110971;984;9;66;NA;NA;1699;NA;NA;0;NA;6;0;0;NA;0;NA;0;1;NA;0;NA;0;NA;3;NA;0;1976;NA;2445;0;46;598;NA;109;NA;6673;NA;NA;52679;3148;38181;5441;453;4
"40";2007;1;NA;NA;NA;NA;NA;NA;NA;NA;NA;NA;NA;NA;NA;NA;NA;NA;NA;NA;NA;NA;NA;NA;NA;NA;NA;NA;NA;NA;NA;NA;NA;NA;NA;NA;NA;NA;NA;NA;NA;NA;NA;NA;NA;NA;NA;NA;NA;NA;NA;NA;NA;NA;NA;NA;NA;NA;NA;NA;NA;NA;NA;NA;NA;NA;NA;NA;NA;NA;NA;NA;NA;NA;NA;NA;NA;NA;NA;NA;NA;NA;NA;NA;NA;NA;NA;NA;NA;NA;NA;NA;NA
"10";2007;2;1799;NA;29932;584;105341;4408;1635;39266;2281;NA;40365;16;NA;39756;12872;221;208;191;NA;NA;378;NA;8;39513;NA;NA;1635;NA;NA;NA;NA;34611;NA;NA;NA;NA;332;7328;9009;NA;47848;598;605;48;6573;2621;537115;7776;22;411;NA;NA;5588;NA;NA;2;NA;38;5;4;NA;5;NA;2;4;NA;3;NA;0;NA;72;NA;2;6083;NA;28541;38;919;8948;NA;269;NA;3504;244;NA;176895;38082;147488;27761;1313;52
"20";2007;2;1105;NA;23993;533;44488;2164;1006;17341;1512;NA;20807;4;NA;17060;4266;201;190;198;NA;NA;373;NA;8;15778;NA;NA;1395;NA;NA;NA;NA;17019;NA;NA;NA;NA;191;5362;7314;NA;37911;265;452;88;4190;1482;223475;3480;13;393;NA;NA;3835;NA;NA;0;NA;11;0;0;NA;4;NA;0;0;NA;2;NA;0;NA;27;NA;2;4959;NA;10530;12;429;4345;NA;284;NA;5806;127;NA;115057;15458;76019;15108;836;19
"30";2007;2;3309;NA;99977;1578;137063;17386;7243;51503;3644;NA;92849;10;NA;77903;9679;876;842;342;NA;NA;508;NA;39;50700;NA;NA;3594;NA;NA;NA;NA;71299;NA;NA;NA;NA;619;24335;29686;NA;98222;1228;1867;347;12772;8823;1429832;5958;50;530;NA;NA;14910;NA;NA;3;NA;41;0;0;NA;0;NA;3;1;NA;4;NA;1;NA;44;NA;0;15297;NA;17647;13;220;3837;NA;783;NA;48007;3978;NA;360630;22383;278157;46689;3824;30
"99";2007;2;6213;NA;153902;2695;286892;23958;9884;108110;7437;NA;154021;30;NA;134719;26817;1298;1240;731;NA;NA;1259;NA;55;105991;NA;NA;6624;NA;NA;NA;NA;122929;NA;NA;NA;NA;1142;37025;46009;NA;183981;2091;2924;483;23535;12926;2190422;17214;85;1334;NA;NA;24333;NA;NA;5;NA;90;5;4;NA;9;NA;5;5;NA;9;NA;1;NA;143;NA;4;26339;NA;56718;63;1568;17130;NA;1336;NA;57317;4349;NA;652582;75923;501664;89558;5973;101
"31";2007;2;275;NA;9854;148;13921;1429;609;NA;NA;NA;NA;3;NA;7732;1003;89;82;35;NA;NA;65;NA;4;NA;NA;NA;NA;NA;NA;NA;NA;NA;NA;NA;NA;NA;72;2190;2647;NA;7009;111;252;25;1521;752;80497;617;5;68;NA;NA;1225;NA;NA;0;NA;5;0;0;NA;0;NA;0;0;NA;1;NA;1;NA;11;NA;0;1861;NA;2397;1;13;387;NA;86;NA;4121;NA;NA;37033;2891;27186;5729;427;2
"32";2007;2;503;NA;13913;251;25640;2321;797;NA;NA;NA;NA;3;NA;12296;2622;156;153;58;NA;NA;94;NA;5;NA;NA;NA;NA;NA;NA;NA;NA;NA;NA;NA;NA;NA;92;4037;3888;NA;14264;100;173;53;1857;835;211935;1674;10;100;NA;NA;1961;NA;NA;1;NA;16;0;0;NA;0;NA;1;0;NA;0;NA;0;NA;4;NA;0;2253;NA;4095;5;71;1794;NA;120;NA;6796;NA;NA;54801;6049;44883;7330;480;6
"33";2007;2;482;NA;15927;218;20857;3223;1474;NA;NA;NA;NA;1;NA;13945;1045;123;114;52;NA;NA;64;NA;6;NA;NA;NA;NA;NA;NA;NA;NA;NA;NA;NA;NA;NA;93;3473;4921;NA;15684;634;753;32;2029;1424;370764;741;8;66;NA;NA;2376;NA;NA;1;NA;1;0;0;NA;0;NA;0;1;NA;1;NA;0;NA;5;NA;0;1599;NA;1757;1;23;180;NA;89;NA;8101;NA;NA;56380;2060;44075;6645;647;4
"34";2007;2;280;NA;10210;142;9732;2024;798;NA;NA;NA;NA;0;NA;5904;320;53;49;15;NA;NA;29;NA;3;NA;NA;NA;NA;NA;NA;NA;NA;NA;NA;NA;NA;NA;39;2553;3138;NA;10132;43;70;29;1156;1069;128773;259;3;30;NA;NA;1353;NA;NA;0;NA;1;0;0;NA;0;NA;0;0;NA;0;NA;0;NA;4;NA;0;1599;NA;654;0;7;33;NA;47;NA;6625;NA;NA;33229;734;24259;4313;319;2
"35";2007;2;349;NA;11501;216;13227;2239;677;NA;NA;NA;NA;0;NA;8319;552;97;92;29;NA;NA;41;NA;3;NA;NA;NA;NA;NA;NA;NA;NA;NA;NA;NA;NA;NA;151;2898;3491;NA;11808;37;59;44;1155;1195;138247;321;3;42;NA;NA;2184;NA;NA;0;NA;2;0;0;NA;0;NA;0;0;NA;1;NA;0;NA;5;NA;0;1417;NA;874;1;1;67;NA;112;NA;4993;NA;NA;40379;1014;30044;5288;406;3
"36";2007;2;371;NA;7995;173;17015;648;721;NA;NA;NA;NA;3;NA;8959;1161;108;106;50;NA;NA;56;NA;8;NA;NA;NA;NA;NA;NA;NA;NA;NA;NA;NA;NA;NA;48;1318;2509;NA;6933;84;170;52;1437;665;104312;639;8;59;NA;NA;1457;NA;NA;0;NA;4;0;0;NA;0;NA;0;0;NA;0;NA;0;NA;8;NA;0;1725;NA;3843;0;28;382;NA;95;NA;3010;NA;NA;30536;4342;28009;4431;390;6
"37";2007;2;459;NA;11657;208;14164;2438;821;NA;NA;NA;NA;0;NA;8772;921;109;107;64;NA;NA;74;NA;5;NA;NA;NA;NA;NA;NA;NA;NA;NA;NA;NA;NA;NA;57;2691;3394;NA;11924;105;132;27;1603;1282;103665;497;7;78;NA;NA;1855;NA;NA;1;NA;3;0;0;NA;0;NA;2;0;NA;0;NA;0;NA;5;NA;0;2268;NA;1272;2;15;207;NA;111;NA;4181;NA;NA;39499;1622;31143;5295;519;5
"38";2007;2;119;NA;4967;70;3678;905;408;NA;NA;NA;NA;0;NA;2352;50;25;25;12;NA;NA;13;NA;1;NA;NA;NA;NA;NA;NA;NA;NA;NA;NA;NA;NA;NA;19;1074;1652;NA;4973;13;16;32;403;500;51686;45;2;13;NA;NA;707;NA;NA;0;NA;1;0;0;NA;0;NA;0;0;NA;1;NA;0;NA;0;NA;0;591;NA;149;1;2;8;NA;25;NA;3700;NA;NA;16346;183;10735;2137;139;0
"39";2007;2;471;NA;13953;152;18829;2159;938;NA;NA;NA;NA;0;NA;9624;2005;116;114;27;NA;NA;72;NA;4;NA;NA;NA;NA;NA;NA;NA;NA;NA;NA;NA;NA;NA;48;4101;4046;NA;15495;101;242;53;1611;1101;122523;1165;4;74;NA;NA;1792;NA;NA;0;NA;8;0;0;NA;0;NA;0;0;NA;0;NA;0;NA;2;NA;0;1984;NA;2606;2;60;779;NA;98;NA;6480;NA;NA;52427;3488;37823;5521;497;2
"40";2007;2;NA;NA;NA;NA;NA;NA;NA;NA;NA;NA;NA;NA;NA;NA;NA;NA;NA;NA;NA;NA;NA;NA;NA;NA;NA;NA;NA;NA;NA;NA;NA;NA;NA;NA;NA;NA;NA;NA;NA;NA;NA;NA;NA;NA;NA;NA;NA;NA;NA;NA;NA;NA;NA;NA;NA;NA;NA;NA;NA;NA;NA;NA;NA;NA;NA;NA;NA;NA;NA;NA;NA;NA;NA;NA;NA;NA;NA;NA;NA;NA;NA;NA;NA;NA;NA;NA;NA;NA;NA;NA;NA
"10";2007;3;1781;NA;30832;686;97649;3700;1580;38667;2617;NA;40898;17;NA;35466;11012;216;197;260;NA;NA;380;NA;11;37476;NA;NA;2006;NA;NA;NA;NA;35229;NA;NA;NA;NA;446;7595;9046;NA;43946;526;521;30;6502;2323;549060;7441;11;410;NA;NA;5032;NA;NA;0;NA;42;1;2;NA;0;NA;2;4;NA;2;NA;0;NA;78;NA;7;5687;NA;27868;29;924;8887;NA;284;NA;3313;302;NA;172260;37423;139479;25312;1214;67
"20";2007;3;1058;NA;23965;614;45963;2417;891;17275;1473;NA;21388;7;NA;17791;4517;213;202;210;NA;NA;351;NA;10;17276;NA;NA;1418;NA;NA;NA;NA;17518;NA;NA;NA;NA;227;5490;7049;NA;37369;209;359;52;3758;1317;239576;3424;10;380;NA;NA;3806;NA;NA;0;NA;13;1;1;NA;1;NA;3;0;NA;1;NA;2;NA;26;NA;2;4426;NA;10672;15;385;4188;NA;272;NA;5547;169;NA;114436;15438;77656;14876;727;23
"30";2007;3;2897;NA;101354;1814;134911;17475;7060;51643;3587;NA;92337;6;NA;77245;9048;945;892;352;NA;NA;414;NA;32;50589;NA;NA;3557;NA;NA;NA;NA;75226;NA;NA;NA;NA;688;24850;30063;NA;99725;1464;2036;332;12342;8211;1457424;5330;33;427;NA;NA;16268;NA;NA;11;NA;29;3;2;NA;3;NA;1;0;NA;13;NA;0;NA;47;NA;3;14802;NA;16953;14;227;3310;NA;736;NA;47104;4486;NA;358008;21067;278882;46180;3736;20
"99";2007;3;5736;NA;156151;3114;278523;23592;9531;107585;7677;NA;154623;30;NA;130502;24577;1374;1291;822;NA;NA;1145;NA;53;105341;NA;NA;6981;NA;NA;NA;NA;127973;NA;NA;NA;NA;1361;37935;46158;NA;181040;2199;2916;414;22602;11851;2246060;16195;54;1217;NA;NA;25106;NA;NA;11;NA;84;5;5;NA;4;NA;6;4;NA;16;NA;2;NA;151;NA;12;24915;NA;55493;58;1536;16385;NA;1292;NA;55964;4957;NA;644704;73928;496017;86368;5677;110
"31";2007;3;236;NA;9556;154;14096;1516;589;NA;NA;NA;NA;0;NA;8105;920;82;82;38;NA;NA;56;NA;6;NA;NA;NA;NA;NA;NA;NA;NA;NA;NA;NA;NA;NA;73;2240;2586;NA;7615;138;267;9;1420;766;76230;608;6;57;NA;NA;1424;NA;NA;1;NA;5;0;0;NA;0;NA;1;0;NA;0;NA;0;NA;5;NA;0;1846;NA;2337;0;11;396;NA;81;NA;4274;NA;NA;33546;2833;27335;5279;405;3
"32";2007;3;431;NA;14096;233;23952;2265;796;NA;NA;NA;NA;2;NA;11527;2207;154;142;55;NA;NA;80;NA;3;NA;NA;NA;NA;NA;NA;NA;NA;NA;NA;NA;NA;NA;118;4113;3932;NA;14382;125;242;27;1847;775;219941;1424;3;83;NA;NA;2393;NA;NA;2;NA;3;1;0;NA;3;NA;0;0;NA;5;NA;0;NA;2;NA;0;2205;NA;4035;2;101;1453;NA;114;NA;6863;NA;NA;53248;5628;43735;7515;488;3
"33";2007;3;359;NA;16674;288;21490;3427;1401;NA;NA;NA;NA;0;NA;14483;974;149;146;57;NA;NA;43;NA;4;NA;NA;NA;NA;NA;NA;NA;NA;NA;NA;NA;NA;NA;89;3551;5347;NA;16170;761;911;30;1866;1262;398055;655;4;44;NA;NA;2584;NA;NA;0;NA;7;2;1;NA;0;NA;0;0;NA;0;NA;0;NA;7;NA;0;1535;NA;1813;4;11;119;NA;120;NA;7899;NA;NA;58249;2036;45864;6720;638;2
"34";2007;3;241;NA;10637;156;10292;2127;833;NA;NA;NA;NA;0;NA;6498;322;77;77;30;NA;NA;29;NA;3;NA;NA;NA;NA;NA;NA;NA;NA;NA;NA;NA;NA;NA;46;2586;3203;NA;10045;56;74;41;1026;982;119139;264;3;29;NA;NA;1466;NA;NA;0;NA;1;0;1;NA;0;NA;0;0;NA;2;NA;0;NA;6;NA;2;1414;NA;612;1;3;49;NA;43;NA;6619;NA;NA;34694;723;25511;4432;339;0
"35";2007;3;370;NA;11677;250;14054;2217;706;NA;NA;NA;NA;0;NA;8834;562;101;97;36;NA;NA;34;NA;1;NA;NA;NA;NA;NA;NA;NA;NA;NA;NA;NA;NA;NA;154;3056;3506;NA;12114;57;75;72;1268;1114;103400;220;1;35;NA;NA;2410;NA;NA;1;NA;3;0;0;NA;0;NA;0;0;NA;0;NA;0;NA;6;NA;0;1491;NA;818;0;2;45;NA;79;NA;4548;NA;NA;41731;934;31314;5181;404;3
"36";2007;3;350;NA;7720;187;15467;643;680;NA;NA;NA;NA;2;NA;7823;1327;106;99;43;NA;NA;44;NA;3;NA;NA;NA;NA;NA;NA;NA;NA;NA;NA;NA;NA;NA;82;1399;2260;NA;7221;117;164;61;1344;638;108705;675;3;46;NA;NA;1394;NA;NA;3;NA;2;0;0;NA;0;NA;0;0;NA;1;NA;0;NA;5;NA;1;1605;NA;3672;3;22;310;NA;79;NA;2876;NA;NA;29155;4074;26091;3979;375;2
"37";2007;3;419;NA;11666;260;14087;2320;714;NA;NA;NA;NA;2;NA;8838;781;119;101;50;NA;NA;53;NA;4;NA;NA;NA;NA;NA;NA;NA;NA;NA;NA;NA;NA;NA;33;2636;3559;NA;11732;91;102;32;1530;1196;99525;426;4;56;NA;NA;1918;NA;NA;2;NA;1;0;0;NA;0;NA;0;0;NA;4;NA;0;NA;9;NA;0;2151;NA;1177;0;26;230;NA;85;NA;3867;NA;NA;39258;1516;30965;5001;474;3
"38";2007;3;96;NA;4868;89;3637;887;454;NA;NA;NA;NA;0;NA;2299;48;32;28;14;NA;NA;12;NA;0;NA;NA;NA;NA;NA;NA;NA;NA;NA;NA;NA;NA;NA;17;953;1543;NA;5130;21;23;19;420;425;57474;47;0;12;NA;NA;752;NA;NA;1;NA;0;0;0;NA;0;NA;0;0;NA;1;NA;0;NA;2;NA;0;580;NA;147;0;1;3;NA;17;NA;3456;NA;NA;16372;176;10687;2316;161;0
"39";2007;3;395;NA;14460;197;17836;2073;887;NA;NA;NA;NA;0;NA;8838;1907;125;120;29;NA;NA;63;NA;8;NA;NA;NA;NA;NA;NA;NA;NA;NA;NA;NA;NA;NA;76;4316;4127;NA;15316;98;178;41;1621;1053;130476;1011;9;65;NA;NA;1927;NA;NA;1;NA;7;0;0;NA;0;NA;0;0;NA;0;NA;0;NA;5;NA;0;1975;NA;2342;4;50;705;NA;118;NA;6702;NA;NA;51755;3147;37380;5757;452;4
"40";2007;3;NA;NA;NA;NA;NA;NA;NA;NA;NA;NA;NA;NA;NA;NA;NA;NA;NA;NA;NA;NA;NA;NA;NA;NA;NA;NA;NA;NA;NA;NA;NA;NA;NA;NA;NA;NA;NA;NA;NA;NA;NA;NA;NA;NA;NA;NA;NA;NA;NA;NA;NA;NA;NA;NA;NA;NA;NA;NA;NA;NA;NA;NA;NA;NA;NA;NA;NA;NA;NA;NA;NA;NA;NA;NA;NA;NA;NA;NA;NA;NA;NA;NA;NA;NA;NA;NA;NA;NA;NA;NA;NA
"10";2007;4;1687;730;31720;NA;89643;4379;1489;38942;2356;NA;41174;5;NA;33263;8397;210;185;275;NA;NA;381;0;15;38085;NA;NA;2354;NA;NA;NA;NA;36525;NA;NA;NA;NA;529;7519;9680;NA;43619;470;510;30;6421;2173;545014;6439;15;401;0;NA;6118;NA;NA;1;NA;38;1;7;NA;1;NA;5;2;NA;4;NA;1;NA;72;NA;0;5573;NA;26432;42;981;7357;NA;312;NA;3793;NA;NA;167840;34465;134079;24342;1194;51
"20";2007;4;979;594;25036;NA;44396;2809;983;17739;1504;NA;22147;2;NA;17431;4090;175;164;193;NA;NA;323;0;11;17447;NA;NA;1471;NA;NA;NA;NA;18281;NA;NA;NA;NA;207;5618;7909;NA;37914;253;425;64;3958;1743;234163;3135;11;343;0;NA;4702;NA;NA;5;NA;13;0;1;NA;0;NA;1;0;NA;1;NA;0;NA;16;NA;1;5006;NA;9869;14;390;3948;NA;259;NA;5367;NA;NA;114938;14346;78520;15583;848;14
"30";2007;4;2841;1984;106799;NA;128766;18244;7346;52388;3814;NA;91575;2;NA;73791;8458;958;916;354;NA;NA;519;0;26;51080;NA;NA;3723;NA;NA;NA;NA;74202;NA;NA;NA;NA;623;25768;33467;NA;99115;1338;1916;378;12754;8758;1506740;5065;26;538;0;NA;17252;NA;NA;3;NA;30;1;3;NA;4;NA;3;0;NA;9;NA;2;NA;49;NA;3;15593;NA;15721;10;197;3109;NA;850;NA;47257;NA;NA;368527;19731;280391;44645;3967;32
"99";2007;4;5507;3308;163555;NA;262805;25432;9818;109069;7674;NA;154896;9;NA;124485;20945;1343;1265;822;NA;NA;1223;0;52;106612;NA;NA;7548;NA;NA;NA;NA;129008;NA;NA;NA;NA;1359;38905;51056;NA;180648;2061;2851;472;23133;12674;2285917;14639;52;1282;0;NA;28072;NA;NA;9;NA;81;2;11;NA;5;NA;9;2;NA;14;NA;3;NA;137;NA;4;26172;NA;52022;66;1568;14414;NA;1421;NA;56417;NA;NA;651305;68542;492990;84570;6009;97
"31";2007;4;269;167;10060;NA;13644;1531;609;NA;NA;NA;NA;0;NA;8032;826;114;107;34;NA;NA;70;0;6;NA;NA;NA;NA;NA;NA;NA;NA;NA;NA;NA;NA;NA;55;2328;2846;NA;7976;128;251;33;1488;855;101628;558;6;74;0;NA;1382;NA;NA;1;NA;5;1;1;NA;0;NA;1;0;NA;1;NA;0;NA;3;NA;0;1995;NA;2124;1;16;328;NA;118;NA;4334;NA;NA;43222;2562;27393;5237;418;1
"32";2007;4;422;336;14488;NA;23533;2463;1003;NA;NA;NA;NA;2;NA;11420;2227;155;150;67;NA;NA;93;0;5;NA;NA;NA;NA;NA;NA;NA;NA;NA;NA;NA;NA;NA;110;4056;4486;NA;14771;139;250;57;1961;1020;241605;1513;5;95;0;NA;2360;NA;NA;1;NA;7;0;0;NA;1;NA;0;0;NA;2;NA;0;NA;7;NA;0;2485;NA;3712;3;75;1438;NA;115;NA;7012;NA;NA;54542;5317;44183;7041;645;3
"33";2007;4;418;283;17229;NA;19498;3275;1394;NA;NA;NA;NA;0;NA;12906;950;129;120;62;NA;NA;58;0;1;NA;NA;NA;NA;NA;NA;NA;NA;NA;NA;NA;NA;NA;95;3607;5633;NA;15785;733;857;40;2116;1375;403556;570;1;58;0;NA;2721;NA;NA;1;NA;6;0;0;NA;0;NA;0;0;NA;0;NA;0;NA;8;NA;1;1691;NA;1599;5;22;132;NA;114;NA;7764;NA;NA;56819;1852;44400;6633;711;8
"34";2007;4;245;163;11379;NA;9726;2327;797;NA;NA;NA;NA;0;NA;6089;266;69;67;31;NA;NA;39;0;1;NA;NA;NA;NA;NA;NA;NA;NA;NA;NA;NA;NA;NA;57;2771;3644;NA;10249;56;87;54;1100;1057;126010;237;1;40;0;NA;1568;NA;NA;0;NA;3;0;0;NA;0;NA;0;0;NA;2;NA;0;NA;6;NA;0;1466;NA;597;0;2;41;NA;62;NA;6403;NA;NA;35185;709;25960;4064;356;0
"35";2007;4;289;352;12173;NA;13200;2205;654;NA;NA;NA;NA;0;NA;8559;506;106;104;35;NA;NA;41;0;1;NA;NA;NA;NA;NA;NA;NA;NA;NA;NA;NA;NA;NA;131;3017;3942;NA;10961;33;58;51;1180;1070;114899;246;1;42;0;NA;2617;NA;NA;0;NA;3;0;0;NA;0;NA;0;0;NA;1;NA;0;NA;2;NA;0;1467;NA;782;0;1;67;NA;89;NA;4783;NA;NA;40225;926;31201;4743;357;1
"36";2007;4;287;159;8704;NA;15764;787;726;NA;NA;NA;NA;0;NA;8007;1299;113;109;30;NA;NA;66;0;5;NA;NA;NA;NA;NA;NA;NA;NA;NA;NA;NA;NA;NA;52;1603;2791;NA;7226;99;144;66;1410;641;120157;607;5;70;0;NA;1671;NA;NA;0;NA;3;0;0;NA;3;NA;2;0;NA;3;NA;2;NA;3;NA;0;1666;NA;3612;1;24;274;NA;86;NA;2817;NA;NA;30858;3987;27811;4147;386;9
"37";2007;4;403;258;12396;NA;12985;2401;794;NA;NA;NA;NA;0;NA;7947;678;122;118;65;NA;NA;67;0;2;NA;NA;NA;NA;NA;NA;NA;NA;NA;NA;NA;NA;NA;48;2901;3859;NA;11302;54;78;21;1429;1259;95833;408;2;71;0;NA;2162;NA;NA;0;NA;0;0;0;NA;0;NA;0;0;NA;0;NA;0;NA;8;NA;2;2242;NA;1052;0;13;215;NA;132;NA;4004;NA;NA;38755;1401;30996;5023;501;2
"38";2007;4;132;78;5310;NA;3798;960;396;NA;NA;NA;NA;0;NA;2429;62;36;32;10;NA;NA;15;0;1;NA;NA;NA;NA;NA;NA;NA;NA;NA;NA;NA;NA;NA;19;1094;1799;NA;5468;20;26;28;441;429;54927;45;1;15;0;NA;734;NA;NA;0;NA;0;0;0;NA;0;NA;0;0;NA;0;NA;0;NA;7;NA;0;580;NA;143;0;2;2;NA;26;NA;3646;NA;NA;17357;171;11276;2451;132;1
"39";2007;4;376;188;15060;NA;16618;2295;973;NA;NA;NA;NA;0;NA;8402;1644;114;109;20;NA;NA;70;0;4;NA;NA;NA;NA;NA;NA;NA;NA;NA;NA;NA;NA;NA;56;4391;4467;NA;15377;76;165;28;1629;1052;115978;881;4;73;0;NA;2037;NA;NA;0;NA;3;0;2;NA;0;NA;0;0;NA;0;NA;0;NA;5;NA;0;2001;NA;2100;0;42;612;NA;108;NA;6494;NA;NA;51564;2806;37171;5306;461;7
"40";2007;4;NA;NA;NA;NA;NA;NA;NA;NA;NA;NA;NA;NA;NA;NA;NA;NA;NA;NA;NA;NA;NA;NA;NA;NA;NA;NA;NA;NA;NA;NA;NA;NA;NA;NA;NA;NA;NA;NA;NA;NA;NA;NA;NA;NA;NA;NA;NA;NA;NA;NA;NA;NA;NA;NA;NA;NA;NA;NA;NA;NA;NA;NA;NA;NA;NA;NA;NA;NA;NA;NA;NA;NA;NA;NA;NA;NA;NA;NA;NA;NA;NA;NA;NA;NA;NA;NA;NA;NA;NA;NA;NA
"10";2008;1;1578;NA;31419;721;93242;4871;1641;38679;2184;NA;42211;7;NA;34219;9651;182;172;236;NA;NA;326;NA;15;29940;NA;NA;1346;NA;NA;NA;NA;22816;NA;NA;NA;NA;278;6808;9777;NA;47208;502;516;40;6322;2383;661339;6422;15;336;NA;NA;5505;NA;NA;1;NA;41;0;6;NA;1;NA;2;1;NA;2;NA;0;NA;41;NA;4;5789;NA;27624;40;907;7688;NA;297;NA;3919;221;NA;170302;35896;137399;23596;1421;59
"20";2008;1;1003;NA;25236;574;45957;2857;1118;18430;1473;NA;22968;4;NA;17808;4346;191;183;191;NA;NA;339;NA;16;17192;NA;NA;1077;NA;NA;NA;NA;13433;NA;NA;NA;NA;147;5200;7840;NA;38314;239;387;73;4294;1683;174130;3435;17;375;NA;NA;4141;NA;NA;5;NA;9;0;2;NA;4;NA;0;0;NA;8;NA;0;NA;10;NA;1;5114;NA;10992;8;389;3856;NA;296;NA;5876;106;NA;116388;15398;79883;15745;1000;23
"30";2008;1;2745;NA;102558;1879;133645;17351;7928;52297;3695;NA;92537;6;NA;76596;9377;781;725;361;NA;NA;470;NA;39;48028;NA;NA;3384;NA;NA;NA;NA;52798;NA;NA;NA;NA;613;23424;31443;NA;99440;1170;1743;343;13265;8119;1592290;5195;41;486;NA;NA;14021;NA;NA;6;NA;31;2;3;NA;4;NA;2;2;NA;8;NA;0;NA;34;NA;3;15418;NA;16435;18;194;2930;NA;744;NA;46771;3769;NA;355446;20241;277382;44491;4339;25
"99";2008;1;5326;NA;159213;3174;272844;25079;10687;109406;7352;NA;157716;17;NA;128623;23374;1154;1080;788;NA;NA;1135;NA;70;95160;NA;NA;5807;NA;NA;NA;NA;89047;NA;NA;NA;NA;1038;35432;49060;NA;184962;1911;2646;456;23881;12185;2427759;15052;73;1197;NA;NA;23667;NA;NA;12;NA;81;2;11;NA;9;NA;4;3;NA;18;NA;0;NA;85;NA;8;26321;NA;55051;66;1490;14474;NA;1337;NA;56566;4096;NA;642136;71535;494664;83832;6760;107
"31";2008;1;252;NA;9940;138;13607;1420;636;NA;NA;NA;NA;1;NA;7748;970;93;84;26;NA;NA;76;NA;9;NA;NA;NA;NA;NA;NA;NA;NA;NA;NA;NA;NA;NA;85;2055;2865;NA;8219;175;250;14;1587;731;84539;556;9;80;NA;NA;1406;NA;NA;1;NA;2;2;0;NA;0;NA;0;1;NA;1;NA;0;NA;0;NA;1;1911;NA;2213;1;11;337;NA;82;NA;4404;NA;NA;33533;2662;27147;5326;515;2
"32";2008;1;392;NA;14180;288;24740;2205;944;NA;NA;NA;NA;1;NA;11838;2728;127;121;63;NA;NA;78;NA;8;NA;NA;NA;NA;NA;NA;NA;NA;NA;NA;NA;NA;NA;95;3841;4220;NA;14417;154;289;56;1991;800;248146;1527;9;80;NA;NA;1863;NA;NA;1;NA;5;0;2;NA;3;NA;0;0;NA;1;NA;0;NA;10;NA;0;2391;NA;3939;5;78;1284;NA;99;NA;6616;NA;NA;54345;5373;44220;6080;614;5
"33";2008;1;420;NA;16256;302;20314;3223;1694;NA;NA;NA;NA;1;NA;13610;955;115;105;62;NA;NA;49;NA;5;NA;NA;NA;NA;NA;NA;NA;NA;NA;NA;NA;NA;NA;110;3255;5116;NA;15739;471;556;23;2196;1290;379885;581;5;50;NA;NA;2341;NA;NA;1;NA;4;0;0;NA;0;NA;1;0;NA;0;NA;0;NA;1;NA;1;1687;NA;1648;2;23;128;NA;92;NA;7361;NA;NA;56637;1893;44130;6701;772;1
"34";2008;1;227;NA;10803;169;10073;2125;828;NA;NA;NA;NA;0;NA;6287;267;75;71;28;NA;NA;37;NA;1;NA;NA;NA;NA;NA;NA;NA;NA;NA;NA;NA;NA;NA;43;2527;3316;NA;10089;37;75;45;1026;887;114347;239;1;37;NA;NA;1260;NA;NA;1;NA;4;0;0;NA;0;NA;0;0;NA;1;NA;0;NA;2;NA;0;1232;NA;623;1;1;37;NA;52;NA;6237;NA;NA;34390;726;25258;4213;369;1
"35";2008;1;284;NA;11217;223;13867;2079;687;NA;NA;NA;NA;0;NA;8903;525;70;64;43;NA;NA;26;NA;2;NA;NA;NA;NA;NA;NA;NA;NA;NA;NA;NA;NA;NA;111;2703;3539;NA;10900;38;79;57;1287;1044;139513;290;2;26;NA;NA;2028;NA;NA;0;NA;4;0;0;NA;0;NA;0;0;NA;3;NA;0;NA;6;NA;0;1504;NA;936;2;1;92;NA;97;NA;5286;NA;NA;38783;1099;30101;5030;383;4
"36";2008;1;252;NA;8856;193;16364;831;909;NA;NA;NA;NA;3;NA;8575;1303;81;75;42;NA;NA;59;NA;6;NA;NA;NA;NA;NA;NA;NA;NA;NA;NA;NA;NA;NA;52;1468;2868;NA;8024;127;170;44;1449;740;125244;643;7;64;NA;NA;1301;NA;NA;0;NA;4;0;1;NA;0;NA;1;1;NA;0;NA;0;NA;8;NA;0;1869;NA;3546;3;26;244;NA;87;NA;3124;NA;NA;31702;3900;28454;4252;500;3
"37";2008;1;398;NA;11751;284;13161;2307;793;NA;NA;NA;NA;0;NA;8052;760;89;83;59;NA;NA;69;NA;4;NA;NA;NA;NA;NA;NA;NA;NA;NA;NA;NA;NA;NA;32;2564;3571;NA;11196;91;122;45;1572;1116;110898;449;4;72;NA;NA;1528;NA;NA;1;NA;1;0;0;NA;1;NA;0;0;NA;1;NA;0;NA;2;NA;0;2127;NA;1167;2;11;223;NA;111;NA;3698;NA;NA;37732;1522;29824;5056;546;5
"38";2008;1;133;NA;4820;73;3911;2306;417;NA;NA;NA;NA;0;NA;2516;52;35;33;8;NA;NA;18;NA;0;NA;NA;NA;NA;NA;NA;NA;NA;NA;NA;NA;NA;NA;17;932;1586;NA;5138;10;15;12;467;385;59130;44;0;18;NA;NA;1669;NA;NA;1;NA;0;0;0;NA;0;NA;0;0;NA;1;NA;0;NA;0;NA;1;584;NA;130;0;0;6;NA;27;NA;3664;NA;NA;16350;162;13196;2309;131;0
"39";2008;1;387;NA;14735;209;17608;855;1020;NA;NA;NA;NA;0;NA;9067;1817;96;89;30;NA;NA;58;NA;4;NA;NA;NA;NA;NA;NA;NA;NA;NA;NA;NA;NA;NA;68;4079;4362;NA;15718;67;187;47;1690;1126;149609;866;4;59;NA;NA;625;NA;NA;0;NA;7;0;0;NA;0;NA;0;0;NA;0;NA;0;NA;5;NA;0;2113;NA;2233;2;43;579;NA;97;NA;6381;NA;NA;51974;2904;35052;5524;509;4
"40";2008;1;NA;NA;NA;NA;NA;NA;NA;NA;NA;NA;NA;NA;NA;NA;NA;NA;NA;NA;NA;NA;NA;NA;NA;NA;NA;NA;NA;NA;NA;NA;NA;NA;NA;NA;NA;NA;NA;NA;NA;NA;NA;NA;NA;NA;NA;NA;NA;NA;NA;NA;NA;NA;NA;NA;NA;NA;NA;NA;NA;NA;NA;NA;NA;NA;NA;NA;NA;NA;NA;NA;NA;NA;NA;NA;NA;NA;NA;NA;NA;NA;NA;NA;NA;NA;NA;NA;NA;NA;NA;NA;NA
"10";2008;2;1503;NA;31486;770;105807;4145;1759;39578;2283;NA;43095;5;NA;41725;12157;197;185;262;NA;NA;304;NA;14;37848;NA;NA;1954;NA;NA;NA;NA;37298;NA;NA;NA;NA;309;7927;9374;NA;59526;469;421;44;6971;2576;591604;6995;14;319;NA;NA;5439;NA;NA;4;NA;22;0;4;NA;1;NA;0;4;NA;5;NA;0;NA;51;NA;1;6026;NA;29316;46;995;7852;NA;283;NA;3675;235;NA;173044;37753;149406;23179;1526;56
"20";2008;2;972;NA;24349;551;47240;2849;1083;17626;1446;NA;24000;3;NA;17480;4531;234;224;175;NA;NA;329;NA;10;17409;NA;NA;1303;NA;NA;NA;NA;19521;NA;NA;NA;NA;151;6241;6910;NA;37291;266;498;72;3850;1827;221059;3726;10;355;NA;NA;4442;NA;NA;2;NA;13;3;3;NA;5;NA;2;2;NA;6;NA;2;NA;10;NA;0;5080;NA;11928;6;414;4251;NA;290;NA;5630;107;NA;115008;16696;80514;16287;910;23
"30";2008;2;2576;NA;97347;1761;131941;16950;7505;50876;3639;NA;92529;3;NA;74821;9454;863;812;374;NA;NA;414;NA;33;49914;NA;NA;3579;NA;NA;NA;NA;71611;NA;NA;NA;NA;564;26279;27913;NA;95724;958;1450;284;13417;8445;1585716;5353;34;430;NA;NA;14592;NA;NA;7;NA;29;1;5;NA;3;NA;1;5;NA;7;NA;0;NA;19;NA;3;15413;NA;16807;21;199;3206;NA;682;NA;44711;3861;NA;348570;20837;270096;44393;4243;20
"99";2008;2;5051;NA;153182;3082;284988;23944;10347;108080;7368;NA;159624;11;NA;134026;26142;1294;1221;811;NA;NA;1047;NA;57;105171;NA;NA;6836;NA;NA;NA;NA;128430;NA;NA;NA;NA;1024;40447;44197;NA;192541;1693;2369;400;24238;12848;2398379;16074;58;1104;NA;NA;24473;NA;NA;13;NA;64;4;12;NA;9;NA;3;11;NA;18;NA;2;NA;80;NA;4;26519;NA;58051;73;1608;15309;NA;1255;NA;54016;4203;NA;636622;75286;500016;83859;6679;99
"31";2008;2;247;NA;9379;166;14345;1461;623;NA;NA;NA;NA;0;NA;7847;1017;92;86;42;NA;NA;55;NA;5;NA;NA;NA;NA;NA;NA;NA;NA;NA;NA;NA;NA;NA;99;2267;2529;NA;7738;123;210;20;1534;746;74167;686;5;57;NA;NA;1352;NA;NA;0;NA;3;0;1;NA;0;NA;0;0;NA;0;NA;0;NA;1;NA;0;1873;NA;2496;1;12;449;NA;87;NA;4178;NA;NA;33411;3047;27326;5479;456;1
"32";2008;2;373;NA;13875;290;24623;2204;940;NA;NA;NA;NA;0;NA;11535;2692;147;133;70;NA;NA;75;NA;4;NA;NA;NA;NA;NA;NA;NA;NA;NA;NA;NA;NA;NA;87;4398;3823;NA;13575;143;232;21;2023;960;287708;1470;4;75;NA;NA;1899;NA;NA;1;NA;5;0;0;NA;2;NA;0;0;NA;1;NA;0;NA;3;NA;0;2455;NA;4121;7;78;1310;NA;84;NA;6538;NA;NA;52865;5580;43831;5882;634;3
"33";2008;2;380;NA;15459;246;19750;3152;1533;NA;NA;NA;NA;0;NA;12882;1004;120;111;37;NA;NA;44;NA;3;NA;NA;NA;NA;NA;NA;NA;NA;NA;NA;NA;NA;NA;73;3761;4610;NA;15310;357;423;19;2028;1125;375199;629;3;47;NA;NA;2355;NA;NA;1;NA;1;0;0;NA;0;NA;0;2;NA;0;NA;0;NA;5;NA;1;1583;NA;1852;9;20;138;NA;98;NA;6927;NA;NA;55140;2074;42495;6608;737;0
"34";2008;2;227;NA;9984;155;11140;2069;810;NA;NA;NA;NA;0;NA;6922;314;70;68;20;NA;NA;33;NA;5;NA;NA;NA;NA;NA;NA;NA;NA;NA;NA;NA;NA;NA;44;2819;2806;NA;9888;36;68;31;1044;937;138772;253;5;35;NA;NA;1347;NA;NA;0;NA;3;0;0;NA;0;NA;0;1;NA;0;NA;0;NA;1;NA;1;1395;NA;708;0;4;35;NA;40;NA;5873;NA;NA;35181;801;25505;4311;329;2
"35";2008;2;325;NA;11037;228;13133;2025;713;NA;NA;NA;NA;0;NA;8397;526;93;84;47;NA;NA;32;NA;1;NA;NA;NA;NA;NA;NA;NA;NA;NA;NA;NA;NA;NA;107;3153;3179;NA;10949;44;82;56;1227;1170;125180;303;1;32;NA;NA;2333;NA;NA;1;NA;3;0;0;NA;0;NA;1;1;NA;4;NA;0;NA;1;NA;1;1439;NA;811;1;2;98;NA;85;NA;4700;NA;NA;38944;989;29469;5362;415;3
"36";2008;2;230;NA;7441;181;14424;684;640;NA;NA;NA;NA;3;NA;7529;1181;86;85;46;NA;NA;46;NA;7;NA;NA;NA;NA;NA;NA;NA;NA;NA;NA;NA;NA;NA;36;1304;2331;NA;6722;92;134;45;1230;720;104692;620;8;48;NA;NA;1196;NA;NA;2;NA;5;1;3;NA;1;NA;0;0;NA;1;NA;0;NA;3;NA;0;1694;NA;3189;1;39;315;NA;84;NA;2563;NA;NA;27713;3606;24566;3810;427;7
"37";2008;2;380;NA;11524;246;13232;2323;775;NA;NA;NA;NA;0;NA;8243;749;92;89;65;NA;NA;63;NA;5;NA;NA;NA;NA;NA;NA;NA;NA;NA;NA;NA;NA;NA;40;3076;3318;NA;11664;68;97;25;2145;1257;100652;451;5;67;NA;NA;1664;NA;NA;1;NA;4;0;0;NA;0;NA;0;0;NA;0;NA;0;NA;1;NA;0;2336;NA;1127;0;6;233;NA;85;NA;3471;NA;NA;38497;1493;29764;5284;529;1
"38";2008;2;87;NA;4733;70;3949;821;409;NA;NA;NA;NA;0;NA;2509;96;40;38;11;NA;NA;12;NA;0;NA;NA;NA;NA;NA;NA;NA;NA;NA;NA;NA;NA;NA;17;1104;1482;NA;5130;22;27;22;479;416;55567;93;0;13;NA;NA;641;NA;NA;0;NA;1;0;0;NA;0;NA;0;0;NA;1;NA;0;NA;1;NA;0;572;NA;168;1;0;9;NA;24;NA;3693;NA;NA;16447;200;10623;2277;164;0
"39";2008;2;327;NA;13915;179;17345;2211;1062;NA;NA;NA;NA;0;NA;8957;1875;123;118;36;NA;NA;54;NA;3;NA;NA;NA;NA;NA;NA;NA;NA;NA;NA;NA;NA;NA;61;4397;3835;NA;14748;73;177;45;1707;1114;190340;848;3;56;NA;NA;1805;NA;NA;1;NA;4;0;1;NA;0;NA;0;1;NA;0;NA;0;NA;3;NA;0;2066;NA;2335;1;38;619;NA;95;NA;6768;NA;NA;50372;3047;36517;5380;552;3
"40";2008;2;NA;NA;NA;NA;NA;NA;NA;NA;NA;NA;NA;NA;NA;NA;NA;NA;NA;NA;NA;NA;NA;NA;NA;NA;NA;NA;NA;NA;NA;NA;NA;NA;NA;NA;NA;NA;NA;NA;NA;NA;NA;NA;NA;NA;NA;NA;NA;NA;NA;NA;NA;NA;NA;NA;NA;NA;NA;NA;NA;NA;NA;NA;NA;NA;NA;NA;NA;NA;NA;NA;NA;NA;NA;NA;NA;NA;NA;NA;NA;NA;NA;NA;NA;NA;NA;NA;NA;NA;NA;NA;NA
"10";2008;3;1530;NA;29094;829;105589;3898;1792;39728;2267;NA;42630;4;NA;43370;11823;186;166;275;NA;NA;296;NA;22;39388;NA;NA;1934;NA;NA;NA;NA;39578;NA;NA;NA;NA;268;7355;8780;NA;63979;485;426;24;7235;2252;611340;6422;22;317;NA;NA;5591;NA;NA;0;NA;25;1;7;NA;2;NA;3;3;NA;2;NA;0;NA;61;NA;4;6241;NA;28476;41;1086;7775;NA;265;NA;3297;185;NA;160428;36848;146793;23860;1561;59
"20";2008;3;863;NA;23158;787;45390;2683;1031;17787;1464;NA;24351;3;NA;17560;4606;170;154;237;NA;NA;311;NA;14;17394;NA;NA;1272;NA;NA;NA;NA;19961;NA;NA;NA;NA;129;5764;6741;NA;37381;322;530;63;3994;1637;284405;3488;17;340;NA;NA;4113;NA;NA;2;NA;10;2;0;NA;1;NA;1;1;NA;0;NA;0;NA;17;NA;1;5052;NA;10932;6;426;3833;NA;244;NA;5177;159;NA;109147;15330;77162;16017;921;19
"30";2008;3;2470;NA;86003;1800;114245;14665;6875;47470;3606;NA;85022;4;NA;63416;9166;884;841;351;NA;NA;417;NA;34;46634;NA;NA;3563;NA;NA;NA;NA;73610;NA;NA;NA;NA;605;21872;25139;NA;86088;876;1254;413;12034;7666;1694520;4910;35;436;NA;NA;15382;NA;NA;3;NA;17;0;4;NA;2;NA;2;3;NA;6;NA;0;NA;21;NA;1;14878;NA;14778;16;212;3111;NA;663;NA;37460;4162;NA;308809;18695;238970;42219;3817;12
"99";2008;3;4863;NA;138255;3416;265224;21246;9698;104985;7337;NA;152003;11;NA;124346;25595;1240;1161;863;NA;NA;1024;NA;70;103416;NA;NA;6769;NA;NA;NA;NA;133149;NA;NA;NA;NA;1002;34991;40660;NA;187448;1683;2210;500;23263;11555;2590265;14820;74;1093;NA;NA;25086;NA;NA;5;NA;52;3;11;NA;5;NA;6;7;NA;8;NA;0;NA;99;NA;6;26171;NA;54186;63;1724;14719;NA;1172;NA;45934;4506;NA;578384;70873;462925;82096;6299;90
"31";2008;3;186;NA;8919;160;12540;1280;601;NA;NA;NA;NA;1;NA;7073;933;87;84;39;NA;NA;65;NA;8;NA;NA;NA;NA;NA;NA;NA;NA;NA;NA;NA;NA;NA;70;2002;2464;NA;7150;183;243;20;1446;662;90358;565;8;66;NA;NA;1306;NA;NA;1;NA;2;0;0;NA;1;NA;2;2;NA;1;NA;0;NA;9;NA;0;1819;NA;2057;1;13;415;NA;81;NA;3672;NA;NA;30593;2585;24806;5153;449;2
"32";2008;3;519;NA;12304;278;22241;1926;826;NA;NA;NA;NA;1;NA;9739;2731;127;121;58;NA;NA;67;NA;10;NA;NA;NA;NA;NA;NA;NA;NA;NA;NA;NA;NA;NA;100;3620;3466;NA;12068;110;184;39;1786;757;245043;1498;11;69;NA;NA;1710;NA;NA;0;NA;4;0;0;NA;0;NA;0;0;NA;0;NA;0;NA;2;NA;0;2134;NA;3691;3;81;1295;NA;91;NA;5560;NA;NA;47624;5122;39285;5954;544;4
"33";2008;3;300;NA;13490;251;16921;2684;1458;NA;NA;NA;NA;0;NA;11100;1065;149;145;50;NA;NA;38;NA;5;NA;NA;NA;NA;NA;NA;NA;NA;NA;NA;NA;NA;NA;94;3040;4154;NA;13673;324;372;108;1849;1041;388348;536;5;43;NA;NA;2651;NA;NA;0;NA;3;0;0;NA;0;NA;0;0;NA;0;NA;0;NA;1;NA;0;1518;NA;1537;6;21;112;NA;94;NA;5887;NA;NA;48206;1742;37455;6263;713;0
"34";2008;3;170;NA;8268;195;9110;1608;721;NA;NA;NA;NA;0;NA;5780;277;78;71;32;NA;NA;28;NA;3;NA;NA;NA;NA;NA;NA;NA;NA;NA;NA;NA;NA;NA;44;2204;2406;NA;8358;32;51;28;1006;712;142871;217;3;28;NA;NA;1338;NA;NA;0;NA;0;0;0;NA;0;NA;0;0;NA;0;NA;0;NA;0;NA;0;1244;NA;644;0;3;36;NA;28;NA;4601;NA;NA;29434;743;21240;3695;270;1
"35";2008;3;285;NA;10233;228;11369;1759;619;NA;NA;NA;NA;0;NA;7100;506;96;86;36;NA;NA;35;NA;2;NA;NA;NA;NA;NA;NA;NA;NA;NA;NA;NA;NA;NA;110;2743;2981;NA;9998;32;71;39;1123;960;136585;244;2;35;NA;NA;2683;NA;NA;1;NA;0;0;0;NA;0;NA;0;0;NA;3;NA;0;NA;0;NA;0;1299;NA;799;0;3;90;NA;90;NA;3963;NA;NA;35712;962;26891;4948;362;1
"36";2008;3;269;NA;6458;160;12121;696;566;NA;NA;NA;NA;1;NA;6093;1063;95;95;35;NA;NA;58;NA;2;NA;NA;NA;NA;NA;NA;NA;NA;NA;NA;NA;NA;NA;55;1142;1947;NA;6380;66;125;49;1210;556;111893;558;2;66;NA;NA;1388;NA;NA;1;NA;3;0;1;NA;0;NA;0;1;NA;1;NA;0;NA;4;NA;0;1533;NA;2760;1;24;329;NA;74;NA;2169;NA;NA;24280;3185;21389;3746;395;3
"37";2008;3;343;NA;10206;283;11820;2113;674;NA;NA;NA;NA;0;NA;7112;854;109;101;59;NA;NA;60;NA;0;NA;NA;NA;NA;NA;NA;NA;NA;NA;NA;NA;NA;NA;27;2599;2916;NA;10648;67;89;42;1515;1762;143081;374;0;61;NA;NA;1706;NA;NA;0;NA;2;0;2;NA;1;NA;0;0;NA;1;NA;0;NA;1;NA;0;2842;NA;1097;1;16;240;NA;92;NA;2890;NA;NA;34454;1456;26802;5163;466;1
"38";2008;3;107;NA;4752;78;3664;790;492;NA;NA;NA;NA;0;NA;2318;62;35;34;15;NA;NA;12;NA;0;NA;NA;NA;NA;NA;NA;NA;NA;NA;NA;NA;NA;NA;18;1022;1586;NA;5284;14;23;27;535;467;60749;48;0;13;NA;NA;862;NA;NA;0;NA;1;0;0;NA;0;NA;0;0;NA;0;NA;0;NA;1;NA;0;676;NA;160;0;2;6;NA;23;NA;3171;NA;NA;16507;193;10638;2344;170;0
"39";2008;3;291;NA;11373;167;14459;1809;918;NA;NA;NA;NA;1;NA;7101;1675;108;104;27;NA;NA;54;NA;4;NA;NA;NA;NA;NA;NA;NA;NA;NA;NA;NA;NA;NA;87;3500;3219;NA;12529;48;96;61;1564;749;191328;870;4;55;NA;NA;1738;NA;NA;0;NA;2;0;1;NA;0;NA;0;0;NA;0;NA;0;NA;3;NA;1;1813;NA;2033;4;49;588;NA;90;NA;5547;NA;NA;41999;2707;30464;4953;448;0
"40";2008;3;NA;NA;NA;NA;NA;NA;NA;NA;NA;NA;NA;NA;NA;NA;NA;NA;NA;NA;NA;NA;NA;NA;NA;NA;NA;NA;NA;NA;NA;NA;NA;NA;NA;NA;NA;NA;NA;NA;NA;NA;NA;NA;NA;NA;NA;NA;NA;NA;NA;NA;NA;NA;NA;NA;NA;NA;NA;NA;NA;NA;NA;NA;NA;NA;NA;NA;NA;NA;NA;NA;NA;NA;NA;NA;NA;NA;NA;NA;NA;NA;NA;NA;NA;NA;NA;NA;NA;NA;NA;NA;NA
"10";2008;4;1549;NA;25082;826;88552;2770;1440;35434;2243;NA;38235;11;NA;35225;9449;209;186;262;NA;NA;337;0;18;36788;NA;NA;2129;NA;NA;NA;NA;37880;NA;NA;NA;NA;266;6282;7997;NA;53352;489;544;27;6052;1553;547185;6670;18;350;0;NA;4438;NA;NA;0;NA;34;0;1;NA;0;NA;0;0;NA;7;NA;0;NA;50;NA;0;5647;NA;24221;44;1167;8222;NA;275;NA;2892;NA;NA;132665;33071;123108;20194;1315;37
"20";2008;4;936;NA;21382;785;39990;2402;911;16091;1459;NA;21895;2;NA;14391;4062;182;169;258;NA;NA;369;0;14;13587;NA;NA;1274;NA;NA;NA;NA;19212;NA;NA;NA;NA;176;5273;6439;NA;32452;288;482;80;3495;1450;310161;3743;15;400;0;NA;3374;NA;NA;3;NA;12;0;1;NA;0;NA;0;0;NA;6;NA;0;NA;17;NA;1;4351;NA;10942;13;441;4301;NA;293;NA;4653;NA;NA;99169;15886;68844;14934;836;18
"30";2008;4;2552;NA;73247;1835;100458;10851;5994;40855;3914;NA;70624;7;NA;52823;9607;900;853;405;NA;NA;520;0;39;37181;NA;NA;3945;NA;NA;NA;NA;62549;NA;NA;NA;NA;364;18694;22510;NA;71846;654;1028;279;11045;6502;1594910;5729;41;552;0;NA;11361;NA;NA;4;NA;40;0;3;NA;3;NA;0;0;NA;17;NA;1;NA;32;NA;0;13326;NA;15515;23;223;3870;NA;734;NA;28618;NA;NA;258201;20356;203746;37114;3074;20
"99";2008;4;5037;NA;119711;3446;229000;16023;8345;92380;7616;NA;130754;20;NA;102439;23118;1291;1208;925;NA;NA;1226;0;71;87556;NA;NA;7348;NA;NA;NA;NA;119641;NA;NA;NA;NA;806;30249;36946;NA;157650;1431;2054;386;20592;9505;2452256;16142;74;1302;0;NA;19173;NA;NA;7;NA;86;0;5;NA;3;NA;0;0;NA;30;NA;1;NA;99;NA;1;23324;NA;50678;80;1831;16393;NA;1302;NA;36163;NA;NA;490035;69313;395698;72242;5225;75
"31";2008;4;227;NA;6988;164;10602;1078;571;NA;NA;NA;NA;0;NA;5394;1160;97;87;37;NA;NA;75;0;4;NA;NA;NA;NA;NA;NA;NA;NA;NA;NA;NA;NA;NA;47;1586;2045;NA;7945;98;147;11;1448;570;70964;659;4;80;0;NA;1014;NA;NA;2;NA;3;0;0;NA;0;NA;0;0;NA;3;NA;1;NA;3;NA;0;1699;NA;1952;2;16;485;NA;92;NA;2361;NA;NA;25465;2553;20417;4503;387;2
"32";2008;4;388;NA;10168;279;19409;1538;780;NA;NA;NA;NA;2;NA;8193;2395;159;148;64;NA;NA;100;0;7;NA;NA;NA;NA;NA;NA;NA;NA;NA;NA;NA;NA;NA;63;2915;3052;NA;10994;80;151;33;1738;797;250740;1624;8;109;0;NA;1386;NA;NA;0;NA;7;0;1;NA;0;NA;0;0;NA;1;NA;0;NA;6;NA;0;2133;NA;3710;8;73;1563;NA;85;NA;4563;NA;NA;41435;5446;33560;5507;423;2
"33";2008;4;363;NA;10220;243;14332;1674;1081;NA;NA;NA;NA;0;NA;8768;1247;127;122;66;NA;NA;66;0;2;NA;NA;NA;NA;NA;NA;NA;NA;NA;NA;NA;NA;NA;50;2187;3401;NA;9924;225;257;29;1617;825;354939;613;3;73;0;NA;1490;NA;NA;1;NA;6;0;0;NA;1;NA;0;0;NA;4;NA;0;NA;5;NA;0;1302;NA;1580;3;36;170;NA;96;NA;3671;NA;NA;36794;1884;29040;5076;543;1
"34";2008;4;225;NA;7002;178;8004;1101;651;NA;NA;NA;NA;0;NA;4837;271;62;61;21;NA;NA;30;0;6;NA;NA;NA;NA;NA;NA;NA;NA;NA;NA;NA;NA;NA;23;1942;2054;NA;5326;30;47;28;879;659;116902;264;6;32;0;NA;956;NA;NA;1;NA;3;0;0;NA;0;NA;0;0;NA;3;NA;0;NA;2;NA;0;1167;NA;803;2;2;76;NA;66;NA;3264;NA;NA;23115;936;17892;3370;214;1
"35";2008;4;295;NA;9093;242;10317;1379;596;NA;NA;NA;NA;0;NA;6278;605;107;101;52;NA;NA;38;0;2;NA;NA;NA;NA;NA;NA;NA;NA;NA;NA;NA;NA;NA;68;2355;2798;NA;7314;54;91;53;1096;846;128362;331;2;39;0;NA;1873;NA;NA;0;NA;5;0;0;NA;0;NA;0;0;NA;1;NA;0;NA;4;NA;0;1316;NA;939;0;2;101;NA;94;NA;3053;NA;NA;29133;1132;23500;4467;320;2
"36";2008;4;260;NA;5727;172;11228;431;479;NA;NA;NA;NA;5;NA;5098;1116;86;81;39;NA;NA;61;0;6;NA;NA;NA;NA;NA;NA;NA;NA;NA;NA;NA;NA;NA;26;1160;1796;NA;5641;52;98;38;1150;547;93443;773;6;64;0;NA;1139;NA;NA;0;NA;7;0;0;NA;1;NA;0;0;NA;1;NA;0;NA;1;NA;0;1429;NA;3060;1;35;492;NA;83;NA;1899;NA;NA;21728;3663;19176;3257;295;5
"37";2008;4;318;NA;8546;262;9879;1509;563;NA;NA;NA;NA;0;NA;5819;943;113;110;68;NA;NA;74;0;5;NA;NA;NA;NA;NA;NA;NA;NA;NA;NA;NA;NA;NA;24;2215;2723;NA;8902;55;93;21;1241;1154;161967;457;5;77;0;NA;1344;NA;NA;0;NA;2;0;0;NA;1;NA;0;0;NA;2;NA;0;NA;4;NA;0;2053;NA;1077;1;20;234;NA;123;NA;2385;NA;NA;27971;1458;22103;4118;349;3
"38";2008;4;103;NA;5040;92;3464;723;438;NA;NA;NA;NA;0;NA;2214;78;36;35;12;NA;NA;10;0;1;NA;NA;NA;NA;NA;NA;NA;NA;NA;NA;NA;NA;NA;10;1140;1594;NA;4911;22;34;18;453;350;57678;68;1;10;0;NA;779;NA;NA;0;NA;0;0;0;NA;0;NA;0;0;NA;2;NA;0;NA;1;NA;0;520;NA;203;0;0;7;NA;15;NA;3122;NA;NA;16003;233;10536;2161;148;0
"39";2008;4;373;NA;10463;203;13223;1418;835;NA;NA;NA;NA;0;NA;6222;1792;113;108;46;NA;NA;66;0;6;NA;NA;NA;NA;NA;NA;NA;NA;NA;NA;NA;NA;NA;53;3194;3047;NA;10889;38;110;48;1423;754;171532;940;6;68;0;NA;1380;NA;NA;0;NA;7;0;2;NA;0;NA;0;0;NA;0;NA;0;NA;6;NA;0;1707;NA;2191;6;39;742;NA;80;NA;4300;NA;NA;36557;3051;27522;4655;395;4
"40";2008;4;NA;NA;NA;NA;NA;NA;NA;NA;NA;NA;NA;NA;NA;NA;NA;NA;NA;NA;NA;NA;NA;NA;NA;NA;NA;NA;NA;NA;NA;NA;NA;NA;NA;NA;NA;NA;NA;NA;NA;NA;NA;NA;NA;NA;NA;NA;NA;NA;NA;NA;NA;NA;NA;NA;NA;NA;NA;NA;NA;NA;NA;NA;NA;NA;NA;NA;NA;NA;NA;NA;NA;NA;NA;NA;NA;NA;NA;NA;NA;NA;NA;NA;NA;NA;NA;NA;NA;NA;NA;NA;NA
"10";2009;1;1726;NA;30442;927;105680;3253;1483;38644;2254;NA;40408;12;NA;40362;10554;189;171;323;NA;NA;306;0;27;32249;NA;NA;1034;NA;NA;NA;NA;23356;NA;NA;NA;NA;287;5716;9941;NA;56398;488;518;91;6807;1788;614666;7954;27;324;0;NA;5160;NA;NA;0;NA;39;0;1;NA;1;NA;0;0;NA;2;NA;0;NA;44;NA;2;6222;NA;31254;35;1166;9670;NA;301;NA;3004;NA;NA;162193;41592;146945;22734;1288;53
"20";2009;1;1025;NA;24642;869;47559;2985;1041;18804;1429;NA;22685;2;NA;16518;4793;162;154;268;NA;NA;317;0;18;16763;NA;NA;841;NA;NA;NA;NA;11284;NA;NA;NA;NA;283;4626;7592;NA;36606;318;499;86;4177;1824;307328;4098;19;343;0;NA;4143;NA;NA;1;NA;8;2;0;NA;3;NA;1;0;NA;3;NA;1;NA;18;NA;1;5056;NA;13199;9;447;4950;NA;280;NA;5568;NA;NA;115614;18754;81239;16575;939;29
"30";2009;1;2817;NA;98538;2145;137519;16580;8119;51791;3620;NA;89739;5;NA;73931;11438;718;676;457;NA;NA;525;0;48;46804;NA;NA;3285;NA;NA;NA;NA;54569;NA;NA;NA;NA;634;20495;30315;NA;96496;1027;1509;361;14773;8757;1683811;7093;49;545;0;NA;15095;NA;NA;5;NA;47;0;0;NA;2;NA;0;0;NA;10;NA;0;NA;41;NA;0;17763;NA;21187;13;236;4633;NA;760;NA;39017;NA;NA;353304;26855;277996;45562;4374;22
"99";2009;1;5568;NA;153622;3941;290758;22818;10643;109239;7303;NA;152832;19;NA;130811;26785;1069;1001;1048;NA;NA;1148;0;93;95816;NA;NA;5160;NA;NA;NA;NA;89209;NA;NA;NA;NA;1204;30837;47848;NA;189500;1833;2526;538;25757;12369;2605805;19145;95;1212;0;NA;24398;NA;NA;6;NA;94;2;1;NA;6;NA;1;0;NA;15;NA;1;NA;103;NA;3;29041;NA;65640;57;1849;19253;NA;1341;NA;47589;NA;NA;631111;87201;506180;84871;6601;104
"31";2009;1;253;NA;9546;196;14261;1403;733;NA;NA;NA;NA;0;NA;7595;1201;59;53;50;NA;NA;87;0;6;NA;NA;NA;NA;NA;NA;NA;NA;NA;NA;NA;NA;NA;46;1741;2840;NA;9999;153;250;35;1798;853;94473;726;6;87;0;NA;1403;NA;NA;0;NA;6;0;0;NA;0;NA;0;0;NA;0;NA;0;NA;2;NA;0;2272;NA;2705;1;26;576;NA;97;NA;3470;NA;NA;34362;3424;27542;5231;513;4
"32";2009;1;424;NA;13386;324;25061;2076;898;NA;NA;NA;NA;3;NA;10612;2918;118;109;81;NA;NA;85;0;6;NA;NA;NA;NA;NA;NA;NA;NA;NA;NA;NA;NA;NA;72;3219;4166;NA;13661;111;223;22;2255;993;226387;2136;6;85;0;NA;1751;NA;NA;0;NA;11;0;0;NA;0;NA;0;0;NA;0;NA;0;NA;9;NA;0;2744;NA;4751;2;78;1919;NA;100;NA;5411;NA;NA;53708;6845;43496;6317;617;5
"33";2009;1;409;NA;15332;275;20178;2861;1623;NA;NA;NA;NA;0;NA;12788;1398;90;88;67;NA;NA;70;0;10;NA;NA;NA;NA;NA;NA;NA;NA;NA;NA;NA;NA;NA;110;2645;4916;NA;14413;389;424;39;2158;1349;405128;751;10;73;0;NA;2600;NA;NA;0;NA;4;0;0;NA;0;NA;0;0;NA;0;NA;0;NA;8;NA;0;1799;NA;2201;3;25;212;NA;108;NA;6090;NA;NA;54979;2560;42869;6775;802;2
"34";2009;1;241;NA;10050;199;11413;1948;898;NA;NA;NA;NA;0;NA;7080;392;75;68;27;NA;NA;34;0;6;NA;NA;NA;NA;NA;NA;NA;NA;NA;NA;NA;NA;NA;54;2383;2988;NA;8157;49;61;42;1268;1049;131138;309;6;36;0;NA;1358;NA;NA;1;NA;3;0;0;NA;0;NA;0;0;NA;2;NA;0;NA;1;NA;0;1699;NA;998;1;5;51;NA;46;NA;5068;NA;NA;33504;1116;25866;4224;362;0
"35";2009;1;316;NA;11247;294;13549;1885;783;NA;NA;NA;NA;0;NA;8445;674;83;76;50;NA;NA;32;0;1;NA;NA;NA;NA;NA;NA;NA;NA;NA;NA;NA;NA;NA;155;2559;3341;NA;9685;51;83;40;1439;1126;146739;408;1;34;0;NA;2381;NA;NA;0;NA;3;0;0;NA;0;NA;0;0;NA;2;NA;0;NA;3;NA;0;1685;NA;1206;1;2;145;NA;93;NA;4206;NA;NA;38182;1434;30139;5609;454;0
"36";2009;1;314;NA;8832;225;17876;936;684;NA;NA;NA;NA;2;NA;8604;1753;73;70;66;NA;NA;67;0;8;NA;NA;NA;NA;NA;NA;NA;NA;NA;NA;NA;NA;NA;71;1433;2793;NA;8626;97;147;58;1556;796;111233;929;8;71;0;NA;1530;NA;NA;0;NA;7;0;0;NA;2;NA;0;0;NA;5;NA;0;NA;7;NA;0;2026;NA;4604;2;44;512;NA;92;NA;2507;NA;NA;33358;5259;30083;4314;437;5
"37";2009;1;391;NA;11087;333;13142;2469;971;NA;NA;NA;NA;0;NA;7646;1041;90;86;61;NA;NA;76;0;1;NA;NA;NA;NA;NA;NA;NA;NA;NA;NA;NA;NA;NA;39;1989;3583;NA;11077;74;113;53;1928;1244;169598;569;1;81;0;NA;1516;NA;NA;0;NA;3;0;0;NA;0;NA;0;0;NA;0;NA;0;NA;5;NA;0;2708;NA;1429;3;20;320;NA;105;NA;3081;NA;NA;37299;1887;29518;5331;547;2
"38";2009;1;109;NA;4914;58;3903;829;462;NA;NA;NA;NA;0;NA;2438;93;30;28;8;NA;NA;14;0;0;NA;NA;NA;NA;NA;NA;NA;NA;NA;NA;NA;NA;NA;18;935;1601;NA;5517;25;31;17;558;425;61708;76;0;14;0;NA;759;NA;NA;0;NA;3;0;0;NA;0;NA;0;0;NA;1;NA;0;NA;2;NA;0;662;NA;230;0;0;9;NA;26;NA;3398;NA;NA;16992;261;10925;2236;157;0
"39";2009;1;360;NA;14144;241;18136;2173;1067;NA;NA;NA;NA;0;NA;8723;1968;100;98;47;NA;NA;60;0;10;NA;NA;NA;NA;NA;NA;NA;NA;NA;NA;NA;NA;NA;69;3591;4087;NA;15361;78;177;55;1813;922;211839;1189;11;64;0;NA;1797;NA;NA;4;NA;7;0;0;NA;0;NA;0;0;NA;0;NA;0;NA;4;NA;0;2168;NA;3063;0;36;889;NA;93;NA;5786;NA;NA;50920;4069;37558;5525;485;4
"40";2009;1;NA;NA;NA;NA;NA;NA;NA;NA;NA;NA;NA;NA;NA;NA;NA;NA;NA;NA;NA;NA;NA;NA;NA;NA;NA;NA;NA;NA;NA;NA;NA;NA;NA;NA;NA;NA;NA;NA;NA;NA;NA;NA;NA;NA;NA;NA;NA;NA;NA;NA;NA;NA;NA;NA;NA;NA;NA;NA;NA;NA;NA;NA;NA;NA;NA;NA;NA;NA;NA;NA;NA;NA;NA;NA;NA;NA;NA;NA;NA;NA;NA;NA;NA;NA;NA;NA;NA;NA;NA;NA;NA
"10";2009;2;1826;NA;29145;864;113172;3293;1535;39219;2347;NA;44080;7;NA;46092;11717;196;182;281;NA;NA;325;0;25;40335;NA;NA;1888;NA;NA;NA;NA;34481;NA;NA;NA;NA;295;6301;9046;NA;65683;642;478;57;7193;2057;665365;8472;25;338;0;NA;5195;NA;NA;1;NA;42;0;0;NA;1;NA;0;0;NA;0;NA;0;NA;42;NA;5;6582;NA;32158;41;1175;9433;NA;317;NA;3022;NA;NA;167031;42229;153204;24451;1367;88
"20";2009;2;1043;NA;24183;696;49928;3432;1003;18283;1518;NA;24437;10;NA;16744;5100;219;202;246;NA;NA;293;0;16;17555;NA;NA;1369;NA;NA;NA;NA;17124;NA;NA;NA;NA;146;4977;7243;NA;38670;319;445;103;4093;1943;361718;4140;16;319;0;NA;4187;NA;NA;2;NA;19;0;0;NA;3;NA;1;0;NA;2;NA;1;NA;25;NA;3;5268;NA;14340;6;499;4874;NA;267;NA;5370;NA;NA;118903;19779;83429;16534;887;32
"30";2009;2;2865;NA;95979;2158;137290;16650;7695;52451;3556;NA;94017;4;NA;71960;11345;861;829;421;NA;NA;551;0;37;51677;NA;NA;3392;NA;NA;NA;NA;73666;NA;NA;NA;NA;613;21682;28258;NA;93820;1021;1621;440;14368;8665;1811131;7204;37;565;0;NA;16091;NA;NA;6;NA;42;0;0;NA;0;NA;1;0;NA;6;NA;0;NA;31;NA;1;17442;NA;22039;11;286;4705;NA;704;NA;39360;NA;NA;352929;27757;275863;49444;4404;35
"99";2009;2;5734;NA;149307;3718;300390;23375;10233;109953;7421;NA;162534;21;NA;134796;28162;1276;1213;948;NA;NA;1169;0;78;109567;NA;NA;6649;NA;NA;NA;NA;125271;NA;NA;NA;NA;1054;32960;44547;NA;198173;1982;2544;600;25654;12665;2838214;19816;78;1222;0;NA;25473;NA;NA;9;NA;103;0;0;NA;4;NA;2;0;NA;8;NA;1;NA;98;NA;9;29292;NA;68537;58;1960;19012;NA;1288;NA;47752;NA;NA;638863;89765;512496;90429;6658;155
"31";2009;2;323;NA;9613;211;14629;1544;688;NA;NA;NA;NA;0;NA;7546;1227;96;93;58;NA;NA;94;0;6;NA;NA;NA;NA;NA;NA;NA;NA;NA;NA;NA;NA;NA;64;1816;2700;NA;9094;111;187;24;1687;822;87416;845;6;97;0;NA;1443;NA;NA;1;NA;3;0;0;NA;0;NA;0;0;NA;0;NA;0;NA;4;NA;1;2129;NA;2967;0;22;543;NA;94;NA;3820;NA;NA;36296;3668;28128;5862;531;5
"32";2009;2;411;NA;13123;266;25649;1866;828;NA;NA;NA;NA;1;NA;10587;3025;129;127;58;NA;NA;88;0;8;NA;NA;NA;NA;NA;NA;NA;NA;NA;NA;NA;NA;NA;101;3462;3741;NA;13095;115;210;37;2189;821;224839;2035;8;92;0;NA;1778;NA;NA;0;NA;7;0;0;NA;0;NA;0;0;NA;0;NA;0;NA;5;NA;0;2553;NA;5033;3;101;2054;NA;85;NA;5647;NA;NA;53166;7242;43510;6666;553;4
"33";2009;2;402;NA;15002;302;20249;2913;1586;NA;NA;NA;NA;1;NA;12648;1399;128;122;60;NA;NA;62;0;5;NA;NA;NA;NA;NA;NA;NA;NA;NA;NA;NA;NA;NA;118;2830;4641;NA;13867;419;476;36;2120;1251;449896;708;5;63;0;NA;2801;NA;NA;1;NA;6;0;0;NA;0;NA;0;0;NA;0;NA;0;NA;4;NA;0;1786;NA;2154;6;31;160;NA;83;NA;5953;NA;NA;54640;2442;42853;7416;795;3
"34";2009;2;261;NA;9938;231;11043;1890;852;NA;NA;NA;NA;0;NA;6617;399;62;60;27;NA;NA;28;0;3;NA;NA;NA;NA;NA;NA;NA;NA;NA;NA;NA;NA;NA;58;2517;2843;NA;7896;72;111;65;1300;1076;131719;353;3;28;0;NA;1594;NA;NA;0;NA;2;0;0;NA;0;NA;0;0;NA;3;NA;0;NA;5;NA;0;1741;NA;991;0;9;81;NA;58;NA;5344;NA;NA;33110;1130;25548;4970;402;3
"35";2009;2;302;NA;10880;337;13644;2006;697;NA;NA;NA;NA;1;NA;8347;799;99;95;40;NA;NA;44;0;0;NA;NA;NA;NA;NA;NA;NA;NA;NA;NA;NA;NA;NA;89;2608;3243;NA;10121;80;142;72;1476;1169;164571;471;0;46;0;NA;2390;NA;NA;1;NA;7;0;0;NA;0;NA;0;0;NA;0;NA;0;NA;4;NA;0;1736;NA;1222;0;4;115;NA;98;NA;4394;NA;NA;39045;1422;29954;6087;457;4
"36";2009;2;322;NA;7349;193;15525;830;676;NA;NA;NA;NA;1;NA;7179;1246;108;103;61;NA;NA;80;0;2;NA;NA;NA;NA;NA;NA;NA;NA;NA;NA;NA;NA;NA;72;1108;2222;NA;7467;80;199;79;1523;652;143273;813;2;81;0;NA;1367;NA;NA;0;NA;5;0;0;NA;0;NA;0;0;NA;0;NA;0;NA;1;NA;0;1802;NA;4129;0;53;478;NA;77;NA;2253;NA;NA;29226;4751;25940;4133;444;11
"37";2009;2;366;NA;11160;300;13711;2408;841;NA;NA;NA;NA;0;NA;7881;1114;95;93;72;NA;NA;74;0;6;NA;NA;NA;NA;NA;NA;NA;NA;NA;NA;NA;NA;NA;34;2158;3456;NA;11453;72;114;50;1820;1228;183678;645;6;77;0;NA;1735;NA;NA;1;NA;5;0;0;NA;0;NA;0;0;NA;0;NA;0;NA;5;NA;0;2552;NA;1557;1;17;394;NA;99;NA;3079;NA;NA;38041;2103;30155;5838;498;1
"38";2009;2;104;NA;4612;87;3905;744;426;NA;NA;NA;NA;0;NA;2440;94;30;29;13;NA;NA;12;0;0;NA;NA;NA;NA;NA;NA;NA;NA;NA;NA;NA;NA;NA;22;1023;1357;NA;5381;26;28;27;483;490;59445;91;0;12;0;NA;768;NA;NA;0;NA;0;0;0;NA;0;NA;0;0;NA;0;NA;0;NA;0;NA;0;677;NA;228;0;0;16;NA;31;NA;3419;NA;NA;16608;269;10542;2563;142;1
"39";2009;2;374;NA;14302;231;18935;2449;1101;NA;NA;NA;NA;0;NA;8715;2042;114;107;32;NA;NA;69;0;7;NA;NA;NA;NA;NA;NA;NA;NA;NA;NA;NA;NA;NA;55;4160;4055;NA;15446;46;154;50;1770;1156;217642;1243;7;69;0;NA;2215;NA;NA;2;NA;7;0;0;NA;0;NA;1;0;NA;3;NA;0;NA;3;NA;0;2466;NA;3758;1;49;864;NA;79;NA;5451;NA;NA;52797;4730;39233;5909;582;3
"40";2009;2;NA;NA;NA;NA;NA;NA;NA;NA;NA;NA;NA;NA;NA;NA;NA;NA;NA;NA;NA;NA;NA;NA;NA;NA;NA;NA;NA;NA;NA;NA;NA;NA;NA;NA;NA;NA;NA;NA;NA;NA;NA;NA;NA;NA;NA;NA;NA;NA;NA;NA;NA;NA;NA;NA;NA;NA;NA;NA;NA;NA;NA;NA;NA;NA;NA;NA;NA;NA;NA;NA;NA;NA;NA;NA;NA;NA;NA;NA;NA;NA;NA;NA;NA;NA;NA;NA;NA;NA;NA;NA;NA
"10";2009;3;1611;845;28315;NA;109807;4241;1569;38734;2407;NA;43098;11;NA;45517;11190;203;189;331;NA;NA;278;0;27;38379;NA;NA;1882;NA;NA;NA;NA;38464;NA;NA;NA;NA;282;5968;9083;NA;70903;561;593;53;7375;2234;749366;8114;28;291;0;NA;5249;NA;NA;0;NA;26;1;0;NA;3;NA;1;0;NA;3;NA;1;NA;35;NA;0;6572;NA;31445;38;1237;8840;NA;256;NA;3408;NA;NA;163332;40932;150026;23555;1472;68
"20";2009;3;1010;644;23151;NA;47617;3921;1070;19250;1587;NA;25341;8;NA;16309;5128;170;161;284;NA;NA;290;0;15;18706;NA;NA;1256;NA;NA;NA;NA;19753;NA;NA;NA;NA;187;4838;6976;NA;39657;332;497;77;4044;1992;415877;3941;16;309;0;NA;4109;NA;NA;7;NA;16;0;0;NA;1;NA;0;0;NA;4;NA;0;NA;17;NA;1;5279;NA;13279;5;549;4536;NA;251;NA;5428;NA;NA;116353;18412;80512;17730;992;31
"30";2009;3;2695;2059;93150;NA;131106;17123;7916;52412;3588;NA;94692;7;NA;70047;10361;871;823;696;NA;NA;510;0;38;52128;NA;NA;3578;NA;NA;NA;NA;75737;NA;NA;NA;NA;567;20596;27156;NA;99187;1018;1664;433;14003;9015;1889903;6835;38;527;0;NA;17455;NA;NA;8;NA;30;1;0;NA;2;NA;1;0;NA;10;NA;2;NA;48;NA;2;17231;NA;19675;21;241;4175;NA;674;NA;39387;NA;NA;348968;25101;268809;49243;4760;21
"99";2009;3;5316;3548;144616;NA;288530;25285;10555;110396;7582;NA;163131;26;NA;131873;26679;1244;1173;1311;NA;NA;1078;0;80;109213;NA;NA;6716;NA;NA;NA;NA;133954;NA;NA;NA;NA;1036;31402;43215;NA;209747;1911;2754;563;25422;13241;3055146;18890;82;1127;0;NA;26813;NA;NA;15;NA;72;2;0;NA;6;NA;2;0;NA;17;NA;3;NA;100;NA;3;29082;NA;64399;64;2027;17551;NA;1181;NA;48223;NA;NA;628653;84445;499347;90528;7224;120
"31";2009;3;297;197;9437;NA;13472;1576;703;NA;NA;NA;NA;0;NA;6926;1045;82;78;78;NA;NA;84;0;2;NA;NA;NA;NA;NA;NA;NA;NA;NA;NA;NA;NA;NA;79;1785;2506;NA;9512;146;213;36;1644;815;153366;756;2;89;0;NA;1667;NA;NA;1;NA;3;0;0;NA;0;NA;0;0;NA;1;NA;0;NA;2;NA;0;2102;NA;2655;2;21;490;NA;88;NA;3819;NA;NA;35165;3309;27052;5954;558;2
"32";2009;3;422;266;12642;NA;24997;2201;979;NA;NA;NA;NA;2;NA;10802;2767;102;100;90;NA;NA;94;0;11;NA;NA;NA;NA;NA;NA;NA;NA;NA;NA;NA;NA;NA;95;3120;3626;NA;14275;132;282;31;2205;956;207153;2006;11;97;0;NA;1956;NA;NA;0;NA;6;0;0;NA;0;NA;0;0;NA;0;NA;0;NA;11;NA;0;2594;NA;4713;5;88;1805;NA;89;NA;5441;NA;NA;53214;6715;43041;6513;721;4
"33";2009;3;360;331;15129;NA;19998;2866;1678;NA;NA;NA;NA;0;NA;12493;1425;154;145;125;NA;NA;57;0;4;NA;NA;NA;NA;NA;NA;NA;NA;NA;NA;NA;NA;NA;101;2746;4707;NA;14723;361;401;39;2043;1375;445475;814;4;59;0;NA;3520;NA;NA;0;NA;2;0;0;NA;0;NA;0;0;NA;0;NA;0;NA;13;NA;1;1855;NA;1992;9;20;150;NA;92;NA;6338;NA;NA;56117;2328;43522;7395;846;1
"34";2009;3;225;151;9591;NA;10608;1887;887;NA;NA;NA;NA;0;NA;6288;345;79;75;49;NA;NA;23;0;4;NA;NA;NA;NA;NA;NA;NA;NA;NA;NA;NA;NA;NA;46;2411;2721;NA;8100;98;110;55;1352;1144;133521;304;4;23;0;NA;1647;NA;NA;0;NA;5;0;0;NA;0;NA;0;0;NA;1;NA;0;NA;1;NA;0;1847;NA;822;0;6;51;NA;45;NA;5803;NA;NA;32494;949;24771;4832;462;0
"35";2009;3;259;367;10849;NA;13225;1989;683;NA;NA;NA;NA;1;NA;8017;882;126;116;87;NA;NA;33;0;3;NA;NA;NA;NA;NA;NA;NA;NA;NA;NA;NA;NA;NA;97;2641;3131;NA;10571;58;93;57;1319;1251;178748;528;3;33;0;NA;2416;NA;NA;2;NA;1;1;0;NA;0;NA;0;0;NA;3;NA;0;NA;7;NA;0;1596;NA;1047;3;5;123;NA;105;NA;4287;NA;NA;38558;1294;29529;5840;431;1
"36";2009;3;306;199;6879;NA;14272;919;565;NA;NA;NA;NA;2;NA;6811;996;92;91;77;NA;NA;83;0;7;NA;NA;NA;NA;NA;NA;NA;NA;NA;NA;NA;NA;NA;33;1132;2008;NA;8782;54;260;83;1396;687;170797;680;7;84;0;NA;1387;NA;NA;4;NA;5;0;0;NA;0;NA;0;0;NA;0;NA;0;NA;7;NA;0;1741;NA;3774;1;30;511;NA;58;NA;2357;NA;NA;28227;4454;24221;4277;389;4
"37";2009;3;352;261;10605;NA;12877;2403;870;NA;NA;NA;NA;2;NA;7551;1001;91;83;99;NA;NA;65;0;2;NA;NA;NA;NA;NA;NA;NA;NA;NA;NA;NA;NA;NA;51;2056;3249;NA;11832;85;137;49;1762;1189;199413;568;2;67;0;NA;1703;NA;NA;0;NA;1;0;0;NA;1;NA;1;0;NA;3;NA;0;NA;3;NA;0;2468;NA;1514;0;24;315;NA;86;NA;3017;NA;NA;37115;1997;28719;5938;561;4
"38";2009;3;96;70;4468;NA;3929;800;465;NA;NA;NA;NA;0;NA;2526;88;37;34;15;NA;NA;10;0;1;NA;NA;NA;NA;NA;NA;NA;NA;NA;NA;NA;NA;NA;18;1010;1370;NA;5637;25;29;26;494;539;73410;69;1;10;0;NA;871;NA;NA;0;NA;2;0;0;NA;0;NA;0;0;NA;0;NA;2;NA;2;NA;0;678;NA;147;0;1;14;NA;20;NA;3577;NA;NA;16710;187;10603;2583;152;0
"39";2009;3;378;217;13550;NA;17728;2482;1086;NA;NA;NA;NA;0;NA;8633;1812;108;101;76;NA;NA;61;0;4;NA;NA;NA;NA;NA;NA;NA;NA;NA;NA;NA;NA;NA;47;3695;3838;NA;15755;59;139;57;1788;1059;201334;1110;4;65;0;NA;2288;NA;NA;1;NA;5;0;0;NA;1;NA;0;0;NA;2;NA;0;NA;2;NA;1;2350;NA;3011;1;46;716;NA;91;NA;4748;NA;NA;51368;3868;37351;5911;640;5
"40";2009;3;NA;NA;NA;NA;NA;NA;NA;NA;NA;NA;NA;NA;NA;NA;NA;NA;NA;NA;NA;NA;NA;NA;NA;NA;NA;NA;NA;NA;NA;NA;NA;NA;NA;NA;NA;NA;NA;NA;NA;NA;NA;NA;NA;NA;NA;NA;NA;NA;NA;NA;NA;NA;NA;NA;NA;NA;NA;NA;NA;NA;NA;NA;NA;NA;NA;NA;NA;NA;NA;NA;NA;NA;NA;NA;NA;NA;NA;NA;NA;NA;NA;NA;NA;NA;NA;NA;NA;NA;NA;NA;NA
"10";2009;4;1538;854;31903;NA;104542;3712;1632;39914;2390;NA;41396;8;NA;44673;9698;179;159;658;NA;NA;328;0;21;37769;NA;NA;2110;NA;NA;NA;NA;38481;NA;NA;NA;NA;419;6603;10768;NA;72820;717;563;70;7667;2192;711973;7241;21;348;0;NA;5607;NA;NA;2;NA;33;1;0;NA;0;NA;0;0;NA;1;NA;0;NA;47;NA;0;6955;NA;28644;57;1268;8016;NA;297;NA;3481;NA;NA;162399;37675;148250;24809;1561;66
"20";2009;4;979;672;25695;NA;44738;3803;1122;18243;1785;NA;24075;3;NA;16192;4354;174;162;449;NA;NA;303;0;6;17872;NA;NA;1593;NA;NA;NA;NA;18912;NA;NA;NA;NA;152;5379;8070;NA;37113;280;456;55;3941;2067;400256;3599;6;321;0;NA;4355;NA;NA;1;NA;12;0;0;NA;3;NA;0;0;NA;2;NA;0;NA;31;NA;1;5205;NA;11605;5;426;4244;NA;283;NA;6123;NA;NA;114974;16610;80385;16945;1015;46
"30";2009;4;2745;2360;104441;NA;129048;17127;8026;53543;3858;NA;93800;7;NA;70842;9675;879;828;1231;NA;NA;538;0;25;53255;NA;NA;3753;NA;NA;NA;NA;75254;NA;NA;NA;NA;669;23086;31810;NA;103324;1020;1691;377;14160;9088;1812439;6642;25;555;0;NA;17021;NA;NA;3;NA;36;0;0;NA;0;NA;1;0;NA;11;NA;1;NA;37;NA;0;17307;NA;18197;12;246;3768;NA;789;NA;42718;NA;NA;361558;23766;278023;48543;4827;33
"99";2009;4;5262;3886;162039;NA;278328;24642;10780;111700;8033;NA;159271;18;NA;131707;23727;1232;1149;2338;NA;NA;1169;0;52;108896;NA;NA;7456;NA;NA;NA;NA;132647;NA;NA;NA;NA;1240;35068;50648;NA;213257;2017;2710;502;25768;13347;2924668;17482;52;1224;0;NA;26983;NA;NA;6;NA;81;1;0;NA;3;NA;1;0;NA;14;NA;1;NA;115;NA;1;29467;NA;58446;74;1940;16028;NA;1369;NA;52322;NA;NA;638931;78051;506658;90297;7403;145
"31";2009;4;246;173;10511;NA;13163;1540;793;NA;NA;NA;NA;0;NA;7300;949;90;82;109;NA;NA;91;0;2;NA;NA;NA;NA;NA;NA;NA;NA;NA;NA;NA;NA;NA;109;1928;2975;NA;10199;119;199;18;1594;900;181188;688;2;93;0;NA;1667;NA;NA;0;NA;4;0;0;NA;0;NA;0;0;NA;0;NA;0;NA;3;NA;0;2128;NA;2420;1;17;463;NA;109;NA;3927;NA;NA;36800;3085;27847;5829;614;8
"32";2009;4;368;278;13919;NA;23454;2091;966;NA;NA;NA;NA;4;NA;10447;2263;123;119;145;NA;NA;82;0;6;NA;NA;NA;NA;NA;NA;NA;NA;NA;NA;NA;NA;NA;140;3224;4281;NA;13644;131;246;20;2100;924;163684;1721;6;87;0;NA;2018;NA;NA;0;NA;4;0;0;NA;0;NA;0;0;NA;0;NA;1;NA;1;NA;0;2551;NA;4113;2;74;1482;NA;102;NA;5784;NA;NA;52210;5832;42726;6436;709;2
"33";2009;4;400;318;15847;NA;20202;2947;1640;NA;NA;NA;NA;0;NA;12735;1531;138;126;202;NA;NA;62;0;4;NA;NA;NA;NA;NA;NA;NA;NA;NA;NA;NA;NA;NA;108;2880;5008;NA;16034;379;422;28;2145;1489;408498;798;4;64;0;NA;2769;NA;NA;1;NA;5;0;0;NA;0;NA;0;0;NA;2;NA;0;NA;10;NA;0;1879;NA;1856;3;33;170;NA;101;NA;6097;NA;NA;57721;2294;43723;7534;869;3
"34";2009;4;279;266;10650;NA;10151;1854;719;NA;NA;NA;NA;0;NA;6015;408;92;87;85;NA;NA;33;0;2;NA;NA;NA;NA;NA;NA;NA;NA;NA;NA;NA;NA;NA;35;2584;3218;NA;8458;60;82;43;1205;1091;129368;306;2;33;0;NA;1471;NA;NA;0;NA;2;0;0;NA;0;NA;0;0;NA;1;NA;0;NA;2;NA;0;1732;NA;736;0;8;51;NA;66;NA;6246;NA;NA;33298;907;25111;4658;362;0
"35";2009;4;252;415;13076;NA;13012;2076;761;NA;NA;NA;NA;0;NA;8315;658;111;101;147;NA;NA;42;0;1;NA;NA;NA;NA;NA;NA;NA;NA;NA;NA;NA;NA;NA;134;3822;3775;NA;11725;64;107;83;1361;1203;185494;420;1;44;0;NA;2636;NA;NA;0;NA;4;0;0;NA;0;NA;0;0;NA;2;NA;0;NA;3;NA;0;1659;NA;1011;0;4;154;NA;104;NA;6237;NA;NA;40979;1355;31976;5881;480;3
"36";2009;4;327;207;7980;NA;14907;844;611;NA;NA;NA;NA;3;NA;7293;973;84;81;156;NA;NA;77;0;3;NA;NA;NA;NA;NA;NA;NA;NA;NA;NA;NA;NA;NA;30;1251;2588;NA;8882;82;314;57;1553;746;164405;874;3;78;0;NA;1418;NA;NA;1;NA;9;0;0;NA;0;NA;0;0;NA;2;NA;0;NA;11;NA;0;1902;NA;3836;1;27;466;NA;99;NA;2420;NA;NA;30457;4541;25967;4221;447;13
"37";2009;4;394;356;12283;NA;12926;2481;869;NA;NA;NA;NA;0;NA;7620;979;96;91;205;NA;NA;70;0;1;NA;NA;NA;NA;NA;NA;NA;NA;NA;NA;NA;NA;NA;40;2345;3880;NA;12122;93;112;45;1738;1267;181255;609;1;72;0;NA;1864;NA;NA;0;NA;3;0;0;NA;0;NA;0;0;NA;1;NA;0;NA;2;NA;0;2447;NA;1331;2;14;247;NA;109;NA;3532;NA;NA;39012;1854;30779;5818;528;3
"38";2009;4;105;77;5089;NA;3870;842;455;NA;NA;NA;NA;0;NA;2472;109;38;37;29;NA;NA;9;0;0;NA;NA;NA;NA;NA;NA;NA;NA;NA;NA;NA;NA;NA;10;1057;1682;NA;6212;12;19;29;560;453;73328;71;0;9;0;NA;857;NA;NA;0;NA;1;0;0;NA;0;NA;0;0;NA;2;NA;0;NA;3;NA;0;686;NA;181;0;1;11;NA;19;NA;3514;NA;NA;17998;230;11190;2450;173;0
"39";2009;4;374;270;15086;NA;17363;2452;1212;NA;NA;NA;NA;0;NA;8645;1805;107;104;153;NA;NA;72;0;6;NA;NA;NA;NA;NA;NA;NA;NA;NA;NA;NA;NA;NA;63;3995;4403;NA;16048;80;190;54;1904;1015;189727;1155;6;75;0;NA;2321;NA;NA;1;NA;4;0;0;NA;0;NA;1;0;NA;1;NA;0;NA;2;NA;0;2323;NA;2713;3;68;724;NA;80;NA;4961;NA;NA;53083;3668;38704;5716;645;1
"40";2009;4;NA;NA;NA;NA;NA;NA;NA;NA;NA;NA;NA;NA;NA;NA;NA;NA;NA;NA;NA;NA;NA;NA;NA;NA;NA;NA;NA;NA;NA;NA;NA;NA;NA;NA;NA;NA;NA;NA;NA;NA;NA;NA;NA;NA;NA;NA;NA;NA;NA;NA;NA;NA;NA;NA;NA;NA;NA;NA;NA;NA;NA;NA;NA;NA;NA;NA;NA;NA;NA;NA;NA;NA;NA;NA;NA;NA;NA;NA;NA;NA;NA;NA;NA;NA;NA;NA;NA;NA;NA;NA;NA
"10";2010;1;1558;NA;30168;876;95565;3315;1371;36815;2319;NA;36014;13;NA;38431;9932;156;146;638;NA;NA;376;NA;25;28580;NA;NA;1197;NA;NA;NA;NA;20180;NA;NA;NA;NA;322;6137;9408;NA;63992;618;482;59;7063;2034;576901;7412;25;398;NA;NA;5419;NA;NA;3;NA;35;0;0;NA;0;NA;1;0;NA;1;NA;0;NA;31;NA;1;6063;NA;26769;48;1069;8770;NA;312;NA;3217;NA;NA;152796;36591;136714;23200;1326;71
"20";2010;1;893;NA;24882;655;43003;3229;1120;17139;1659;NA;23351;4;NA;15208;4190;186;179;492;NA;NA;284;NA;12;14966;NA;NA;1256;NA;NA;NA;NA;12028;NA;NA;NA;NA;141;4707;7574;NA;34700;305;481;60;4037;1675;324351;3417;14;309;NA;NA;3916;NA;NA;1;NA;13;0;0;NA;1;NA;1;0;NA;0;NA;0;NA;20;NA;0;4905;NA;11676;6;432;4330;NA;278;NA;4977;NA;NA;110210;16798;76805;16000;1040;41
"30";2010;1;2410;NA;98939;2061;128671;15738;8081;48864;3575;NA;84855;8;NA;70000;10037;736;694;1193;NA;NA;564;NA;36;45410;NA;NA;3209;NA;NA;NA;NA;46482;NA;NA;NA;NA;681;21070;28855;NA;104144;1020;1499;375;14546;8077;1826263;6977;36;595;NA;NA;16480;NA;NA;4;NA;34;0;0;NA;0;NA;0;0;NA;10;NA;1;NA;23;NA;4;17074;NA;18916;12;218;3897;NA;808;NA;39545;NA;NA;353185;24614;269970;47386;5010;34
"99";2010;1;4861;NA;153989;3592;267239;22282;10572;102818;7553;NA;144220;25;NA;123639;24159;1078;1019;2323;NA;NA;1224;NA;73;88956;NA;NA;5662;NA;NA;NA;NA;78690;NA;NA;NA;NA;1144;31914;45837;NA;202836;1943;2462;494;25646;11786;2727515;17806;75;1302;NA;NA;25815;NA;NA;8;NA;82;0;0;NA;1;NA;2;0;NA;11;NA;1;NA;74;NA;5;28042;NA;57361;66;1719;16997;NA;1398;NA;47739;NA;NA;616191;78003;483489;86586;7376;146
"31";2010;1;219;NA;10142;212;13746;1304;684;NA;NA;NA;NA;0;NA;7307;976;69;61;131;NA;NA;92;NA;6;NA;NA;NA;NA;NA;NA;NA;NA;NA;NA;NA;NA;NA;116;1760;2916;NA;10907;112;188;10;1643;779;218174;723;6;103;NA;NA;1711;NA;NA;0;NA;2;0;0;NA;0;NA;0;0;NA;0;NA;0;NA;2;NA;0;2068;NA;2444;2;9;454;NA;118;NA;3429;NA;NA;37506;3127;27799;5834;589;3
"32";2010;1;375;NA;13131;311;23053;2020;1009;NA;NA;NA;NA;1;NA;10148;2388;115;109;166;NA;NA;75;NA;4;NA;NA;NA;NA;NA;NA;NA;NA;NA;NA;NA;NA;NA;149;3077;3746;NA;14066;126;225;31;2179;770;152233;1900;4;78;NA;NA;1898;NA;NA;0;NA;6;0;0;NA;0;NA;0;0;NA;0;NA;0;NA;6;NA;2;2428;NA;4074;3;71;1542;NA;86;NA;5447;NA;NA;50969;5862;41422;6287;704;7
"33";2010;1;357;NA;14904;235;19267;2737;1637;NA;NA;NA;NA;1;NA;12250;1307;103;98;154;NA;NA;73;NA;5;NA;NA;NA;NA;NA;NA;NA;NA;NA;NA;NA;NA;NA;95;2821;4449;NA;15647;346;401;38;2128;1305;366081;720;5;74;NA;NA;2713;NA;NA;3;NA;7;0;0;NA;0;NA;0;0;NA;7;NA;0;NA;1;NA;1;1884;NA;1859;2;24;174;NA;88;NA;5631;NA;NA;55081;2266;41493;7118;871;3
"34";2010;1;229;NA;9746;166;10216;1699;805;NA;NA;NA;NA;1;NA;6279;374;65;61;74;NA;NA;50;NA;4;NA;NA;NA;NA;NA;NA;NA;NA;NA;NA;NA;NA;NA;97;2181;2796;NA;8247;64;90;62;1324;1034;123955;315;4;52;NA;NA;1346;NA;NA;0;NA;2;0;0;NA;0;NA;0;0;NA;1;NA;0;NA;0;NA;0;1726;NA;839;1;5;41;NA;57;NA;5429;NA;NA;31730;1009;23978;4560;435;1
"35";2010;1;283;NA;11891;218;12784;1773;663;NA;NA;NA;NA;0;NA;7728;738;88;86;155;NA;NA;53;NA;1;NA;NA;NA;NA;NA;NA;NA;NA;NA;NA;NA;NA;NA;87;3242;3330;NA;11445;60;107;51;1470;1053;197202;475;1;56;NA;NA;2605;NA;NA;0;NA;4;0;0;NA;0;NA;0;0;NA;1;NA;1;NA;6;NA;1;1726;NA;1180;0;2;134;NA;115;NA;5555;NA;NA;39364;1523;29934;5844;485;6
"36";2010;1;232;NA;8224;231;16304;817;647;NA;NA;NA;NA;3;NA;8331;1244;103;97;148;NA;NA;85;NA;4;NA;NA;NA;NA;NA;NA;NA;NA;NA;NA;NA;NA;NA;37;1310;2676;NA;10553;78;139;48;1488;679;157498;851;4;86;NA;NA;1614;NA;NA;1;NA;7;0;0;NA;0;NA;0;0;NA;0;NA;0;NA;2;NA;0;1846;NA;4139;1;34;391;NA;97;NA;2508;NA;NA;32412;4770;27837;3972;471;8
"37";2010;1;312;NA;11577;304;12692;2086;948;NA;NA;NA;NA;1;NA;7512;1012;84;77;202;NA;NA;66;NA;4;NA;NA;NA;NA;NA;NA;NA;NA;NA;NA;NA;NA;NA;41;2037;3391;NA;10938;93;120;45;1852;1022;172403;618;4;73;NA;NA;1828;NA;NA;0;NA;2;0;0;NA;0;NA;0;0;NA;0;NA;0;NA;3;NA;0;2394;NA;1470;2;18;275;NA;132;NA;3243;NA;NA;36987;2018;29435;5626;604;2
"38";2010;1;83;NA;5028;81;3662;778;405;NA;NA;NA;NA;0;NA;2301;96;32;32;38;NA;NA;22;NA;3;NA;NA;NA;NA;NA;NA;NA;NA;NA;NA;NA;NA;NA;11;1000;1542;NA;6307;15;22;31;491;448;68161;84;3;24;NA;NA;789;NA;NA;0;NA;4;0;0;NA;0;NA;0;0;NA;0;NA;0;NA;0;NA;0;625;NA;164;0;0;8;NA;26;NA;3481;NA;NA;17477;235;10743;2401;149;0
"39";2010;1;320;NA;14296;303;16947;2524;1283;NA;NA;NA;NA;1;NA;8144;1902;77;73;125;NA;NA;48;NA;5;NA;NA;NA;NA;NA;NA;NA;NA;NA;NA;NA;NA;NA;48;3642;4009;NA;16034;126;207;59;1971;987;212857;1291;5;49;NA;NA;1976;NA;NA;0;NA;0;0;0;NA;0;NA;0;0;NA;1;NA;0;NA;3;NA;0;2377;NA;2747;1;55;878;NA;89;NA;4822;NA;NA;51659;3804;37329;5744;702;4
"40";2010;1;NA;NA;NA;NA;NA;NA;NA;NA;NA;NA;NA;NA;NA;NA;NA;NA;NA;NA;NA;NA;NA;NA;NA;NA;NA;NA;NA;NA;NA;NA;NA;NA;NA;NA;NA;NA;NA;NA;NA;NA;NA;NA;NA;NA;NA;NA;NA;NA;NA;NA;NA;NA;NA;NA;NA;NA;NA;NA;NA;NA;NA;NA;NA;NA;NA;NA;NA;NA;NA;NA;NA;NA;NA;NA;NA;NA;NA;NA;NA;NA;NA;NA;NA;NA;NA;NA;NA;NA;NA;NA;NA
"10";2010;2;1490;NA;28679;807;101330;3410;1392;40537;2414;NA;41144;8;NA;41660;10553;230;213;605;NA;NA;284;NA;16;38738;NA;NA;2191;NA;NA;NA;NA;34607;NA;NA;NA;NA;499;6711;8519;NA;68701;714;507;74;6907;2223;681487;7533;16;298;NA;NA;5222;NA;NA;3;NA;22;2;1;NA;1;NA;0;0;NA;6;NA;2;NA;62;NA;3;6379;NA;28338;38;1093;8707;NA;240;NA;3089;NA;NA;156893;37958;140840;23748;1401;70
"20";2010;2;846;NA;23113;701;44039;3369;1141;17931;1613;NA;23821;4;NA;15100;4323;182;165;497;NA;NA;269;NA;14;19009;NA;NA;1504;NA;NA;NA;NA;17819;NA;NA;NA;NA;125;5226;6903;NA;33552;258;533;45;3991;1804;315962;3765;14;287;NA;NA;4043;NA;NA;3;NA;10;0;0;NA;1;NA;1;0;NA;0;NA;1;NA;7;NA;0;5048;NA;12175;5;417;4577;NA;234;NA;4548;NA;NA;108293;17536;76406;16340;1083;31
"30";2010;2;2422;NA;95208;2163;124224;15186;7275;51987;3755;NA;92203;9;NA;67171;9558;890;852;1371;NA;NA;501;NA;31;51535;NA;NA;3721;NA;NA;NA;NA;70607;NA;NA;NA;NA;629;23777;26110;NA;98385;1064;1620;350;13536;8316;1747890;6730;31;525;NA;NA;16316;NA;NA;3;NA;43;0;0;NA;5;NA;0;0;NA;8;NA;2;NA;38;NA;0;16437;NA;19008;11;248;4020;NA;706;NA;37609;NA;NA;344165;24940;260372;48546;4891;27
"99";2010;2;4758;NA;147000;3671;269593;21965;9808;110455;7782;NA;157168;21;NA;123931;24434;1302;1230;2473;NA;NA;1054;NA;61;109282;NA;NA;7416;NA;NA;NA;NA;123033;NA;NA;NA;NA;1253;35714;41532;NA;200638;2036;2660;469;24434;12343;2745339;18028;61;1110;NA;NA;25581;NA;NA;9;NA;75;2;1;NA;7;NA;1;0;NA;14;NA;5;NA;107;NA;3;27864;NA;59521;54;1758;17304;NA;1180;NA;45246;NA;NA;609351;80434;477618;88634;7375;128
"31";2010;2;222;NA;9051;191;12973;1309;686;NA;NA;NA;NA;0;NA;6575;1023;103;97;119;NA;NA;68;NA;4;NA;NA;NA;NA;NA;NA;NA;NA;NA;NA;NA;NA;NA;109;1789;2447;NA;9756;151;240;28;1548;839;199491;759;4;70;NA;NA;1577;NA;NA;0;NA;4;0;0;NA;3;NA;0;0;NA;2;NA;0;NA;0;NA;0;2050;NA;2614;4;15;511;NA;120;NA;2908;NA;NA;35038;3316;25787;5595;631;0
"32";2010;2;386;NA;12918;310;22960;2072;904;NA;NA;NA;NA;3;NA;10437;2187;127;121;160;NA;NA;93;NA;8;NA;NA;NA;NA;NA;NA;NA;NA;NA;NA;NA;NA;NA;137;3532;3613;NA;13952;161;250;27;2089;930;148619;1732;8;103;NA;NA;1929;NA;NA;0;NA;3;0;0;NA;0;NA;0;0;NA;1;NA;0;NA;11;NA;0;2539;NA;4195;1;92;1697;NA;78;NA;5058;NA;NA;51050;6156;41093;6260;704;6
"33";2010;2;293;NA;15113;310;19118;2547;1477;NA;NA;NA;NA;2;NA;12238;1304;156;152;179;NA;NA;55;NA;3;NA;NA;NA;NA;NA;NA;NA;NA;NA;NA;NA;NA;NA;101;3260;4252;NA;15627;326;382;30;2155;1507;372626;739;3;55;NA;NA;2694;NA;NA;1;NA;5;0;0;NA;1;NA;0;0;NA;2;NA;1;NA;3;NA;0;1948;NA;1898;4;22;215;NA;100;NA;5321;NA;NA;55339;2352;41259;7785;862;1
"34";2010;2;213;NA;8730;198;9340;1523;773;NA;NA;NA;NA;0;NA;5772;375;71;68;108;NA;NA;36;NA;1;NA;NA;NA;NA;NA;NA;NA;NA;NA;NA;NA;NA;NA;31;2279;2353;NA;7616;79;110;36;1213;998;121663;276;1;37;NA;NA;1350;NA;NA;2;NA;0;0;0;NA;0;NA;0;0;NA;0;NA;0;NA;6;NA;0;1624;NA;788;0;3;47;NA;48;NA;5557;NA;NA;29481;980;21914;4780;441;1
"35";2010;2;210;NA;12266;266;12712;1778;628;NA;NA;NA;NA;0;NA;7675;701;101;91;201;NA;NA;32;NA;1;NA;NA;NA;NA;NA;NA;NA;NA;NA;NA;NA;NA;NA;83;4119;3034;NA;11223;60;81;43;1220;1060;191441;461;1;34;NA;NA;2552;NA;NA;0;NA;1;0;0;NA;0;NA;0;0;NA;0;NA;0;NA;0;NA;0;1463;NA;1065;0;5;128;NA;76;NA;5458;NA;NA;39898;1427;30202;5758;427;3
"36";2010;2;310;NA;7322;210;14680;652;456;NA;NA;NA;NA;1;NA;6904;1152;100;95;168;NA;NA;69;NA;6;NA;NA;NA;NA;NA;NA;NA;NA;NA;NA;NA;NA;NA;28;1244;2102;NA;8405;60;141;76;1313;624;160572;738;6;71;NA;NA;1355;NA;NA;0;NA;9;0;0;NA;0;NA;0;0;NA;0;NA;0;NA;6;NA;0;1680;NA;4062;0;40;386;NA;84;NA;2026;NA;NA;29007;4692;24675;4217;381;8
"37";2010;2;343;NA;11100;345;12211;2053;847;NA;NA;NA;NA;0;NA;7221;994;112;112;250;NA;NA;58;NA;4;NA;NA;NA;NA;NA;NA;NA;NA;NA;NA;NA;NA;NA;53;2274;3249;NA;10560;108;143;46;1719;994;167771;602;4;65;NA;NA;1797;NA;NA;0;NA;6;0;0;NA;0;NA;0;0;NA;3;NA;1;NA;1;NA;0;2206;NA;1419;0;19;249;NA;91;NA;2916;NA;NA;36481;1980;28353;5922;614;2
"38";2010;2;111;NA;4672;89;3519;746;350;NA;NA;NA;NA;0;NA;2223;119;38;37;45;NA;NA;18;NA;0;NA;NA;NA;NA;NA;NA;NA;NA;NA;NA;NA;NA;NA;22;1065;1366;NA;5841;14;55;18;487;441;67000;109;0;18;NA;NA;839;NA;NA;0;NA;5;0;0;NA;0;NA;0;0;NA;0;NA;0;NA;5;NA;0;645;NA;144;0;1;14;NA;21;NA;3480;NA;NA;16701;221;10215;2419;142;0
"39";2010;2;334;NA;14036;244;16711;2506;1154;NA;NA;NA;NA;3;NA;8126;1703;82;79;141;NA;NA;72;NA;4;NA;NA;NA;NA;NA;NA;NA;NA;NA;NA;NA;NA;NA;65;4215;3694;NA;15405;105;218;46;1792;923;200931;1314;4;72;NA;NA;2223;NA;NA;0;NA;10;0;0;NA;1;NA;0;0;NA;0;NA;0;NA;6;NA;0;2282;NA;2823;2;51;773;NA;88;NA;4885;NA;NA;51170;3816;36874;5810;689;6
"40";2010;2;NA;NA;NA;NA;NA;NA;NA;NA;NA;NA;NA;NA;NA;NA;NA;NA;NA;NA;NA;NA;NA;NA;NA;NA;NA;NA;NA;NA;NA;NA;NA;NA;NA;NA;NA;NA;NA;NA;NA;NA;NA;NA;NA;NA;NA;NA;NA;NA;NA;NA;NA;NA;NA;NA;NA;NA;NA;NA;NA;NA;NA;NA;NA;NA;NA;NA;NA;NA;NA;NA;NA;NA;NA;NA;NA;NA;NA;NA;NA;NA;NA;NA;NA;NA;NA;NA;NA;NA;NA;NA;NA
"10";2010;3;1440;NA;29985;874;108773;3791;1473;40964;2450;NA;44448;4;NA;46729;11900;199;177;670;NA;NA;269;NA;27;40172;NA;NA;2625;NA;NA;NA;NA;46919;NA;NA;NA;NA;380;6655;8847;NA;76710;709;642;100;7000;2216;776656;7693;27;284;NA;NA;5654;NA;NA;3;NA;33;0;1;NA;1;NA;0;0;NA;2;NA;1;NA;53;NA;3;6616;NA;28580;28;1045;8712;NA;270;NA;3416;NA;NA;161780;38262;150550;23532;1501;55
"20";2010;3;760;NA;23672;678;45919;3463;1228;18384;1655;NA;24935;3;NA;16444;5152;189;179;506;NA;NA;200;NA;11;17615;NA;NA;1409;NA;NA;NA;NA;21245;NA;NA;NA;NA;195;5200;7206;NA;36657;306;609;48;3931;1762;307209;3748;11;206;NA;NA;4349;NA;NA;1;NA;11;0;2;NA;4;NA;0;0;NA;6;NA;0;NA;10;NA;0;4936;NA;12177;2;443;4535;NA;234;NA;4453;NA;NA;112456;17432;79309;16181;1177;22
"30";2010;3;2322;NA;97468;2235;122964;15054;8188;53764;3578;NA;95477;4;NA;66624;10116;918;860;1411;NA;NA;470;NA;31;53340;NA;NA;3508;NA;NA;NA;NA;75860;NA;NA;NA;NA;633;23270;26828;NA;105490;1192;1687;358;13360;7439;1813193;6725;31;479;NA;NA;19658;NA;NA;3;NA;19;2;0;NA;2;NA;1;0;NA;8;NA;2;NA;36;NA;1;16068;NA;18200;11;233;3872;NA;659;NA;38408;NA;NA;356718;23986;265567;47908;5365;23
"99";2010;3;4522;NA;151125;3787;277656;22308;10889;113112;7683;NA;164860;11;NA;129797;27168;1306;1216;2587;NA;NA;939;NA;69;111127;NA;NA;7542;NA;NA;NA;NA;144024;NA;NA;NA;NA;1208;35125;42881;NA;218857;2207;2938;506;24291;11417;2897058;18166;69;969;NA;NA;29661;NA;NA;7;NA;63;2;3;NA;7;NA;1;0;NA;16;NA;3;NA;99;NA;4;27620;NA;58957;41;1721;17119;NA;1163;NA;46277;NA;NA;630954;79680;495426;87621;8043;100
"31";2010;3;211;NA;9131;187;12904;1403;761;NA;NA;NA;NA;1;NA;6758;1075;74;65;117;NA;NA;75;NA;2;NA;NA;NA;NA;NA;NA;NA;NA;NA;NA;NA;NA;NA;63;1700;2468;NA;11468;126;175;21;1474;776;194086;804;2;76;NA;NA;1797;NA;NA;2;NA;1;1;0;NA;0;NA;0;0;NA;0;NA;0;NA;3;NA;0;1964;NA;2540;2;19;446;NA;85;NA;3216;NA;NA;37036;3179;26183;5290;628;2
"32";2010;3;304;NA;13608;300;22894;1954;927;NA;NA;NA;NA;1;NA;10557;2452;136;126;148;NA;NA;86;NA;9;NA;NA;NA;NA;NA;NA;NA;NA;NA;NA;NA;NA;NA;148;3535;3579;NA;14177;161;253;31;1873;810;157991;1717;9;88;NA;NA;2227;NA;NA;0;NA;5;0;0;NA;0;NA;0;0;NA;0;NA;2;NA;6;NA;0;2317;NA;3793;1;83;1678;NA;74;NA;4934;NA;NA;51897;5715;41910;6162;705;7
"33";2010;3;392;NA;15554;318;19146;2596;1769;NA;NA;NA;NA;0;NA;11999;1464;165;160;202;NA;NA;62;NA;4;NA;NA;NA;NA;NA;NA;NA;NA;NA;NA;NA;NA;NA;86;3382;4420;NA;17555;375;431;49;2191;1231;418235;815;4;63;NA;NA;3196;NA;NA;0;NA;4;0;0;NA;0;NA;0;0;NA;1;NA;0;NA;3;NA;1;1998;NA;2046;4;14;194;NA;104;NA;5388;NA;NA;58567;2508;42579;7567;1040;2
"34";2010;3;239;NA;9592;225;9191;1612;808;NA;NA;NA;NA;0;NA;5553;400;85;82;137;NA;NA;47;NA;3;NA;NA;NA;NA;NA;NA;NA;NA;NA;NA;NA;NA;NA;40;2414;2725;NA;8570;97;121;42;1188;832;123261;333;3;49;NA;NA;1648;NA;NA;0;NA;1;0;0;NA;0;NA;0;0;NA;0;NA;0;NA;2;NA;0;1556;NA;786;1;2;46;NA;58;NA;6377;NA;NA;31718;1019;23076;4610;436;1
"35";2010;3;280;NA;12296;246;11881;1809;774;NA;NA;NA;NA;0;NA;7275;589;128;116;174;NA;NA;39;NA;2;NA;NA;NA;NA;NA;NA;NA;NA;NA;NA;NA;NA;NA;164;3690;3200;NA;12254;71;88;49;1289;954;198397;429;2;40;NA;NA;3565;NA;NA;0;NA;0;0;0;NA;0;NA;1;0;NA;0;NA;0;NA;0;NA;0;1586;NA;1001;0;2;103;NA;89;NA;5389;NA;NA;41520;1319;30571;5974;547;3
"36";2010;3;236;NA;7284;218;15276;754;540;NA;NA;NA;NA;0;NA;7113;1240;77;74;184;NA;NA;34;NA;4;NA;NA;NA;NA;NA;NA;NA;NA;NA;NA;NA;NA;NA;39;1245;2101;NA;7954;130;198;78;1325;595;164535;827;4;34;NA;NA;1500;NA;NA;0;NA;2;1;0;NA;1;NA;0;0;NA;0;NA;0;NA;12;NA;0;1628;NA;4090;1;53;461;NA;54;NA;2208;NA;NA;30237;4773;25572;4080;423;2
"37";2010;3;265;NA;10958;334;11840;1987;902;NA;NA;NA;NA;2;NA;7135;966;97;90;231;NA;NA;49;NA;4;NA;NA;NA;NA;NA;NA;NA;NA;NA;NA;NA;NA;NA;41;2260;3123;NA;11132;105;142;23;1748;1072;163874;533;4;50;NA;NA;1880;NA;NA;0;NA;2;0;0;NA;1;NA;0;0;NA;1;NA;0;NA;2;NA;0;2321;NA;1225;1;21;186;NA;85;NA;2718;NA;NA;36783;1697;27901;5461;661;3
"38";2010;3;82;NA;4628;82;3399;666;413;NA;NA;NA;NA;0;NA;2227;87;41;39;52;NA;NA;12;NA;2;NA;NA;NA;NA;NA;NA;NA;NA;NA;NA;NA;NA;NA;16;1015;1403;NA;6170;19;45;21;510;397;68919;77;2;12;NA;NA;1070;NA;NA;1;NA;1;0;0;NA;0;NA;0;0;NA;3;NA;0;NA;4;NA;0;611;NA;116;0;0;13;NA;19;NA;3413;NA;NA;16982;195;10258;2339;180;0
"39";2010;3;313;NA;14417;325;16433;2273;1294;NA;NA;NA;NA;0;NA;8007;1843;115;108;166;NA;NA;66;NA;1;NA;NA;NA;NA;NA;NA;NA;NA;NA;NA;NA;NA;NA;36;4029;3809;NA;16210;108;234;44;1762;772;189308;1190;1;67;NA;NA;2775;NA;NA;0;NA;3;0;0;NA;0;NA;0;0;NA;3;NA;0;NA;4;NA;0;2087;NA;2603;1;39;745;NA;91;NA;4765;NA;NA;51978;3581;37517;6425;745;3
"40";2010;3;NA;NA;NA;NA;NA;NA;NA;NA;NA;NA;NA;NA;NA;NA;NA;NA;NA;NA;NA;NA;NA;NA;NA;NA;NA;NA;NA;NA;NA;NA;NA;NA;NA;NA;NA;NA;NA;NA;NA;NA;NA;NA;NA;NA;NA;NA;NA;NA;NA;NA;NA;NA;NA;NA;NA;NA;NA;NA;NA;NA;NA;NA;NA;NA;NA;NA;NA;NA;NA;NA;NA;NA;NA;NA;NA;NA;NA;NA;NA;NA;NA;NA;NA;NA;NA;NA;NA;NA;NA;NA;NA
"10";2010;4;1398;NA;30321;813;103964;3441;1311;26430;1578;NA;42969;8;NA;44453;10562;173;158;600;NA;NA;267;NA;8;25847;NA;NA;1458;NA;NA;NA;NA;35541;NA;NA;NA;NA;407;6511;9699;NA;76144;731;546;56;6401;1829;657054;7909;8;283;NA;NA;5192;NA;NA;5;NA;31;0;0;NA;1;NA;1;0;NA;2;NA;1;NA;54;NA;2;6110;NA;27222;27;1269;8719;NA;282;NA;3221;NA;NA;160510;36824;145042;23794;1345;60
"20";2010;4;837;NA;24277;666;44640;3460;1103;12153;1097;NA;23698;6;NA;16135;4442;197;186;492;NA;NA;277;NA;15;12328;NA;NA;1017;NA;NA;NA;NA;17314;NA;NA;NA;NA;124;5231;7499;NA;35629;271;544;36;3789;1298;297046;3821;15;292;NA;NA;4053;NA;NA;1;NA;11;0;0;NA;0;NA;0;0;NA;3;NA;1;NA;10;NA;0;4344;NA;11536;18;538;4656;NA;276;NA;4321;NA;NA;111025;16982;78199;15987;1025;39
"30";2010;4;2379;NA;101493;2099;124682;15242;8452;38125;2573;NA;92322;2;NA;68671;10035;874;829;1404;NA;NA;559;NA;27;37062;NA;NA;2336;NA;NA;NA;NA;74248;NA;NA;NA;NA;627;23812;29773;NA;109478;1123;1711;393;13286;6898;1727066;6688;27;587;NA;NA;17070;NA;NA;3;NA;50;2;0;NA;0;NA;2;0;NA;1;NA;0;NA;33;NA;0;15599;NA;18310;5;289;3787;NA;726;NA;37452;NA;NA;361714;24089;269038;46337;5257;22
"99";2010;4;4614;NA;156091;3578;273286;22143;10866;76708;5248;NA;158989;16;NA;129259;25039;1244;1173;2496;NA;NA;1103;NA;50;75237;NA;NA;4811;NA;NA;NA;NA;127103;NA;NA;NA;NA;1158;35554;46971;NA;221251;2125;2801;485;23476;10025;2681166;18418;50;1162;NA;NA;26315;NA;NA;9;NA;92;2;0;NA;1;NA;3;0;NA;6;NA;2;NA;97;NA;2;26053;NA;57068;50;2096;17162;NA;1284;NA;44994;NA;NA;633249;77895;492279;86118;7627;121
"31";2010;4;202;NA;9623;199;13778;1341;725;NA;NA;NA;NA;1;NA;7488;1013;99;89;137;NA;NA;88;NA;3;NA;NA;NA;NA;NA;NA;NA;NA;NA;NA;NA;NA;NA;61;1855;2835;NA;13001;140;168;30;1493;708;170498;739;3;92;NA;NA;1559;NA;NA;0;NA;2;0;0;NA;0;NA;0;0;NA;0;NA;0;NA;1;NA;0;1900;NA;2598;1;16;524;NA;109;NA;3278;NA;NA;39446;3351;27225;5353;644;0
"32";2010;4;373;NA;13723;273;22903;2015;997;NA;NA;NA;NA;1;NA;10488;2380;148;144;156;NA;NA;79;NA;6;NA;NA;NA;NA;NA;NA;NA;NA;NA;NA;NA;NA;NA;149;3507;3920;NA;13549;167;260;57;2029;722;139745;1635;6;81;NA;NA;2038;NA;NA;0;NA;8;0;0;NA;0;NA;0;0;NA;0;NA;0;NA;2;NA;0;2363;NA;3935;1;106;1515;NA;88;NA;4720;NA;NA;51793;5692;41949;6219;747;4
"33";2010;4;345;NA;15900;351;18499;2566;1756;NA;NA;NA;NA;0;NA;11877;1431;142;136;228;NA;NA;65;NA;6;NA;NA;NA;NA;NA;NA;NA;NA;NA;NA;NA;NA;NA;125;3163;4738;NA;17705;337;409;43;2091;1170;407207;859;6;68;NA;NA;2604;NA;NA;1;NA;9;1;0;NA;0;NA;0;0;NA;0;NA;0;NA;9;NA;0;1881;NA;1852;1;23;188;NA;102;NA;5380;NA;NA;57896;2339;41676;7490;999;2
"34";2010;4;230;NA;9663;200;9245;1534;779;NA;NA;NA;NA;0;NA;5797;357;64;62;124;NA;NA;41;NA;4;NA;NA;NA;NA;NA;NA;NA;NA;NA;NA;NA;NA;NA;62;2133;2862;NA;8440;81;121;38;1193;876;123048;334;4;44;NA;NA;1506;NA;NA;0;NA;3;0;0;NA;0;NA;1;0;NA;0;NA;0;NA;0;NA;0;1557;NA;752;2;5;58;NA;51;NA;5702;NA;NA;31849;979;22927;4533;414;3
"35";2010;4;225;NA;12933;253;11585;1792;876;NA;NA;NA;NA;0;NA;7203;645;95;92;188;NA;NA;64;NA;2;NA;NA;NA;NA;NA;NA;NA;NA;NA;NA;NA;NA;NA;89;3972;3506;NA;11374;69;113;43;1341;814;181002;387;2;65;NA;NA;2772;NA;NA;0;NA;8;0;0;NA;0;NA;0;0;NA;0;NA;0;NA;5;NA;0;1541;NA;887;0;3;100;NA;108;NA;5159;NA;NA;40151;1241;30211;5437;585;1
"36";2010;4;292;NA;7900;178;16257;787;570;NA;NA;NA;NA;0;NA;7844;1316;100;96;156;NA;NA;71;NA;2;NA;NA;NA;NA;NA;NA;NA;NA;NA;NA;NA;NA;NA;36;1286;2574;NA;9251;90;209;90;1342;578;142940;818;2;74;NA;NA;1595;NA;NA;1;NA;9;1;0;NA;0;NA;0;0;NA;0;NA;0;NA;6;NA;0;1669;NA;4176;0;70;444;NA;73;NA;2250;NA;NA;30691;4849;27287;4075;397;10
"37";2010;4;316;NA;11481;305;12235;2087;984;NA;NA;NA;NA;0;NA;7679;991;115;105;212;NA;NA;55;NA;1;NA;NA;NA;NA;NA;NA;NA;NA;NA;NA;NA;NA;NA;36;2460;3449;NA;11808;112;166;31;1653;901;156830;569;1;58;NA;NA;1802;NA;NA;0;NA;2;0;0;NA;0;NA;1;0;NA;1;NA;0;NA;5;NA;0;2086;NA;1164;0;11;198;NA;79;NA;2941;NA;NA;37628;1630;28894;5136;607;1
"38";2010;4;114;NA;5045;84;3232;745;435;NA;NA;NA;NA;0;NA;2076;90;19;17;56;NA;NA;17;NA;0;NA;NA;NA;NA;NA;NA;NA;NA;NA;NA;NA;NA;NA;34;1159;1585;NA;6429;18;57;22;518;347;71329;91;0;19;NA;NA;976;NA;NA;0;NA;3;0;0;NA;0;NA;0;0;NA;0;NA;0;NA;2;NA;0;592;NA;125;0;1;9;NA;25;NA;3427;NA;NA;17458;207;10517;2251;177;0
"39";2010;4;282;NA;15225;256;16948;2375;1330;NA;NA;NA;NA;0;NA;8219;1812;92;88;147;NA;NA;79;NA;3;NA;NA;NA;NA;NA;NA;NA;NA;NA;NA;NA;NA;NA;35;4277;4304;NA;17921;109;208;39;1626;782;173400;1256;3;86;NA;NA;2218;NA;NA;1;NA;6;0;0;NA;0;NA;0;0;NA;0;NA;0;NA;3;NA;0;2010;NA;2821;0;54;751;NA;91;NA;4595;NA;NA;54802;3801;38352;5843;687;1
"40";2010;4;NA;NA;NA;NA;NA;NA;NA;NA;NA;NA;NA;NA;NA;NA;NA;NA;NA;NA;NA;NA;NA;NA;NA;NA;NA;NA;NA;NA;NA;NA;NA;NA;NA;NA;NA;NA;NA;NA;NA;NA;NA;NA;NA;NA;NA;NA;NA;NA;NA;NA;NA;NA;NA;NA;NA;NA;NA;NA;NA;NA;NA;NA;NA;NA;NA;NA;NA;NA;NA;NA;NA;NA;NA;NA;NA;NA;NA;NA;NA;NA;NA;NA;NA;NA;NA;NA;NA;NA;NA;NA;NA
"10";2011;1;1309;NA;32084;807;105290;3336;1411;41752;2772;NA;41484;7;NA;45522;10438;186;159;604;NA;NA;220;NA;23;30282;NA;NA;5167;NA;NA;NA;NA;24798;NA;NA;NA;NA;434;6155;10167;NA;81917;742;536;53;6863;2218;646959;8083;23;231;NA;NA;5652;NA;NA;7;NA;40;0;2;NA;2;NA;0;0;NA;5;NA;0;NA;55;NA;3;6695;NA;26357;36;1134;9246;NA;303;NA;3519;NA;NA;164436;36457;148580;25102;1481;58
"20";2011;1;890;NA;25345;718;45041;3970;1343;20199;1787;NA;24495;7;NA;15483;4539;174;163;534;NA;NA;258;NA;16;18886;NA;NA;1413;NA;NA;NA;NA;13055;NA;NA;NA;NA;167;4835;7833;NA;35133;311;576;57;4131;1905;312156;4196;16;273;NA;NA;4701;NA;NA;9;NA;17;3;0;NA;1;NA;1;0;NA;5;NA;0;NA;14;NA;1;5301;NA;11701;11;353;5087;NA;256;NA;4882;NA;NA;114152;17603;81118;17032;1250;29
"30";2011;1;2391;NA;101247;2214;128419;14662;9664;57736;3774;NA;93334;4;NA;70439;11150;806;744;1561;NA;NA;520;NA;39;54729;NA;NA;4282;NA;NA;NA;NA;54271;NA;NA;NA;NA;650;21724;29474;NA;117441;1193;1786;362;14917;8174;1754934;7350;42;544;NA;NA;17546;NA;NA;4;NA;27;0;0;NA;0;NA;2;0;NA;7;NA;1;NA;57;NA;3;17842;NA;18136;14;299;4277;NA;710;NA;38717;NA;NA;375869;24537;273752;49221;6123;21
"99";2011;1;4590;NA;158676;3739;278750;21968;12418;119687;8333;NA;159313;18;NA;131444;26127;1166;1066;2699;NA;NA;998;NA;78;103897;NA;NA;10862;NA;NA;NA;NA;92124;NA;NA;NA;NA;1251;32714;47474;NA;234491;2246;2898;472;25911;12297;2714049;19629;81;1048;NA;NA;27899;NA;NA;20;NA;84;3;2;NA;3;NA;3;0;NA;17;NA;1;NA;126;NA;7;29838;NA;56194;61;1786;18610;NA;1269;NA;47118;NA;NA;654457;78597;503450;91355;8854;108
"31";2011;1;234;NA;10043;218;13785;1479;835;NA;NA;NA;NA;2;NA;7229;1197;91;77;134;NA;NA;92;NA;9;NA;NA;NA;NA;NA;NA;NA;NA;NA;NA;NA;NA;NA;67;1756;2942;NA;12709;101;138;11;1694;768;227701;863;9;100;NA;NA;1765;NA;NA;4;NA;5;0;0;NA;0;NA;0;0;NA;0;NA;1;NA;3;NA;0;2089;NA;2482;1;9;559;NA;109;NA;3429;NA;NA;40279;3278;28125;5644;720;0
"32";2011;1;359;NA;13532;302;22999;1844;1139;NA;NA;NA;NA;1;NA;10780;2658;125;114;211;NA;NA;55;NA;3;NA;NA;NA;NA;NA;NA;NA;NA;NA;NA;NA;NA;NA;175;3171;4005;NA;15730;157;261;38;2086;925;161298;1700;3;59;NA;NA;2111;NA;NA;0;NA;3;0;0;NA;0;NA;0;0;NA;1;NA;0;NA;10;NA;0;2560;NA;3684;2;110;1640;NA;82;NA;4836;NA;NA;53765;5594;41927;6519;794;6
"33";2011;1;345;NA;15418;313;19004;2227;1987;NA;NA;NA;NA;0;NA;11974;1584;110;104;230;NA;NA;47;NA;11;NA;NA;NA;NA;NA;NA;NA;NA;NA;NA;NA;NA;NA;98;2877;4496;NA;18737;328;382;41;2315;1372;364195;1031;11;48;NA;NA;2874;NA;NA;0;NA;2;0;0;NA;0;NA;0;0;NA;0;NA;0;NA;11;NA;2;2250;NA;1915;3;24;258;NA;83;NA;5497;NA;NA;60323;2461;41823;7257;1145;7
"34";2011;1;256;NA;9396;214;9435;1526;917;NA;NA;NA;NA;1;NA;5933;445;82;77;134;NA;NA;27;NA;1;NA;NA;NA;NA;NA;NA;NA;NA;NA;NA;NA;NA;NA;47;2054;2717;NA;9014;102;144;42;1261;1059;122977;395;1;28;NA;NA;1453;NA;NA;0;NA;0;0;0;NA;0;NA;0;0;NA;2;NA;0;NA;2;NA;0;1748;NA;738;0;2;59;NA;43;NA;6114;NA;NA;32341;960;22941;4506;477;0
"35";2011;1;257;NA;12090;224;12420;1732;940;NA;NA;NA;NA;0;NA;7793;644;94;86;172;NA;NA;46;NA;0;NA;NA;NA;NA;NA;NA;NA;NA;NA;NA;NA;NA;NA;90;3344;3253;NA;12205;88;133;39;1492;968;181758;390;0;48;NA;NA;2610;NA;NA;0;NA;1;0;0;NA;0;NA;0;0;NA;0;NA;0;NA;2;NA;0;1682;NA;1027;1;3;111;NA;96;NA;4898;NA;NA;40882;1356;30016;6059;668;0
"36";2011;1;268;NA;8830;267;17732;831;854;NA;NA;NA;NA;0;NA;9076;1341;87;78;215;NA;NA;81;NA;4;NA;NA;NA;NA;NA;NA;NA;NA;NA;NA;NA;NA;NA;64;1421;2740;NA;10894;110;179;79;1619;674;136265;829;4;83;NA;NA;1595;NA;NA;0;NA;10;0;0;NA;0;NA;2;0;NA;0;NA;0;NA;8;NA;0;1983;NA;4092;0;82;440;NA;82;NA;2723;NA;NA;34149;4832;30109;5000;523;4
"37";2011;1;295;NA;12015;318;11913;1850;1048;NA;NA;NA;NA;0;NA;6985;1075;97;92;244;NA;NA;67;NA;3;NA;NA;NA;NA;NA;NA;NA;NA;NA;NA;NA;NA;NA;44;2192;3667;NA;12446;144;210;34;1891;955;156837;614;4;69;NA;NA;2043;NA;NA;0;NA;1;0;0;NA;0;NA;0;0;NA;0;NA;0;NA;11;NA;0;2298;NA;1227;1;11;217;NA;112;NA;2873;NA;NA;39409;1758;29187;5717;748;2
"38";2011;1;92;NA;5066;87;3450;700;484;NA;NA;NA;NA;0;NA;2238;76;36;36;50;NA;NA;14;NA;0;NA;NA;NA;NA;NA;NA;NA;NA;NA;NA;NA;NA;NA;29;1045;1568;NA;6189;24;63;21;575;409;69948;79;0;15;NA;NA;908;NA;NA;0;NA;0;0;0;NA;0;NA;0;0;NA;2;NA;0;NA;3;NA;0;720;NA;142;0;1;10;NA;21;NA;3550;NA;NA;17450;216;10695;2449;199;0
"39";2011;1;285;NA;14857;271;17681;2473;1460;NA;NA;NA;NA;0;NA;8431;2130;84;80;171;NA;NA;91;NA;8;NA;NA;NA;NA;NA;NA;NA;NA;NA;NA;NA;NA;NA;36;3864;4086;NA;19517;139;276;57;1984;1044;183976;1449;10;94;NA;NA;2187;NA;NA;0;NA;5;0;0;NA;0;NA;0;0;NA;2;NA;0;NA;7;NA;1;2512;NA;2829;6;57;983;NA;82;NA;4797;NA;NA;57271;4082;38929;6070;849;2
"40";2011;1;NA;NA;NA;NA;NA;NA;NA;NA;NA;NA;NA;NA;NA;NA;NA;NA;NA;NA;NA;NA;NA;NA;NA;NA;NA;NA;NA;NA;NA;NA;NA;NA;NA;NA;NA;NA;NA;NA;NA;NA;NA;NA;NA;NA;NA;NA;NA;NA;NA;NA;NA;NA;NA;NA;NA;NA;NA;NA;NA;NA;NA;NA;NA;NA;NA;NA;NA;NA;NA;NA;NA;NA;NA;NA;NA;NA;NA;NA;NA;NA;NA;NA;NA;NA;NA;NA;NA;NA;NA;NA;NA
"10";2011;2;1721;NA;31296;781;114320;3503;1633;42992;2632;NA;49384;6;NA;52590;10638;242;219;582;NA;NA;257;NA;26;42984;NA;NA;2458;NA;NA;NA;NA;37607;NA;NA;NA;NA;365;6847;9597;NA;89156;970;626;83;7528;2339;782224;8299;27;277;NA;NA;6286;NA;NA;6;NA;21;1;2;NA;3;NA;1;0;NA;2;NA;0;NA;45;NA;2;7170;NA;27667;42;969;9551;NA;262;NA;3556;NA;NA;169219;38089;157819;26321;1782;70
"20";2011;2;795;NA;24833;684;48119;3351;1357;20033;1613;NA;26592;8;NA;16673;4577;180;168;559;NA;NA;248;NA;23;19548;NA;NA;1573;NA;NA;NA;NA;20891;NA;NA;NA;NA;176;5727;7433;NA;36924;405;602;51;4268;2096;385784;4374;23;267;NA;NA;5045;NA;NA;6;NA;15;1;0;NA;3;NA;1;0;NA;4;NA;0;NA;13;NA;0;5665;NA;12754;13;285;5005;NA;240;NA;5282;NA;NA;119279;18597;83389;16954;1295;32
"30";2011;2;2681;NA;101387;1980;130140;12693;9288;59787;3798;NA;98787;2;NA;70029;11028;951;906;1409;NA;NA;505;NA;42;58367;NA;NA;3625;NA;NA;NA;NA;75659;NA;NA;NA;NA;527;25367;27577;NA;126804;1475;2047;519;14635;8357;2005810;7157;44;525;NA;NA;20106;NA;NA;3;NA;33;1;0;NA;2;NA;0;0;NA;6;NA;4;NA;43;NA;0;18933;NA;19656;11;298;4486;NA;667;NA;38075;NA;NA;389875;26100;275594;51369;6096;31
"99";2011;2;5197;NA;157516;3445;292579;19547;12278;122812;8043;NA;174763;16;NA;139292;26243;1373;1293;2550;NA;NA;1010;NA;91;120899;NA;NA;7656;NA;NA;NA;NA;134157;NA;NA;NA;NA;1068;37941;44607;NA;252884;2850;3275;653;26431;12792;3173818;19830;94;1069;NA;NA;31437;NA;NA;15;NA;69;3;2;NA;8;NA;2;0;NA;12;NA;4;NA;101;NA;2;31768;NA;60077;66;1552;19042;NA;1169;NA;46913;NA;NA;678373;82786;516802;94644;9173;133
"31";2011;2;280;NA;9806;176;13638;1208;830;NA;NA;NA;NA;1;NA;7094;1096;88;83;122;NA;NA;91;NA;7;NA;NA;NA;NA;NA;NA;NA;NA;NA;NA;NA;NA;NA;52;1928;2654;NA;13217;122;173;59;1709;857;298675;835;7;97;NA;NA;1508;NA;NA;0;NA;5;1;0;NA;0;NA;0;0;NA;1;NA;1;NA;3;NA;0;2206;NA;2605;0;16;568;NA;116;NA;3029;NA;NA;40048;3394;27166;5805;688;6
"32";2011;2;370;NA;13499;288;24327;1501;1112;NA;NA;NA;NA;0;NA;11234;2783;151;142;204;NA;NA;61;NA;2;NA;NA;NA;NA;NA;NA;NA;NA;NA;NA;NA;NA;NA;114;3598;3689;NA;16797;176;256;44;2086;911;177624;1804;2;62;NA;NA;2416;NA;NA;1;NA;7;0;0;NA;0;NA;0;0;NA;0;NA;0;NA;8;NA;0;2622;NA;4234;3;84;1707;NA;67;NA;4633;NA;NA;57800;6208;43143;6786;825;4
"33";2011;2;345;NA;16250;287;19210;2113;1836;NA;NA;NA;NA;0;NA;11798;1669;148;142;220;NA;NA;56;NA;7;NA;NA;NA;NA;NA;NA;NA;NA;NA;NA;NA;NA;NA;94;3361;4427;NA;21052;532;587;71;2198;1242;387413;902;8;56;NA;NA;3257;NA;NA;0;NA;5;0;0;NA;0;NA;0;0;NA;0;NA;1;NA;2;NA;0;2727;NA;2168;4;22;257;NA;91;NA;5468;NA;NA;63109;2708;42953;7946;1098;6
"34";2011;2;286;NA;10465;231;9881;1562;928;NA;NA;NA;NA;0;NA;6054;406;70;68;129;NA;NA;28;NA;2;NA;NA;NA;NA;NA;NA;NA;NA;NA;NA;NA;NA;NA;50;3048;2787;NA;11363;144;199;51;1279;1005;137012;335;2;29;NA;NA;1814;NA;NA;1;NA;0;0;0;NA;0;NA;0;0;NA;2;NA;0;NA;4;NA;0;1874;NA;882;0;4;50;NA;51;NA;5682;NA;NA;35305;1091;24881;4811;494;1
"35";2011;2;291;NA;12717;241;12416;1845;960;NA;NA;NA;NA;0;NA;7725;679;112;102;167;NA;NA;35;NA;5;NA;NA;NA;NA;NA;NA;NA;NA;NA;NA;NA;NA;NA;97;3919;3288;NA;13283;95;135;54;1528;1063;188197;476;5;35;NA;NA;2939;NA;NA;0;NA;1;0;0;NA;0;NA;0;0;NA;0;NA;0;NA;8;NA;0;1766;NA;935;0;2;109;NA;92;NA;5649;NA;NA;43527;1251;31118;6925;677;1
"36";2011;2;311;NA;7768;186;17472;680;634;NA;NA;NA;NA;1;NA;8340;1271;102;99;154;NA;NA;66;NA;5;NA;NA;NA;NA;NA;NA;NA;NA;NA;NA;NA;NA;NA;55;1288;2392;NA;10853;102;167;64;1397;617;182518;789;5;72;NA;NA;1484;NA;NA;0;NA;3;0;0;NA;0;NA;0;0;NA;1;NA;1;NA;4;NA;0;1764;NA;4410;0;74;508;NA;64;NA;2286;NA;NA;32655;5144;28224;4564;477;9
"37";2011;2;347;NA;11425;297;11875;1391;1016;NA;NA;NA;NA;0;NA;6944;922;116;111;222;NA;NA;58;NA;4;NA;NA;NA;NA;NA;NA;NA;NA;NA;NA;NA;NA;NA;19;2541;3155;NA;13041;136;174;69;1890;1116;174203;530;4;62;NA;NA;2641;NA;NA;0;NA;1;0;0;NA;2;NA;0;0;NA;1;NA;0;NA;5;NA;0;2434;NA;1420;0;10;275;NA;96;NA;2772;NA;NA;39869;1979;28645;5790;726;2
"38";2011;2;103;NA;5008;41;3468;612;490;NA;NA;NA;NA;0;NA;2219;100;33;32;32;NA;NA;30;NA;0;NA;NA;NA;NA;NA;NA;NA;NA;NA;NA;NA;NA;NA;14;1185;1393;NA;5998;41;78;34;625;455;75395;106;0;31;NA;NA;1216;NA;NA;0;NA;1;0;0;NA;0;NA;0;0;NA;1;NA;1;NA;3;NA;0;873;NA;168;1;1;12;NA;22;NA;3474;NA;NA;17564;242;10835;2498;229;0
"39";2011;2;348;NA;14449;233;17853;1781;1482;NA;NA;NA;NA;0;NA;8621;2102;131;127;159;NA;NA;80;NA;10;NA;NA;NA;NA;NA;NA;NA;NA;NA;NA;NA;NA;NA;32;4499;3792;NA;21200;127;278;73;1923;1091;220316;1380;11;81;NA;NA;2831;NA;NA;1;NA;10;0;0;NA;0;NA;0;0;NA;0;NA;0;NA;6;NA;0;2667;NA;2834;3;85;1000;NA;68;NA;5082;NA;NA;59998;4083;38629;6244;882;2
"40";2011;2;NA;NA;NA;NA;NA;NA;NA;NA;NA;NA;NA;NA;NA;NA;NA;NA;NA;NA;NA;NA;NA;NA;NA;NA;NA;NA;NA;NA;NA;NA;NA;NA;NA;NA;NA;NA;NA;NA;NA;NA;NA;NA;NA;NA;NA;NA;NA;NA;NA;NA;NA;NA;NA;NA;NA;NA;NA;NA;NA;NA;NA;NA;NA;NA;NA;NA;NA;NA;NA;NA;NA;NA;NA;NA;NA;NA;NA;NA;NA;NA;NA;NA;NA;NA;NA;NA;NA;NA;NA;NA;NA
"10";2011;3;1435;NA;32805;861;116639;3403;1536;43846;2579;NA;48174;10;NA;50002;11643;200;168;640;NA;NA;267;NA;18;44846;NA;NA;2462;NA;NA;NA;NA;40947;NA;NA;NA;NA;353;6597;10070;NA;93365;704;468;56;7345;2087;866043;9679;19;275;NA;NA;6377;NA;NA;8;NA;26;2;0;NA;6;NA;4;0;NA;10;NA;1;NA;40;NA;3;6100;NA;29381;42;1021;10695;NA;247;NA;3046;NA;NA;190147;41011;161621;26933;1703;45
"20";2011;3;840;NA;24541;738;49936;3041;1243;19596;1731;NA;26468;4;NA;16758;4924;205;194;577;NA;NA;272;NA;14;16890;NA;NA;1489;NA;NA;NA;NA;22010;NA;NA;NA;NA;202;5272;7346;NA;38918;418;580;87;4225;2030;382375;4800;15;288;NA;NA;5136;NA;NA;4;NA;16;1;0;NA;0;NA;0;0;NA;3;NA;1;NA;18;NA;1;5594;NA;13463;8;386;5422;NA;279;NA;4793;NA;NA;121741;19752;84635;17048;1190;15
"30";2011;3;2551;NA;102737;1977;131155;12873;8904;60253;3793;NA;97702;3;NA;69597;11518;907;861;1376;NA;NA;516;NA;21;58328;NA;NA;3739;NA;NA;NA;NA;77529;NA;NA;NA;NA;525;24460;28676;NA;140064;1458;2087;556;14598;8589;2071199;7519;21;539;NA;NA;22900;NA;NA;4;NA;38;1;0;NA;4;NA;0;0;NA;8;NA;1;NA;32;NA;0;19259;NA;19509;18;310;4406;NA;735;NA;37798;NA;NA;405096;25831;280546;52620;6042;32
"99";2011;3;4826;NA;160083;3576;297730;19317;11683;123695;8103;NA;172344;17;NA;136357;28085;1312;1223;2593;NA;NA;1055;NA;53;120064;NA;NA;7690;NA;NA;NA;NA;140486;NA;NA;NA;NA;1080;36329;46092;NA;272347;2580;3135;699;26168;12706;3319617;21998;55;1102;NA;NA;34413;NA;NA;16;NA;80;4;0;NA;10;NA;4;0;NA;21;NA;3;NA;90;NA;4;30953;NA;62353;68;1717;20523;NA;1261;NA;45637;NA;NA;716984;86594;526802;96601;8935;92
"31";2011;3;301;NA;9603;156;13759;1388;792;NA;NA;NA;NA;1;NA;7127;1123;91;84;101;NA;NA;109;NA;2;NA;NA;NA;NA;NA;NA;NA;NA;NA;NA;NA;NA;NA;60;1773;2672;NA;14054;110;143;43;1596;912;337429;851;2;111;NA;NA;1971;NA;NA;1;NA;4;0;0;NA;1;NA;0;0;NA;1;NA;0;NA;1;NA;0;2183;NA;2460;0;23;715;NA;95;NA;3164;NA;NA;40604;3388;27669;6204;662;4
"32";2011;3;416;NA;14078;289;23804;1381;1090;NA;NA;NA;NA;1;NA;11012;2674;126;122;208;NA;NA;92;NA;2;NA;NA;NA;NA;NA;NA;NA;NA;NA;NA;NA;NA;NA;99;3634;3955;NA;17503;188;285;72;2323;1028;196482;1639;2;97;NA;NA;3042;NA;NA;1;NA;6;1;0;NA;0;NA;0;0;NA;0;NA;0;NA;9;NA;0;2882;NA;4111;5;97;1485;NA;89;NA;4467;NA;NA;58698;5899;43684;6927;880;6
"33";2011;3;317;NA;16705;265;19779;2295;1946;NA;NA;NA;NA;1;NA;11930;1799;164;155;204;NA;NA;49;NA;3;NA;NA;NA;NA;NA;NA;NA;NA;NA;NA;NA;NA;NA;91;3427;4895;NA;23065;459;546;101;2242;1436;393492;1054;3;58;NA;NA;3622;NA;NA;0;NA;4;0;0;NA;0;NA;0;0;NA;0;NA;0;NA;4;NA;0;2963;NA;2053;3;23;350;NA;112;NA;5865;NA;NA;66709;2660;44612;8384;1113;4
"34";2011;3;223;NA;10161;212;10331;1298;873;NA;NA;NA;NA;0;NA;6387;487;73;68;118;NA;NA;36;NA;2;NA;NA;NA;NA;NA;NA;NA;NA;NA;NA;NA;NA;NA;32;2500;2860;NA;15637;110;157;50;1278;973;143155;389;2;36;NA;NA;2034;NA;NA;1;NA;4;0;0;NA;2;NA;0;0;NA;3;NA;1;NA;8;NA;0;1948;NA;835;0;2;60;NA;64;NA;5692;NA;NA;39693;1051;24909;5083;509;0
"35";2011;3;263;NA;13339;244;12171;1871;906;NA;NA;NA;NA;0;NA;7481;647;121;112;159;NA;NA;41;NA;1;NA;NA;NA;NA;NA;NA;NA;NA;NA;NA;NA;NA;NA;108;3928;3484;NA;14805;123;163;77;1448;992;194400;481;1;42;NA;NA;3336;NA;NA;0;NA;4;0;0;NA;0;NA;0;0;NA;0;NA;0;NA;1;NA;0;1801;NA;900;0;3;118;NA;99;NA;5283;NA;NA;45629;1219;31867;6737;650;2
"36";2011;3;263;NA;7286;200;17095;772;633;NA;NA;NA;NA;0;NA;7827;1129;78;75;151;NA;NA;48;NA;2;NA;NA;NA;NA;NA;NA;NA;NA;NA;NA;NA;NA;NA;47;1168;2125;NA;11781;116;191;89;1419;706;188559;741;2;50;NA;NA;1510;NA;NA;0;NA;9;0;0;NA;0;NA;0;0;NA;1;NA;0;NA;4;NA;0;1830;NA;4679;1;70;543;NA;86;NA;2158;NA;NA;31792;5423;27496;4417;499;8
"37";2011;3;315;NA;11408;319;12564;1356;907;NA;NA;NA;NA;0;NA;7221;1028;117;111;234;NA;NA;61;NA;4;NA;NA;NA;NA;NA;NA;NA;NA;NA;NA;NA;NA;NA;36;2439;3236;NA;13979;143;181;51;1749;1199;168967;603;4;64;NA;NA;2853;NA;NA;0;NA;1;0;0;NA;1;NA;0;0;NA;1;NA;0;NA;3;NA;0;2244;NA;1458;3;7;274;NA;88;NA;2777;NA;NA;41358;2031;29407;5856;672;2
"38";2011;3;126;NA;5268;78;3402;672;525;NA;NA;NA;NA;0;NA;2136;96;36;35;55;NA;NA;11;NA;1;NA;NA;NA;NA;NA;NA;NA;NA;NA;NA;NA;NA;NA;22;1224;1505;NA;6712;68;94;27;636;451;73681;76;1;11;NA;NA;1223;NA;NA;1;NA;2;0;0;NA;0;NA;0;0;NA;2;NA;0;NA;0;NA;0;912;NA;169;0;0;7;NA;24;NA;3764;NA;NA;18449;243;11168;2662;255;0
"39";2011;3;327;NA;14889;214;18250;1840;1232;NA;NA;NA;NA;0;NA;8476;2535;101;99;146;NA;NA;69;NA;4;NA;NA;NA;NA;NA;NA;NA;NA;NA;NA;NA;NA;NA;30;4367;3944;NA;22528;141;327;46;1907;892;213684;1685;4;70;NA;NA;3309;NA;NA;0;NA;4;0;0;NA;0;NA;0;0;NA;0;NA;0;NA;2;NA;0;2496;NA;2844;6;85;854;NA;78;NA;4628;NA;NA;62164;3917;39734;6350;802;6
"40";2011;3;NA;NA;NA;NA;NA;NA;NA;NA;NA;NA;NA;NA;NA;NA;NA;NA;NA;NA;NA;NA;NA;NA;NA;NA;NA;NA;NA;NA;NA;NA;NA;NA;NA;NA;NA;NA;NA;NA;NA;NA;NA;NA;NA;NA;NA;NA;NA;NA;NA;NA;NA;NA;NA;NA;NA;NA;NA;NA;NA;NA;NA;NA;NA;NA;NA;NA;NA;NA;NA;NA;NA;NA;NA;NA;NA;NA;NA;NA;NA;NA;NA;NA;NA;NA;NA;NA;NA;NA;NA;NA;NA
"10";2011;4;1206;NA;34071;834;112846;3835;1520;42241;2521;NA;43282;11;NA;49874;10059;190;155;592;NA;NA;270;NA;20;42379;NA;NA;2736;NA;NA;NA;NA;34740;NA;NA;NA;NA;554;6328;10979;NA;92784;847;495;40;7287;1390;701229;9387;21;281;NA;NA;6490;NA;NA;7;NA;44;2;0;NA;1;NA;8;0;NA;13;NA;1;NA;28;NA;2;5575;NA;26278;29;1129;11025;NA;324;NA;3104;NA;NA;185455;38197;159596;25344;1597;57
"20";2011;4;810;NA;25865;676;47826;3063;1194;19113;1699;NA;24960;1;NA;16022;4313;173;156;535;NA;NA;298;NA;21;18943;NA;NA;1820;NA;NA;NA;NA;20478;NA;NA;NA;NA;164;5506;8451;NA;35732;372;640;98;4210;1798;332760;4808;21;313;NA;NA;4997;NA;NA;0;NA;10;0;0;NA;0;NA;1;0;NA;3;NA;0;NA;7;NA;0;5380;NA;12413;10;399;5828;NA;273;NA;4353;NA;NA;117436;19095;83621;16442;1147;20
"30";2011;4;2419;NA;104952;2009;125837;12647;9007;58443;3993;NA;86626;8;NA;67619;10257;886;850;1430;NA;NA;557;NA;45;54770;NA;NA;3906;NA;NA;NA;NA;55152;NA;NA;NA;NA;532;24224;30856;NA;133566;1495;2077;458;14551;7525;2060456;7437;48;584;NA;NA;21259;NA;NA;2;NA;27;0;0;NA;1;NA;2;0;NA;12;NA;3;NA;25;NA;1;18815;NA;18100;18;368;4162;NA;812;NA;35072;NA;NA;396437;24300;275718;49165;5878;27
"99";2011;4;4435;NA;164888;3519;286509;19545;11721;119797;8213;NA;154868;20;NA;133515;24629;1249;1161;2557;NA;NA;1125;NA;86;116092;NA;NA;8462;NA;NA;NA;NA;110370;NA;NA;NA;NA;1250;36058;50286;NA;262082;2714;3212;596;26048;10713;3094445;21632;90;1178;NA;NA;32746;NA;NA;9;NA;81;2;0;NA;2;NA;11;0;NA;28;NA;4;NA;60;NA;3;29770;NA;56791;57;1896;21015;NA;1409;NA;42529;NA;NA;699328;81592;518935;90951;8622;104
"31";2011;4;234;NA;9873;194;12976;1426;853;NA;NA;NA;NA;0;NA;6590;966;93;90;120;NA;NA;97;NA;8;NA;NA;NA;NA;NA;NA;NA;NA;NA;NA;NA;NA;NA;39;1826;2812;NA;14327;133;180;58;1619;886;330614;850;8;102;NA;NA;1753;NA;NA;0;NA;2;0;0;NA;0;NA;0;0;NA;2;NA;0;NA;0;NA;0;2254;NA;2157;2;17;668;NA;115;NA;3020;NA;NA;40517;3050;27075;5639;661;1
"32";2011;4;324;NA;14313;300;23554;1333;1093;NA;NA;NA;NA;3;NA;11895;2245;115;108;223;NA;NA;96;NA;3;NA;NA;NA;NA;NA;NA;NA;NA;NA;NA;NA;NA;NA;116;3583;4368;NA;18118;176;278;51;2138;885;218493;1598;3;100;NA;NA;3012;NA;NA;2;NA;3;0;0;NA;0;NA;0;0;NA;5;NA;0;NA;4;NA;0;2637;NA;3611;6;113;1392;NA;90;NA;4510;NA;NA;59233;5328;43605;6219;843;3
"33";2011;4;355;NA;16253;292;19419;2271;1902;NA;NA;NA;NA;1;NA;11628;1678;139;132;229;NA;NA;68;NA;5;NA;NA;NA;NA;NA;NA;NA;NA;NA;NA;NA;NA;NA;77;3176;4934;NA;22118;464;552;88;2316;1129;405837;1114;6;70;NA;NA;3222;NA;NA;0;NA;4;0;0;NA;0;NA;0;0;NA;0;NA;0;NA;7;NA;0;2706;NA;2136;3;19;345;NA;116;NA;5292;NA;NA;64752;2784;43359;7578;1056;3
"34";2011;4;267;NA;10408;191;9363;1384;790;NA;NA;NA;NA;1;NA;5765;452;78;74;129;NA;NA;42;NA;2;NA;NA;NA;NA;NA;NA;NA;NA;NA;NA;NA;NA;NA;42;2424;3185;NA;12399;116;149;40;1284;977;130201;411;2;46;NA;NA;2008;NA;NA;0;NA;3;0;0;NA;0;NA;0;0;NA;0;NA;1;NA;2;NA;0;1984;NA;690;0;2;46;NA;64;NA;4978;NA;NA;36859;910;24144;4749;478;2
"35";2011;4;241;NA;13470;242;11912;1746;928;NA;NA;NA;NA;0;NA;7215;728;122;120;176;NA;NA;36;NA;4;NA;NA;NA;NA;NA;NA;NA;NA;NA;NA;NA;NA;NA;97;4013;3584;NA;13526;109;162;40;1496;900;192907;593;4;37;NA;NA;3051;NA;NA;0;NA;1;0;0;NA;0;NA;0;0;NA;1;NA;0;NA;2;NA;0;1857;NA;1003;2;4;127;NA;104;NA;4497;NA;NA;44269;1346;31349;6064;609;0
"36";2011;4;244;NA;7969;170;17220;717;694;NA;NA;NA;NA;0;NA;7995;1022;82;78;134;NA;NA;61;NA;10;NA;NA;NA;NA;NA;NA;NA;NA;NA;NA;NA;NA;NA;65;1274;2489;NA;11631;155;230;64;1481;664;163818;722;11;61;NA;NA;1634;NA;NA;0;NA;6;0;0;NA;0;NA;2;0;NA;0;NA;0;NA;1;NA;1;1868;NA;4561;0;137;509;NA;69;NA;2335;NA;NA;32886;5275;28404;4402;455;10
"37";2011;4;301;NA;11751;292;11482;1292;924;NA;NA;NA;NA;1;NA;6465;909;111;107;209;NA;NA;69;NA;6;NA;NA;NA;NA;NA;NA;NA;NA;NA;NA;NA;NA;NA;30;2573;3428;NA;13055;161;224;46;1779;878;168273;544;7;75;NA;NA;2451;NA;NA;0;NA;6;0;0;NA;1;NA;0;0;NA;3;NA;2;NA;6;NA;0;2288;NA;1337;4;6;233;NA;121;NA;2559;NA;NA;39806;1853;28199;5539;731;0
"38";2011;4;136;NA;5477;74;3036;606;466;NA;NA;NA;NA;0;NA;1839;99;35;35;49;NA;NA;12;NA;2;NA;NA;NA;NA;NA;NA;NA;NA;NA;NA;NA;NA;NA;27;1141;1685;NA;6387;51;55;21;625;395;70108;78;2;13;NA;NA;1163;NA;NA;0;NA;0;0;0;NA;0;NA;0;0;NA;0;NA;0;NA;2;NA;0;818;NA;141;0;1;13;NA;22;NA;3217;NA;NA;17750;217;10822;2442;233;1
"39";2011;4;317;NA;15438;254;16875;1872;1357;NA;NA;NA;NA;2;NA;8227;2158;111;106;161;NA;NA;76;NA;5;NA;NA;NA;NA;NA;NA;NA;NA;NA;NA;NA;NA;NA;39;4214;4371;NA;22005;130;247;50;1813;811;212850;1527;5;80;NA;NA;2965;NA;NA;0;NA;2;0;0;NA;0;NA;0;0;NA;1;NA;0;NA;1;NA;0;2403;NA;2464;1;69;829;NA;111;NA;4664;NA;NA;60365;3537;38761;6533;812;7
"40";2011;4;NA;NA;NA;NA;NA;NA;NA;NA;NA;NA;NA;NA;NA;NA;NA;NA;NA;NA;NA;NA;NA;NA;NA;NA;NA;NA;NA;NA;NA;NA;NA;NA;NA;NA;NA;NA;NA;NA;NA;NA;NA;NA;NA;NA;NA;NA;NA;NA;NA;NA;NA;NA;NA;NA;NA;NA;NA;NA;NA;NA;NA;NA;NA;NA;NA;NA;NA;NA;NA;NA;NA;NA;NA;NA;NA;NA;NA;NA;NA;NA;NA;NA;NA;NA;NA;NA;NA;NA;NA;NA;NA
"10";2012;1;1313;NA;36846;968;111749;3473;1909;45306;2452;NA;45079;6;NA;45982;11170;206;166;688;NA;NA;257;8;21;41107;NA;NA;1594;NA;NA;NA;NA;27204;NA;NA;NA;NA;454;6335;11709;NA;99333;811;608;19;7757;1598;738901;9785;22;273;11;NA;6818;NA;NA;10;NA;36;2;0;NA;3;NA;8;0;NA;5;NA;1;NA;18;NA;1;6466;NA;27597;31;1146;11234;NA;356;NA;3009;NA;NA;193746;39803;161763;29766;2069;64
"20";2012;1;856;NA;27287;761;48018;3020;1390;20506;1672;NA;23737;4;NA;15898;4744;151;139;615;NA;NA;258;3;24;19061;NA;NA;1353;NA;NA;NA;NA;11331;NA;NA;NA;NA;125;4933;8751;NA;38081;439;649;86;4295;1782;337424;4791;26;275;3;NA;5153;NA;NA;1;NA;23;1;0;NA;0;NA;0;0;NA;4;NA;0;NA;8;NA;0;5705;NA;12170;13;439;5852;NA;288;NA;4454;NA;NA;118127;18923;85629;17937;1288;20
"30";2012;1;2614;NA;108736;2345;131999;13006;10140;61084;3656;NA;94482;6;NA;70090;11184;765;733;1760;NA;NA;558;10;36;54687;NA;NA;3079;NA;NA;NA;NA;44915;NA;NA;NA;NA;555;22614;31396;NA;153376;1732;2468;468;16357;7655;2245417;8190;36;589;16;NA;22329;NA;NA;3;NA;39;1;0;NA;3;NA;1;0;NA;7;NA;0;NA;25;NA;0;20380;NA;18787;20;330;4666;NA;811;NA;38909;NA;NA;428015;25813;288555;54746;6890;28
"99";2012;1;4783;NA;172869;4074;291766;19499;13439;126896;7780;NA;163298;16;NA;131970;27098;1122;1038;3063;NA;NA;1073;21;81;114855;NA;NA;6026;NA;NA;NA;NA;83450;NA;NA;NA;NA;1134;33882;51856;NA;290790;2982;3725;573;28409;11035;3321742;22766;84;1137;30;NA;34300;NA;NA;14;NA;98;4;0;NA;6;NA;9;0;NA;16;NA;1;NA;51;NA;1;32551;NA;58554;64;1915;21752;NA;1455;NA;46372;NA;NA;739888;84539;535947;102449;10247;112
"31";2012;1;285;NA;10967;204;13455;1380;796;NA;NA;NA;NA;2;NA;6843;1123;74;73;163;NA;NA;105;1;7;NA;NA;NA;NA;NA;NA;NA;NA;NA;NA;NA;NA;NA;70;1804;3010;NA;15974;149;213;40;1747;789;348222;990;7;114;1;NA;1881;NA;NA;0;NA;1;0;0;NA;0;NA;0;0;NA;2;NA;0;NA;0;NA;0;2199;NA;2275;3;24;763;NA;127;NA;3258;NA;NA;43994;3315;28683;6289;660;0
"32";2012;1;355;NA;14683;359;23488;1488;1233;NA;NA;NA;NA;1;NA;10895;2435;101;92;254;NA;NA;88;0;6;NA;NA;NA;NA;NA;NA;NA;NA;NA;NA;NA;NA;NA;119;3260;4378;NA;21673;189;268;45;2410;941;211655;1722;6;97;0;NA;2821;NA;NA;0;NA;3;0;0;NA;0;NA;1;0;NA;0;NA;0;NA;7;NA;0;2851;NA;3761;5;114;1523;NA;94;NA;4719;NA;NA;63775;5633;44072;7073;956;6
"33";2012;1;364;NA;16647;317;20327;2383;2046;NA;NA;NA;NA;1;NA;12518;1617;117;113;257;NA;NA;80;1;4;NA;NA;NA;NA;NA;NA;NA;NA;NA;NA;NA;NA;NA;98;2865;4790;NA;25109;490;601;71;2526;1256;458848;1093;4;80;1;NA;3606;NA;NA;0;NA;8;1;0;NA;0;NA;0;0;NA;2;NA;0;NA;2;NA;0;2989;NA;2078;1;22;304;NA;102;NA;5894;NA;NA;69254;2724;45326;8535;1285;2
"34";2012;1;236;NA;10469;207;10021;1362;902;NA;NA;NA;NA;0;NA;6225;495;85;81;149;NA;NA;37;2;1;NA;NA;NA;NA;NA;NA;NA;NA;NA;NA;NA;NA;NA;30;2286;3082;NA;13356;159;200;63;1441;990;131915;464;1;39;2;NA;2043;NA;NA;2;NA;6;0;0;NA;0;NA;0;0;NA;0;NA;0;NA;2;NA;0;2175;NA;788;0;7;35;NA;53;NA;5381;NA;NA;38747;1010;25004;5319;586;1
"35";2012;1;309;NA;13010;260;12324;1595;1097;NA;NA;NA;NA;0;NA;7553;737;106;103;198;NA;NA;38;1;5;NA;NA;NA;NA;NA;NA;NA;NA;NA;NA;NA;NA;NA;103;3472;3539;NA;14897;158;221;62;1665;945;184767;575;5;39;1;NA;3113;NA;NA;0;NA;2;0;0;NA;0;NA;0;0;NA;0;NA;0;NA;2;NA;0;2041;NA;1064;4;5;121;NA;93;NA;5064;NA;NA;46088;1426;31399;6590;744;2
"36";2012;1;297;NA;9132;260;18542;844;969;NA;NA;NA;NA;1;NA;9016;1142;69;68;210;NA;NA;61;1;7;NA;NA;NA;NA;NA;NA;NA;NA;NA;NA;NA;NA;NA;47;1431;2851;NA;13778;209;310;71;1804;659;233507;919;7;66;3;NA;1792;NA;NA;0;NA;9;0;0;NA;0;NA;0;0;NA;0;NA;0;NA;8;NA;0;2129;NA;4538;2;84;570;NA;98;NA;2879;NA;NA;36316;5387;31539;5099;589;9
"37";2012;1;352;NA;12695;388;12259;1469;1100;NA;NA;NA;NA;0;NA;6618;1135;102;101;294;NA;NA;67;2;4;NA;NA;NA;NA;NA;NA;NA;NA;NA;NA;NA;NA;NA;43;2475;3659;NA;17024;188;252;41;2103;885;175889;658;4;72;6;NA;2798;NA;NA;0;NA;6;0;0;NA;0;NA;0;0;NA;1;NA;0;NA;3;NA;0;2551;NA;1509;3;7;303;NA;111;NA;2744;NA;NA;45886;2177;30709;6547;866;2
"38";2012;1;102;NA;5515;71;3533;583;500;NA;NA;NA;NA;0;NA;2111;79;17;15;49;NA;NA;12;2;1;NA;NA;NA;NA;NA;NA;NA;NA;NA;NA;NA;NA;NA;24;1148;1656;NA;7048;73;96;21;682;403;73002;95;1;12;2;NA;1178;NA;NA;0;NA;1;0;0;NA;0;NA;0;0;NA;0;NA;0;NA;0;NA;0;903;NA;134;0;1;9;NA;26;NA;3689;NA;NA;19043;205;11380;2614;261;0
"39";2012;1;314;NA;15618;279;18050;1902;1497;NA;NA;NA;NA;1;NA;8311;2421;94;87;186;NA;NA;70;0;1;NA;NA;NA;NA;NA;NA;NA;NA;NA;NA;NA;NA;NA;21;3873;4431;NA;24517;117;307;54;1979;787;230649;1674;1;70;0;NA;3097;NA;NA;1;NA;3;0;0;NA;3;NA;0;0;NA;2;NA;0;NA;1;NA;0;2542;NA;2640;2;66;1038;NA;107;NA;5281;NA;NA;64912;3936;40443;6680;943;6
"40";2012;1;NA;NA;NA;NA;NA;NA;NA;NA;NA;NA;NA;NA;NA;NA;NA;NA;NA;NA;NA;NA;NA;NA;NA;NA;NA;NA;NA;NA;NA;NA;NA;NA;NA;NA;NA;NA;NA;NA;NA;NA;NA;NA;NA;NA;NA;NA;NA;NA;NA;NA;NA;NA;NA;NA;NA;NA;NA;NA;NA;NA;NA;NA;NA;NA;NA;NA;NA;NA;NA;NA;NA;NA;NA;NA;NA;NA;NA;NA;NA;NA;NA;NA;NA;NA;NA;NA;NA;NA;NA;NA;NA
"10";2012;2;1334;986;36294;NA;119983;3426;1677;45626;2653;NA;38727;5;NA;51197;11123;159;143;785;NA;NA;328;4;34;44052;NA;NA;2118;NA;NA;NA;NA;26294;NA;NA;NA;NA;420;6820;10437;NA;120201;923;762;45;8108;1550;839480;10146;34;348;4;NA;6502;NA;NA;10;NA;44;1;0;NA;3;NA;2;0;NA;6;NA;0;NA;25;NA;3;6650;NA;30647;22;1248;11719;NA;387;NA;3367;NA;NA;197337;43518;168868;33775;1844;76
"20";2012;2;757;817;25332;NA;52235;2902;1326;20151;1666;NA;23397;2;NA;17569;5142;165;160;679;NA;NA;264;2;18;19596;NA;NA;1543;NA;NA;NA;NA;13333;NA;NA;NA;NA;147;5373;7513;NA;43145;454;616;82;4649;1768;350679;4969;18;295;2;NA;5140;NA;NA;2;NA;18;1;0;NA;0;NA;0;0;NA;3;NA;0;NA;8;NA;1;5944;NA;13933;5;433;6314;NA;287;NA;4456;NA;NA;121315;21210;87752;19452;1226;19
"30";2012;2;2544;2221;102010;NA;129303;12486;10149;61840;3605;NA;95103;0;NA;68038;11279;884;831;1688;NA;NA;514;16;41;59675;NA;NA;3426;NA;NA;NA;NA;50474;NA;NA;NA;NA;603;24293;27209;NA;155764;1855;2593;643;16679;9062;2174792;8542;41;526;19;NA;21903;NA;NA;1;NA;31;0;0;NA;0;NA;1;0;NA;6;NA;0;NA;26;NA;2;21792;NA;19888;7;321;5084;NA;773;NA;38102;NA;NA;419390;27215;278072;58545;7229;22
"99";2012;2;4635;4024;163636;NA;301521;18814;13152;127617;7924;NA;157227;7;NA;136804;27544;1208;1134;3152;NA;NA;1106;22;93;123323;NA;NA;7087;NA;NA;NA;NA;90101;NA;NA;NA;NA;1170;36486;45159;NA;319110;3232;3971;770;29436;12380;3364951;23657;93;1169;25;NA;33545;NA;NA;13;NA;93;2;0;NA;3;NA;3;0;NA;15;NA;0;NA;59;NA;6;34386;NA;64468;34;2002;23117;NA;1447;NA;45925;NA;NA;738042;91943;534692;111772;10299;117
"31";2012;2;306;186;10108;NA;13444;1153;873;NA;NA;NA;NA;0;NA;6760;1149;105;105;121;NA;NA;93;1;14;NA;NA;NA;NA;NA;NA;NA;NA;NA;NA;NA;NA;NA;79;1878;2659;NA;15313;182;245;45;1880;1008;320342;902;14;94;1;NA;1764;NA;NA;0;NA;6;0;0;NA;0;NA;1;0;NA;0;NA;0;NA;1;NA;0;2511;NA;2563;0;19;686;NA;116;NA;3015;NA;NA;42861;3477;27528;6416;784;0
"32";2012;2;347;339;13896;NA;23531;1385;1216;NA;NA;NA;NA;0;NA;10838;2571;147;130;255;NA;NA;66;3;0;NA;NA;NA;NA;NA;NA;NA;NA;NA;NA;NA;NA;NA;142;3470;3716;NA;22741;217;312;78;2382;1181;233194;1904;0;66;3;NA;2701;NA;NA;0;NA;3;0;0;NA;0;NA;0;0;NA;1;NA;0;NA;7;NA;0;3110;NA;4173;1;110;1638;NA;107;NA;4625;NA;NA;62938;6132;43068;7382;970;4
"33";2012;2;389;300;16203;NA;19663;2351;2007;NA;NA;NA;NA;0;NA;11757;1594;126;122;255;NA;NA;54;1;5;NA;NA;NA;NA;NA;NA;NA;NA;NA;NA;NA;NA;NA;74;3408;4290;NA;25038;537;648;107;2526;1562;439668;1266;5;56;1;NA;3538;NA;NA;1;NA;7;0;0;NA;0;NA;0;0;NA;1;NA;0;NA;1;NA;0;3220;NA;2287;2;31;396;NA;99;NA;5487;NA;NA;68689;2997;44062;9170;1310;2
"34";2012;2;187;199;9955;NA;9877;1157;912;NA;NA;NA;NA;0;NA;6106;539;91;85;154;NA;NA;38;0;5;NA;NA;NA;NA;NA;NA;NA;NA;NA;NA;NA;NA;NA;37;2411;2734;NA;13874;165;225;59;1452;1039;136810;489;5;38;0;NA;2161;NA;NA;0;NA;0;0;0;NA;0;NA;0;0;NA;1;NA;0;NA;3;NA;0;2205;NA;857;0;2;41;NA;66;NA;5292;NA;NA;38070;1095;24261;5724;605;1
"35";2012;2;277;265;12687;NA;11460;1638;1163;NA;NA;NA;NA;0;NA;6958;789;106;96;204;NA;NA;42;2;4;NA;NA;NA;NA;NA;NA;NA;NA;NA;NA;NA;NA;NA;132;3917;3085;NA;15249;147;210;73;1713;973;185603;669;4;43;3;NA;3132;NA;NA;0;NA;0;0;0;NA;0;NA;0;0;NA;0;NA;0;NA;3;NA;0;2104;NA;1019;0;3;97;NA;78;NA;5437;NA;NA;45775;1366;30345;7457;791;5
"36";2012;2;263;238;7875;NA;17719;817;723;NA;NA;NA;NA;0;NA;8522;1062;89;84;210;NA;NA;68;2;2;NA;NA;NA;NA;NA;NA;NA;NA;NA;NA;NA;NA;NA;56;1230;2394;NA;13964;189;316;86;1655;641;181380;791;2;70;2;NA;1563;NA;NA;0;NA;5;0;0;NA;0;NA;0;0;NA;1;NA;0;NA;4;NA;0;1956;NA;4443;2;81;708;NA;90;NA;2689;NA;NA;33153;5431;28935;5205;558;5
"37";2012;2;335;381;11795;NA;12337;1462;1074;NA;NA;NA;NA;0;NA;6704;1201;97;93;270;NA;NA;66;1;5;NA;NA;NA;NA;NA;NA;NA;NA;NA;NA;NA;NA;NA;32;2611;3250;NA;17643;206;251;65;2168;1062;174521;696;5;68;1;NA;2672;NA;NA;0;NA;5;0;0;NA;0;NA;0;0;NA;2;NA;0;NA;2;NA;0;2736;NA;1475;1;19;323;NA;110;NA;2488;NA;NA;45481;2139;29721;6948;901;2
"38";2012;2;98;79;5230;NA;3291;695;484;NA;NA;NA;NA;0;NA;2067;115;28;26;45;NA;NA;20;2;0;NA;NA;NA;NA;NA;NA;NA;NA;NA;NA;NA;NA;NA;25;1229;1422;NA;7317;60;78;30;719;464;78971;111;0;20;2;NA;1269;NA;NA;0;NA;1;0;0;NA;0;NA;0;0;NA;0;NA;0;NA;0;NA;0;977;NA;141;0;0;4;NA;24;NA;3779;NA;NA;19050;210;11048;3108;236;0
"39";2012;2;342;234;14261;NA;17981;1828;1697;NA;NA;NA;NA;0;NA;8326;2259;95;90;174;NA;NA;67;4;6;NA;NA;NA;NA;NA;NA;NA;NA;NA;NA;NA;NA;NA;26;4139;3659;NA;24625;152;308;100;2184;1132;221331;1714;6;71;6;NA;3103;NA;NA;0;NA;4;0;0;NA;0;NA;0;0;NA;0;NA;0;NA;5;NA;2;2973;NA;2930;1;56;1191;NA;83;NA;5290;NA;NA;63373;4368;39104;7135;1074;3
"40";2012;2;NA;NA;NA;NA;NA;NA;NA;NA;NA;NA;NA;NA;NA;NA;NA;NA;NA;NA;NA;NA;NA;NA;NA;NA;NA;NA;NA;NA;NA;NA;NA;NA;NA;NA;NA;NA;NA;NA;NA;NA;NA;NA;NA;NA;NA;NA;NA;NA;NA;NA;NA;NA;NA;NA;NA;NA;NA;NA;NA;NA;NA;NA;NA;NA;NA;NA;NA;NA;NA;NA;NA;NA;NA;NA;NA;NA;NA;NA;NA;NA;NA;NA;NA;NA;NA;NA;NA;NA;NA;NA;NA
"10";2012;3;1446;1056;37045;NA;116569;3173;1943;46746;2731;NA;40009;5;NA;49495;10936;197;183;845;NA;NA;332;6;28;43457;NA;NA;2478;NA;NA;NA;NA;30081;NA;NA;NA;NA;278;7199;10593;NA;123043;980;640;54;8085;1940;844077;9274;28;359;6;NA;6253;NA;NA;3;NA;35;1;1;NA;3;NA;3;0;NA;8;NA;1;NA;17;NA;4;6663;NA;28544;33;999;10339;NA;345;NA;3229;NA;NA;197095;40093;166039;33810;2094;92
"20";2012;3;656;790;25824;NA;52702;2786;1459;20506;1716;NA;23667;2;NA;19003;6029;178;170;663;NA;NA;274;4;22;19759;NA;NA;1516;NA;NA;NA;NA;14577;NA;NA;NA;NA;170;5455;7411;NA;53806;436;620;96;4650;1863;368947;4773;23;290;5;NA;5238;NA;NA;4;NA;10;1;0;NA;0;NA;0;0;NA;3;NA;0;NA;7;NA;1;5927;NA;12181;16;388;5711;NA;279;NA;4627;NA;NA;127345;18853;88799;18975;1464;24
"30";2012;3;2539;2293;107423;NA;129087;12836;9748;62646;3816;NA;93272;6;NA;67075;10680;973;914;1848;NA;NA;540;19;38;61087;NA;NA;3622;NA;NA;NA;NA;55459;NA;NA;NA;NA;728;25201;28465;NA;165170;1764;2492;617;15965;8502;2216431;8050;39;580;27;NA;24921;NA;NA;4;NA;27;0;1;NA;0;NA;0;0;NA;12;NA;0;NA;20;NA;0;20803;NA;18277;14;326;4553;NA;796;NA;40695;NA;NA;432451;25262;286308;57836;6996;23
"99";2012;3;4641;4139;170292;NA;298358;18795;13150;129898;8263;NA;156948;13;NA;135573;27645;1348;1267;3356;NA;NA;1146;29;88;124303;NA;NA;7616;NA;NA;NA;NA;100117;NA;NA;NA;NA;1176;37855;46469;NA;342019;3180;3752;767;28700;12305;3429455;22097;90;1229;38;NA;36412;NA;NA;11;NA;72;2;2;NA;3;NA;3;0;NA;23;NA;1;NA;44;NA;5;33393;NA;59002;63;1713;20603;NA;1420;NA;48551;NA;NA;756891;84208;541146;110621;10554;139
"31";2012;3;305;216;10458;NA;13533;1195;973;NA;NA;NA;NA;0;NA;6978;1134;85;81;162;NA;NA;86;2;3;NA;NA;NA;NA;NA;NA;NA;NA;NA;NA;NA;NA;NA;82;2031;2603;NA;16277;229;298;33;1909;818;315345;920;3;94;4;NA;2123;NA;NA;0;NA;5;0;1;NA;0;NA;0;0;NA;1;NA;0;NA;1;NA;0;2350;NA;2170;1;12;568;NA;115;NA;3331;NA;NA;43900;2989;28498;6634;936;1
"32";2012;3;302;350;14991;NA;23519;1349;1114;NA;NA;NA;NA;4;NA;10990;2199;156;148;276;NA;NA;78;4;6;NA;NA;NA;NA;NA;NA;NA;NA;NA;NA;NA;NA;NA;187;3678;4010;NA;24287;175;249;84;2322;1043;228856;1822;6;91;4;NA;3111;NA;NA;0;NA;0;0;0;NA;0;NA;0;0;NA;0;NA;0;NA;4;NA;0;2923;NA;3661;5;92;1526;NA;79;NA;5237;NA;NA;66351;5551;44434;7823;847;3
"33";2012;3;399;279;16542;NA;20125;2294;1842;NA;NA;NA;NA;0;NA;11739;1776;134;127;260;NA;NA;81;4;9;NA;NA;NA;NA;NA;NA;NA;NA;NA;NA;NA;NA;NA;72;3328;4426;NA;26744;570;676;86;2299;1194;423479;1291;9;85;5;NA;3812;NA;NA;0;NA;2;0;0;NA;0;NA;0;0;NA;1;NA;0;NA;3;NA;0;2862;NA;2140;1;30;371;NA;126;NA;5503;NA;NA;71053;2861;44894;8626;1178;4
"34";2012;3;268;217;10809;NA;9826;1356;935;NA;NA;NA;NA;0;NA;5793;512;103;100;176;NA;NA;38;3;5;NA;NA;NA;NA;NA;NA;NA;NA;NA;NA;NA;NA;NA;36;2582;3040;NA;13894;140;189;81;1410;1020;138785;459;5;41;6;NA;2418;NA;NA;0;NA;1;0;0;NA;0;NA;0;0;NA;1;NA;0;NA;2;NA;0;2188;NA;782;1;7;50;NA;60;NA;6001;NA;NA;39570;1051;25561;5967;589;0
"35";2012;3;273;268;13728;NA;10860;1736;1088;NA;NA;NA;NA;0;NA;6431;690;124;115;211;NA;NA;39;2;4;NA;NA;NA;NA;NA;NA;NA;NA;NA;NA;NA;NA;NA;176;4090;3339;NA;16290;156;226;55;1667;1040;201974;504;4;41;3;NA;3973;NA;NA;0;NA;4;0;0;NA;0;NA;0;0;NA;0;NA;0;NA;2;NA;0;2115;NA;835;1;2;61;NA;96;NA;5210;NA;NA;47970;1150;31653;7122;816;1
"36";2012;3;252;249;7734;NA;17621;819;695;NA;NA;NA;NA;0;NA;8436;1064;101;93;212;NA;NA;62;0;3;NA;NA;NA;NA;NA;NA;NA;NA;NA;NA;NA;NA;NA;58;1287;2389;NA;15647;189;302;98;1596;611;206700;776;4;63;0;NA;1724;NA;NA;3;NA;6;0;0;NA;0;NA;0;0;NA;2;NA;0;NA;6;NA;0;1878;NA;4392;3;92;683;NA;87;NA;2730;NA;NA;33426;5352;28842;4947;556;7
"37";2012;3;302;358;12463;NA;12647;1497;1026;NA;NA;NA;NA;1;NA;6727;1167;117;106;293;NA;NA;69;1;5;NA;NA;NA;NA;NA;NA;NA;NA;NA;NA;NA;NA;NA;56;2682;3322;NA;18403;138;221;57;1999;1110;181830;624;5;75;1;NA;2886;NA;NA;1;NA;4;0;0;NA;0;NA;0;0;NA;4;NA;0;NA;0;NA;0;2577;NA;1411;0;17;279;NA;88;NA;4007;NA;NA;45802;2058;30877;6594;836;1
"38";2012;3;118;92;5509;NA;3423;729;499;NA;NA;NA;NA;0;NA;2029;87;37;35;69;NA;NA;16;1;0;NA;NA;NA;NA;NA;NA;NA;NA;NA;NA;NA;NA;NA;28;1250;1470;NA;7759;61;72;34;724;472;81214;80;0;17;1;NA;1271;NA;NA;0;NA;2;0;0;NA;0;NA;0;0;NA;0;NA;0;NA;2;NA;0;998;NA;133;1;2;1;NA;24;NA;3494;NA;NA;19913;219;11523;3078;239;1
"39";2012;3;320;264;15189;NA;17533;1861;1576;NA;NA;NA;NA;1;NA;7952;2051;116;109;189;NA;NA;71;2;3;NA;NA;NA;NA;NA;NA;NA;NA;NA;NA;NA;NA;NA;33;4273;3866;NA;25869;106;259;89;2039;1194;226054;1574;3;73;3;NA;3603;NA;NA;0;NA;3;0;0;NA;0;NA;0;0;NA;3;NA;0;NA;0;NA;0;2912;NA;2753;1;72;1014;NA;121;NA;5182;NA;NA;64466;4031;40026;7045;999;5
"40";2012;3;NA;NA;NA;NA;NA;NA;NA;NA;NA;NA;NA;NA;NA;NA;NA;NA;NA;NA;NA;NA;NA;NA;NA;NA;NA;NA;NA;NA;NA;NA;NA;NA;NA;NA;NA;NA;NA;NA;NA;NA;NA;NA;NA;NA;NA;NA;NA;NA;NA;NA;NA;NA;NA;NA;NA;NA;NA;NA;NA;NA;NA;NA;NA;NA;NA;NA;NA;NA;NA;NA;NA;NA;NA;NA;NA;NA;NA;NA;NA;NA;NA;NA;NA;NA;NA;NA;NA;NA;NA;NA;NA
"10";2012;4;1524;1010;36729;NA;116781;2814;1641;42271;2758;NA;35200;3;NA;52421;9696;154;135;879;NA;NA;450;4;17;36863;NA;NA;2495;NA;NA;NA;NA;28192;NA;NA;NA;NA;315;6820;11050;NA;126703;895;540;116;7848;1476;825233;8841;18;516;4;NA;5846;NA;NA;3;NA;45;0;0;NA;2;NA;3;0;NA;4;NA;0;NA;31;NA;1;6381;NA;26283;29;964;10653;NA;523;NA;3072;NA;NA;193883;38285;164821;30614;1793;91
"20";2012;4;723;786;25759;NA;51749;2447;1339;19428;1878;NA;24838;3;NA;19060;5114;156;149;672;NA;NA;385;3;23;19239;NA;NA;1815;NA;NA;NA;NA;16967;NA;NA;NA;NA;180;5107;7634;NA;60249;443;618;68;4701;1567;355447;4674;23;438;3;NA;5138;NA;NA;4;NA;17;0;0;NA;0;NA;0;0;NA;2;NA;0;NA;13;NA;0;5670;NA;11544;13;424;6048;NA;387;NA;4246;NA;NA;130863;18675;87218;18378;1365;46
"30";2012;4;2435;2282;110688;NA;130183;12293;9701;61159;4219;NA;91749;1;NA;68962;11332;943;903;1764;NA;NA;670;8;38;58569;NA;NA;4077;NA;NA;NA;NA;59684;NA;NA;NA;NA;688;23954;31210;NA;172173;1665;2411;518;15905;7948;2702716;8540;40;715;11;NA;23403;NA;NA;2;NA;39;0;0;NA;2;NA;1;0;NA;2;NA;0;NA;25;NA;0;20657;NA;17960;18;330;4979;NA;1015;NA;38529;NA;NA;440568;25412;288550;57723;6857;41
"99";2012;4;4682;4078;173176;NA;298713;17554;12681;122858;8855;NA;151787;7;NA;140443;26142;1253;1187;3315;NA;NA;1505;15;78;114671;NA;NA;8387;NA;NA;NA;NA;104843;NA;NA;NA;NA;1183;35881;49894;NA;359125;3003;3569;702;28454;10991;3883396;22055;81;1669;18;NA;34387;NA;NA;9;NA;101;0;0;NA;4;NA;4;0;NA;8;NA;0;NA;69;NA;1;32708;NA;55787;60;1718;21680;NA;1925;NA;45847;NA;NA;765314;82372;540589;106715;10015;178
"31";2012;4;246;238;10411;NA;13265;1221;871;NA;NA;NA;NA;0;NA;6914;1061;110;106;173;NA;NA;110;1;5;NA;NA;NA;NA;NA;NA;NA;NA;NA;NA;NA;NA;NA;76;1886;2856;NA;16575;176;245;31;1714;790;880379;914;5;116;2;NA;1908;NA;NA;0;NA;7;0;0;NA;0;NA;0;0;NA;1;NA;0;NA;3;NA;0;2267;NA;2092;2;29;584;NA;125;NA;3268;NA;NA;43801;2964;27914;6233;820;4
"32";2012;4;354;349;15096;NA;23948;1311;1166;NA;NA;NA;NA;0;NA;11197;2515;121;113;246;NA;NA;90;2;1;NA;NA;NA;NA;NA;NA;NA;NA;NA;NA;NA;NA;NA;149;3417;4219;NA;25832;190;267;55;2355;955;243186;1959;1;96;2;NA;3125;NA;NA;0;NA;8;0;0;NA;0;NA;0;0;NA;0;NA;0;NA;5;NA;0;2888;NA;3656;5;109;1878;NA;120;NA;4738;NA;NA;68394;5871;44995;7540;885;12
"33";2012;4;347;278;16915;NA;20088;2143;1994;NA;NA;NA;NA;0;NA;11931;1894;148;142;222;NA;NA;105;3;10;NA;NA;NA;NA;NA;NA;NA;NA;NA;NA;NA;NA;NA;81;3151;4930;NA;27208;566;669;69;2354;1289;390952;1276;10;117;4;NA;3262;NA;NA;0;NA;7;0;0;NA;0;NA;0;0;NA;0;NA;0;NA;3;NA;0;2990;NA;2104;1;18;353;NA;137;NA;5248;NA;NA;71451;2794;44680;8702;1231;7
"34";2012;4;215;216;11490;NA;10062;1357;824;NA;NA;NA;NA;0;NA;5988;623;94;89;159;NA;NA;57;0;1;NA;NA;NA;NA;NA;NA;NA;NA;NA;NA;NA;NA;NA;45;2687;3342;NA;14740;158;193;75;1394;994;134417;523;1;59;0;NA;2053;NA;NA;0;NA;2;0;0;NA;0;NA;0;0;NA;0;NA;0;NA;3;NA;0;2156;NA;801;0;6;52;NA;66;NA;5384;NA;NA;41399;1070;26002;5981;565;1
"35";2012;4;275;263;13976;NA;11065;1512;1049;NA;NA;NA;NA;0;NA;6629;756;126;118;214;NA;NA;35;0;4;NA;NA;NA;NA;NA;NA;NA;NA;NA;NA;NA;NA;NA;136;3814;3573;NA;15731;99;150;54;1644;968;205008;606;4;36;0;NA;3911;NA;NA;1;NA;0;0;0;NA;0;NA;1;0;NA;0;NA;0;NA;1;NA;0;2142;NA;794;5;3;80;NA;134;NA;5212;NA;NA;47528;1127;31776;6978;718;2
"36";2012;4;280;257;8476;NA;17848;847;785;NA;NA;NA;NA;1;NA;8907;1105;102;100;207;NA;NA;82;0;4;NA;NA;NA;NA;NA;NA;NA;NA;NA;NA;NA;NA;NA;46;1283;2663;NA;18268;190;347;55;1708;634;211355;835;4;91;0;NA;1767;NA;NA;1;NA;10;0;0;NA;2;NA;0;0;NA;1;NA;0;NA;4;NA;0;1960;NA;4278;0;110;548;NA;110;NA;2704;NA;NA;34370;5120;29980;4929;541;8
"37";2012;4;271;367;12726;NA;12837;1398;978;NA;NA;NA;NA;0;NA;7067;1310;115;112;317;NA;NA;75;0;7;NA;NA;NA;NA;NA;NA;NA;NA;NA;NA;NA;NA;NA;78;2459;3682;NA;19064;145;208;66;1963;956;177284;691;9;82;0;NA;2784;NA;NA;0;NA;1;0;0;NA;0;NA;0;0;NA;0;NA;0;NA;2;NA;0;2575;NA;1384;3;9;314;NA;156;NA;3264;NA;NA;47473;2097;31090;6828;799;1
"38";2012;4;121;82;5660;NA;3405;684;442;NA;NA;NA;NA;0;NA;2045;90;25;24;60;NA;NA;23;1;1;NA;NA;NA;NA;NA;NA;NA;NA;NA;NA;NA;NA;NA;29;1154;1682;NA;8031;42;58;32;695;402;70185;88;1;24;2;NA;1307;NA;NA;0;NA;0;0;0;NA;0;NA;0;0;NA;0;NA;0;NA;1;NA;0;911;NA;171;1;1;10;NA;27;NA;3703;NA;NA;20343;265;11580;3186;219;1
"39";2012;4;326;232;15938;NA;17665;1820;1592;NA;NA;NA;NA;0;NA;8284;1978;102;99;166;NA;NA;93;1;5;NA;NA;NA;NA;NA;NA;NA;NA;NA;NA;NA;NA;NA;48;4103;4263;NA;26724;99;274;81;2078;960;202211;1648;5;94;1;NA;3286;NA;NA;0;NA;4;0;0;NA;0;NA;0;0;NA;0;NA;0;NA;3;NA;0;2768;NA;2680;1;45;1160;NA;140;NA;5008;NA;NA;65809;4104;40533;7346;1079;5
"40";2012;4;NA;NA;NA;NA;NA;NA;NA;NA;NA;NA;NA;NA;NA;NA;NA;NA;NA;NA;NA;NA;NA;NA;NA;NA;NA;NA;NA;NA;NA;NA;NA;NA;NA;NA;NA;NA;NA;NA;NA;NA;NA;NA;NA;NA;NA;NA;NA;NA;NA;NA;NA;NA;NA;NA;NA;NA;NA;NA;NA;NA;NA;NA;NA;NA;NA;NA;NA;NA;NA;NA;NA;NA;NA;NA;NA;NA;NA;NA;NA;NA;NA;NA;NA;NA;NA;NA;NA;NA;NA;NA;NA
"10";2013;1;1141;989;36035;NA;116434;2749;1837;43228;2432;NA;35699;9;NA;48886;11567;143;127;867;NA;NA;304;2;40;36328;NA;NA;1298;NA;NA;NA;NA;13366;NA;NA;NA;NA;383;5963;10573;NA;125922;885;710;201;8606;1735;902111;9850;40;325;2;NA;5755;NA;NA;6;NA;34;1;0;NA;0;NA;4;0;NA;4;NA;1;NA;37;NA;2;7532;NA;28123;23;1083;11711;NA;363;NA;2849;NA;NA;196601;41054;163799;29533;2059;29
"20";2013;1;695;809;25223;NA;52237;2468;1547;20383;1695;NA;23095;3;NA;18690;4959;126;115;694;NA;NA;299;5;25;18235;NA;NA;1352;NA;NA;NA;NA;7856;NA;NA;NA;NA;272;4593;7538;NA;59578;511;840;50;5689;1619;384504;4613;25;334;6;NA;5193;NA;NA;3;NA;18;2;0;NA;0;NA;0;0;NA;2;NA;0;NA;11;NA;1;6437;NA;12483;8;438;6041;NA;344;NA;4002;NA;NA;130321;19545;87477;18541;1544;13
"30";2013;1;2642;2371;104128;NA;133451;11819;11398;58566;3499;NA;90049;2;NA;70406;11264;685;649;1795;NA;NA;586;6;36;54087;NA;NA;3317;NA;NA;NA;NA;38030;NA;NA;NA;NA;684;20885;28652;NA;173743;1944;2812;600;20536;7583;2319316;8869;36;619;7;NA;23361;NA;NA;2;NA;25;1;1;NA;2;NA;1;0;NA;7;NA;0;NA;19;NA;0;24276;NA;18646;18;308;5145;NA;839;NA;38295;NA;NA;438864;26210;286528;61644;8170;25
"99";2013;1;4478;4169;165386;NA;302122;17036;14782;122177;7626;NA;148843;14;NA;137982;27790;954;891;3356;NA;NA;1189;13;101;108650;NA;NA;5967;NA;NA;NA;NA;59252;NA;NA;NA;NA;1339;31441;46763;NA;359243;3340;4362;851;34831;10937;3605931;23332;101;1278;15;NA;34309;NA;NA;11;NA;77;4;1;NA;2;NA;5;0;NA;13;NA;1;NA;67;NA;3;38245;NA;59252;49;1829;22897;NA;1546;NA;45146;NA;NA;765786;86809;537804;109718;11773;67
"31";2013;1;278;246;10140;NA;13551;1080;986;NA;NA;NA;NA;0;NA;6606;1065;60;54;166;NA;NA;113;2;4;NA;NA;NA;NA;NA;NA;NA;NA;NA;NA;NA;NA;NA;63;1660;2694;NA;17068;204;307;56;2155;761;320110;984;4;119;2;NA;1854;NA;NA;1;NA;1;0;0;NA;0;NA;0;0;NA;0;NA;0;NA;0;NA;0;2599;NA;2258;3;29;659;NA;136;NA;3210;NA;NA;43973;3200;27857;6973;994;0
"32";2013;1;360;349;14424;NA;23713;1358;1314;NA;NA;NA;NA;2;NA;10801;2566;115;111;235;NA;NA;87;2;7;NA;NA;NA;NA;NA;NA;NA;NA;NA;NA;NA;NA;NA;136;3000;3879;NA;25265;224;306;76;2703;781;263844;2030;7;93;3;NA;3053;NA;NA;0;NA;2;0;0;NA;0;NA;0;0;NA;0;NA;0;NA;1;NA;0;3043;NA;3622;5;133;1834;NA;93;NA;4847;NA;NA;67722;5787;44211;7554;978;5
"33";2013;1;379;313;15759;NA;20610;2329;2445;NA;NA;NA;NA;0;NA;12596;1806;88;86;253;NA;NA;69;0;6;NA;NA;NA;NA;NA;NA;NA;NA;NA;NA;NA;NA;NA;66;2650;4381;NA;27636;631;772;105;3432;1372;459784;1383;6;73;0;NA;3720;NA;NA;0;NA;2;1;0;NA;0;NA;0;0;NA;1;NA;0;NA;4;NA;0;3993;NA;2104;0;27;390;NA;93;NA;5593;NA;NA;72465;2822;45176;9846;1517;2
"34";2013;1;267;251;10744;NA;10417;1253;979;NA;NA;NA;NA;0;NA;6427;586;78;75;193;NA;NA;40;0;4;NA;NA;NA;NA;NA;NA;NA;NA;NA;NA;NA;NA;NA;42;2304;3119;NA;14886;173;228;69;1814;886;162555;517;4;40;0;NA;2245;NA;NA;0;NA;3;0;0;NA;1;NA;0;0;NA;2;NA;0;NA;0;NA;0;2347;NA;811;0;5;55;NA;55;NA;5286;NA;NA;41096;1103;25889;6207;649;1
"35";2013;1;235;264;12443;NA;11296;1378;1196;NA;NA;NA;NA;0;NA;6965;754;73;67;207;NA;NA;44;0;2;NA;NA;NA;NA;NA;NA;NA;NA;NA;NA;NA;NA;NA;139;3219;3062;NA;16143;149;225;58;2154;901;207219;604;2;45;0;NA;3363;NA;NA;0;NA;2;0;0;NA;0;NA;0;0;NA;1;NA;0;NA;2;NA;0;2476;NA;941;1;1;65;NA;106;NA;5146;NA;NA;46567;1259;29940;7219;876;1
"36";2013;1;273;217;8310;NA;19564;835;850;NA;NA;NA;NA;0;NA;9510;1032;69;65;175;NA;NA;61;0;5;NA;NA;NA;NA;NA;NA;NA;NA;NA;NA;NA;NA;NA;72;1308;2510;NA;19947;182;331;93;2044;613;269652;883;5;69;0;NA;1858;NA;NA;0;NA;3;0;0;NA;0;NA;1;0;NA;0;NA;0;NA;5;NA;0;2283;NA;4433;1;56;655;NA;90;NA;2711;NA;NA;35796;5329;31634;5532;560;11
"37";2013;1;395;347;12146;NA;12783;1255;1182;NA;NA;NA;NA;0;NA;7018;1328;106;102;290;NA;NA;65;2;6;NA;NA;NA;NA;NA;NA;NA;NA;NA;NA;NA;NA;NA;64;2158;3410;NA;18702;160;193;45;2613;919;172565;689;6;66;2;NA;2760;NA;NA;0;NA;4;0;0;NA;0;NA;0;0;NA;0;NA;0;NA;5;NA;0;3048;NA;1418;3;11;354;NA;117;NA;2923;NA;NA;46962;2133;30473;7173;1032;1
"38";2013;1;120;95;5248;NA;3498;644;513;NA;NA;NA;NA;0;NA;2160;88;25;23;74;NA;NA;19;0;1;NA;NA;NA;NA;NA;NA;NA;NA;NA;NA;NA;NA;NA;54;994;1551;NA;7208;52;68;28;978;353;74185;95;1;19;0;NA;1261;NA;NA;0;NA;1;0;0;NA;0;NA;0;0;NA;2;NA;0;NA;0;NA;0;1142;NA;162;0;2;5;NA;36;NA;3597;NA;NA;19105;261;11259;3376;266;0
"39";2013;1;335;289;14914;NA;18019;1687;1933;NA;NA;NA;NA;0;NA;8323;2039;71;66;202;NA;NA;88;0;1;NA;NA;NA;NA;NA;NA;NA;NA;NA;NA;NA;NA;NA;48;3592;4046;NA;26888;169;382;70;2643;997;227098;1684;1;95;0;NA;3247;NA;NA;1;NA;7;0;1;NA;1;NA;0;0;NA;1;NA;0;NA;2;NA;0;3345;NA;2897;5;44;1128;NA;113;NA;4982;NA;NA;65178;4316;40089;7764;1298;4
"40";2013;1;NA;NA;NA;NA;NA;NA;NA;NA;NA;NA;NA;NA;NA;NA;NA;NA;NA;NA;NA;NA;NA;NA;NA;NA;NA;NA;NA;NA;NA;NA;NA;NA;NA;NA;NA;NA;NA;NA;NA;NA;NA;NA;NA;NA;NA;NA;NA;NA;NA;NA;NA;NA;NA;NA;NA;NA;NA;NA;NA;NA;NA;NA;NA;NA;NA;NA;NA;NA;NA;NA;NA;NA;NA;NA;NA;NA;NA;NA;NA;NA;NA;NA;NA;NA;NA;NA;NA;NA;NA;NA;NA
"10";2013;2;1313;896;34335;NA;124880;3254;2086;45552;2791;NA;47930;6;NA;51403;12449;150;136;754;NA;NA;310;4;37;44531;NA;NA;1892;NA;NA;NA;NA;35005;NA;NA;NA;NA;298;6396;9769;NA;126382;1028;830;238;9317;2806;988415;10067;39;334;5;NA;6282;NA;NA;11;NA;47;0;2;NA;2;NA;1;0;NA;2;NA;1;NA;22;NA;3;9165;NA;31660;36;1068;12420;NA;351;NA;3457;NA;NA;201214;45187;171733;32002;2109;37
"20";2013;2;722;793;24789;NA;54730;2646;1596;21104;1727;NA;25032;2;NA;19112;5637;178;172;702;NA;NA;234;4;28;20292;NA;NA;2376;NA;NA;NA;NA;16649;NA;NA;NA;NA;229;5117;7278;NA;62125;543;895;83;5711;2001;362260;4816;28;252;4;NA;5516;NA;NA;6;NA;16;0;0;NA;3;NA;1;0;NA;4;NA;0;NA;5;NA;0;6933;NA;13105;14;455;6221;NA;280;NA;4592;NA;NA;133139;20292;90070;19376;1591;22
"30";2013;2;2729;2290;101212;NA;132383;11914;10911;65420;3714;NA;95651;1;NA;68049;11283;830;783;1717;NA;NA;504;16;37;61583;NA;NA;3546;NA;NA;NA;NA;64638;NA;NA;NA;NA;637;23308;27008;NA;174497;2048;2895;665;20375;8952;2582887;8839;38;522;18;NA;24859;NA;NA;2;NA;17;0;0;NA;0;NA;0;0;NA;14;NA;0;NA;15;NA;1;25382;NA;20141;20;393;5073;NA;734;NA;38267;NA;NA;442006;27473;283569;63036;8078;24
"99";2013;2;4764;3979;160336;NA;311993;17814;14593;132076;8232;NA;168613;9;NA;138564;29369;1158;1091;3173;NA;NA;1048;24;102;126406;NA;NA;7814;NA;NA;NA;NA;116292;NA;NA;NA;NA;1164;34821;44055;NA;363004;3619;4620;986;35403;13759;3933562;23722;105;1108;27;NA;36657;NA;NA;19;NA;80;0;2;NA;5;NA;2;0;NA;20;NA;1;NA;42;NA;4;41480;NA;64906;70;1916;23714;NA;1365;NA;46316;NA;NA;776359;92952;545372;114414;11778;83
"31";2013;2;327;217;9560;NA;13068;1007;902;NA;NA;NA;NA;0;NA;6421;1048;76;69;176;NA;NA;90;0;7;NA;NA;NA;NA;NA;NA;NA;NA;NA;NA;NA;NA;NA;50;1800;2645;NA;15596;216;289;49;1998;823;327701;894;7;92;0;NA;1936;NA;NA;1;NA;3;0;0;NA;0;NA;0;0;NA;0;NA;0;NA;1;NA;0;2551;NA;2451;2;26;568;NA;99;NA;2996;NA;NA;42283;3292;26690;6391;864;3
"32";2013;2;438;322;14049;NA;23643;1268;1319;NA;NA;NA;NA;0;NA;10582;2404;126;117;242;NA;NA;68;2;6;NA;NA;NA;NA;NA;NA;NA;NA;NA;NA;NA;NA;NA;110;3411;3740;NA;26023;254;338;55;2825;1014;273297;1993;5;71;2;NA;3117;NA;NA;0;NA;4;0;0;NA;0;NA;0;0;NA;1;NA;0;NA;3;NA;0;3330;NA;3796;2;148;1855;NA;93;NA;4059;NA;NA;68157;5967;43718;7760;1046;6
"33";2013;2;451;339;15424;NA;20095;2331;2335;NA;NA;NA;NA;0;NA;12013;1887;128;122;265;NA;NA;64;3;7;NA;NA;NA;NA;NA;NA;NA;NA;NA;NA;NA;NA;NA;73;2849;4229;NA;27607;625;861;149;3625;1449;534148;1342;8;66;3;NA;4071;NA;NA;0;NA;3;0;0;NA;0;NA;0;0;NA;0;NA;0;NA;3;NA;0;4259;NA;2274;2;37;368;NA;100;NA;5720;NA;NA;71991;2978;44595;10234;1430;1
"34";2013;2;229;224;10586;NA;9929;1268;1018;NA;NA;NA;NA;0;NA;6057;523;81;78;169;NA;NA;33;0;2;NA;NA;NA;NA;NA;NA;NA;NA;NA;NA;NA;NA;NA;46;2658;2864;NA;15224;208;299;85;1890;1075;187808;483;2;33;0;NA;2359;NA;NA;1;NA;1;0;0;NA;0;NA;0;0;NA;6;NA;0;NA;0;NA;0;2635;NA;886;1;5;39;NA;43;NA;5410;NA;NA;41089;1129;25384;6376;735;0
"35";2013;2;238;264;12645;NA;11029;1534;1214;NA;NA;NA;NA;0;NA;6854;687;92;88;199;NA;NA;42;2;1;NA;NA;NA;NA;NA;NA;NA;NA;NA;NA;NA;NA;NA;143;3735;3110;NA;16694;187;279;61;2111;1185;216879;574;1;42;2;NA;3492;NA;NA;0;NA;0;0;0;NA;0;NA;0;0;NA;1;NA;0;NA;3;NA;0;2617;NA;899;2;1;58;NA;95;NA;5246;NA;NA;47392;1199;30178;7785;917;2
"36";2013;2;270;219;7680;NA;19189;714;672;NA;NA;NA;NA;0;NA;8651;920;79;73;165;NA;NA;55;1;6;NA;NA;NA;NA;NA;NA;NA;NA;NA;NA;NA;NA;NA;83;1227;2156;NA;17212;176;239;95;1715;656;272724;769;6;56;1;NA;1815;NA;NA;0;NA;0;0;0;NA;0;NA;0;0;NA;2;NA;0;NA;3;NA;0;2113;NA;5060;1;80;669;NA;75;NA;2628;NA;NA;35247;5955;30289;5373;488;8
"37";2013;2;332;366;11689;NA;13566;1324;1185;NA;NA;NA;NA;1;NA;7194;1344;124;119;287;NA;NA;60;5;1;NA;NA;NA;NA;NA;NA;NA;NA;NA;NA;NA;NA;NA;54;2458;3245;NA;20176;162;169;61;2672;1187;163279;761;1;64;6;NA;3180;NA;NA;0;NA;1;0;0;NA;0;NA;0;0;NA;2;NA;0;NA;0;NA;1;3331;NA;1503;4;18;433;NA;91;NA;2924;NA;NA;49225;2285;31310;7792;1030;2
"38";2013;2;91;75;5223;NA;3408;676;495;NA;NA;NA;NA;0;NA;1998;119;26;26;49;NA;NA;8;1;1;NA;NA;NA;NA;NA;NA;NA;NA;NA;NA;NA;NA;NA;44;1121;1463;NA;7588;81;99;26;960;525;74139;138;1;8;1;NA;1355;NA;NA;0;NA;1;0;0;NA;0;NA;0;0;NA;2;NA;0;NA;0;NA;0;1195;NA;160;0;2;5;NA;30;NA;3988;NA;NA;19491;223;11232;3416;301;0
"39";2013;2;353;264;14356;NA;18456;1792;1771;NA;NA;NA;NA;0;NA;8279;2351;98;91;165;NA;NA;84;2;6;NA;NA;NA;NA;NA;NA;NA;NA;NA;NA;NA;NA;NA;34;4049;3556;NA;28377;139;322;84;2579;1038;256346;1885;7;90;3;NA;3534;NA;NA;0;NA;4;0;0;NA;0;NA;0;0;NA;0;NA;0;NA;2;NA;0;3351;NA;3112;6;76;1078;NA;108;NA;5296;NA;NA;67131;4445;40173;7909;1267;2
"40";2013;2;NA;NA;NA;NA;NA;NA;NA;NA;NA;NA;NA;NA;NA;NA;NA;NA;NA;NA;NA;NA;NA;NA;NA;NA;NA;NA;NA;NA;NA;NA;NA;NA;NA;NA;NA;NA;NA;NA;NA;NA;NA;NA;NA;NA;NA;NA;NA;NA;NA;NA;NA;NA;NA;NA;NA;NA;NA;NA;NA;NA;NA;NA;NA;NA;NA;NA;NA;NA;NA;NA;NA;NA;NA;NA;NA;NA;NA;NA;NA;NA;NA;NA;NA;NA;NA;NA;NA;NA;NA;NA;NA
"10";2013;3;1488;783;31912;NA;124063;3029;1671;43011;2889;NA;46547;6;NA;50070;12886;135;132;672;NA;NA;254;1;30;42722;NA;NA;2473;NA;NA;NA;NA;35792;NA;NA;NA;NA;246;6580;8769;NA;131534;1111;985;119;8808;2120;968211;9795;30;266;1;NA;5856;NA;NA;8;NA;66;6;0;NA;1;NA;4;0;NA;4;NA;0;NA;26;NA;2;8382;NA;33459;35;1216;12557;NA;362;NA;3258;NA;NA;195062;46978;167314;28489;1721;32
"20";2013;3;700;685;22741;NA;55675;2381;1255;20826;1767;NA;24315;6;NA;18151;6080;183;172;587;NA;NA;279;4;21;20314;NA;NA;1677;NA;NA;NA;NA;16881;NA;NA;NA;NA;129;5257;6273;NA;63460;472;693;82;5215;1977;361341;5485;21;319;11;NA;5349;NA;NA;5;NA;23;1;0;NA;0;NA;2;0;NA;3;NA;0;NA;17;NA;0;6480;NA;14492;12;465;6964;NA;289;NA;3825;NA;NA;133245;22349;88086;17937;1290;22
"30";2013;3;2769;2031;98099;NA;125871;10800;10347;61897;3818;NA;93307;7;NA;63920;11714;843;798;1613;NA;NA;529;9;36;61174;NA;NA;3768;NA;NA;NA;NA;61925;NA;NA;NA;NA;640;24324;24927;NA;175280;1874;2613;650;18114;7495;2572513;8855;37;550;14;NA;24801;NA;NA;1;NA;36;0;0;NA;0;NA;0;0;NA;9;NA;1;NA;22;NA;2;22604;NA;19147;20;390;5259;NA;795;NA;35308;NA;NA;430210;26591;271949;58578;7513;36
"99";2013;3;4957;3499;152752;NA;305609;16210;13273;125734;8474;NA;164169;19;NA;132141;30680;1161;1102;2872;NA;NA;1062;14;87;124210;NA;NA;7918;NA;NA;NA;NA;114598;NA;NA;NA;NA;1015;36161;39969;NA;370274;3457;4291;851;32137;11592;3902065;24135;88;1135;26;NA;36006;NA;NA;14;NA;125;7;0;NA;1;NA;6;0;NA;16;NA;1;NA;65;NA;4;37466;NA;67098;67;2071;24780;NA;1446;NA;42391;NA;NA;758517;95918;527349;105004;10524;90
"31";2013;3;344;195;9445;NA;12887;1007;972;NA;NA;NA;NA;1;NA;6271;1151;72;64;142;NA;NA;74;0;3;NA;NA;NA;NA;NA;NA;NA;NA;NA;NA;NA;NA;NA;43;1838;2463;NA;15861;197;264;54;1932;781;318010;926;3;77;0;NA;1913;NA;NA;0;NA;5;0;0;NA;0;NA;0;0;NA;1;NA;0;NA;0;NA;0;2449;NA;2436;2;28;565;NA;127;NA;2817;NA;NA;41796;3221;26419;6463;936;5
"32";2013;3;355;302;13353;NA;22020;1099;1133;NA;NA;NA;NA;3;NA;9797;2475;122;115;216;NA;NA;80;3;6;NA;NA;NA;NA;NA;NA;NA;NA;NA;NA;NA;NA;NA;98;3377;3449;NA;26965;218;317;73;2319;873;279582;1960;6;90;7;NA;2863;NA;NA;0;NA;5;0;0;NA;0;NA;0;0;NA;2;NA;0;NA;1;NA;1;2787;NA;3682;2;181;1826;NA;82;NA;3533;NA;NA;66656;5813;40770;7330;888;7
"33";2013;3;498;247;14873;NA;20055;2074;2203;NA;NA;NA;NA;0;NA;11852;1843;138;134;225;NA;NA;69;1;4;NA;NA;NA;NA;NA;NA;NA;NA;NA;NA;NA;NA;NA;80;3028;3953;NA;27409;516;651;146;3335;1175;537003;1302;4;72;1;NA;4008;NA;NA;0;NA;7;0;0;NA;0;NA;0;0;NA;0;NA;0;NA;4;NA;0;3842;NA;2284;3;28;351;NA;123;NA;5207;NA;NA;70531;2933;43460;9831;1259;5
"34";2013;3;259;194;10245;NA;9279;1162;1010;NA;NA;NA;NA;0;NA;5534;514;79;75;157;NA;NA;29;1;3;NA;NA;NA;NA;NA;NA;NA;NA;NA;NA;NA;NA;NA;39;2711;2693;NA;15476;206;280;82;1701;958;183280;429;3;31;1;NA;2605;NA;NA;0;NA;6;0;0;NA;0;NA;0;0;NA;4;NA;0;NA;4;NA;0;2384;NA;806;3;2;30;NA;62;NA;5285;NA;NA;40651;1025;24495;5733;715;1
"35";2013;3;209;163;9177;NA;6862;925;650;NA;NA;NA;NA;0;NA;4190;590;76;71;131;NA;NA;29;0;2;NA;NA;NA;NA;NA;NA;NA;NA;NA;NA;NA;NA;NA;164;3039;2025;NA;10718;93;139;34;1039;648;99220;504;2;29;0;NA;2478;NA;NA;0;NA;2;0;0;NA;0;NA;0;0;NA;0;NA;0;NA;3;NA;0;1364;NA;487;1;2;36;NA;54;NA;3710;NA;NA;30695;685;20255;4418;550;2
"36";2013;3;299;187;6767;NA;17441;583;654;NA;NA;NA;NA;1;NA;7912;907;93;92;160;NA;NA;66;0;7;NA;NA;NA;NA;NA;NA;NA;NA;NA;NA;NA;NA;NA;68;1261;1783;NA;17168;184;211;57;1599;558;219437;890;7;67;0;NA;1755;NA;NA;0;NA;1;0;0;NA;0;NA;0;0;NA;0;NA;0;NA;5;NA;1;2064;NA;4656;3;71;901;NA;89;NA;2058;NA;NA;32632;5791;27387;4839;498;5
"37";2013;3;298;339;11062;NA;12932;1236;1118;NA;NA;NA;NA;1;NA;6689;1395;121;114;275;NA;NA;68;2;7;NA;NA;NA;NA;NA;NA;NA;NA;NA;NA;NA;NA;NA;52;2416;2922;NA;19075;191;215;61;2361;887;157981;764;9;70;2;NA;2905;NA;NA;0;NA;1;0;0;NA;0;NA;0;0;NA;2;NA;0;NA;2;NA;0;2827;NA;1386;4;17;411;NA;104;NA;2729;NA;NA;46613;2148;29592;6931;971;8
"38";2013;3;129;69;5009;NA;3262;659;525;NA;NA;NA;NA;0;NA;1844;132;26;25;49;NA;NA;15;0;0;NA;NA;NA;NA;NA;NA;NA;NA;NA;NA;NA;NA;NA;27;1200;1351;NA;7743;83;107;20;911;426;78783;126;0;15;0;NA;1430;NA;NA;0;NA;0;0;0;NA;0;NA;0;0;NA;0;NA;0;NA;1;NA;0;1131;NA;185;0;1;5;NA;27;NA;3817;NA;NA;19249;254;10954;3102;279;0
"39";2013;3;321;261;14124;NA;17594;1556;1648;NA;NA;NA;NA;1;NA;7689;2528;92;89;184;NA;NA;89;2;4;NA;NA;NA;NA;NA;NA;NA;NA;NA;NA;NA;NA;NA;54;4101;3345;NA;28202;134;357;94;2287;890;261844;1816;4;92;3;NA;3568;NA;NA;1;NA;9;0;0;NA;0;NA;0;0;NA;0;NA;1;NA;2;NA;0;2907;NA;2948;2;59;1121;NA;92;NA;4845;NA;NA;65094;4347;38751;7470;1148;3
"40";2013;3;57;74;4044;NA;3539;499;434;NA;NA;NA;NA;NA;NA;2142;179;24;19;74;NA;NA;10;0;0;NA;NA;NA;NA;NA;NA;NA;NA;NA;NA;NA;NA;NA;15;1353;943;NA;6663;52;72;29;630;299;119389;138;0;10;0;NA;1276;NA;NA;0;NA;0;0;0;NA;0;NA;0;0;NA;0;NA;0;NA;0;NA;0;849;NA;277;0;1;13;NA;35;NA;1307;NA;NA;16293;374;9866;2461;269;0
"10";2013;4;1251;718;30785;NA;123597;2526;1535;42424;2722;NA;47795;2;NA;50946;11575;135;124;610;NA;NA;308;7;33;39454;NA;NA;2258;NA;NA;NA;NA;38240;NA;NA;NA;NA;282;6836;8906;NA;127212;1151;902;83;8972;1996;849880;9981;34;331;7;NA;5489;NA;NA;3;NA;56;4;0;NA;4;NA;8;0;NA;6;NA;0;NA;27;NA;5;8395;NA;33284;28;1214;14025;NA;383;NA;3195;NA;NA;191365;48262;164650;27030;1515;53
"20";2013;4;722;637;21858;NA;54545;2056;1246;19537;1766;NA;22660;3;NA;17977;5789;157;145;521;NA;NA;274;2;22;17880;NA;NA;1556;NA;NA;NA;NA;18189;NA;NA;NA;NA;124;5158;6156;NA;58931;483;747;106;5284;1848;367730;5440;22;288;2;NA;4772;NA;NA;5;NA;18;1;0;NA;0;NA;1;0;NA;2;NA;0;NA;7;NA;0;6467;NA;14107;12;493;7645;NA;323;NA;3960;NA;NA;130405;22572;85114;16864;1226;16
"30";2013;4;2673;1967;98038;NA;125316;10732;9521;60154;4090;NA;85349;4;NA;65278;11581;874;842;1525;NA;NA;563;14;35;57930;NA;NA;3904;NA;NA;NA;NA;59189;NA;NA;NA;NA;699;23411;26816;NA;174197;2018;2746;611;18117;7791;2318412;9124;35;593;21;NA;23103;NA;NA;2;NA;36;5;0;NA;0;NA;1;0;NA;8;NA;0;NA;13;NA;4;22762;NA;18420;17;436;5664;NA;828;NA;32260;NA;NA;433663;26211;268677;56249;6740;25
"99";2013;4;4646;3322;150681;NA;303458;15314;12302;122115;8578;NA;155804;9;NA;134201;28945;1166;1111;2656;NA;NA;1145;23;90;115264;NA;NA;7718;NA;NA;NA;NA;115618;NA;NA;NA;NA;1105;35405;41878;NA;360340;3652;4395;800;32373;11635;3536022;24545;91;1212;30;NA;33364;NA;NA;10;NA;110;10;0;NA;4;NA;10;0;NA;16;NA;0;NA;47;NA;9;37624;NA;65811;57;2143;27334;NA;1534;NA;39415;NA;NA;755433;97045;518441;100143;9481;94
"31";2013;4;259;147;8340;NA;12855;886;896;NA;NA;NA;NA;0;NA;6562;1123;86;84;124;NA;NA;88;1;3;NA;NA;NA;NA;NA;NA;NA;NA;NA;NA;NA;NA;NA;39;1843;2228;NA;15977;154;249;74;1778;806;288617;1057;3;96;1;NA;1865;NA;NA;0;NA;2;1;0;NA;0;NA;0;0;NA;1;NA;0;NA;5;NA;1;2393;NA;2301;3;22;642;NA;129;NA;2611;NA;NA;42101;3158;24989;6020;706;0
"32";2013;4;403;309;13207;NA;21324;1105;1083;NA;NA;NA;NA;2;NA;10006;2055;139;136;236;NA;NA;86;0;9;NA;NA;NA;NA;NA;NA;NA;NA;NA;NA;NA;NA;NA;117;3102;3616;NA;26431;235;346;65;2535;858;250270;1774;9;90;0;NA;2710;NA;NA;0;NA;9;2;0;NA;0;NA;0;0;NA;1;NA;0;NA;0;NA;1;2932;NA;3390;2;195;1849;NA;78;NA;3277;NA;NA;65407;5572;39738;7334;847;2
"33";2013;4;368;252;14376;NA;20021;2025;2052;NA;NA;NA;NA;0;NA;11866;1944;134;130;210;NA;NA;66;4;4;NA;NA;NA;NA;NA;NA;NA;NA;NA;NA;NA;NA;NA;71;2704;4062;NA;27154;679;757;123;3145;1206;489446;1379;4;68;5;NA;3599;NA;NA;0;NA;3;0;0;NA;0;NA;0;0;NA;1;NA;0;NA;3;NA;0;3693;NA;2207;2;36;513;NA;99;NA;4656;NA;NA;70797;3000;42325;9216;1140;1
"34";2013;4;295;193;10659;NA;9832;1209;923;NA;NA;NA;NA;1;NA;5927;681;73;69;171;NA;NA;36;3;4;NA;NA;NA;NA;NA;NA;NA;NA;NA;NA;NA;NA;NA;52;2738;2947;NA;15896;216;271;78;1683;856;170254;537;4;40;5;NA;2209;NA;NA;1;NA;4;0;0;NA;0;NA;0;0;NA;1;NA;0;NA;3;NA;0;2273;NA;859;0;5;33;NA;69;NA;4828;NA;NA;42091;1104;25025;5274;629;1
"35";2013;4;164;169;9004;NA;7255;914;561;NA;NA;NA;NA;0;NA;4479;676;78;72;135;NA;NA;30;2;1;NA;NA;NA;NA;NA;NA;NA;NA;NA;NA;NA;NA;NA;169;2778;2227;NA;9140;119;171;28;1102;681;93937;536;1;34;4;NA;2161;NA;NA;0;NA;2;0;0;NA;0;NA;0;0;NA;0;NA;0;NA;0;NA;0;1446;NA;513;2;1;58;NA;66;NA;3136;NA;NA;29430;737;20064;4305;502;4
"36";2013;4;320;175;6467;NA;17151;671;602;NA;NA;NA;NA;0;NA;7882;1080;94;92;129;NA;NA;64;0;5;NA;NA;NA;NA;NA;NA;NA;NA;NA;NA;NA;NA;NA;75;1352;1868;NA;17522;179;245;58;1690;637;206817;919;5;64;0;NA;1757;NA;NA;1;NA;11;2;0;NA;0;NA;1;0;NA;0;NA;0;NA;1;NA;2;2199;NA;4495;4;71;828;NA;106;NA;1980;NA;NA;33995;5521;26823;4466;448;10
"37";2013;4;323;321;11387;NA;12591;1250;958;NA;NA;NA;NA;1;NA;6680;1318;115;110;253;NA;NA;49;1;5;NA;NA;NA;NA;NA;NA;NA;NA;NA;NA;NA;NA;NA;72;2493;3042;NA;19502;134;154;57;2320;1032;148084;708;5;52;2;NA;2969;NA;NA;0;NA;3;0;0;NA;0;NA;0;0;NA;0;NA;0;NA;1;NA;0;2848;NA;1299;1;23;447;NA;105;NA;2609;NA;NA;48221;2054;29476;6780;834;3
"38";2013;4;95;70;5454;NA;3106;667;439;NA;NA;NA;NA;0;NA;1876;125;40;39;45;NA;NA;23;1;0;NA;NA;NA;NA;NA;NA;NA;NA;NA;NA;NA;NA;NA;42;1196;1588;NA;7617;63;90;22;850;437;68891;133;0;24;1;NA;1311;NA;NA;0;NA;0;0;0;NA;0;NA;0;0;NA;0;NA;0;NA;0;NA;0;1037;NA;121;0;0;4;NA;34;NA;3657;NA;NA;18915;193;11047;3020;235;0
"39";2013;4;364;241;14901;NA;17697;1556;1650;NA;NA;NA;NA;0;NA;7820;2359;84;81;159;NA;NA;93;2;2;NA;NA;NA;NA;NA;NA;NA;NA;NA;NA;NA;NA;NA;27;3910;4209;NA;28354;198;404;83;2395;1000;234537;1892;2;99;3;NA;3401;NA;NA;0;NA;2;0;0;NA;0;NA;0;0;NA;3;NA;0;NA;0;NA;0;3125;NA;3000;3;82;1273;NA;95;NA;4402;NA;NA;66478;4527;39446;7317;1184;4
"40";2013;4;82;90;4243;NA;3484;449;357;NA;NA;NA;NA;0;NA;2180;220;31;29;63;NA;NA;28;0;2;NA;NA;NA;NA;NA;NA;NA;NA;NA;NA;NA;NA;NA;35;1295;1029;NA;6604;41;59;23;619;278;93803;189;2;28;0;NA;1121;NA;NA;0;NA;0;0;0;NA;0;NA;0;0;NA;1;NA;0;NA;0;NA;0;816;NA;235;0;1;17;NA;47;NA;1104;NA;NA;16228;345;9744;2517;215;0
"10";2014;1;1218;771;30930;NA;128233;1821;1637;1433;2361;NA;45752;7;NA;46817;12588;126;121;638;NA;NA;289;0;36;34341;NA;NA;1317;NA;NA;NA;NA;25744;NA;NA;NA;NA;293;5940;9125;NA;126656;1190;994;140;8662;1937;808290;10634;36;309;0;NA;5117;NA;NA;3;NA;73;10;0;NA;3;NA;3;0;NA;7;NA;1;NA;38;NA;1;8000;NA;40680;24;1262;13868;NA;353;NA;2964;NA;NA;183572;55518;168509;28526;1496;86
"20";2014;1;799;658;23295;NA;56439;1791;1166;390;1877;NA;22289;2;NA;17794;6291;188;179;555;NA;NA;295;3;27;19308;NA;NA;1230;NA;NA;NA;NA;10241;NA;NA;NA;NA;200;4920;6549;NA;66167;475;781;91;5132;1642;377090;5695;27;313;3;NA;4627;NA;NA;5;NA;28;1;0;NA;2;NA;3;0;NA;1;NA;0;NA;13;NA;1;5997;NA;15855;11;545;7249;NA;300;NA;3690;NA;NA;132877;23983;87976;17988;1148;34
"30";2014;1;2600;1997;101822;NA;134064;10188;9538;376;3996;NA;90682;4;NA;68740;12412;804;772;1496;NA;NA;566;13;40;56114;NA;NA;3587;NA;NA;NA;NA;41427;NA;NA;NA;NA;619;22195;26836;NA;182285;2129;3061;553;19116;7036;2451641;9643;40;597;17;NA;22289;NA;NA;1;NA;41;2;0;NA;1;NA;1;0;NA;2;NA;0;NA;19;NA;1;22765;NA;22567;17;361;6023;NA;874;NA;33230;NA;NA;448372;30696;279898;59180;7172;37
"99";2014;1;4617;3426;156047;NA;318736;13800;12341;2199;8234;NA;158723;13;NA;133351;31291;1118;1072;2689;NA;NA;1150;16;103;109763;NA;NA;6134;NA;NA;NA;NA;77412;NA;NA;NA;NA;1112;33055;42510;NA;375108;3794;4836;784;32910;10615;3637021;25972;103;1219;20;NA;32033;NA;NA;9;NA;142;13;0;NA;6;NA;7;0;NA;10;NA;1;NA;70;NA;3;36762;NA;79102;52;2168;27140;NA;1527;NA;39884;NA;NA;764821;110197;536383;105694;9816;157
"31";2014;1;377;190;9701;NA;13399;782;785;NA;NA;NA;NA;0;NA;6817;980;94;89;122;NA;NA;97;0;6;NA;NA;NA;NA;NA;NA;NA;NA;NA;NA;NA;NA;NA;70;1872;2458;NA;17937;222;498;41;1889;811;288821;901;6;98;0;NA;1888;NA;NA;0;NA;3;1;0;NA;1;NA;0;0;NA;0;NA;0;NA;1;NA;0;2470;NA;2684;1;17;691;NA;120;NA;2537;NA;NA;45220;3600;26745;6523;715;6
"32";2014;1;340;316;13819;NA;23571;1097;1044;NA;NA;NA;NA;2;NA;10803;2679;114;108;234;NA;NA;97;2;7;NA;NA;NA;NA;NA;NA;NA;NA;NA;NA;NA;NA;NA;140;3106;3743;NA;27653;213;302;39;2444;750;243733;2023;7;107;2;NA;2663;NA;NA;1;NA;2;1;0;NA;0;NA;0;0;NA;0;NA;0;NA;1;NA;0;2791;NA;4082;2;134;1808;NA;86;NA;3515;NA;NA;69241;6230;42510;8020;830;7
"33";2014;1;394;291;15355;NA;21464;2038;2041;NA;NA;NA;NA;0;NA;12504;1961;104;98;248;NA;NA;61;3;8;NA;NA;NA;NA;NA;NA;NA;NA;NA;NA;NA;NA;NA;74;2631;4154;NA;28204;684;792;111;3325;944;488764;1478;8;64;4;NA;3289;NA;NA;0;NA;10;0;0;NA;0;NA;0;0;NA;0;NA;0;NA;2;NA;0;3631;NA;2712;2;24;608;NA;133;NA;4847;NA;NA;74106;3637;44478;9524;1383;4
"34";2014;1;247;224;10821;NA;9865;1164;928;NA;NA;NA;NA;1;NA;5866;772;92;91;177;NA;NA;51;3;0;NA;NA;NA;NA;NA;NA;NA;NA;NA;NA;NA;NA;NA;39;2419;2970;NA;15703;241;313;60;1825;785;175231;621;0;53;4;NA;2265;NA;NA;0;NA;1;0;0;NA;0;NA;0;0;NA;1;NA;0;NA;1;NA;1;2296;NA;912;4;10;53;NA;85;NA;5500;NA;NA;42203;1194;25267;5961;691;2
"35";2014;1;152;170;8426;NA;6957;922;666;NA;NA;NA;NA;0;NA;4268;649;73;72;147;NA;NA;17;1;0;NA;NA;NA;NA;NA;NA;NA;NA;NA;NA;NA;NA;NA;107;2456;2054;NA;9223;129;184;40;1119;613;124967;435;0;17;1;NA;2048;NA;NA;0;NA;0;0;0;NA;0;NA;0;0;NA;1;NA;0;NA;0;NA;0;1390;NA;581;3;1;65;NA;63;NA;3136;NA;NA;29146;810;19189;4345;534;2
"36";2014;1;278;154;9382;NA;20806;664;690;NA;NA;NA;NA;1;NA;9404;1203;76;72;113;NA;NA;61;0;8;NA;NA;NA;NA;NA;NA;NA;NA;NA;NA;NA;NA;NA;83;1471;2114;NA;20823;192;250;55;1940;559;229023;1198;8;67;0;NA;1757;NA;NA;0;NA;12;0;0;NA;0;NA;0;0;NA;0;NA;0;NA;2;NA;0;2101;NA;6317;3;68;1007;NA;106;NA;2150;NA;NA;36735;7507;33453;4968;472;3
"37";2014;1;279;280;11741;NA;13167;1192;1089;NA;NA;NA;NA;0;NA;7002;1382;106;102;221;NA;NA;68;3;6;NA;NA;NA;NA;NA;NA;NA;NA;NA;NA;NA;NA;NA;29;2324;3321;NA;19845;190;214;76;2506;913;151358;872;6;75;5;NA;2837;NA;NA;0;NA;6;0;0;NA;0;NA;0;0;NA;0;NA;0;NA;7;NA;0;2988;NA;1490;0;25;471;NA;110;NA;2765;NA;NA;49489;2256;30306;7159;951;5
"38";2014;1;91;74;5421;NA;3093;601;421;NA;NA;NA;NA;0;NA;1807;122;34;32;46;NA;NA;11;0;0;NA;NA;NA;NA;NA;NA;NA;NA;NA;NA;NA;NA;NA;23;1233;1513;NA;7422;67;98;30;809;453;66161;130;0;11;0;NA;1268;NA;NA;0;NA;1;0;0;NA;0;NA;0;0;NA;0;NA;0;NA;2;NA;0;1000;NA;164;0;1;7;NA;29;NA;3434;NA;NA;18835;228;10878;2854;230;0
"39";2014;1;367;222;13169;NA;17997;1312;1505;NA;NA;NA;NA;0;NA;7961;2470;89;86;133;NA;NA;84;1;4;NA;NA;NA;NA;NA;NA;NA;NA;NA;NA;NA;NA;NA;31;3577;3507;NA;28545;134;335;79;2564;909;249897;1810;4;86;1;NA;3230;NA;NA;0;NA;6;0;0;NA;0;NA;1;0;NA;0;NA;0;NA;3;NA;0;3180;NA;3275;2;80;1293;NA;93;NA;4283;NA;NA;66808;4789;37435;7327;1119;8
"40";2014;1;75;76;3987;NA;3745;416;369;NA;NA;NA;NA;0;NA;2308;194;22;22;55;NA;NA;19;0;1;NA;NA;NA;NA;NA;NA;NA;NA;NA;NA;NA;NA;NA;23;1106;1002;NA;6930;57;75;22;695;299;86851;175;1;19;0;NA;1044;NA;NA;0;NA;0;0;0;NA;0;NA;0;0;NA;0;NA;0;NA;0;NA;0;918;NA;350;0;1;20;NA;49;NA;1063;NA;NA;16589;445;9637;2499;247;0
"10";2014;2;1257;696;28843;NA;132433;1764;1481;41669;2541;NA;46363;3;NA;52080;12782;165;151;575;NA;NA;271;3;40;40048;NA;138;2222;NA;853;NA;NA;35594;NA;7417;NA;NA;307;6436;7999;NA;128099;879;941;175;8556;2055;871462;10401;42;279;3;NA;5098;NA;NA;7;NA;63;4;0;NA;1;NA;3;0;NA;3;NA;2;NA;38;NA;2;8129;NA;41810;14;1209;12552;NA;318;NA;2738;NA;NA;175541;55251;170315;27697;1539;78
"20";2014;2;727;548;20589;NA;57688;1531;1180;19673;1853;NA;21260;1;NA;17624;6738;180;168;474;NA;NA;260;1;22;18313;NA;158;1576;NA;55;NA;NA;17458;NA;4195;NA;NA;214;4935;5455;NA;64586;487;796;136;5286;1677;370556;5571;25;279;1;NA;4290;NA;NA;2;NA;27;1;0;NA;1;NA;2;0;NA;1;NA;0;NA;13;NA;0;6209;NA;17449;7;515;7254;NA;269;NA;3401;NA;NA;129501;25460;85826;17344;1118;49
"30";2014;2;2527;1835;91851;NA;128490;9895;9235;61543;3779;NA;90315;4;NA;64519;12395;906;867;1385;NA;NA;504;11;35;60391;NA;512;3666;NA;82;NA;NA;65453;NA;13166;NA;NA;507;22956;23134;NA;175601;2150;3144;853;18689;8322;2549992;9453;38;527;18;NA;22443;NA;NA;0;NA;48;3;0;NA;0;NA;1;0;NA;8;NA;0;NA;15;NA;1;23487;NA;22402;16;408;5702;NA;750;NA;32249;NA;NA;430393;30032;263749;58894;7445;34
"99";2014;2;4511;3079;141283;NA;318611;13190;11896;122885;8173;NA;157938;8;NA;134223;31915;1251;1186;2434;NA;NA;1035;15;97;118752;NA;808;7464;NA;990;NA;NA;118505;NA;24778;NA;NA;1028;34327;36588;NA;368286;3516;4881;1164;32531;12054;3792010;25425;105;1085;22;NA;31831;NA;NA;9;NA;138;8;0;NA;2;NA;6;0;NA;12;NA;2;NA;66;NA;3;37825;NA;81661;37;2132;25508;NA;1337;NA;38388;NA;NA;735435;110743;519890;103935;10102;161
"31";2014;2;304;158;8256;NA;12642;719;814;NA;NA;NA;NA;0;NA;6055;980;72;71;114;NA;NA;103;0;0;NA;NA;NA;NA;NA;NA;NA;NA;NA;NA;NA;NA;NA;46;1595;2091;NA;16505;238;398;66;1702;824;289146;1104;0;104;0;NA;1713;NA;NA;0;NA;7;1;0;NA;0;NA;0;0;NA;1;NA;0;NA;0;NA;0;2311;NA;2631;1;47;808;NA;94;NA;2300;NA;NA;42493;3656;24302;5976;737;2
"32";2014;2;359;321;12953;NA;24024;1073;1089;NA;NA;NA;NA;2;NA;11082;2623;134;128;220;NA;NA;74;2;1;NA;NA;NA;NA;NA;NA;NA;NA;NA;NA;NA;NA;NA;115;3343;3199;NA;27534;206;315;54;2613;1087;252625;1993;1;77;2;NA;2958;NA;NA;0;NA;6;1;0;NA;0;NA;1;0;NA;0;NA;0;NA;2;NA;0;3270;NA;4436;4;134;1701;NA;95;NA;3376;NA;NA;68877;6434;42418;7926;910;10
"33";2014;2;389;248;14288;NA;20964;2053;1998;NA;NA;NA;NA;1;NA;11919;2136;129;120;206;NA;NA;65;3;7;NA;NA;NA;NA;NA;NA;NA;NA;NA;NA;NA;NA;NA;77;2763;3826;NA;28623;666;767;170;3330;1252;523820;1581;7;65;3;NA;3627;NA;NA;0;NA;13;0;0;NA;0;NA;0;0;NA;0;NA;0;NA;1;NA;0;3844;NA;2804;4;39;598;NA;119;NA;4932;NA;NA;72932;3681;43178;9956;1386;7
"34";2014;2;211;187;10129;NA;9520;1190;898;NA;NA;NA;NA;0;NA;5586;742;89;87;150;NA;NA;39;2;2;NA;NA;NA;NA;NA;NA;NA;NA;NA;NA;NA;NA;NA;32;2675;2536;NA;15324;247;332;89;1729;834;183630;622;2;40;3;NA;2237;NA;NA;0;NA;2;0;0;NA;0;NA;0;0;NA;0;NA;0;NA;1;NA;0;2277;NA;967;1;1;50;NA;48;NA;5557;NA;NA;40611;1208;24161;6133;685;0
"35";2014;2;216;150;7979;NA;6858;892;681;NA;NA;NA;NA;0;NA;4097;665;86;81;129;NA;NA;21;0;3;NA;NA;NA;NA;NA;NA;NA;NA;NA;NA;NA;NA;NA;98;2531;1851;NA;8979;138;197;50;1165;706;88079;356;3;22;0;NA;2095;NA;NA;0;NA;1;0;0;NA;0;NA;0;0;NA;1;NA;0;NA;1;NA;0;1488;NA;658;0;3;58;NA;56;NA;3227;NA;NA;28667;869;18655;4424;627;0
"36";2014;2;263;164;6324;NA;17449;609;556;NA;NA;NA;NA;1;NA;7281;1179;78;76;120;NA;NA;51;1;11;NA;NA;NA;NA;NA;NA;NA;NA;NA;NA;NA;NA;NA;33;1320;1742;NA;17615;170;338;68;1623;572;259817;980;13;52;2;NA;1396;NA;NA;0;NA;9;0;0;NA;0;NA;0;0;NA;0;NA;0;NA;4;NA;0;1843;NA;5614;3;78;787;NA;93;NA;1867;NA;NA;31480;6584;26498;4614;453;6
"37";2014;2;260;264;10253;NA;12853;1039;962;NA;NA;NA;NA;0;NA;6654;1356;105;101;209;NA;NA;58;2;6;NA;NA;NA;NA;NA;NA;NA;NA;NA;NA;NA;NA;NA;23;2447;2624;NA;19207;153;185;129;2447;1039;148051;790;6;70;7;NA;2861;NA;NA;0;NA;5;1;0;NA;0;NA;0;0;NA;3;NA;0;NA;5;NA;1;3055;NA;1591;1;21;510;NA;94;NA;2396;NA;NA;47268;2374;28232;6856;846;3
"38";2014;2;68;79;4869;NA;2985;590;513;NA;NA;NA;NA;0;NA;1748;111;26;25;48;NA;NA;13;0;1;NA;NA;NA;NA;NA;NA;NA;NA;NA;NA;NA;NA;NA;30;1115;1328;NA;7451;106;133;63;864;462;61177;116;1;13;0;NA;1223;NA;NA;0;NA;1;0;0;NA;0;NA;0;0;NA;3;NA;0;NA;0;NA;0;1063;NA;137;0;1;6;NA;27;NA;3341;NA;NA;18449;205;10259;3032;343;0
"39";2014;2;359;189;12874;NA;17608;1353;1401;NA;NA;NA;NA;0;NA;7922;2420;150;145;126;NA;NA;62;1;3;NA;NA;NA;NA;NA;NA;NA;NA;NA;NA;NA;NA;NA;24;3867;3070;NA;27810;175;388;138;2498;1170;261651;1758;4;64;1;NA;3237;NA;NA;0;NA;4;0;0;NA;0;NA;0;0;NA;0;NA;0;NA;1;NA;0;3357;NA;3183;2;83;1167;NA;77;NA;4220;NA;NA;63728;4541;36662;7355;1210;6
"40";2014;2;98;75;3926;NA;3587;377;323;NA;NA;NA;NA;0;NA;2175;183;37;33;63;NA;NA;18;0;1;NA;NA;NA;NA;NA;NA;NA;NA;NA;NA;NA;NA;NA;29;1300;867;NA;6553;51;91;26;718;376;89097;153;1;20;0;NA;1096;NA;NA;0;NA;0;0;0;NA;0;NA;0;0;NA;0;NA;0;NA;0;NA;0;979;NA;381;0;1;17;NA;47;NA;1033;NA;NA;15888;480;9384;2622;248;0
"10";2014;3;1072;655;28186;NA;123213;1738;2018;39086;2674;NA;47494;3;NA;46418;13095;140;131;546;NA;NA;268;12;32;36717;NA;NA;3422;NA;NA;NA;NA;40258;NA;NA;NA;NA;223;6367;7478;NA;128827;982;1024;163;8472;2422;988597;10089;33;290;15;NA;5438;NA;NA;3;NA;55;5;0;NA;2;NA;1;0;NA;8;NA;0;NA;28;NA;2;8188;NA;39450;19;1200;11128;NA;303;NA;3288;NA;NA;173464;51427;161248;27552;1921;80
"20";2014;3;781;520;20047;NA;54650;1591;1240;21432;1793;NA;23796;4;NA;16664;6619;154;144;428;NA;NA;242;4;26;22964;NA;NA;2207;NA;NA;NA;NA;19649;NA;NA;NA;NA;201;4860;5027;NA;65208;598;898;138;5473;2124;392583;5170;27;268;4;NA;4410;NA;NA;1;NA;29;0;0;NA;0;NA;2;0;NA;3;NA;0;NA;4;NA;1;6874;NA;17012;2;410;6302;NA;292;NA;3545;NA;NA;128470;24014;82458;18370;1259;43
"30";2014;3;2532;1869;90256;NA;122639;9749;10378;62552;4450;NA;92609;7;NA;62890;11399;867;834;1449;NA;NA;481;12;26;60981;NA;NA;3941;NA;NA;NA;NA;60304;NA;NA;NA;NA;526;22087;22255;NA;183306;2389;3448;1031;18485;9569;2730757;8387;26;496;16;NA;24352;NA;NA;0;NA;38;2;0;NA;1;NA;0;0;NA;4;NA;0;NA;21;NA;1;24459;NA;19778;11;387;4741;NA;658;NA;31862;NA;NA;434533;26482;259243;58804;8297;37
"99";2014;3;4385;3044;138489;NA;300502;13078;13636;123070;8917;NA;163899;14;NA;125972;31113;1161;1109;2423;NA;NA;991;28;84;120662;NA;NA;9570;NA;NA;NA;NA;120211;NA;NA;NA;NA;950;33314;34760;NA;377341;3969;5370;1332;32430;14115;4111937;23646;86;1054;35;NA;34200;NA;NA;4;NA;122;7;0;NA;3;NA;3;0;NA;15;NA;0;NA;53;NA;4;39521;NA;76240;32;1997;22171;NA;1253;NA;38695;NA;NA;736467;101923;502949;104726;11477;160
"31";2014;3;318;146;8194;NA;11895;712;903;NA;NA;NA;NA;0;NA;5710;988;86;80;106;NA;NA;93;0;5;NA;NA;NA;NA;NA;NA;NA;NA;NA;NA;NA;NA;NA;33;1614;1964;NA;16612;310;528;106;1665;902;352181;879;5;95;0;NA;1928;NA;NA;0;NA;8;1;0;NA;0;NA;0;0;NA;0;NA;0;NA;2;NA;1;2352;NA;2431;2;24;601;NA;111;NA;2345;NA;NA;41905;3236;23778;5645;727;5
"32";2014;3;380;289;12908;NA;24057;1055;1331;NA;NA;NA;NA;3;NA;11429;2355;132;130;217;NA;NA;60;2;3;NA;NA;NA;NA;NA;NA;NA;NA;NA;NA;NA;NA;NA;150;3323;3114;NA;30353;224;310;78;2631;1130;268066;1765;3;63;2;NA;3179;NA;NA;0;NA;5;0;0;NA;0;NA;0;0;NA;0;NA;0;NA;5;NA;0;3275;NA;4520;0;136;1412;NA;98;NA;3392;NA;NA;72858;6215;42819;8115;1088;10
"33";2014;3;398;267;13885;NA;20463;1913;2025;NA;NA;NA;NA;1;NA;12013;1928;163;161;225;NA;NA;63;4;1;NA;NA;NA;NA;NA;NA;NA;NA;NA;NA;NA;NA;NA;96;2684;3686;NA;29719;611;730;192;3197;1492;563436;1359;1;67;6;NA;3858;NA;NA;0;NA;7;0;0;NA;0;NA;0;0;NA;0;NA;0;NA;0;NA;0;3899;NA;2337;0;36;412;NA;84;NA;4833;NA;NA;72756;3039;42411;9964;1441;3
"34";2014;3;221;200;9814;NA;8806;1145;1125;NA;NA;NA;NA;0;NA;5151;633;73;69;153;NA;NA;36;2;1;NA;NA;NA;NA;NA;NA;NA;NA;NA;NA;NA;NA;NA;37;2517;2499;NA;16502;287;392;157;1852;982;189805;532;1;38;4;NA;2513;NA;NA;0;NA;0;1;0;NA;0;NA;0;0;NA;0;NA;0;NA;3;NA;0;2539;NA;696;1;9;37;NA;36;NA;5283;NA;NA;41116;923;23603;6002;891;1
"35";2014;3;130;142;7534;NA;6414;855;730;NA;NA;NA;NA;1;NA;3941;529;88;83;117;NA;NA;24;1;1;NA;NA;NA;NA;NA;NA;NA;NA;NA;NA;NA;NA;NA;91;2158;1769;NA;9821;181;247;40;1108;833;95807;376;1;24;1;NA;2420;NA;NA;0;NA;0;0;0;NA;0;NA;0;0;NA;0;NA;0;NA;3;NA;0;1593;NA;524;1;4;53;NA;44;NA;3349;NA;NA;29154;720;18095;4428;676;3
"36";2014;3;248;148;6243;NA;15938;580;687;NA;NA;NA;NA;1;NA;6950;1092;75;72;128;NA;NA;45;0;4;NA;NA;NA;NA;NA;NA;NA;NA;NA;NA;NA;NA;NA;38;1332;1532;NA;17695;198;363;75;1787;912;252417;961;4;46;0;NA;1426;NA;NA;0;NA;5;0;0;NA;0;NA;0;0;NA;0;NA;0;NA;1;NA;0;2274;NA;4586;3;67;815;NA;80;NA;1872;NA;NA;31290;5579;25022;4839;542;3
"37";2014;3;297;333;10268;NA;12352;1063;1066;NA;NA;NA;NA;0;NA;6449;1392;103;98;281;NA;NA;65;1;6;NA;NA;NA;NA;NA;NA;NA;NA;NA;NA;NA;NA;NA;12;2299;2646;NA;19714;199;256;110;2434;1244;187876;696;6;66;1;NA;3050;NA;NA;0;NA;6;0;0;NA;1;NA;0;0;NA;2;NA;0;NA;4;NA;0;3299;NA;1552;0;22;460;NA;97;NA;2039;NA;NA;47607;2364;28132;6943;932;8
"38";2014;3;81;65;4943;NA;3041;642;513;NA;NA;NA;NA;0;NA;1813;103;22;20;45;NA;NA;7;1;0;NA;NA;NA;NA;NA;NA;NA;NA;NA;NA;NA;NA;NA;25;1127;1297;NA;7369;94;106;59;756;524;59156;95;0;7;1;NA;1207;NA;NA;0;NA;1;0;0;NA;0;NA;0;0;NA;2;NA;0;NA;1;NA;0;1005;NA;124;0;2;7;NA;7;NA;3528;NA;NA;18148;183;10411;3112;338;0
"39";2014;3;350;208;12624;NA;16505;1419;1576;NA;NA;NA;NA;1;NA;7506;2245;96;92;133;NA;NA;72;1;4;NA;NA;NA;NA;NA;NA;NA;NA;NA;NA;NA;NA;NA;24;3711;2920;NA;28820;212;410;164;2322;1180;260652;1603;4;73;1;NA;3555;NA;NA;0;NA;6;0;0;NA;0;NA;0;0;NA;0;NA;0;NA;2;NA;0;3227;NA;2753;4;87;929;NA;75;NA;4216;NA;NA;63866;3892;35887;7249;1355;4
"40";2014;3;109;71;3843;NA;3168;365;422;NA;NA;NA;NA;0;NA;1928;134;29;29;44;NA;NA;16;0;1;NA;NA;NA;NA;NA;NA;NA;NA;NA;NA;NA;NA;NA;20;1322;828;NA;6701;73;106;50;733;370;90540;121;1;17;0;NA;1216;NA;NA;0;NA;0;0;0;NA;0;NA;0;0;NA;0;NA;0;NA;0;NA;0;996;NA;255;0;0;15;NA;26;NA;1005;NA;NA;15833;331;9085;2507;307;0
"10";2014;4;1235;642;28204;NA;119517;1545;1727;40569;2717;NA;41233;3;NA;44860;11512;154;133;536;NA;NA;304;6;39;33450;NA;2;7045;NA;465;NA;NA;37277;NA;5447;NA;NA;235;6260;8028;NA;127166;941;920;100;8293;1860;894367;9802;39;320;8;NA;5271;NA;NA;10;NA;90;1;0;NA;1;NA;3;0;NA;4;NA;0;NA;25;NA;3;7624;NA;38163;29;1414;11826;NA;352;NA;2981;NA;NA;169136;50871;156906;24948;1560;92
"20";2014;4;775;531;20218;NA;53186;1547;1037;22335;1778;NA;22315;2;NA;15925;6234;150;142;462;NA;NA;267;2;14;17858;NA;58;2840;NA;13;NA;NA;23226;NA;4162;NA;NA;120;4827;5560;NA;63697;593;790;127;4961;1801;365423;5671;14;285;2;NA;4200;NA;NA;3;NA;45;0;0;NA;1;NA;2;0;NA;2;NA;0;NA;19;NA;0;5982;NA;15939;6;462;7056;NA;255;NA;3130;NA;NA;125351;23740;80719;17173;1030;56
"30";2014;4;2513;1947;94356;NA;119783;9757;9450;62503;4176;NA;93949;0;NA;61677;10709;798;766;1485;NA;NA;547;7;35;59282;NA;719;4133;NA;25;NA;NA;86611;NA;22189;NA;NA;496;21436;25078;NA;179785;2183;3050;845;17849;8499;2688218;8452;36;564;7;NA;22456;NA;NA;4;NA;45;2;0;NA;0;NA;0;0;NA;12;NA;0;NA;17;NA;1;23328;NA;18843;26;337;4750;NA;744;NA;30559;NA;NA;428330;25660;257749;58150;7573;69
"99";2014;4;4523;3120;142778;NA;292486;12849;12214;125407;8671;NA;157497;5;NA;122462;28455;1102;1041;2483;NA;NA;1118;15;88;110590;NA;779;14018;NA;503;NA;NA;147114;NA;31798;NA;NA;851;32523;38666;NA;370648;3717;4760;1072;31103;12160;3948008;23925;89;1169;17;NA;31927;NA;NA;17;NA;180;3;0;NA;2;NA;5;0;NA;18;NA;0;NA;61;NA;4;36934;NA;72945;61;2213;23632;NA;1351;NA;36670;NA;NA;722817;100271;495374;100271;10163;217
"31";2014;4;253;194;9024;NA;12310;668;876;NA;NA;NA;NA;0;NA;6039;1052;77;73;143;NA;NA;82;0;2;NA;NA;NA;NA;NA;NA;NA;NA;NA;NA;NA;NA;NA;30;1678;2367;NA;18205;438;501;93;1707;814;356427;925;2;85;0;NA;1894;NA;NA;2;NA;2;0;0;NA;0;NA;0;0;NA;5;NA;0;NA;1;NA;0;2317;NA;2448;0;34;572;NA;97;NA;2372;NA;NA;44333;3247;24966;5874;810;4
"32";2014;4;356;293;13162;NA;21596;1033;1134;NA;NA;NA;NA;0;NA;10205;2130;126;123;212;NA;NA;100;0;7;NA;NA;NA;NA;NA;NA;NA;NA;NA;NA;NA;NA;NA;97;3202;3437;NA;28689;226;336;70;2431;936;270460;1533;8;103;0;NA;2911;NA;NA;1;NA;10;0;0;NA;0;NA;0;0;NA;2;NA;0;NA;0;NA;0;3005;NA;3828;8;117;1345;NA;107;NA;3283;NA;NA;68575;5492;40129;8052;936;11
"33";2014;4;367;252;14409;NA;18588;2014;1937;NA;NA;NA;NA;0;NA;10999;1599;112;103;210;NA;NA;62;2;9;NA;NA;NA;NA;NA;NA;NA;NA;NA;NA;NA;NA;NA;84;2590;3987;NA;28511;555;669;130;3095;1460;562937;1348;9;63;2;NA;3382;NA;NA;0;NA;6;0;0;NA;0;NA;0;0;NA;0;NA;0;NA;3;NA;0;3923;NA;2078;5;44;450;NA;93;NA;4642;NA;NA;69441;2809;40582;9557;1420;11
"34";2014;4;207;200;10459;NA;8928;1182;992;NA;NA;NA;NA;0;NA;5136;598;89;89;160;NA;NA;39;2;3;NA;NA;NA;NA;NA;NA;NA;NA;NA;NA;NA;NA;NA;39;2529;2916;NA;15905;246;328;125;1762;921;176607;535;3;40;2;NA;2241;NA;NA;0;NA;3;0;0;NA;0;NA;0;0;NA;0;NA;0;NA;1;NA;0;2402;NA;801;2;0;47;NA;56;NA;5010;NA;NA;40762;1050;24002;5850;733;2
"35";2014;4;145;154;7972;NA;6729;942;690;NA;NA;NA;NA;0;NA;4136;589;72;68;128;NA;NA;31;0;0;NA;NA;NA;NA;NA;NA;NA;NA;NA;NA;NA;NA;NA;119;2161;1918;NA;9512;139;173;54;1079;759;92265;340;0;32;0;NA;2259;NA;NA;0;NA;3;0;0;NA;0;NA;0;0;NA;0;NA;0;NA;0;NA;0;1507;NA;478;3;2;64;NA;54;NA;3201;NA;NA;29017;701;18746;4753;571;2
"36";2014;4;263;149;6376;NA;16970;576;600;NA;NA;NA;NA;0;NA;7559;1199;71;67;98;NA;NA;52;0;5;NA;NA;NA;NA;NA;NA;NA;NA;NA;NA;NA;NA;NA;35;1344;1763;NA;17979;135;259;54;1668;652;224071;1156;5;54;0;NA;1433;NA;NA;0;NA;15;2;0;NA;0;NA;0;0;NA;1;NA;0;NA;8;NA;0;2055;NA;4572;2;59;929;NA;98;NA;1638;NA;NA;32495;5656;26104;4376;459;15
"37";2014;4;401;317;10685;NA;12221;984;1010;NA;NA;NA;NA;0;NA;6293;1233;109;108;265;NA;NA;66;0;0;NA;NA;NA;NA;NA;NA;NA;NA;NA;NA;NA;NA;NA;22;2128;2873;NA;19208;163;234;120;2266;975;200151;675;0;69;0;NA;2838;NA;NA;0;NA;3;0;0;NA;0;NA;0;0;NA;0;NA;0;NA;0;NA;0;2966;NA;1586;2;20;430;NA;103;NA;1904;NA;NA;47070;2347;28055;6659;857;17
"38";2014;4;88;86;5125;NA;2948;548;496;NA;NA;NA;NA;0;NA;1736;133;32;30;59;NA;NA;18;2;1;NA;NA;NA;NA;NA;NA;NA;NA;NA;NA;NA;NA;NA;26;1134;1444;NA;7435;81;99;67;802;510;64617;130;1;18;2;NA;1247;NA;NA;0;NA;0;0;0;NA;0;NA;0;0;NA;2;NA;0;NA;1;NA;0;1048;NA;98;1;1;12;NA;26;NA;3424;NA;NA;18189;188;10450;3357;302;0
"39";2014;4;319;218;13259;NA;16199;1392;1388;NA;NA;NA;NA;0;NA;7592;2009;83;79;141;NA;NA;74;1;7;NA;NA;NA;NA;NA;NA;NA;NA;NA;NA;NA;NA;NA;28;3525;3414;NA;27541;148;377;98;2384;1123;265269;1670;7;75;1;NA;3227;NA;NA;1;NA;3;0;0;NA;0;NA;0;0;NA;2;NA;0;NA;3;NA;1;3203;NA;2660;3;60;886;NA;78;NA;4243;NA;NA;62570;3768;35683;7245;1256;7
"40";2014;4;114;84;3885;NA;3294;418;327;NA;NA;NA;NA;0;NA;1982;167;27;26;69;NA;NA;23;0;1;NA;NA;NA;NA;NA;NA;NA;NA;NA;NA;NA;NA;NA;16;1145;959;NA;6800;52;74;34;655;349;85926;140;1;25;0;NA;1024;NA;NA;0;NA;0;0;0;NA;0;NA;0;0;NA;0;NA;0;NA;0;NA;0;902;NA;294;0;0;15;NA;32;NA;842;NA;NA;15878;402;9032;2427;229;0
"10";2015;1;1245;626;26686;NA;116292;1338;1734;31791;2859;7947;42048;3;NA;42544;11682;114;105;541;NA;NA;293;1;29;NA;31098;501;NA;1035;160;5601;2481;NA;25491;13497;NA;NA;236;5258;7663;NA;123330;1019;833;115;8328;2030;848291;9945;29;314;1;NA;4937;NA;NA;0;NA;42;1;0;NA;4;NA;2;0;NA;4;NA;0;NA;20;NA;2;7982;NA;39798;24;1478;10328;NA;261;NA;2681;NA;NA;164703;50992;151613;25853;1598;98
"20";2015;1;680;569;19215;NA;54101;1514;1348;19912;1567;NA;21636;1;NA;15901;6038;124;106;484;NA;NA;233;0;22;NA;13642;406;NA;927;301;NA;NA;NA;12378;8494;NA;NA;171;4077;5380;NA;64086;610;749;126;5308;2035;406519;5166;22;244;0;NA;4100;NA;NA;0;NA;27;3;0;NA;3;NA;3;0;NA;4;NA;0;NA;5;NA;1;6613;NA;17944;6;513;6064;NA;268;NA;3557;NA;NA;125464;24748;80847;17383;1270;44
"30";2015;1;2548;1824;88684;NA;120878;9100;9698;55993;3762;NA;87938;4;NA;62214;11327;677;646;1397;NA;NA;524;11;34;NA;49083;1426;NA;3023;511;NA;NA;NA;45984;30629;NA;NA;517;18772;23387;NA;181908;2263;3141;846;18857;9193;2762545;8853;35;538;12;NA;20674;NA;NA;5;NA;36;5;0;NA;2;NA;2;0;NA;10;NA;1;NA;18;NA;1;24527;NA;19732;18;382;4464;NA;722;NA;29483;NA;NA;420740;26155;250858;57092;8013;43
"99";2015;1;4473;3019;134585;NA;291271;11952;12780;107696;8188;7947;151622;8;NA;120659;29047;915;857;2422;NA;NA;1050;12;85;NA;93823;2333;NA;4985;972;5601;2481;NA;83853;52620;NA;NA;924;28107;36430;NA;369324;3892;4723;1087;32493;13258;4017355;23964;86;1096;13;NA;29711;NA;NA;5;NA;105;9;0;NA;9;NA;7;0;NA;18;NA;1;NA;43;NA;4;39122;NA;77474;48;2373;20856;NA;1251;NA;35721;NA;NA;710907;101895;483318;100328;10881;185
"31";2015;1;286;194;8822;NA;11914;671;970;NA;NA;NA;NA;0;NA;6116;982;69;66;139;NA;NA;102;0;5;NA;NA;NA;NA;NA;NA;NA;NA;NA;NA;NA;NA;NA;59;1530;2338;NA;18683;413;552;75;1889;822;387352;859;5;105;0;NA;1750;NA;NA;0;NA;5;2;0;NA;1;NA;1;0;NA;0;NA;0;NA;1;NA;0;2438;NA;2401;1;30;501;NA;89;NA;2382;NA;NA;44036;3148;24321;6035;927;1
"32";2015;1;359;305;12644;NA;21816;977;1146;NA;NA;NA;NA;1;NA;10174;2313;96;91;228;NA;NA;67;0;5;NA;NA;NA;NA;NA;NA;NA;NA;NA;NA;NA;NA;NA;162;2710;3396;NA;29251;239;359;82;2748;1066;265443;1743;6;67;0;NA;2620;NA;NA;0;NA;1;0;0;NA;0;NA;0;0;NA;0;NA;0;NA;1;NA;0;3349;NA;4018;3;133;1337;NA;85;NA;3113;NA;NA;68505;5656;39508;7638;969;3
"33";2015;1;355;247;13496;NA;19095;1724;1752;NA;NA;NA;NA;2;NA;11274;1812;101;97;232;NA;NA;78;1;7;NA;NA;NA;NA;NA;NA;NA;NA;NA;NA;NA;NA;NA;81;2243;3710;NA;28263;507;620;159;3105;1559;554993;1418;7;81;1;NA;3197;NA;NA;0;NA;5;2;0;NA;0;NA;0;0;NA;0;NA;0;NA;3;NA;0;3941;NA;2189;2;41;420;NA;84;NA;4321;NA;NA;68353;2928;39511;9061;1433;2
"34";2015;1;235;203;9627;NA;9123;1181;993;NA;NA;NA;NA;0;NA;5324;662;63;57;144;NA;NA;30;0;4;NA;NA;NA;NA;NA;NA;NA;NA;NA;NA;NA;NA;NA;25;2182;2603;NA;15645;245;335;128;1712;928;154803;573;4;30;0;NA;2134;NA;NA;1;NA;4;0;0;NA;0;NA;0;0;NA;4;NA;1;NA;1;NA;0;2352;NA;816;1;2;55;NA;64;NA;5021;NA;NA;39808;1049;23261;5772;747;5
"35";2015;1;155;143;7131;NA;6427;835;697;NA;NA;NA;NA;0;NA;3957;633;64;57;115;NA;NA;24;0;1;NA;NA;NA;NA;NA;NA;NA;NA;NA;NA;NA;NA;NA;63;1841;1762;NA;8671;164;230;74;1196;821;107196;365;1;24;0;NA;1912;NA;NA;1;NA;4;0;0;NA;0;NA;0;0;NA;3;NA;0;NA;2;NA;0;1620;NA;506;0;2;53;NA;48;NA;2763;NA;NA;26679;699;17145;4574;621;1
"36";2015;1;250;127;6327;NA;17486;566;728;NA;NA;NA;NA;0;NA;7931;1276;70;67;87;NA;NA;58;1;6;NA;NA;NA;NA;NA;NA;NA;NA;NA;NA;NA;NA;NA;44;1414;1652;NA;21141;154;243;43;1886;780;281607;1131;6;61;1;NA;1433;NA;NA;0;NA;8;0;0;NA;0;NA;1;0;NA;0;NA;0;NA;2;NA;1;2340;NA;4707;2;58;749;NA;90;NA;1927;NA;NA;33259;5607;26667;4566;484;19
"37";2015;1;300;290;10235;NA;12792;1029;1212;NA;NA;NA;NA;0;NA;6576;1376;98;97;238;NA;NA;55;1;1;NA;NA;NA;NA;NA;NA;NA;NA;NA;NA;NA;NA;NA;10;1863;2785;NA;19553;187;221;93;2460;1289;201070;717;1;58;2;NA;2580;NA;NA;3;NA;3;0;0;NA;0;NA;0;0;NA;2;NA;0;NA;8;NA;0;3367;NA;1652;2;28;542;NA;114;NA;1944;NA;NA;47556;2488;28138;6801;1016;5
"38";2015;1;119;71;4762;NA;2888;565;507;NA;NA;NA;NA;0;NA;1646;112;21;21;50;NA;NA;18;3;0;NA;NA;NA;NA;NA;NA;NA;NA;NA;NA;NA;NA;NA;27;946;1313;NA;7212;89;114;42;780;496;62449;111;0;18;3;NA;1199;NA;NA;0;NA;3;0;0;NA;0;NA;0;0;NA;1;NA;0;NA;0;NA;0;1025;NA;128;0;3;4;NA;23;NA;3325;NA;NA;17450;200;9992;3118;301;0
"39";2015;1;369;185;12110;NA;15849;1194;1363;NA;NA;NA;NA;1;NA;7170;1943;75;73;119;NA;NA;74;5;3;NA;NA;NA;NA;NA;NA;NA;NA;NA;NA;NA;NA;NA;24;3049;3015;NA;27012;207;389;126;2439;1109;247023;1732;3;75;5;NA;2828;NA;NA;0;NA;3;1;0;NA;1;NA;0;0;NA;0;NA;0;NA;0;NA;0;3237;NA;2904;7;85;790;NA;81;NA;3865;NA;NA;59497;3891;33529;7262;1288;7
"40";2015;1;120;59;3530;NA;3488;358;330;NA;NA;NA;NA;0;NA;2046;218;20;20;45;NA;NA;18;0;2;NA;NA;NA;NA;NA;NA;NA;NA;NA;NA;NA;NA;NA;22;994;813;NA;6477;58;78;24;642;323;84151;204;2;19;0;NA;1021;NA;NA;0;NA;0;0;0;NA;0;NA;0;0;NA;0;NA;0;NA;0;NA;0;858;NA;411;0;0;13;NA;44;NA;822;NA;NA;15597;489;8786;2265;227;0
"10";2015;2;1018;602;24244;NA;113742;1689;2443;31467;2997;7441;44550;5;NA;45096;10697;111;106;493;NA;NA;237;5;29;NA;30789;138;NA;2256;106;7445;580;NA;40858;12156;NA;NA;236;5682;6546;NA;116654;1105;1000;141;8983;2486;1075180;8744;30;255;6;NA;5521;NA;NA;2;NA;71;1;30;NA;0;NA;2;30;NA;7;NA;0;NA;26;NA;2;8571;NA;36982;23;1181;8653;NA;242;NA;3820;NA;NA;161248;46399;148241;25323;1972;77
"20";2015;2;657;471;17982;NA;51790;1592;1734;19736;1946;NA;26019;3;NA;16347;5470;142;136;389;NA;NA;212;3;18;NA;25097;627;NA;1905;50;NA;NA;NA;21408;8596;NA;NA;158;4604;4705;NA;62370;725;883;167;5587;2120;481162;4558;19;230;3;NA;4350;NA;NA;0;NA;14;0;7;NA;5;NA;0;12;NA;3;NA;0;NA;18;NA;0;7066;NA;17020;5;478;5233;NA;207;NA;4229;NA;NA;122984;22875;77919;17255;1553;28
"30";2015;2;2695;1707;84577;NA;123566;9067;9690;58113;3987;NA;90303;1;NA;64019;10977;748;711;1228;NA;NA;435;8;45;NA;60808;195;NA;4043;44;NA;NA;NA;75692;48611;NA;NA;544;20288;20872;NA;177831;2487;3441;1139;18855;10367;2747209;8379;46;455;10;NA;21511;NA;NA;4;NA;33;2;11;NA;2;NA;1;5;NA;11;NA;2;NA;19;NA;2;25942;NA;20734;16;392;4247;NA;553;NA;30987;NA;NA;421473;26690;250118;59669;8267;52
"99";2015;2;4370;2780;126803;NA;289098;12348;13867;109316;8930;7441;160872;9;NA;125462;27144;1001;953;2110;NA;NA;884;16;92;NA;116694;960;NA;8204;200;7445;580;NA;137958;69363;NA;NA;938;30574;32123;NA;356855;4317;5324;1447;33425;14973;4303551;21681;95;940;19;NA;31382;NA;NA;6;NA;118;3;48;NA;7;NA;3;47;NA;21;NA;2;NA;63;NA;4;41579;NA;74736;44;2051;18133;NA;1002;NA;39036;NA;NA;705705;95964;476278;102247;11792;157
"31";2015;2;299;161;7828;NA;12247;608;945;NA;NA;NA;NA;0;NA;5965;1009;78;75;129;NA;NA;88;0;6;NA;NA;NA;NA;NA;NA;NA;NA;NA;NA;NA;NA;NA;40;1500;1927;NA;17876;410;574;91;1784;941;371805;881;6;92;0;NA;1555;NA;NA;0;NA;3;1;4;NA;1;NA;1;0;NA;2;NA;1;NA;0;NA;0;2476;NA;2748;2;31;491;NA;84;NA;2476;NA;NA;42896;3462;23344;5561;949;6
"32";2015;2;352;253;11968;NA;22839;921;1174;NA;NA;NA;NA;1;NA;10764;2227;116;109;193;NA;NA;69;1;10;NA;NA;NA;NA;NA;NA;NA;NA;NA;NA;NA;NA;NA;155;2981;2916;NA;29467;224;333;115;2730;1155;274456;1648;10;72;1;NA;2744;NA;NA;0;NA;4;0;1;NA;0;NA;0;1;NA;0;NA;0;NA;5;NA;0;3479;NA;4295;5;144;1251;NA;62;NA;3312;NA;NA;69011;5819;39899;8444;988;5
"33";2015;2;377;210;13105;NA;19174;1805;1761;NA;NA;NA;NA;0;NA;11275;1640;116;109;163;NA;NA;54;3;8;NA;NA;NA;NA;NA;NA;NA;NA;NA;NA;NA;NA;NA;78;2583;3338;NA;28430;609;720;190;3094;1613;579556;1317;8;57;4;NA;3427;NA;NA;0;NA;3;0;2;NA;0;NA;0;1;NA;2;NA;0;NA;4;NA;0;3934;NA;2359;2;53;356;NA;71;NA;4832;NA;NA;68480;2940;39482;9442;1428;9
"34";2015;2;293;184;9125;NA;9385;1319;1095;NA;NA;NA;NA;0;NA;5633;602;78;74;130;NA;NA;30;1;3;NA;NA;NA;NA;NA;NA;NA;NA;NA;NA;NA;NA;NA;25;2391;2245;NA;16177;261;344;157;1845;1050;165637;521;3;30;1;NA;2252;NA;NA;0;NA;2;0;0;NA;0;NA;0;0;NA;5;NA;0;NA;2;NA;1;2572;NA;849;0;6;61;NA;50;NA;5161;NA;NA;40402;1073;23360;6461;817;1
"35";2015;2;160;139;7186;NA;6588;774;674;NA;NA;NA;NA;0;NA;4043;612;64;60;111;NA;NA;16;0;1;NA;NA;NA;NA;NA;NA;NA;NA;NA;NA;NA;NA;NA;72;2109;1663;NA;8492;174;221;112;1126;959;92458;355;1;16;0;NA;2060;NA;NA;0;NA;1;0;0;NA;0;NA;0;0;NA;1;NA;1;NA;0;NA;0;1683;NA;501;1;2;57;NA;38;NA;3145;NA;NA;26991;686;17421;4834;666;0
"36";2015;2;298;164;5940;NA;16421;581;706;NA;NA;NA;NA;0;NA;7086;1171;69;65;97;NA;NA;37;2;6;NA;NA;NA;NA;NA;NA;NA;NA;NA;NA;NA;NA;NA;92;1186;1520;NA;17025;226;292;63;1841;817;233575;856;6;39;3;NA;1449;NA;NA;1;NA;12;0;2;NA;0;NA;0;3;NA;0;NA;0;NA;2;NA;0;2394;NA;4784;0;52;729;NA;70;NA;1894;NA;NA;31919;5653;25261;4749;479;12
"37";2015;2;385;252;9499;NA;13702;981;1185;NA;NA;NA;NA;0;NA;7381;1383;105;102;199;NA;NA;55;1;5;NA;NA;NA;NA;NA;NA;NA;NA;NA;NA;NA;NA;NA;13;1959;2409;NA;19758;221;298;130;2642;1349;202136;811;5;58;1;NA;2849;NA;NA;3;NA;3;0;1;NA;1;NA;0;0;NA;0;NA;0;NA;6;NA;1;3678;NA;1744;3;23;472;NA;82;NA;2063;NA;NA;48012;2475;28468;7270;1103;9
"38";2015;2;85;63;4558;NA;3145;522;539;NA;NA;NA;NA;0;NA;1997;102;23;22;40;NA;NA;12;0;0;NA;NA;NA;NA;NA;NA;NA;NA;NA;NA;NA;NA;NA;36;1001;1216;NA;7182;92;92;82;818;647;65955;119;0;13;0;NA;1187;NA;NA;0;NA;0;0;0;NA;0;NA;0;0;NA;1;NA;0;NA;0;NA;0;1216;NA;114;0;2;3;NA;14;NA;3249;NA;NA;17537;169;10014;3240;341;0
"39";2015;2;340;220;11858;NA;16392;1200;1255;NA;NA;NA;NA;0;NA;7745;2019;81;77;122;NA;NA;63;0;6;NA;NA;NA;NA;NA;NA;NA;NA;NA;NA;NA;NA;NA;20;3464;2849;NA;27029;201;472;161;2340;1401;266769;1692;7;67;0;NA;3061;NA;NA;0;NA;5;1;1;NA;0;NA;0;0;NA;0;NA;0;NA;0;NA;0;3551;NA;2895;3;79;812;NA;47;NA;3844;NA;NA;60333;3898;33986;7161;1216;10
"40";2015;2;106;61;3510;NA;3673;356;356;NA;NA;NA;NA;0;NA;2130;212;18;18;44;NA;NA;11;0;0;NA;NA;NA;NA;NA;NA;NA;NA;NA;NA;NA;NA;NA;13;1114;789;NA;6395;69;95;38;635;435;89802;179;0;11;0;NA;927;NA;NA;0;NA;0;0;0;NA;0;NA;0;0;NA;0;NA;0;NA;0;NA;0;959;NA;445;0;0;15;NA;35;NA;1011;NA;NA;15892;515;8883;2507;280;0
"10";2015;3;1206;672;25435;NA;113606;1941;3093;31270;2648;7996;44494;3;NA;44137;11073;90;85;535;NA;NA;214;5;25;NA;30695;1677;NA;2998;282;6855;0;NA;42374;5212;NA;NA;215;5407;7064;NA;122451;1142;1144;86;9339;3082;1114735;8385;26;226;5;NA;6035;NA;NA;6;NA;54;0;29;NA;5;NA;2;33;NA;2;NA;0;NA;18;NA;1;8770;NA;37657;21;1016;8523;NA;259;NA;5023;NA;NA;158388;46957;150782;25821;1796;59
"20";2015;3;717;494;18383;NA;54304;1631;1757;20556;1959;NA;25469;0;NA;17106;5577;128;121;382;NA;NA;224;0;20;NA;20095;11426;NA;2053;72;NA;NA;NA;25090;4207;NA;NA;95;4302;4881;NA;66689;665;800;156;5986;2294;470391;4401;21;251;0;NA;4924;NA;NA;2;NA;24;1;7;NA;3;NA;1;10;NA;6;NA;0;NA;9;NA;1;7544;NA;18362;4;386;5217;NA;191;NA;4601;NA;NA;127463;24205;81493;16965;1481;30
"30";2015;3;2686;1856;84612;NA;119533;8815;10202;58133;4094;NA;89487;4;NA;61962;10836;699;664;1412;NA;NA;439;4;30;NA;58462;10219;NA;4074;701;NA;NA;NA;81006;22830;NA;NA;546;18938;21178;NA;176523;2417;3205;1106;19063;10830;2853796;7880;30;454;4;NA;22652;NA;NA;8;NA;30;0;10;NA;1;NA;2;12;NA;12;NA;0;NA;15;NA;2;26752;NA;19471;12;417;3849;NA;627;NA;31447;NA;NA;415674;25205;247670;59794;8247;38
"99";2015;3;4609;3022;128430;NA;287443;12387;15052;109959;8701;7996;159450;7;NA;123205;27486;917;870;2329;NA;NA;877;9;75;NA;109252;23322;NA;9125;1055;6855;0;NA;148470;32249;NA;NA;856;28647;33123;NA;365663;4224;5149;1348;34388;16206;4438922;20666;77;931;9;NA;33611;NA;NA;16;NA;108;1;46;NA;9;NA;5;55;NA;20;NA;0;NA;42;NA;4;43066;NA;75490;37;1819;17589;NA;1077;NA;41071;NA;NA;701525;96367;479945;102580;11524;127
"31";2015;3;324;181;7999;NA;11843;613;946;NA;NA;NA;NA;0;NA;5735;1034;59;58;136;NA;NA;80;0;2;NA;NA;NA;NA;NA;NA;NA;NA;NA;NA;NA;NA;NA;32;1429;1991;NA;17518;378;503;72;1782;1043;432406;766;2;85;0;NA;1814;NA;NA;1;NA;4;0;2;NA;1;NA;1;3;NA;2;NA;0;NA;1;NA;0;2603;NA;2537;0;30;411;NA;71;NA;2831;NA;NA;41967;3166;23396;6294;876;2
"32";2015;3;369;285;11611;NA;21666;943;1219;NA;NA;NA;NA;0;NA;10281;2003;97;87;207;NA;NA;53;0;3;NA;NA;NA;NA;NA;NA;NA;NA;NA;NA;NA;NA;NA;117;2670;2935;NA;29280;197;286;117;2679;1143;272608;1484;3;54;0;NA;2888;NA;NA;4;NA;3;0;5;NA;0;NA;0;3;NA;5;NA;0;NA;1;NA;0;3397;NA;4203;3;141;1213;NA;83;NA;3031;NA;NA;67594;5679;38612;7923;959;4
"33";2015;3;423;212;13571;NA;19534;1647;1788;NA;NA;NA;NA;0;NA;11584;1583;107;105;175;NA;NA;62;0;4;NA;NA;NA;NA;NA;NA;NA;NA;NA;NA;NA;NA;NA;143;2567;3465;NA;27732;569;664;167;3058;1728;588592;1341;4;64;0;NA;3411;NA;NA;0;NA;7;0;1;NA;0;NA;0;0;NA;1;NA;0;NA;3;NA;0;4048;NA;2271;6;37;318;NA;93;NA;4646;NA;NA;68277;2830;40163;9237;1474;3
"34";2015;3;213;212;9287;NA;9301;1151;1052;NA;NA;NA;NA;0;NA;5630;559;77;72;166;NA;NA;33;1;4;NA;NA;NA;NA;NA;NA;NA;NA;NA;NA;NA;NA;NA;20;2201;2360;NA;15829;261;332;113;1855;1101;167461;486;4;33;1;NA;2422;NA;NA;1;NA;4;0;0;NA;0;NA;0;0;NA;1;NA;0;NA;2;NA;1;2663;NA;824;0;8;33;NA;42;NA;5088;NA;NA;40108;1060;23425;6136;800;0
"35";2015;3;144;169;7358;NA;6687;764;691;NA;NA;NA;NA;0;NA;4014;691;73;72;128;NA;NA;18;1;1;NA;NA;NA;NA;NA;NA;NA;NA;NA;NA;NA;NA;NA;76;2078;1703;NA;9789;181;249;96;1098;1001;94094;415;1;19;1;NA;2052;NA;NA;1;NA;0;0;0;NA;0;NA;0;2;NA;0;NA;0;NA;0;NA;0;1860;NA;527;0;3;53;NA;61;NA;2914;NA;NA;28674;727;17721;4988;644;2
"36";2015;3;263;142;5766;NA;15719;669;933;NA;NA;NA;NA;0;NA;6690;1036;62;57;100;NA;NA;47;1;5;NA;NA;NA;NA;NA;NA;NA;NA;NA;NA;NA;NA;NA;53;1064;1556;NA;17118;255;292;101;1902;942;262810;780;5;47;1;NA;1487;NA;NA;0;NA;7;0;0;NA;0;NA;1;3;NA;1;NA;0;NA;5;NA;0;2460;NA;4443;0;74;711;NA;83;NA;2299;NA;NA;31237;5306;24716;4874;485;8
"37";2015;3;350;301;9460;NA;11872;1034;1240;NA;NA;NA;NA;0;NA;6438;1284;102;97;241;NA;NA;59;0;5;NA;NA;NA;NA;NA;NA;NA;NA;NA;NA;NA;NA;NA;18;1746;2502;NA;19333;187;270;127;2633;1424;202811;693;5;61;0;NA;2994;NA;NA;0;NA;5;0;2;NA;0;NA;0;1;NA;0;NA;0;NA;2;NA;0;3752;NA;1458;1;36;321;NA;67;NA;2222;NA;NA;45407;2084;26901;7216;1080;5
"38";2015;3;106;67;4323;NA;3214;541;560;NA;NA;NA;NA;0;NA;1967;122;20;20;53;NA;NA;9;0;0;NA;NA;NA;NA;NA;NA;NA;NA;NA;NA;NA;NA;NA;37;940;1142;NA;7184;106;101;85;839;752;63197;125;0;9;0;NA;1219;NA;NA;0;NA;0;0;0;NA;0;NA;0;0;NA;0;NA;0;NA;0;NA;0;1364;NA;151;0;3;7;NA;27;NA;3347;NA;NA;17392;220;9924;3120;324;1
"39";2015;3;385;204;11699;NA;16286;1055;1340;NA;NA;NA;NA;4;NA;7537;2367;74;71;144;NA;NA;55;1;6;NA;NA;NA;NA;NA;NA;NA;NA;NA;NA;NA;NA;NA;29;3167;2753;NA;26187;208;411;179;2533;1261;267544;1656;6;58;1;NA;3271;NA;NA;0;NA;0;0;0;NA;0;NA;0;0;NA;0;NA;0;NA;1;NA;1;3593;NA;2733;2;85;770;NA;64;NA;4075;NA;NA;59032;3712;33855;7573;1291;13
"40";2015;3;109;83;3538;NA;3411;398;433;NA;NA;NA;NA;0;NA;2086;157;28;25;62;NA;NA;23;0;0;NA;NA;NA;NA;NA;NA;NA;NA;NA;NA;NA;NA;NA;21;1076;771;NA;6553;75;97;49;684;435;95483;134;0;24;0;NA;1094;NA;NA;1;NA;0;0;0;NA;0;NA;0;0;NA;2;NA;0;NA;0;NA;0;1012;NA;324;0;0;12;NA;36;NA;994;NA;NA;15986;421;8957;2433;314;0
"10";2015;4;981;716;26578;NA;118607;1945;4270;31338;2668;6831;45287;5;NA;45422;10344;100;97;518;NA;NA;247;6;35;NA;29354;16;NA;2453;13;7357;1477;NA;39360;2715;NA;NA;231;4600;7685;NA;123757;1336;1242;90;8916;2533;1039649;9064;37;262;7;NA;6011;NA;NA;7;NA;68;5;32;NA;1;NA;5;37;NA;12;NA;0;NA;23;NA;0;8487;NA;40301;13;1391;10720;NA;266;NA;6460;NA;NA;161771;51826;158127;24914;1525;44
"20";2015;4;741;555;19151;NA;56142;1673;1594;20454;1931;NA;21814;2;NA;16805;5744;163;156;448;NA;NA;230;3;22;NA;19593;10;NA;1788;1;NA;NA;NA;19053;2288;NA;NA;100;3786;5723;NA;65009;663;782;159;5780;2142;442849;5189;22;248;3;NA;4337;NA;NA;4;NA;27;2;20;NA;1;NA;0;20;NA;2;NA;0;NA;5;NA;0;7163;NA;19310;4;496;6790;NA;217;NA;4818;NA;NA;128132;26802;83452;16835;1230;19
"30";2015;4;2461;1892;88015;NA;122425;9175;9477;55894;4219;NA;79093;2;NA;63781;10925;662;627;1438;NA;NA;471;6;36;NA;54605;6;NA;4058;2;NA;NA;NA;72960;9279;NA;NA;412;17466;23723;NA;177389;2244;3135;1017;18043;9673;2688212;8257;39;489;6;NA;20562;NA;NA;6;NA;62;2;11;NA;0;NA;1;11;NA;13;NA;0;NA;21;NA;1;24513;NA;20081;13;360;4571;NA;653;NA;29484;NA;NA;419507;26599;251546;55834;7412;48
"99";2015;4;4183;3163;133744;NA;297174;12793;15341;107686;8818;6831;146194;9;NA;126008;27013;925;880;2404;NA;NA;948;15;93;NA;103552;32;NA;8299;16;7357;1477;NA;131373;14282;NA;NA;743;25852;37131;NA;366155;4243;5159;1266;32739;14348;4170710;22510;98;999;16;NA;30910;NA;NA;17;NA;157;9;63;NA;2;NA;6;68;NA;27;NA;0;NA;49;NA;1;40163;NA;79692;30;2247;22081;NA;1136;NA;40762;NA;NA;709410;105227;493125;97583;10167;111
"31";2015;4;292;204;8354;NA;12493;595;772;NA;NA;NA;NA;1;NA;6321;1049;83;77;160;NA;NA;99;0;4;NA;NA;NA;NA;NA;NA;NA;NA;NA;NA;NA;NA;NA;25;1377;2232;NA;16996;343;477;76;1706;845;371748;799;4;106;0;NA;1684;NA;NA;1;NA;3;1;1;NA;0;NA;1;0;NA;1;NA;0;NA;3;NA;0;2326;NA;2616;1;39;469;NA;78;NA;2518;NA;NA;42289;3349;24102;5869;749;1
"32";2015;4;348;313;12426;NA;22390;1061;1164;NA;NA;NA;NA;0;NA;10224;2136;85;81;229;NA;NA;74;3;6;NA;NA;NA;NA;NA;NA;NA;NA;NA;NA;NA;NA;NA;84;2691;3301;NA;29351;261;331;101;2485;1007;254362;1591;8;76;3;NA;2652;NA;NA;0;NA;7;1;2;NA;0;NA;0;3;NA;1;NA;0;NA;3;NA;0;3068;NA;4694;4;115;1449;NA;98;NA;2779;NA;NA;69246;6452;40006;7550;880;13
"33";2015;4;384;237;13594;NA;19631;1765;1683;NA;NA;NA;NA;0;NA;11745;1817;93;91;197;NA;NA;59;0;5;NA;NA;NA;NA;NA;NA;NA;NA;NA;NA;NA;NA;NA;58;2271;3607;NA;27736;518;594;162;2908;1418;542236;1387;5;61;0;NA;2854;NA;NA;0;NA;10;0;0;NA;0;NA;0;0;NA;0;NA;0;NA;4;NA;0;3645;NA;2210;0;43;344;NA;92;NA;4419;NA;NA;68371;2815;39764;8855;1268;9
"34";2015;4;241;205;9845;NA;9728;1218;960;NA;NA;NA;NA;0;NA;6017;528;65;59;142;NA;NA;32;1;2;NA;NA;NA;NA;NA;NA;NA;NA;NA;NA;NA;NA;NA;42;2176;2661;NA;16270;231;297;123;1758;1136;152907;483;2;32;1;NA;2220;NA;NA;0;NA;3;0;1;NA;0;NA;0;0;NA;4;NA;0;NA;1;NA;0;2617;NA;782;2;8;49;NA;55;NA;4870;NA;NA;41237;1007;24176;5743;671;5
"35";2015;4;144;154;7393;NA;6611;833;590;NA;NA;NA;NA;0;NA;4072;652;64;56;129;NA;NA;19;0;0;NA;NA;NA;NA;NA;NA;NA;NA;NA;NA;NA;NA;NA;60;1761;1929;NA;10372;141;189;81;1089;873;85144;361;0;19;0;NA;1848;NA;NA;1;NA;2;0;1;NA;0;NA;0;1;NA;0;NA;0;NA;2;NA;0;1564;NA;467;0;2;75;NA;53;NA;2542;NA;NA;28708;690;17429;4264;549;0
"36";2015;4;252;150;6070;NA;16525;586;854;NA;NA;NA;NA;0;NA;7165;1164;53;51;101;NA;NA;46;0;8;NA;NA;NA;NA;NA;NA;NA;NA;NA;NA;NA;NA;NA;40;1018;1666;NA;18345;242;330;108;1801;1021;268336;992;8;49;0;NA;1416;NA;NA;0;NA;21;0;4;NA;0;NA;0;4;NA;0;NA;0;NA;0;NA;0;2495;NA;4563;2;69;919;NA;79;NA;2217;NA;NA;32573;5637;25601;4445;460;7
"37";2015;4;314;315;10077;NA;12208;1016;1187;NA;NA;NA;NA;1;NA;6517;1151;93;87;252;NA;NA;43;0;6;NA;NA;NA;NA;NA;NA;NA;NA;NA;NA;NA;NA;NA;25;1557;2872;NA;18313;181;262;103;2352;1195;192169;771;7;45;0;NA;2775;NA;NA;2;NA;8;0;1;NA;0;NA;0;1;NA;4;NA;0;NA;4;NA;1;3256;NA;1639;2;18;427;NA;54;NA;2319;NA;NA;45425;2368;27578;6626;1012;9
"38";2015;4;94;50;4457;NA;3148;555;606;NA;NA;NA;NA;0;NA;1913;128;19;19;34;NA;NA;20;0;0;NA;NA;NA;NA;NA;NA;NA;NA;NA;NA;NA;NA;NA;20;874;1253;NA;7178;91;107;71;786;663;58506;110;0;21;0;NA;1190;NA;NA;0;NA;4;0;0;NA;0;NA;0;0;NA;0;NA;0;NA;0;NA;0;1254;NA;102;0;2;11;NA;20;NA;3225;NA;NA;17432;167;10006;2950;321;0
"39";2015;4;300;179;12227;NA;16286;1161;1226;NA;NA;NA;NA;0;NA;7753;2110;80;79;131;NA;NA;52;2;4;NA;NA;NA;NA;NA;NA;NA;NA;NA;NA;NA;NA;NA;42;2850;3300;NA;26110;169;449;161;2358;1108;254976;1643;4;53;2;NA;2990;NA;NA;1;NA;4;0;1;NA;0;NA;0;2;NA;3;NA;0;NA;4;NA;0;3224;NA;2630;2;62;805;NA;86;NA;3749;NA;NA;58243;3622;34069;7147;1169;4
"40";2015;4;92;85;3572;NA;3405;385;435;NA;NA;NA;NA;0;NA;2054;190;27;27;63;NA;NA;27;0;1;NA;NA;NA;NA;NA;NA;NA;NA;NA;NA;NA;NA;NA;16;891;902;NA;6718;67;99;31;800;407;93631;120;1;27;0;NA;933;NA;NA;1;NA;0;0;0;NA;0;NA;0;0;NA;0;NA;0;NA;0;NA;0;1064;NA;378;0;2;23;NA;38;NA;846;NA;NA;15983;492;8815;2385;333;0
"10";2016;1;1063;659;25636;NA;117279;1479;3714;30389;2745;7916;41409;3;NA;44654;10991;91;82;514;NA;NA;223;4;23;NA;27103;3154;NA;995;1366;4060;2853;NA;28837;16349;NA;NA;213;4083;7615;NA;122622;1078;1191;80;10238;2746;1072538;8321;23;231;4;NA;5716;NA;NA;8;NA;48;7;51;NA;3;NA;3;26;NA;5;NA;0;NA;17;NA;0;9393;NA;39670;10;1329;9245;NA;229;NA;4748;NA;NA;158856;49678;154483;25873;2228;77
"20";2016;1;779;552;19006;NA;55985;1446;1948;20262;1823;NA;21744;0;NA;16964;5864;123;117;429;NA;NA;185;0;20;NA;17758;2010;NA;1211;564;NA;NA;NA;13004;6932;NA;NA;132;3263;5743;NA;66675;750;1004;120;6030;2119;457561;4727;20;190;0;NA;4373;NA;NA;4;NA;15;3;13;NA;3;NA;2;11;NA;2;NA;0;NA;8;NA;0;7484;NA;19652;8;444;5796;NA;203;NA;4814;NA;NA;132900;26082;83310;17224;1373;23
"30";2016;1;2519;1943;87854;NA;125875;9203;10374;56395;4434;NA;81759;3;NA;65332;10954;632;595;1539;NA;NA;482;6;34;NA;49843;5015;NA;3554;846;NA;NA;NA;49478;21399;NA;NA;457;16454;23691;NA;184471;2379;3408;1214;19101;9941;2827306;8477;36;496;6;NA;20366;NA;NA;4;NA;34;0;6;NA;1;NA;2;9;NA;12;NA;0;NA;21;NA;3;25888;NA;21368;10;379;4155;NA;683;NA;31629;NA;NA;428227;27581;255615;56832;8028;41
"99";2016;1;4361;3154;132496;NA;299139;12128;16036;107046;9002;7916;144912;6;NA;126950;27809;846;794;2482;NA;NA;890;10;77;NA;94704;10179;NA;5760;2776;4060;2853;NA;91319;44680;NA;NA;802;23800;37049;NA;373768;4207;5603;1414;35369;14806;4357405;21525;79;917;10;NA;30455;NA;NA;16;NA;97;10;70;NA;7;NA;7;46;NA;19;NA;0;NA;46;NA;3;42765;NA;80690;28;2152;19196;NA;1115;NA;41191;NA;NA;719983;103341;493408;99929;11629;141
"31";2016;1;288;218;8567;NA;12916;695;911;NA;NA;NA;NA;0;NA;6511;996;63;58;171;NA;NA;102;2;4;NA;NA;NA;NA;NA;NA;NA;NA;NA;NA;NA;NA;NA;37;1253;2243;NA;18695;292;412;84;1902;838;337703;800;4;106;2;NA;1512;NA;NA;2;NA;4;0;0;NA;0;NA;0;0;NA;1;NA;0;NA;4;NA;1;2435;NA;2837;0;41;470;NA;117;NA;2632;NA;NA;44540;3584;24819;6420;824;5
"32";2016;1;329;291;12345;NA;22403;979;1223;NA;NA;NA;NA;0;NA;10223;2264;82;78;227;NA;NA;61;0;5;NA;NA;NA;NA;NA;NA;NA;NA;NA;NA;NA;NA;NA;77;2466;3334;NA;30000;265;388;127;2808;1080;246580;1673;5;61;0;NA;2712;NA;NA;1;NA;3;0;0;NA;0;NA;1;0;NA;3;NA;0;NA;3;NA;0;3425;NA;4377;4;121;1356;NA;91;NA;3072;NA;NA;69720;6026;39953;7531;995;6
"33";2016;1;358;238;13092;NA;19598;1670;1818;NA;NA;NA;NA;1;NA;11686;1690;95;91;199;NA;NA;66;0;4;NA;NA;NA;NA;NA;NA;NA;NA;NA;NA;NA;NA;NA;67;2134;3482;NA;28852;520;621;178;2930;1414;566151;1381;5;69;0;NA;2877;NA;NA;0;NA;4;0;0;NA;1;NA;0;1;NA;2;NA;0;NA;2;NA;0;3787;NA;2347;0;44;336;NA;87;NA;4483;NA;NA;68477;2953;39293;8494;1381;11
"34";2016;1;241;198;9800;NA;9723;1307;1038;NA;NA;NA;NA;0;NA;5908;557;57;54;162;NA;NA;45;0;2;NA;NA;NA;NA;NA;NA;NA;NA;NA;NA;NA;NA;NA;29;1986;2687;NA;16476;256;330;131;1813;1037;156878;488;2;48;0;NA;2117;NA;NA;0;NA;2;0;0;NA;0;NA;0;0;NA;1;NA;0;NA;3;NA;0;2552;NA;830;0;10;50;NA;51;NA;4732;NA;NA;41545;1089;24183;5628;772;0
"35";2016;1;193;131;7068;NA;7152;764;630;NA;NA;NA;NA;0;NA;4189;653;59;55;117;NA;NA;24;1;3;NA;NA;NA;NA;NA;NA;NA;NA;NA;NA;NA;NA;NA;76;1508;1844;NA;9513;139;184;99;1109;804;126180;420;3;24;1;NA;1816;NA;NA;1;NA;2;0;0;NA;0;NA;0;2;NA;0;NA;0;NA;1;NA;0;1588;NA;686;1;1;72;NA;44;NA;2765;NA;NA;27894;902;17561;4521;556;1
"36";2016;1;287;172;6840;NA;16976;699;1118;NA;NA;NA;NA;1;NA;7798;1094;59;57;126;NA;NA;43;0;6;NA;NA;NA;NA;NA;NA;NA;NA;NA;NA;NA;NA;NA;47;1045;1871;NA;21382;244;389;110;2042;1137;344667;963;6;44;0;NA;1738;NA;NA;0;NA;10;0;2;NA;0;NA;1;2;NA;0;NA;0;NA;4;NA;1;2904;NA;4862;3;72;754;NA;86;NA;2697;NA;NA;34758;5792;27543;5038;552;12
"37";2016;1;339;328;10079;NA;12357;962;1214;NA;NA;NA;NA;0;NA;6650;1097;88;84;270;NA;NA;42;2;6;NA;NA;NA;NA;NA;NA;NA;NA;NA;NA;NA;NA;NA;26;1669;2856;NA;18350;224;320;137;2516;1354;207142;693;6;42;2;NA;2658;NA;NA;0;NA;6;0;0;NA;0;NA;0;3;NA;2;NA;0;NA;1;NA;0;3485;NA;1810;1;24;333;NA;88;NA;2613;NA;NA;45463;2461;27598;6829;1042;1
"38";2016;1;83;84;4627;NA;3407;557;567;NA;NA;NA;NA;0;NA;2061;139;24;24;61;NA;NA;12;0;0;NA;NA;NA;NA;NA;NA;NA;NA;NA;NA;NA;NA;NA;26;889;1211;NA;7272;104;111;111;750;589;61528;145;0;13;0;NA;1099;NA;NA;0;NA;1;0;0;NA;0;NA;0;1;NA;0;NA;0;NA;0;NA;0;1157;NA;117;0;2;5;NA;21;NA;3274;NA;NA;17987;195;10341;2906;306;0
"39";2016;1;307;214;11834;NA;17617;1195;1375;NA;NA;NA;NA;1;NA;8037;2307;72;66;156;NA;NA;60;1;2;NA;NA;NA;NA;NA;NA;NA;NA;NA;NA;NA;NA;NA;49;2626;3251;NA;27377;242;518;184;2443;1258;248877;1775;3;62;1;NA;2991;NA;NA;0;NA;2;0;4;NA;0;NA;0;0;NA;1;NA;0;NA;3;NA;1;3443;NA;3190;1;64;761;NA;61;NA;4581;NA;NA;61689;4170;35226;6970;1208;5
"40";2016;1;94;69;3602;NA;3726;375;480;NA;NA;NA;NA;0;NA;2269;157;33;28;50;NA;NA;27;0;2;NA;NA;NA;NA;NA;NA;NA;NA;NA;NA;NA;NA;NA;23;878;912;NA;6554;93;135;53;788;430;95160;139;2;27;0;NA;846;NA;NA;0;NA;0;0;0;NA;0;NA;0;0;NA;2;NA;0;NA;0;NA;0;1112;NA;312;0;0;18;NA;37;NA;780;NA;NA;16154;409;9098;2495;392;0
"10";2016;2;1026;712;24871;NA;118864;1508;3179;51967;4691;7679;63942;5;NA;45470;11633;102;95;541;NA;NA;211;3;28;NA;50194;2274;NA;3521;966;5137;2504;NA;52488;12666;NA;NA;214;4427;7058;NA;124396;906;1114;30;10976;3306;1103996;8091;28;220;3;NA;5849;NA;NA;13;NA;52;2;41;NA;0;NA;5;34;NA;13;NA;0;NA;16;NA;3;10036;NA;38483;12;1284;9201;NA;236;NA;3929;NA;NA;161069;48469;154983;27826;2573;63
"20";2016;2;603;502;17618;NA;56320;1314;1957;20901;1761;NA;21252;1;NA;17596;6086;167;162;397;NA;NA;169;1;18;NA;21361;206;NA;1711;121;NA;NA;NA;18076;3367;NA;NA;78;3618;4880;NA;66010;805;1038;176;6155;2436;532878;4544;18;176;1;NA;4172;NA;NA;2;NA;23;2;9;NA;2;NA;1;11;NA;4;NA;1;NA;7;NA;0;7741;NA;18823;8;502;5532;NA;188;NA;4814;NA;NA;137140;24940;81883;17622;1511;20
"30";2016;2;2620;1819;82216;NA;127885;8768;10314;57908;4235;NA;83127;2;NA;66223;10841;703;671;1316;NA;NA;458;6;40;NA;56720;299;NA;4280;57;NA;NA;NA;69476;13182;NA;NA;416;17785;20770;NA;175352;2339;3428;1245;18949;11399;2741741;8022;43;471;6;NA;20909;NA;NA;7;NA;49;2;7;NA;0;NA;1;10;NA;15;NA;1;NA;9;NA;2;27212;NA;22738;17;460;4032;NA;541;NA;31424;NA;NA;421693;28586;251911;59272;8165;55
"99";2016;2;4249;3033;124705;NA;303069;11590;15450;130776;10687;7679;168321;8;NA;129289;28560;972;928;2254;NA;NA;838;10;86;NA;128275;2779;NA;9512;1144;5137;2504;NA;140040;29215;NA;NA;708;25830;32708;NA;365758;4050;5580;1451;36080;17141;4378615;20657;89;867;10;NA;30930;NA;NA;22;NA;124;6;57;NA;2;NA;7;55;NA;32;NA;2;NA;32;NA;5;44989;NA;80044;37;2246;18765;NA;965;NA;40167;NA;NA;719902;101995;488777;104720;12249;138
"31";2016;2;316;177;7897;NA;13759;659;789;NA;NA;NA;NA;0;NA;6299;1299;66;62;122;NA;NA;102;1;11;NA;NA;NA;NA;NA;NA;NA;NA;NA;NA;NA;NA;NA;36;1294;1945;NA;17334;300;392;88;1830;914;323943;799;12;105;1;NA;1501;NA;NA;0;NA;7;1;0;NA;0;NA;0;0;NA;0;NA;0;NA;1;NA;1;2506;NA;3293;3;52;469;NA;93;NA;2709;NA;NA;43674;3997;24782;6619;756;1
"32";2016;2;393;284;11993;NA;23195;831;1219;NA;NA;NA;NA;1;NA;10739;2103;112;107;202;NA;NA;51;1;3;NA;NA;NA;NA;NA;NA;NA;NA;NA;NA;NA;NA;NA;74;2771;3122;NA;29535;289;406;148;2661;1065;244206;1481;3;52;1;NA;2632;NA;NA;1;NA;6;1;1;NA;0;NA;0;2;NA;1;NA;0;NA;1;NA;0;3288;NA;4746;1;126;1313;NA;61;NA;2897;NA;NA;69559;6316;40154;7784;983;7
"33";2016;2;402;225;12654;NA;20576;1666;2004;NA;NA;NA;NA;0;NA;12309;1711;93;89;181;NA;NA;57;1;6;NA;NA;NA;NA;NA;NA;NA;NA;NA;NA;NA;NA;NA;71;2270;3253;NA;28338;543;696;190;3204;1767;578659;1357;7;60;1;NA;3064;NA;NA;2;NA;7;0;0;NA;0;NA;0;0;NA;5;NA;1;NA;1;NA;0;4432;NA;2525;3;52;288;NA;78;NA;4652;NA;NA;69131;3057;40189;9292;1626;7
"34";2016;2;243;172;9008;NA;9841;1238;1012;NA;NA;NA;NA;0;NA;5875;608;69;66;118;NA;NA;36;0;1;NA;NA;NA;NA;NA;NA;NA;NA;NA;NA;NA;NA;NA;29;2108;2344;NA;15554;238;334;161;1747;1181;161507;493;1;37;0;NA;2271;NA;NA;0;NA;5;0;0;NA;0;NA;0;0;NA;2;NA;0;NA;1;NA;0;2623;NA;990;2;13;55;NA;43;NA;4738;NA;NA;40140;1200;23542;5596;751;0
"35";2016;2;143;142;7187;NA;7497;767;653;NA;NA;NA;NA;0;NA;4599;780;58;53;110;NA;NA;22;0;3;NA;NA;NA;NA;NA;NA;NA;NA;NA;NA;NA;NA;NA;81;2119;1593;NA;9837;152;196;83;1102;972;110036;415;3;23;0;NA;1877;NA;NA;1;NA;2;0;0;NA;0;NA;0;1;NA;1;NA;0;NA;0;NA;0;1715;NA;723;3;2;61;NA;39;NA;2997;NA;NA;28753;919;18123;4704;580;4
"36";2016;2;286;183;5605;NA;16112;563;952;NA;NA;NA;NA;0;NA;6930;922;64;60;80;NA;NA;40;0;8;NA;NA;NA;NA;NA;NA;NA;NA;NA;NA;NA;NA;NA;43;1003;1413;NA;16679;214;348;115;1847;1040;269315;916;9;42;0;NA;1383;NA;NA;3;NA;10;0;3;NA;0;NA;0;5;NA;1;NA;0;NA;5;NA;0;2558;NA;4957;1;97;853;NA;76;NA;2473;NA;NA;31457;5938;24798;5329;450;12
"37";2016;2;274;299;9278;NA;13099;979;1196;NA;NA;NA;NA;1;NA;7259;1154;115;113;252;NA;NA;52;1;5;NA;NA;NA;NA;NA;NA;NA;NA;NA;NA;NA;NA;NA;11;1523;2534;NA;18505;184;289;136;2475;1718;205021;697;5;52;1;NA;2686;NA;NA;0;NA;8;0;0;NA;0;NA;1;0;NA;0;NA;0;NA;0;NA;0;3842;NA;1846;2;32;303;NA;49;NA;2540;NA;NA;45593;2459;27537;7277;1008;10
"38";2016;2;93;72;4146;NA;3406;505;611;NA;NA;NA;NA;0;NA;2067;137;17;17;51;NA;NA;12;1;0;NA;NA;NA;NA;NA;NA;NA;NA;NA;NA;NA;NA;NA;38;868;1018;NA;7140;88;104;76;864;892;63108;140;0;12;1;NA;1219;NA;NA;0;NA;2;0;0;NA;0;NA;0;0;NA;1;NA;0;NA;0;NA;1;1533;NA;170;1;3;6;NA;15;NA;3334;NA;NA;17541;239;9959;3113;369;1
"39";2016;2;364;194;11082;NA;16795;1196;1387;NA;NA;NA;NA;0;NA;7926;1994;80;76;148;NA;NA;64;1;2;NA;NA;NA;NA;NA;NA;NA;NA;NA;NA;NA;NA;NA;16;2895;2792;NA;26029;249;538;203;2463;1417;263069;1608;2;66;1;NA;3280;NA;NA;0;NA;2;0;1;NA;0;NA;0;2;NA;4;NA;0;NA;0;NA;0;3626;NA;3182;1;81;676;NA;65;NA;4210;NA;NA;60038;4072;33934;7043;1261;13
"40";2016;2;106;71;3366;NA;3605;364;491;NA;NA;NA;NA;0;NA;2220;133;29;28;52;NA;NA;22;0;1;NA;NA;NA;NA;NA;NA;NA;NA;NA;NA;NA;NA;NA;17;934;756;NA;6401;82;125;45;756;433;92103;116;1;22;0;NA;996;NA;NA;0;NA;0;0;2;NA;0;NA;0;0;NA;0;NA;0;NA;0;NA;0;1089;NA;306;0;2;8;NA;22;NA;874;NA;NA;15807;389;8893;2515;381;0
"10";2016;3;1229;740;25225;NA;123174;1271;2585;52857;4496;8122;63086;5;NA;45814;12099;105;95;625;147;NA;202;2;33;NA;51037;394;NA;4336;277;9158;0;NA;59396;10432;NA;NA;227;4332;7285;1;129080;840;1067;47;10297;3438;1197731;8318;33;210;2;NA;5576;NA;NA;8;NA;52;7;32;NA;2;NA;3;39;NA;10;NA;2;NA;24;NA;2;9331;NA;40910;7;1508;9419;NA;223;NA;3602;NA;NA;162858;51194;158571;27981;2075;48
"20";2016;3;602;646;17632;NA;56621;1310;1770;20943;1802;NA;17588;0;NA;17543;5989;132;125;469;143;NA;194;5;18;NA;20277;33;NA;1721;42;NA;NA;NA;19403;2976;NA;NA;109;3653;4925;1;65646;807;1165;226;5827;2383;543792;4543;20;203;6;NA;4495;NA;NA;1;NA;26;4;21;NA;1;NA;0;10;NA;3;NA;0;NA;18;NA;0;7508;NA;19315;4;598;5531;NA;180;NA;4422;NA;NA;138352;25527;82474;17431;1541;21
"30";2016;3;2312;1980;83976;NA;126520;9048;9551;58342;4320;NA;77194;4;NA;65172;10380;733;705;1563;373;NA;459;7;42;NA;55938;83;NA;4070;10;NA;NA;NA;73891;8756;NA;NA;497;17455;20872;0;179220;2047;2884;1379;17989;11660;2803938,5;7713;43;476;7;NA;21890;NA;NA;6;NA;42;4;7;NA;0;NA;0;11;NA;16;NA;0;NA;19;NA;2;26554;NA;21789;24;523;3849;NA;602;NA;30867;NA;NA;426284;27706;252965;58012;7352;55
"99";2016;3;4143;3366;126833;NA;306315;11629;13906;132142;10618;8122;157868;9;NA;128529;28468;970;925;2657;663;NA;855;14;93;NA;127252;510;NA;10127;329;9158;0;NA;152690;22164;NA;NA;833;25440;33082;2;373946;3694;5116;1652;34113;17481;4545462;20574;96;889;15;NA;31961;NA;NA;15;NA;120;15;60;NA;3;NA;3;60;NA;29;NA;2;NA;61;NA;4;43393;NA;82014;35;2629;18799;NA;1005;NA;38891;NA;NA;727494;104427;494010;103424;10968;124
"31";2016;3;257;179;8070;NA;13983;718;811;NA;NA;NA;NA;1;NA;6694;1249;64;59;129;26;NA;95;0;7;NA;NA;NA;NA;NA;NA;NA;NA;NA;NA;NA;NA;NA;53;1278;2020;0;18475;318;430;109;1797;907;344762,5;785;7;97;0;NA;1778;NA;NA;1;NA;6;0;0;NA;0;NA;0;2;NA;3;NA;0;NA;0;NA;0;2448;NA;3172;2;62;436;NA;87;NA;2627;NA;NA;45325;3840;25539;6615;784;2
"32";2016;3;286;288;12109;NA;22909;926;1084;NA;NA;NA;NA;0;NA;10702;2086;122;116;218;55;NA;60;0;8;NA;NA;NA;NA;NA;NA;NA;NA;NA;NA;NA;NA;NA;129;2729;3035;0;29418;235;324;118;2508;1069;244792;1478;8;62;0;NA;2746;NA;NA;2;NA;9;0;2;NA;0;NA;0;4;NA;1;NA;0;NA;2;NA;0;3190;NA;4491;1;164;1193;NA;67;NA;2701;NA;NA;69371;5970;40062;7562;889;14
"33";2016;3;302;262;13253;NA;20722;1632;1713;NA;NA;NA;NA;0;NA;12235;1665;101;99;231;46;NA;67;0;7;NA;NA;NA;NA;NA;NA;NA;NA;NA;NA;NA;NA;NA;86;2329;3330;0;28941;463;580;257;2985;1808;596396;1319;8;69;0;NA;2955;NA;NA;0;NA;3;1;0;NA;0;NA;0;0;NA;3;NA;0;NA;5;NA;0;4271;NA;2547;5;54;352;NA;82;NA;4663;NA;NA;69952;3204;40537;9162;1396;4
"34";2016;3;220;237;9162;NA;9902;1253;968;NA;NA;NA;NA;0;NA;5807;682;78;76;168;40;NA;31;2;0;NA;NA;NA;NA;NA;NA;NA;NA;NA;NA;NA;NA;NA;31;2003;2264;0;15843;222;284;172;1630;1127;157029;537;0;34;2;NA;2340;NA;NA;0;NA;0;1;2;NA;0;NA;0;1;NA;2;NA;0;NA;1;NA;0;2523;NA;892;4;17;53;NA;54;NA;4813;NA;NA;40421;1144;23862;5544;664;1
"35";2016;3;153;147;6882;NA;6688;833;660;NA;NA;NA;NA;0;NA;3962;668;60;56;121;34;NA;26;3;3;NA;NA;NA;NA;NA;NA;NA;NA;NA;NA;NA;NA;NA;60;1691;1595;0;10390;118;180;137;1105;1003;91935;384;3;28;3;NA;1990;NA;NA;0;NA;4;0;0;NA;0;NA;0;1;NA;0;NA;0;NA;3;NA;0;1749;NA;536;2;13;43;NA;38;NA;2920;NA;NA;28479;729;17200;4753;559;8
"36";2016;3;266;146;5357;NA;15180;573;1067;NA;NA;NA;NA;2;NA;6326;789;61;58;127;45;NA;47;2;4;NA;NA;NA;NA;NA;NA;NA;NA;NA;NA;NA;NA;NA;48;924;1368;0;16398;182;281;91;1798;1077;304081;773;4;48;2;NA;1504;NA;NA;2;NA;12;0;1;NA;0;NA;0;3;NA;1;NA;0;NA;2;NA;0;2545;NA;4766;1;101;752;NA;87;NA;2754;NA;NA;31192;5698;23827;4269;413;11
"37";2016;3;309;327;9425;NA;13297;1007;1036;NA;NA;NA;NA;0;NA;7222;976;92;91;265;61;NA;50;0;6;NA;NA;NA;NA;NA;NA;NA;NA;NA;NA;NA;NA;NA;16;1576;2340;0;19887;193;286;153;2355;2096;224954;664;6;53;0;NA;2858;NA;NA;0;NA;5;1;1;NA;0;NA;0;0;NA;1;NA;0;NA;4;NA;0;4050;NA;2005;5;20;316;NA;61;NA;2390;NA;NA;47572;2642;27950;6911;908;7
"38";2016;3;108;68;4470;NA;3319;535;566;NA;NA;NA;NA;0;NA;1990;110;22;22;45;10;NA;9;0;0;NA;NA;NA;NA;NA;NA;NA;NA;NA;NA;NA;NA;NA;24;892;1144;0;7162;92;82;91;800;822;58681;138;0;10;0;NA;1297;NA;NA;0;NA;0;0;0;NA;0;NA;0;0;NA;0;NA;0;NA;0;NA;0;1389;NA;130;0;3;7;NA;26;NA;3206;NA;NA;17786;191;10255;3176;333;1
"39";2016;3;309;221;11620;NA;17071;1140;1213;NA;NA;NA;NA;1;NA;8127;2028;104;100;175;35;NA;59;0;6;NA;NA;NA;NA;NA;NA;NA;NA;NA;NA;NA;NA;NA;26;3025;2951;0;26081;154;337;211;2229;1276;273144;1520;6;60;0;NA;3360;NA;NA;0;NA;3;1;0;NA;0;NA;0;0;NA;1;NA;0;NA;2;NA;2;3271;NA;2972;3;88;685;NA;69;NA;3973;NA;NA;60034;3898;34625;7645;1061;7
"40";2016;3;102;105;3628;NA;3449;431;433;NA;NA;NA;NA;0;NA;2107;127;29;28;84;21;NA;15;0;1;NA;NA;NA;NA;NA;NA;NA;NA;NA;NA;NA;NA;NA;24;1008;825;0;6625;70;100;40;782;475;92649;115;1;15;0;NA;1062;NA;NA;1;NA;0;0;1;NA;0;NA;0;0;NA;4;NA;0;NA;0;NA;0;1118;NA;278;1;1;12;NA;31;NA;820;NA;NA;16152;390;9108;2375;345;0
"10";2016;4;1102;744;25781;NA;122824;1312;2157;31429;2765;6128;37514;3;NA;47412;9945;113;100;636;405;NA;208;7;32;NA;33577;111;NA;2804;32;6526;0;NA;36586;4920;NA;NA;222;3972;7771;2;129688;1018;1079;62;9502;3476;1065152;8294;32;226;7;NA;5412;NA;NA;6;NA;88;5;56;NA;1;NA;5;48;NA;3;NA;1;NA;24;NA;3;8673;NA;40494;14;1745;10297;NA;244;NA;4187;NA;NA;162517;51670;158230;25835;1951;81
"20";2016;4;665;531;17473;NA;55429;1236;1667;19524;1721;NA;19187;0;NA;16404;5333;124;119;512;322;NA;208;1;23;NA;18705;1;NA;1523;0;NA;NA;NA;19356;2106;NA;NA;169;2975;5229;1;63662;698;938;135;5645;2411;502917;4849;24;224;2;NA;4014;NA;NA;3;NA;32;0;13;NA;1;NA;1;18;NA;4;NA;0;NA;10;NA;2;7327;NA;19280;7;639;6479;NA;196;NA;4215;NA;NA;134867;26502;80350;16323;1333;39
"30";2016;4;2353;1907;85754;NA;127446;8715;9534;56535;4503;NA;49731;4;NA;66308;10817;668;641;1514;1040;NA;522;9;41;NA;58709;4;NA;4514;11;NA;NA;NA;70487;4303;NA;NA;485;16374;23216;7;179967;2060;2823;1024;18001;10802;2556828;8226;41;551;9;NA;19410;NA;NA;3;NA;48;3;7;NA;0;NA;1;15;NA;14;NA;0;NA;13;NA;2;25877;NA;20752;16;532;4413;NA;592;NA;28247;NA;NA;424642;27246;252766;56454;7419;54
"99";2016;4;4120;3182;129008;NA;305699;11263;13358;107488;8989;6128;106432;7;NA;130124;26095;905;860;2662;1767;NA;938;17;96;NA;110991;116;NA;8841;43;6526;0;NA;126429;11329;NA;NA;876;23321;36216;10;373317;3776;4840;1221;33148;16689;4124897;21369;97;1001;18;NA;28836;NA;NA;12;NA;168;8;76;NA;2;NA;7;81;NA;21;NA;1;NA;47;NA;7;41877;NA;80526;37;2916;21189;NA;1032;NA;36649;NA;NA;722026;105418;491346;98612;10703;174
"31";2016;4;318;171;7914;NA;13328;691;702;NA;NA;NA;NA;0;NA;6578;1218;76;73;132;102;NA;111;2;3;NA;NA;NA;NA;NA;NA;NA;NA;NA;NA;NA;NA;NA;28;1165;2133;1;18143;264;341;84;1720;824;314743;836;3;120;2;NA;1555;NA;NA;0;NA;8;0;2;NA;0;NA;1;1;NA;1;NA;0;NA;0;NA;0;2324;NA;2692;1;41;507;NA;95;NA;2583;NA;NA;43476;3445;24361;6031;707;6
"32";2016;4;356;316;12147;NA;23059;870;1155;NA;NA;NA;NA;2;NA;11047;1948;114;108;242;156;NA;67;1;7;NA;NA;NA;NA;NA;NA;NA;NA;NA;NA;NA;NA;NA;122;2550;3285;0;30061;239;325;77;2657;991;218252;1525;7;69;1;NA;2547;NA;NA;1;NA;7;0;2;NA;0;NA;0;5;NA;0;NA;0;NA;3;NA;0;3214;NA;4312;4;157;1334;NA;72;NA;2458;NA;NA;70730;5964;40094;8071;934;11
"33";2016;4;332;258;13364;NA;20425;1545;1747;NA;NA;NA;NA;1;NA;11960;1750;94;93;222;159;NA;68;0;9;NA;NA;NA;NA;NA;NA;NA;NA;NA;NA;NA;NA;NA;70;2149;3627;2;28676;412;508;164;2880;1626;538985;1316;9;73;0;NA;2665;NA;NA;1;NA;9;1;0;NA;0;NA;0;1;NA;5;NA;0;NA;0;NA;0;4033;NA;2364;3;78;454;NA;68;NA;4278;NA;NA;69023;3118;40004;8802;1382;7
"34";2016;4;259;228;9552;NA;10097;1136;955;NA;NA;NA;NA;0;NA;5850;804;59;57;184;123;NA;29;2;1;NA;NA;NA;NA;NA;NA;NA;NA;NA;NA;NA;NA;NA;26;2090;2593;0;15624;268;328;128;1754;1161;139803;677;1;29;2;NA;2091;NA;NA;0;NA;4;0;0;NA;0;NA;0;0;NA;2;NA;0;NA;1;NA;0;2612;NA;951;0;20;61;NA;56;NA;4201;NA;NA;40476;1226;24059;5324;723;2
"35";2016;4;145;134;6985;NA;6985;837;506;NA;NA;NA;NA;0;NA;4248;642;52;50;111;85;NA;29;0;5;NA;NA;NA;NA;NA;NA;NA;NA;NA;NA;NA;NA;NA;57;1564;1784;0;9757;100;138;89;946;861;87280;390;5;30;0;NA;1796;NA;NA;0;NA;0;0;0;NA;0;NA;0;0;NA;0;NA;0;NA;0;NA;1;1599;NA;549;3;6;45;NA;47;NA;2510;NA;NA;27764;739;17243;4242;442;5
"36";2016;4;203;144;5828;NA;16503;558;1211;NA;NA;NA;NA;0;NA;7211;1102;64;62;118;62;NA;48;0;7;NA;NA;NA;NA;NA;NA;NA;NA;NA;NA;NA;NA;NA;62;877;1643;1;18585;219;322;65;1774;991;266966;872;7;50;0;NA;1354;NA;NA;1;NA;11;2;3;NA;0;NA;0;5;NA;2;NA;0;NA;5;NA;0;2509;NA;4869;1;128;793;NA;63;NA;2558;NA;NA;33120;5835;25598;4283;502;5
"37";2016;4;282;295;9796;NA;12921;977;1107;NA;NA;NA;NA;1;NA;7136;1023;97;92;250;178;NA;59;1;2;NA;NA;NA;NA;NA;NA;NA;NA;NA;NA;NA;NA;NA;32;1453;2637;1;19552;190;284;127;2430;1995;205205;680;2;62;1;NA;2563;NA;NA;0;NA;4;0;0;NA;0;NA;0;2;NA;2;NA;0;NA;0;NA;0;4001;NA;1753;1;19;361;NA;59;NA;2223;NA;NA;46801;2426;27659;6777;921;10
"38";2016;4;106;73;4789;NA;3470;516;541;NA;NA;NA;NA;0;NA;2191;164;19;19;47;32;NA;17;0;1;NA;NA;NA;NA;NA;NA;NA;NA;NA;NA;NA;NA;NA;45;885;1352;0;7139;98;94;84;755;758;58046;163;1;19;0;NA;1185;NA;NA;0;NA;0;0;0;NA;0;NA;0;0;NA;0;NA;0;NA;2;NA;0;1299;NA;115;1;5;9;NA;23;NA;3259;NA;NA;18020;189;10574;3075;332;0
"39";2016;4;263;216;11641;NA;17200;1183;1172;NA;NA;NA;NA;0;NA;7992;2016;72;69;150;104;NA;68;2;5;NA;NA;NA;NA;NA;NA;NA;NA;NA;NA;NA;NA;NA;22;2724;3235;2;26000;190;381;184;2352;1168;247619;1609;5;73;2;NA;2739;NA;NA;0;NA;5;0;0;NA;0;NA;0;1;NA;2;NA;0;NA;2;NA;1;3245;NA;2902;2;77;838;NA;79;NA;3356;NA;NA;59378;3963;34151;7437;1116;8
"40";2016;4;89;72;3738;NA;3458;402;438;NA;NA;NA;NA;0;NA;2095;150;21;18;58;39;NA;26;1;1;NA;NA;NA;NA;NA;NA;NA;NA;NA;NA;NA;NA;NA;21;917;927;0;6430;80;102;22;733;427;85161;158;1;26;1;NA;915;NA;NA;0;NA;0;0;0;NA;0;NA;0;0;NA;0;NA;0;NA;0;NA;0;1041;NA;245;0;1;11;NA;30;NA;821;NA;NA;15854;341;9023;2412;360;0
"10";2017;1;942;745;25700;NA;124194;1321;2331;32579;2685;7222;38375;5;NA;50581;10536;102;95;613;398;215;188;4;34;NA;29957;2140;NA;1265;1413;3086;3463;NA;30119;9102;NA;NA;273;3650;7667;1;134067;1192;1276;18;9849;3980;1080665;7919;35;201;4;NA;4865;NA;NA;14;NA;62;2;53;NA;5;NA;5;36;1;11;0;0;18;18;5;1;8956;NA;40946;15;1613;8680;39318;214;NA;2942;NA;NA;160192;50466;159156;25720;2121;76
"20";2017;1;576;513;17948;NA;53969;1170;1919;20423;1682;NA;19362;0;NA;16400;5676;123;117;507;327;180;232;2;27;NA;18173;3436;NA;1118;687;NA;NA;NA;14450;5743;NA;NA;133;3038;5262;1;62622;748;926;139;5889;2711;493957;4507;27;250;2;NA;3990;NA;NA;3;NA;19;1;12;NA;8;NA;0;17;0;2;0;0;7;6;0;0;7919;NA;19172;5;645;5417;18522;197;NA;4064;NA;NA;137119;25355;79509;17074;1709;28
"30";2017;1;2451;1962;85290;NA;128222;8574;10783;57661;4336;NA;81201;1;NA;67206;10397;598;568;1547;1069;478;458;6;43;NA;50778;6818;NA;3394;880;NA;NA;NA;65922;14478;NA;NA;533;15013;22653;9;194264;1990;2876;1012;18322;10839;2516920;8082;44;491;9;NA;18349;NA;NA;7;NA;51;2;6;NA;1;NA;2;4;7;20;1;1;4;14;0;1;25960;NA;21628;15;504;3955;21109;591;NA;29521;NA;NA;435193;27632;253180;56991;8175;56
"99";2017;1;3969;3220;128938;NA;306385;11065;15033;110663;8703;7222;138938;6;NA;134187;26609;823;780;2667;1794;873;878;12;104;NA;98908;12394;NA;5777;2980;3086;3463;NA;110491;29323;NA;NA;939;21701;35582;11;390953;3930;5078;1169;34060;17530;4091542;20508;106;942;15;NA;27204;NA;NA;24;NA;132;5;71;NA;14;NA;7;57;8;33;1;1;29;38;5;2;42835;NA;81746;35;2762;18052;78949;1002;NA;36527;NA;NA;732504;103453;491845;99785;12005;160
"31";2017;1;291;185;8412;NA;13328;646;870;NA;NA;NA;NA;0;NA;6750;1212;53;49;158;106;52;76;0;8;NA;NA;NA;NA;NA;NA;NA;NA;NA;NA;NA;NA;NA;86;1165;2192;1;20463;311;384;108;1819;843;259389;798;8;80;0;NA;1462;NA;NA;1;NA;6;0;0;NA;0;NA;0;0;1;0;0;0;1;3;0;0;2436;NA;2736;0;61;420;2675;96;NA;2678;NA;NA;46214;3398;24903;6299;790;11
"32";2017;1;345;340;11964;NA;22584;807;1156;NA;NA;NA;NA;0;NA;10785;1913;85;83;221;150;71;72;1;4;NA;NA;NA;NA;NA;NA;NA;NA;NA;NA;NA;NA;NA;93;2120;3220;0;31470;208;303;81;2572;1078;211983;1564;4;83;1;NA;2419;NA;NA;0;NA;5;0;0;NA;0;NA;0;0;0;2;0;0;0;3;0;0;3096;NA;4410;8;148;1259;4254;69;NA;2242;NA;NA;72536;5966;39270;7539;938;6
"33";2017;1;316;259;12906;NA;19839;1508;1960;NA;NA;NA;NA;0;NA;11474;1527;73;68;224;151;73;56;1;4;NA;NA;NA;NA;NA;NA;NA;NA;NA;NA;NA;NA;NA;89;1894;3438;1;29666;414;527;166;2954;1685;554693;1238;5;58;2;NA;2383;NA;NA;0;NA;7;0;3;NA;0;NA;0;0;2;2;0;0;1;1;0;1;4126;NA;2626;0;72;364;2554;97;NA;4295;NA;NA;68761;3274;38855;8871;1622;4
"34";2017;1;228;221;9180;NA;10250;1197;959;NA;NA;NA;NA;0;NA;6082;634;67;63;180;135;45;32;1;6;NA;NA;NA;NA;NA;NA;NA;NA;NA;NA;NA;NA;NA;25;1821;2504;2;17686;242;321;113;1724;1065;132368;520;6;36;1;NA;1818;NA;NA;0;NA;3;0;0;NA;0;NA;0;2;1;1;0;0;0;0;0;0;2485;NA;917;1;7;63;909;48;NA;4189;NA;NA;42151;1198;23625;5502;707;5
"35";2017;1;141;130;6922;NA;7260;763;628;NA;NA;NA;NA;0;NA;4496;734;42;38;104;80;24;33;1;4;NA;NA;NA;NA;NA;NA;NA;NA;NA;NA;NA;NA;NA;60;1604;1650;1;10295;85;105;109;1019;913;103235;408;4;33;1;NA;1668;NA;NA;1;NA;2;1;0;NA;0;NA;0;0;1;1;0;1;0;0;0;0;1675;NA;587;0;5;48;582;38;NA;2802;NA;NA;28425;776;17371;4285;532;0
"36";2017;1;243;163;6519;NA;18142;580;1607;NA;NA;NA;NA;0;NA;8070;1093;65;59;130;61;69;44;0;5;NA;NA;NA;NA;NA;NA;NA;NA;NA;NA;NA;NA;NA;49;938;1794;1;22644;163;347;76;1995;1094;262076;1013;5;45;0;NA;1588;NA;NA;3;NA;16;1;1;NA;0;NA;0;2;0;5;0;0;1;3;0;0;2797;NA;5443;1;112;821;5330;65;NA;3397;NA;NA;35486;6443;28599;4733;612;13
"37";2017;1;376;303;9921;NA;13048;1019;1114;NA;NA;NA;NA;0;NA;7188;913;96;96;260;193;67;61;2;4;NA;NA;NA;NA;NA;NA;NA;NA;NA;NA;NA;NA;NA;36;1335;2681;0;20274;197;252;75;2254;1810;203285;664;4;65;4;NA;2390;NA;NA;1;NA;8;0;0;NA;0;NA;2;0;0;2;0;0;0;1;0;0;3626;NA;1907;1;27;316;1879;54;NA;2323;NA;NA;47747;2548;27795;6879;860;14
"38";2017;1;115;62;4424;NA;3248;483;531;NA;NA;NA;NA;0;NA;2015;153;18;18;44;38;6;18;0;2;NA;NA;NA;NA;NA;NA;NA;NA;NA;NA;NA;NA;NA;34;758;1148;0;7274;97;112;76;738;740;53443;131;2;19;0;NA;1006;NA;NA;1;NA;0;0;1;NA;0;NA;0;0;0;5;1;0;1;0;0;0;1240;NA;120;0;4;4;116;16;NA;3223;NA;NA;17192;188;9754;2923;371;0
"39";2017;1;292;220;11493;NA;16937;1215;1475;NA;NA;NA;NA;1;NA;8090;2068;72;69;169;115;54;53;0;5;NA;NA;NA;NA;NA;NA;NA;NA;NA;NA;NA;NA;NA;36;2477;3164;1;27796;183;407;190;2461;1223;247781;1614;5;59;0;NA;2693;NA;NA;0;NA;4;0;1;NA;1;NA;0;0;2;1;0;0;0;3;0;0;3420;NA;2667;4;67;649;2596;86;NA;3520;NA;NA;60649;3544;34033;7369;1334;3
"40";2017;1;104;79;3549;NA;3586;356;483;NA;NA;NA;NA;0;NA;2256;150;27;25;57;40;17;13;0;1;NA;NA;NA;NA;NA;NA;NA;NA;NA;NA;NA;NA;NA;25;901;862;2;6696;90;118;18;786;388;84494;132;1;13;0;NA;922;NA;NA;0;NA;0;0;0;NA;0;NA;0;0;0;1;0;0;0;0;0;0;1059;NA;215;0;1;11;214;22;NA;852;NA;NA;16032;297;8975;2591;409;0
"10";2017;2;939;741;23067;NA;120422;1343;2469;30688;2652;7188;39993;0;NA;47319;10858;140;132;574;373;201;170;4;39;NA;29777;12;NA;1111;348;6770;324;NA;29186;2551;NA;NA;245;4035;7114;0;134964;1046;1095;42;9772;4007;1235436;7394;39;189;4;NA;5115;NA;NA;11;NA;58;3;26;NA;0;NA;2;37;9;14;1;1;17;19;7;3;9376;NA;39283;11;1415;8001;37857;233;NA;2892;NA;NA;157936;48067;153157;26601;2341;70
"20";2017;2;621;511;16229;NA;52863;1161;1901;20354;1684;NA;20797;1;NA;16367;5660;133;128;485;315;170;204;3;22;NA;19868;28;NA;1238;87;NA;NA;NA;13597;1575;NA;NA;109;3140;4906;2;63049;754;958;146;5913;3086;557737;4341;22;217;3;NA;4101;NA;NA;3;NA;25;2;15;NA;1;NA;1;10;3;5;0;0;7;9;0;2;8379;NA;18610;0;703;5075;17907;167;NA;4274;NA;NA;135389;24397;76766;17810;1718;37
"30";2017;2;2429;1994;78941;NA;124724;8245;10616;58978;4064;NA;81640;1;NA;64923;9861;700;667;1554;1080;474;410;7;38;NA;56868;62;NA;3513;165;NA;NA;NA;61225;4003;NA;NA;448;16691;20270;3;186349;1941;2769;1156;17919;12408;2547408,216;7410;39;428;8;NA;18620;NA;NA;3;NA;48;5;11;NA;4;NA;0;14;8;11;4;0;7;22;3;0;27348;NA;21685;11;537;3748;21137;549;NA;29650;NA;NA;420854;27436;243140;57685;8384;46
"99";2017;2;3989;3246;118237;NA;298009;10749;14986;110020;8400;7188;142430;2;NA;128609;26379;973;927;2613;1768;845;784;14;99;NA;106513;102;NA;5862;600;6770;324;NA;104008;8129;NA;NA;802;23866;32290;5;384362;3741;4822;1344;33604;19501;4340581;19145;100;834;15;NA;27836;NA;NA;17;NA;131;10;52;NA;5;NA;3;61;20;30;5;1;31;50;10;5;45103;NA;79578;22;2655;16824;76901;949;NA;36816;NA;NA;714179;99900;473063;102096;12443;153
"31";2017;2;277;203;7396;NA;13235;575;816;NA;NA;NA;NA;1;NA;6423;1233;58;55;157;119;38;79;0;5;NA;NA;NA;NA;NA;NA;NA;NA;NA;NA;NA;NA;NA;35;1126;1980;0;18318;255;324;110;1685;903;250657;691;5;83;0;NA;1474;NA;NA;0;NA;8;0;2;NA;0;NA;0;1;0;0;1;0;1;3;0;0;2339;NA;2937;0;69;427;2868;117;NA;2455;NA;NA;43088;3606;23699;6164;783;2
"32";2017;2;324;287;11476;NA;22928;851;1287;NA;NA;NA;NA;0;NA;10784;1947;115;112;201;132;69;55;1;5;NA;NA;NA;NA;NA;NA;NA;NA;NA;NA;NA;NA;NA;73;2576;2865;1;32872;237;317;135;2653;1289;233024;1328;5;56;1;NA;2425;NA;NA;1;NA;5;1;2;NA;0;NA;0;3;2;2;0;0;0;1;0;0;3436;NA;4463;4;166;1270;4293;58;NA;2444;NA;NA;71849;5994;39254;7621;1063;9
"33";2017;2;319;268;11746;NA;19243;1462;1835;NA;NA;NA;NA;0;NA;11309;1368;94;92;221;163;58;54;2;7;NA;NA;NA;NA;NA;NA;NA;NA;NA;NA;NA;NA;NA;77;2104;3134;0;29116;455;595;178;2796;1993;557513;1125;8;57;3;NA;2436;NA;NA;2;NA;4;0;2;NA;0;NA;0;0;2;2;1;0;1;2;1;0;4286;NA;2692;2;43;333;2647;82;NA;4157;NA;NA;67006;3307;36990;9044;1587;4
"34";2017;2;214;174;8862;NA;10068;1132;1079;NA;NA;NA;NA;0;NA;6146;516;67;64;144;96;48;30;1;4;NA;NA;NA;NA;NA;NA;NA;NA;NA;NA;NA;NA;NA;25;2052;2307;1;16693;233;297;131;1702;1280;142907;432;4;31;1;NA;1948;NA;NA;0;NA;5;0;0;NA;0;NA;0;0;0;1;1;0;1;1;0;0;2725;NA;838;0;21;52;817;32;NA;4384;NA;NA;40862;1068;23263;5385;808;0
"35";2017;2;133;167;6618;NA;6728;657;704;NA;NA;NA;NA;0;NA;4269;562;62;57;138;97;41;12;0;2;NA;NA;NA;NA;NA;NA;NA;NA;NA;NA;NA;NA;NA;50;1930;1490;0;10266;89;145;132;1031;1018;99106;423;2;14;0;NA;1725;NA;NA;0;NA;1;0;1;NA;0;NA;0;0;0;2;0;0;0;0;0;0;1850;NA;478;1;10;42;467;32;NA;2715;NA;NA;27426;672;16599;4493;613;3
"36";2017;2;368;153;5534;NA;16296;542;1255;NA;NA;NA;NA;0;NA;6649;1007;56;53;107;57;50;46;1;9;NA;NA;NA;NA;NA;NA;NA;NA;NA;NA;NA;NA;NA;62;791;1460;0;18155;160;292;88;1858;1108;251512;818;9;47;1;NA;1485;NA;NA;0;NA;15;0;3;NA;1;NA;0;8;1;0;0;0;2;7;2;0;2664;NA;5203;1;110;750;5092;66;NA;2903;NA;NA;32361;6115;25265;4770;501;10
"37";2017;2;274;346;8640;NA;13155;1000;1053;NA;NA;NA;NA;0;NA;7084;1032;103;96;288;206;82;49;1;3;NA;NA;NA;NA;NA;NA;NA;NA;NA;NA;NA;NA;NA;32;1486;2356;0;20225;159;236;97;2188;2151;211918;755;3;54;1;NA;2445;NA;NA;0;NA;3;0;1;NA;3;NA;0;1;0;1;0;0;2;4;0;0;3965;NA;2216;1;32;284;2183;56;NA;2756;NA;NA;46504;2840;26639;6999;856;7
"38";2017;2;139;72;4163;NA;3246;515;559;NA;NA;NA;NA;0;NA;2037;159;31;30;56;46;10;11;0;1;NA;NA;NA;NA;NA;NA;NA;NA;NA;NA;NA;NA;NA;26;890;1071;0;7337;73;76;66;769;817;55405;153;1;11;0;NA;1064;NA;NA;0;NA;1;0;0;NA;0;NA;0;0;1;0;0;0;0;2;0;0;1371;NA;129;0;2;6;127;17;NA;3188;NA;NA;17202;203;9619;3042;343;1
"39";2017;2;287;225;10866;NA;16446;1121;1487;NA;NA;NA;NA;0;NA;8137;1905;79;76;178;124;54;53;0;1;NA;NA;NA;NA;NA;NA;NA;NA;NA;NA;NA;NA;NA;48;2753;2848;0;26216;193;362;185;2435;1412;260532,216;1548;1;54;0;NA;2685;NA;NA;0;NA;6;3;0;NA;0;NA;0;1;2;3;0;0;0;2;0;0;3596;NA;2538;2;81;566;2455;54;NA;3517;NA;NA;58110;3336;32830;7471;1407;10
"40";2017;2;94;99;3640;NA;3379;390;541;NA;NA;NA;NA;0;NA;2085;132;35;32;64;40;24;21;1;1;NA;NA;NA;NA;NA;NA;NA;NA;NA;NA;NA;NA;NA;20;983;759;1;7151;87;125;34;802;437;84322;137;1;21;1;NA;933;NA;NA;0;NA;0;1;0;NA;0;NA;0;0;0;0;1;0;0;0;0;0;1116;NA;191;0;3;18;188;35;NA;1131;NA;NA;16446;295;8982;2696;423;0
"10";2017;3;883;2169;23095;NA;117522;1495;2361;28191;2650;8036;39731;5;NA;47637;10816;90;84;609;394;215;153;6;19;NA;29114;56;NA;3002;260;7834;56;NA;31027;1132;NA;NA;273;3915;7473;0;136297;1020;1099;244;9787;3459;1232741;6988;19;167;8;NA;5415;NA;NA;15;NA;50;4;28;NA;11;NA;3;33;4;6;0;0;21;18;3;0;9125;NA;36886;5;1367;7748;35514;168;NA;2966;NA;NA;158141;45420;152057;25384;2390;44
"20";2017;3;569;561;16131;NA;52902;1056;1908;20016;1633;NA;19598;1;NA;16940;5736;137;132;580;397;183;186;1;17;NA;20360;6;NA;1628;30;NA;NA;NA;13542;672;NA;NA;69;3113;4867;2;64105;710;894;163;5944;3153;576301;4192;17;193;1;NA;4095;NA;NA;2;NA;17;0;5;NA;6;NA;1;19;1;4;1;1;5;7;2;1;8506;NA;17409;2;718;4824;16689;164;NA;4320;NA;NA;135835;23017;76653;17195;1785;35
"30";2017;3;2428;2032;77857;NA;119720;8217;10546;58304;4161;NA;81984;0;NA;62299;9611;754;731;1579;1139;440;438;6;27;NA;57590;82;NA;4166;25;NA;NA;NA;61082;5075;NA;NA;387;15863;20441;10;188007;1836;2551;1043;17385;12786;2575871;6971;27;460;10;NA;20531;NA;NA;11;NA;42;4;15;NA;5;NA;2;8;6;16;1;0;10;19;3;0;27148;NA;18489;9;538;3527;17942;515;NA;29555;NA;NA;417653;24060;238903;56687;8306;62
"99";2017;3;3880;4762;117083;NA;290144;10768;14815;106511;8444;8036;141313;6;NA;126876;26163;981;947;2768;1930;838;777;13;63;NA;107064;144;NA;8796;315;7834;56;NA;105651;6879;NA;NA;729;22891;32781;12;388409;3566;4544;1450;33116;19398;4384913;18151;63;820;19;NA;30041;NA;NA;28;NA;109;8;48;NA;22;NA;6;60;11;26;2;1;36;44;8;1;44779;NA;72784;16;2623;16099;70145;847;NA;36841;NA;NA;711629;92497;467613;99266;12481;141
"31";2017;3;269;193;7305;NA;12516;625;849;NA;NA;NA;NA;0;NA;6353;1230;69;65;149;101;48;68;1;4;NA;NA;NA;NA;NA;NA;NA;NA;NA;NA;NA;NA;NA;38;1020;1952;1;18412;291;358;107;1780;1048;273583;638;4;75;4;NA;1629;NA;NA;1;NA;2;0;1;NA;1;NA;0;2;0;1;0;0;1;0;0;0;2576;NA;2392;2;44;382;2346;75;NA;2622;NA;NA;42635;2995;23117;6363;840;7
"32";2017;3;337;274;10844;NA;21363;795;1112;NA;NA;NA;NA;0;NA;9757;2004;115;112;192;126;66;66;1;4;NA;NA;NA;NA;NA;NA;NA;NA;NA;NA;NA;NA;NA;45;2335;2821;0;32567;201;259;90;2340;1301;232701;1506;4;66;1;NA;2646;NA;NA;2;NA;4;2;2;NA;3;NA;0;3;1;0;1;0;0;3;0;0;3199;NA;3989;2;134;1208;3853;70;NA;2499;NA;NA;69727;5459;37034;6936;906;6
"33";2017;3;414;316;11650;NA;18385;1402;1932;NA;NA;NA;NA;0;NA;10912;1232;102;99;255;192;63;77;0;4;NA;NA;NA;NA;NA;NA;NA;NA;NA;NA;NA;NA;NA;74;1949;3082;3;29147;397;524;178;2799;1842;534548;1098;4;82;0;NA;2764;NA;NA;0;NA;10;0;0;NA;0;NA;0;0;0;3;0;0;0;4;0;0;4104;NA;2106;1;70;306;2035;74;NA;4152;NA;NA;66301;2748;36449;9097;1629;9
"34";2017;3;205;203;8607;NA;9804;1153;1119;NA;NA;NA;NA;0;NA;6035;489;87;85;158;125;33;26;2;2;NA;NA;NA;NA;NA;NA;NA;NA;NA;NA;NA;NA;NA;27;1984;2197;4;17064;237;284;114;1726;1289;138879;416;2;26;2;NA;2250;NA;NA;0;NA;6;0;3;NA;0;NA;0;0;0;1;0;0;0;0;0;0;2721;NA;774;0;14;40;760;45;NA;4234;NA;NA;40969;1000;23136;5430;784;5
"35";2017;3;137;154;6545;NA;6411;668;651;NA;NA;NA;NA;0;NA;4071;492;54;54;131;103;28;21;0;1;NA;NA;NA;NA;NA;NA;NA;NA;NA;NA;NA;NA;NA;54;1709;1607;1;10605;90;114;115;1008;1086;100470;320;1;23;0;NA;1940;NA;NA;0;NA;4;0;0;NA;0;NA;0;0;0;0;0;0;1;1;1;0;1945;NA;405;1;6;42;398;42;NA;2623;NA;NA;27766;600;16369;4498;579;6
"36";2017;3;302;156;5544;NA;15849;614;1228;NA;NA;NA;NA;0;NA;6478;949;79;75;117;47;70;34;0;6;NA;NA;NA;NA;NA;NA;NA;NA;NA;NA;NA;NA;NA;51;854;1435;0;18377;137;292;103;1695;1203;264178;779;6;35;0;NA;1422;NA;NA;2;NA;5;2;7;NA;0;NA;2;0;2;2;0;0;4;4;1;0;2552;NA;4345;1;137;674;4207;57;NA;2526;NA;NA;31757;5176;24813;4271;556;11
"37";2017;3;314;368;8796;NA;12760;1002;1126;NA;NA;NA;NA;0;NA;6903;1030;106;104;310;233;77;53;0;2;NA;NA;NA;NA;NA;NA;NA;NA;NA;NA;NA;NA;NA;15;1506;2443;0;20719;166;218;101;2083;2253;219024;638;2;53;0;NA;2644;NA;NA;2;NA;4;0;1;NA;1;NA;0;0;1;4;0;0;4;0;0;0;3928;NA;1725;0;31;285;1694;57;NA;2857;NA;NA;46596;2375;26696;7388;892;8
"38";2017;3;85;62;4305;NA;3082;491;594;NA;NA;NA;NA;0;NA;1962;113;29;28;49;42;7;7;0;0;NA;NA;NA;NA;NA;NA;NA;NA;NA;NA;NA;NA;NA;30;830;1201;1;7514;80;96;59;750;891;56019;128;0;7;0;NA;1152;NA;NA;0;NA;3;0;0;NA;0;NA;0;0;1;0;0;0;0;1;0;0;1417;NA;87;0;3;6;84;15;NA;3234;NA;NA;17343;149;9686;2964;357;4
"39";2017;3;268;213;10707;NA;15812;1123;1357;NA;NA;NA;NA;0;NA;7522;1956;89;87;153;114;39;64;2;3;NA;NA;NA;NA;NA;NA;NA;NA;NA;NA;NA;NA;NA;22;2693;2879;0;26340;151;307;149;2280;1437;267327;1326;3;70;3;NA;3033;NA;NA;4;NA;4;0;1;NA;0;NA;0;3;1;4;0;0;0;6;1;0;3456;NA;2427;2;96;566;2329;54;NA;3436;NA;NA;57681;3213;32245;6842;1277;6
"40";2017;3;97;93;3554;NA;3738;344;578;NA;NA;NA;NA;0;NA;2306;116;24;22;65;56;9;22;0;1;NA;NA;NA;NA;NA;NA;NA;NA;NA;NA;NA;NA;NA;31;983;824;0;7262;86;99;27;924;436;86976;122;1;23;0;NA;1051;NA;NA;0;NA;0;0;0;NA;0;NA;0;0;0;1;0;0;0;0;0;0;1250;NA;239;0;3;18;236;26;NA;1372;NA;NA;16878;345;9358;2898;486;0
"10";2017;4;896;1007;23543;NA;116313;1432;2360;29972;2781;7290;38559;0;NA;48149;10337;91;84;750;455;295;202;5;25;NA;29422;99;NA;1714;409;6474;33;NA;31770;1132;NA;NA;248;3433;7965;2;134494;931;984;154;9454;2934;1134792;6630;25;220;7;NA;5212;NA;NA;9;NA;55;5;39;NA;1;NA;1;32;4;3;1;0;23;17;8;2;8647;NA;35491;10;1352;8005;34129;192;NA;2786;NA;NA;151235;44473;149867;25183;2321;91
"20";2017;4;606;618;16631;NA;51258;900;1938;19759;1688;NA;18600;0;NA;16600;5701;138;128;641;448;193;192;1;14;NA;19342;45;NA;1261;80;NA;NA;NA;13950;855;NA;NA;87;2820;5326;4;60947;720;842;162;5900;2601;563510;4292;14;201;1;NA;3700;NA;NA;2;NA;21;1;5;NA;1;NA;2;18;1;2;0;0;1;7;1;0;7805;NA;16513;4;606;5345;15903;228;NA;3412;NA;NA;130126;22705;75045;16452;1711;34
"30";2017;4;2257;2083;79660;NA;114314;8020;10602;59234;4351;NA;74571;1;NA;61174;9640;640;621;1650;1185;465;461;7;29;NA;56883;344;NA;3662;120;NA;NA;NA;60712;2015;NA;NA;380;14871;22192;15;181770;1835;2508;839;17536;12333;2491773;7100;30;487;9;NA;17077;NA;NA;2;NA;43;0;5;NA;1;NA;0;7;3;9;2;1;7;16;2;1;26788;NA;16552;10;586;3639;15956;595;NA;25236;NA;NA;404497;22332;231756;53778;8385;64
"99";2017;4;3759;3708;119834;NA;281885;10352;14900;108965;8820;7290;131730;1;NA;125923;25678;869;833;3041;2088;953;855;13;68;NA;105647;488;NA;6637;609;6474;33;NA;106432;4002;NA;NA;715;21124;35483;21;377211;3486;4334;1155;32890;17868;4190075;18022;69;908;17;NA;25989;NA;NA;13;NA;119;6;49;NA;3;NA;3;57;8;14;3;1;31;40;11;3;43240;NA;68556;24;2544;16989;65988;1015;NA;31434;NA;NA;685858;89510;456668;95413;12417;189
"31";2017;4;225;192;7489;NA;11827;576;824;NA;NA;NA;NA;0;NA;5999;1217;75;71;161;113;48;87;0;4;NA;NA;NA;NA;NA;NA;NA;NA;NA;NA;NA;NA;NA;19;1003;2192;5;18068;251;313;121;1670;869;253074;743;4;91;0;NA;1304;NA;NA;0;NA;2;0;0;NA;0;NA;0;0;1;0;0;0;0;2;0;0;2320;NA;1922;2;53;444;1867;102;NA;2292;NA;NA;41838;2618;22212;5830;815;4
"32";2017;4;281;305;11341;NA;20418;848;1143;NA;NA;NA;NA;0;NA;9527;2024;99;95;206;141;65;71;0;4;NA;NA;NA;NA;NA;NA;NA;NA;NA;NA;NA;NA;NA;65;2212;3041;4;31423;185;244;68;2322;1247;220486;1445;4;80;0;NA;2318;NA;NA;1;NA;3;0;0;NA;0;NA;0;2;0;0;0;0;0;2;0;0;3113;NA;3539;1;153;1196;3385;52;NA;2030;NA;NA;67087;5016;36373;6518;916;10
"33";2017;4;288;299;11670;NA;17678;1447;1988;NA;NA;NA;NA;1;NA;10625;1295;91;90;258;190;68;59;2;5;NA;NA;NA;NA;NA;NA;NA;NA;NA;NA;NA;NA;NA;55;1796;3369;0;28058;439;564;126;2800;1865;528113;1102;6;61;2;NA;2168;NA;NA;0;NA;5;0;0;NA;0;NA;0;0;0;0;0;0;2;2;1;0;4164;NA;1963;0;71;374;1892;89;NA;3851;NA;NA;63970;2660;35250;8480;1668;7
"34";2017;4;238;240;9066;NA;9493;1092;1034;NA;NA;NA;NA;0;NA;5899;534;55;53;187;145;42;31;1;2;NA;NA;NA;NA;NA;NA;NA;NA;NA;NA;NA;NA;NA;20;1886;2436;2;17118;235;302;93;1748;1214;128064;468;2;33;1;NA;1746;NA;NA;0;NA;0;0;0;NA;0;NA;0;1;1;2;0;0;1;0;0;1;2656;NA;646;0;14;45;632;44;NA;3488;NA;NA;40575;911;22671;5212;776;2
"35";2017;4;142;151;6061;NA;6466;567;661;NA;NA;NA;NA;0;NA;4303;520;59;58;131;104;27;23;0;3;NA;NA;NA;NA;NA;NA;NA;NA;NA;NA;NA;NA;NA;55;1421;1644;1;9366;81;115;77;1028;795;99746;339;3;23;0;NA;1503;NA;NA;0;NA;10;0;1;NA;0;NA;0;0;0;1;0;0;1;3;0;0;1686;NA;389;1;6;47;382;42;NA;2297;NA;NA;25957;593;15409;4245;521;3
"36";2017;4;293;196;5900;NA;14761;582;1167;NA;NA;NA;NA;0;NA;6734;900;64;63;159;95;64;45;2;3;NA;NA;NA;NA;NA;NA;NA;NA;NA;NA;NA;NA;NA;64;815;1735;1;18772;135;235;93;1682;1127;299591;764;3;47;4;NA;1374;NA;NA;1;NA;8;0;1;NA;0;NA;0;2;1;1;1;0;2;3;1;0;2505;NA;4108;1;173;593;3934;79;NA;2156;NA;NA;31176;4908;23980;4252;510;16
"37";2017;4;277;330;9268;NA;12347;941;1136;NA;NA;NA;NA;0;NA;6793;1057;89;85;272;199;73;57;1;4;NA;NA;NA;NA;NA;NA;NA;NA;NA;NA;NA;NA;NA;30;1464;2602;0;19065;117;181;87;2158;2635;209856;638;4;61;1;NA;2321;NA;NA;0;NA;3;0;0;NA;1;NA;0;0;0;1;1;0;1;2;0;0;4252;NA;1528;2;34;301;1492;68;NA;2265;NA;NA;45126;2162;26343;6404;900;10
"38";2017;4;62;79;4288;NA;2904;503;653;NA;NA;NA;NA;0;NA;1855;123;22;22;56;45;11;14;0;0;NA;NA;NA;NA;NA;NA;NA;NA;NA;NA;NA;NA;NA;26;765;1223;1;7218;69;67;48;758;810;52762;130;0;14;0;NA;1009;NA;NA;0;NA;1;0;0;NA;0;NA;0;0;0;0;0;0;0;0;0;0;1347;NA;75;0;0;7;75;14;NA;2831;NA;NA;16862;152;9436;3082;394;1
"39";2017;4;284;206;11041;NA;15161;1128;1429;NA;NA;NA;NA;0;NA;7469;1845;71;69;149;100;49;54;1;2;NA;NA;NA;NA;NA;NA;NA;NA;NA;NA;NA;NA;NA;30;2589;3152;1;25803;209;353;97;2479;1339;254455;1350;2;55;1;NA;2506;NA;NA;0;NA;11;0;3;NA;0;NA;0;2;0;4;0;0;0;2;0;0;3558;NA;2180;3;82;623;2095;72;NA;2913;NA;NA;56045;3008;31471;7146;1371;11
"40";2017;4;167;85;3536;NA;3259;336;567;NA;NA;NA;NA;0;NA;1970;125;15;15;71;53;18;20;0;2;NA;NA;NA;NA;NA;NA;NA;NA;NA;NA;NA;NA;NA;16;920;798;0;6879;114;134;29;891;432;83199;121;2;22;0;NA;828;NA;NA;0;NA;0;0;0;NA;0;NA;0;0;0;0;0;1;0;0;0;0;1187;NA;202;0;0;9;202;33;NA;1113;NA;NA;15861;304;8611;2609;514;0
"10";2018;1;824;885;22673;NA;120348;1293;2524;29180;2555;7222;42640;5;NA;54120;10302;92;86;698;466;232;176;3;15;NA;28527;NA;NA;1373;NA;3086;NA;NA;32514;NA;NA;NA;270;3271;7461;5;128569;780;737;192;9265;3177;1102766;6097;15;188;3;NA;4758;NA;NA;12;NA;57;4;36;NA;1;NA;2;20;3;7;0;1;20;16;5;2;8552;NA;34896;6;1124;6555;33766;230;NA;2745;NA;NA;144851;42345;152481;23674;2464;72
"20";2018;1;498;662;17930;NA;54110;1002;1975;20011;1703;NA;19019;1;NA;16042;5566;105;101;652;470;182;175;4;17;NA;19566;NA;NA;1222;NA;NA;NA;NA;13663;NA;NA;NA;117;2725;5191;5;60435;549;689;158;5570;2679;545707;3628;18;189;6;NA;3421;NA;NA;2;NA;15;1;8;NA;0;NA;1;9;0;3;0;0;7;4;1;0;7619;NA;16846;1;652;4085;16193;175;NA;3431;NA;NA;128224;21776;79100;15907;1817;27
"30";2018;1;2215;2298;77693;NA;112270;7725;10973;57791;4127;NA;91551;2;NA;60792;9250;542;511;1868;1370;498;415;8;34;NA;55616;NA;NA;3424;NA;NA;NA;NA;73041;NA;NA;NA;366;13468;21588;12;191379;1937;2530;768;18053;12766;2366659;6584;35;427;10;NA;16874;NA;NA;5;NA;36;4;5;NA;0;NA;1;6;2;14;3;0;12;19;3;2;27390;NA;16013;6;507;3171;15500;524;NA;25778;NA;NA;408726;21503;227833;54149;8849;58
"99";2018;1;3537;3845;118296;NA;286728;10020;15472;106982;8385;7222;153210;8;NA;130954;25118;739;698;3218;2306;912;766;15;66;NA;103709;NA;NA;6019;NA;3086;NA;NA;119218;NA;NA;NA;753;19464;34240;22;380383;3266;3956;1118;32888;18622;4015132;16309;68;804;19;NA;25053;NA;NA;19;NA;108;9;49;NA;1;NA;4;35;5;24;3;1;39;39;9;4;43561;NA;67755;13;2283;13811;65459;929;NA;31954;NA;NA;681801;85624;459414;93730;13130;157
"31";2018;1;273;238;7541;NA;11415;593;848;NA;NA;NA;NA;0;NA;5799;1143;53;48;192;140;52;76;1;4;NA;NA;NA;NA;NA;NA;NA;NA;NA;NA;NA;NA;NA;25;1033;2132;2;19303;219;284;57;1730;846;220934;664;4;79;1;NA;1516;NA;NA;2;NA;3;2;1;NA;0;NA;0;1;0;0;0;0;0;1;0;1;2290;NA;2113;1;44;368;2068;76;NA;2439;NA;NA;42658;2753;22151;5863;820;5
"32";2018;1;271;360;10956;NA;19959;809;1227;NA;NA;NA;NA;0;NA;9816;1864;90;88;266;165;101;64;0;2;NA;NA;NA;NA;NA;NA;NA;NA;NA;NA;NA;NA;NA;54;1910;3042;4;33605;194;257;67;2249;1228;220096;1456;2;65;0;NA;2231;NA;NA;0;NA;3;0;0;NA;0;NA;0;1;0;2;0;0;2;0;0;0;3125;NA;3119;1;127;1132;2991;67;NA;1958;NA;NA;69188;4583;35542;6896;990;12
"33";2018;1;299;295;11349;NA;17541;1386;2009;NA;NA;NA;NA;1;NA;10655;1291;76;72;249;189;60;57;2;6;NA;NA;NA;NA;NA;NA;NA;NA;NA;NA;NA;NA;NA;54;1579;3232;2;28572;407;520;192;2891;1846;477974;957;6;59;4;NA;2186;NA;NA;1;NA;7;1;2;NA;0;NA;0;1;0;0;0;0;2;5;2;0;4304;NA;1825;0;38;290;1787;68;NA;3563;NA;NA;64148;2428;34766;8412;1629;8
"34";2018;1;171;202;7647;NA;7853;956;891;NA;NA;NA;NA;0;NA;4721;453;47;41;154;119;35;25;0;2;NA;NA;NA;NA;NA;NA;NA;NA;NA;NA;NA;NA;NA;18;1505;2021;1;16209;173;211;57;1435;1101;118065;396;2;25;0;NA;1661;NA;NA;0;NA;1;0;0;NA;0;NA;0;0;0;1;0;0;0;0;0;1;2267;NA;497;0;3;33;494;48;NA;3241;NA;NA;35960;711;19210;4639;651;4
"35";2018;1;161;179;6046;NA;6224;516;698;NA;NA;NA;NA;0;NA;4158;437;35;34;156;133;23;22;0;3;NA;NA;NA;NA;NA;NA;NA;NA;NA;NA;NA;NA;NA;39;1395;1551;1;10655;119;149;76;1139;1056;98031;285;3;22;0;NA;1396;NA;NA;0;NA;2;0;0;NA;0;NA;0;1;0;0;1;0;2;1;0;0;1987;NA;396;0;4;48;392;36;NA;2437;NA;NA;26556;625;15059;4513;603;3
"36";2018;1;315;230;6026;NA;14961;603;1327;NA;NA;NA;NA;0;NA;6946;1051;51;50;191;129;62;41;1;5;NA;NA;NA;NA;NA;NA;NA;NA;NA;NA;NA;NA;NA;80;799;1868;1;21081;179;302;69;1909;1317;345328;731;6;41;1;NA;1491;NA;NA;1;NA;11;1;2;NA;0;NA;1;2;2;4;2;0;3;5;1;0;2898;NA;4088;2;161;504;3925;69;NA;2719;NA;NA;32467;4829;24638;4638;606;8
"37";2018;1;272;378;9243;NA;12148;966;1188;NA;NA;NA;NA;0;NA;6838;923;92;88;330;252;78;44;2;7;NA;NA;NA;NA;NA;NA;NA;NA;NA;NA;NA;NA;NA;27;1261;2740;1;19443;180;237;75;2366;2695;203480;607;7;47;2;NA;2220;NA;NA;1;NA;4;0;0;NA;0;NA;0;0;0;2;0;0;1;3;0;0;4206;NA;1464;1;30;267;1433;56;NA;2122;NA;NA;45570;2112;26143;6335;1046;11
"38";2018;1;132;100;4918;NA;3854;556;696;NA;NA;NA;NA;0;NA;2364;168;25;22;81;65;16;17;0;1;NA;NA;NA;NA;NA;NA;NA;NA;NA;NA;NA;NA;NA;28;932;1278;0;8680;117;140;68;982;958;57819;143;1;17;0;NA;1068;NA;NA;0;NA;3;0;0;NA;0;NA;0;0;0;0;0;0;0;2;0;0;1682;NA;169;0;5;6;164;20;NA;3169;NA;NA;20065;274;11192;3464;493;2
"39";2018;1;221;232;10661;NA;14902;1066;1512;NA;NA;NA;NA;1;NA;7369;1790;55;50;175;116;59;54;2;3;NA;NA;NA;NA;NA;NA;NA;NA;NA;NA;NA;NA;NA;23;2283;2908;0;26564;244;307;93;2420;1304;242899;1215;3;56;2;NA;2366;NA;NA;0;NA;2;0;0;NA;0;NA;0;0;0;2;0;0;2;2;0;0;3408;NA;2105;0;94;518;2011;57;NA;2982;NA;NA;56073;2856;30739;6853;1471;5
"40";2018;1;100;84;3306;NA;3413;274;577;NA;NA;NA;NA;0;NA;2126;130;18;18;74;62;12;15;0;1;NA;NA;NA;NA;NA;NA;NA;NA;NA;NA;NA;NA;NA;18;771;816;0;7267;105;123;14;932;415;77760;130;1;16;0;NA;739;NA;NA;0;NA;0;0;0;NA;0;NA;0;0;0;3;0;0;0;0;0;0;1223;NA;237;1;1;5;235;27;NA;1148;NA;NA;16041;332;8393;2536;540;0
"10";2018;2;858;834;22185;NA;115274;1320;2355;30472;2746;NA;39861;1;NA;48128;9868;105;96;633;427;206;168;5;21;NA;30478;126;NA;2780;564;NA;NA;NA;40237;2893;NA;NA;225;3574;7112;4;121284;935;836;117;9424;3237;1105773;6116;22;173;5;NA;5009;NA;NA;5;NA;58;1;36;NA;3;NA;2;25;6;4;0;0;23;13;3;0;8526;NA;35836;8;1039;6856;34789;166;NA;2365;NA;NA;146922;43515;146977;24972;2370;74
"20";2018;2;569;585;15633;NA;50040;910;1823;20016;1819;NA;18830;5;NA;16041;5700;116;109;590;440;150;143;0;21;NA;19852;40;NA;1836;253;NA;NA;NA;19994;1599;NA;NA;130;3038;4810;3;58276;570;728;154;5526;2856;516036;3719;21;152;0;NA;3531;NA;NA;5;NA;20;0;7;NA;2;NA;2;10;3;3;0;0;5;8;4;0;7869;NA;16399;1;559;4733;15839;166;NA;3470;NA;NA;125463;21891;72522;16662;1713;35
"30";2018;2;1966;2158;74150;NA;111908;7704;10097;58695;4334;NA;76962;3;NA;59525;8973;659;637;1667;1210;457;418;2;27;NA;57871;237;NA;4408;116;NA;NA;NA;77698;4295;NA;NA;415;14071;19837;10;177949;1782;2410;849;17680;13470;2271562;6409;28;441;3;NA;17057;NA;NA;9;NA;41;2;7;NA;3;NA;1;6;3;23;0;0;12;18;3;1;27943;NA;16905;9;609;3423;16287;510;NA;24638;NA;NA;395386;22443;223074;55861;8302;55
"99";2018;2;3393;3577;111968;NA;277222;9934;14275;109183;8899;NA;135653;9;NA;123694;24541;880;842;2890;2077;813;729;7;69;NA;108201;403;NA;9024;933;NA;NA;NA;137929;8787;NA;NA;770;20683;31759;17;357509;3287;3974;1120;32630;19563;3893371;16244;71;766;8;NA;25597;NA;NA;19;NA;119;3;50;NA;8;NA;5;41;12;30;0;0;40;39;10;1;44338;NA;69140;18;2207;15012;66915;842;NA;30473;NA;NA;667771;87849;442573;97495;12385;164
"31";2018;2;252;223;6965;NA;11639;487;719;NA;NA;NA;NA;0;NA;5666;1049;44;43;157;120;37;89;0;7;NA;NA;NA;NA;NA;NA;NA;NA;NA;NA;NA;NA;NA;36;939;1962;1;16945;222;272;121;1597;883;188420;672;7;94;0;NA;1365;NA;NA;1;NA;4;0;0;NA;1;NA;0;0;0;6;0;0;2;1;0;0;2241;NA;2337;1;56;442;2280;93;NA;2076;NA;NA;39668;3032;21398;5959;704;5
"32";2018;2;211;343;10705;NA;20522;866;1095;NA;NA;NA;NA;1;NA;9693;1953;106;105;237;150;87;60;1;7;NA;NA;NA;NA;NA;NA;NA;NA;NA;NA;NA;NA;NA;49;2167;2816;2;32252;181;260;72;2346;1267;198955;1366;7;62;1;NA;2246;NA;NA;1;NA;6;0;2;NA;1;NA;1;1;1;1;0;0;3;9;1;1;3175;NA;3378;3;160;1297;3215;64;NA;1951;NA;NA;68399;4980;35777;7177;891;6
"33";2018;2;293;285;10896;NA;16941;1412;1906;NA;NA;NA;NA;0;NA;10109;1274;115;109;216;160;56;52;0;1;NA;NA;NA;NA;NA;NA;NA;NA;NA;NA;NA;NA;NA;60;1553;2998;2;26943;361;489;170;2820;1983;502402;989;1;53;0;NA;2116;NA;NA;0;NA;9;0;0;NA;0;NA;0;0;1;0;0;0;0;2;0;0;4359;NA;1964;0;36;323;1928;70;NA;3596;NA;NA;61999;2556;33556;8555;1599;7
"34";2018;2;137;209;7200;NA;7861;912;865;NA;NA;NA;NA;0;NA;4877;390;42;42;158;121;37;17;0;1;NA;NA;NA;NA;NA;NA;NA;NA;NA;NA;NA;NA;NA;38;1586;1881;0;14782;165;192;66;1460;1193;108185;342;1;17;0;NA;1764;NA;NA;1;NA;0;0;0;NA;0;NA;0;0;0;2;0;0;1;0;0;0;2410;NA;478;0;16;35;462;34;NA;3196;NA;NA;34281;689;18811;4894;681;4
"35";2018;2;140;166;5911;NA;6664;546;655;NA;NA;NA;NA;0;NA;4439;465;46;46;151;116;35;25;1;1;NA;NA;NA;NA;NA;NA;NA;NA;NA;NA;NA;NA;NA;43;1496;1516;0;10695;86;125;92;1130;1376;90020;334;1;28;2;NA;1547;NA;NA;1;NA;1;0;0;NA;0;NA;0;0;0;2;0;0;1;1;0;0;2303;NA;475;1;4;30;470;27;NA;2306;NA;NA;27525;682;15489;4562;570;4
"36";2018;2;260;184;5338;NA;14163;548;1046;NA;NA;NA;NA;0;NA;6205;856;72;70;150;110;40;42;0;4;NA;NA;NA;NA;NA;NA;NA;NA;NA;NA;NA;NA;NA;66;772;1466;1;17216;167;271;65;1782;1164;284388;667;4;47;0;NA;1338;NA;NA;4;NA;6;1;1;NA;0;NA;0;3;1;7;0;0;2;2;2;0;2594;NA;4282;1;166;485;4115;61;NA;2382;NA;NA;30054;4963;22617;4510;493;14
"37";2018;2;256;343;8952;NA;11887;913;1136;NA;NA;NA;NA;0;NA;6513;996;95;92;277;209;68;49;0;2;NA;NA;NA;NA;NA;NA;NA;NA;NA;NA;NA;NA;NA;46;1338;2505;0;18704;171;250;81;2267;2484;195319;617;3;52;0;NA;2284;NA;NA;1;NA;7;0;0;NA;1;NA;0;1;0;0;0;0;2;0;0;0;4143;NA;1423;0;35;249;1388;56;NA;2114;NA;NA;43951;2000;25515;6904;976;10
"38";2018;2;97;106;4785;NA;4080;592;637;NA;NA;NA;NA;1;NA;2531;171;29;27;86;67;19;18;0;1;NA;NA;NA;NA;NA;NA;NA;NA;NA;NA;NA;NA;NA;30;1005;1270;0;8650;85;101;58;923;1058;63597;182;1;19;0;NA;1258;NA;NA;0;NA;2;0;0;NA;0;NA;0;0;0;1;0;0;0;1;0;0;1773;NA;146;0;7;13;139;23;NA;3025;NA;NA;20374;265;11458;3607;439;0
"39";2018;2;222;225;10015;NA;15059;1051;1508;NA;NA;NA;NA;1;NA;7571;1701;77;73;175;118;57;52;0;2;NA;NA;NA;NA;NA;NA;NA;NA;NA;NA;NA;NA;NA;27;2338;2625;2;25023;224;313;102;2538;1609;260606;1118;2;55;0;NA;2319;NA;NA;0;NA;6;1;4;NA;0;NA;0;1;0;3;0;0;1;2;0;0;3759;NA;2214;3;127;544;2084;56;NA;2891;NA;NA;53738;2988;30177;7078;1441;5
"40";2018;2;98;74;3383;NA;3092;377;530;NA;NA;NA;NA;0;NA;1921;118;33;30;60;39;21;14;0;1;NA;NA;NA;NA;NA;NA;NA;NA;NA;NA;NA;NA;NA;20;877;798;2;6739;120;137;22;817;453;75821;122;1;14;0;NA;820;NA;NA;0;NA;0;0;0;NA;0;NA;0;0;0;1;0;0;0;0;0;0;1186;NA;208;0;2;5;206;26;NA;1101;NA;NA;15397;288;8276;2615;508;0
"10";2018;3;740;815;21622;NA;111555;1161;2227;29470;2811;NA;36734;2;NA;48737;10326;107;100;623;425;198;155;1;25;NA;28473;NA;NA;2938;NA;NA;NA;NA;38531;NA;NA;NA;285;3371;6756;2;111733;779;780;194;8553;3654;1033851;5624;25;174;1;NA;4765;NA;NA;5;NA;36;4;28;NA;1;NA;4;34;4;6;2;0;21;17;5;2;7916;NA;31761;8;1005;6084;30748;166;NA;2066;NA;NA;153599;38650;142145;23839;2162;62
"20";2018;3;499;651;14727;NA;49207;964;1728;19721;1924;NA;19776;0;NA;16804;6125;135;130;624;460;164;182;1;15;NA;20473;NA;NA;1909;NA;NA;NA;NA;20341;NA;NA;NA;120;2777;4484;2;52549;609;791;191;5576;3596;548338;3763;15;190;1;NA;3624;NA;NA;2;NA;20;2;7;NA;1;NA;1;9;2;2;0;0;5;7;0;3;8554;NA;15447;1;578;4678;14868;141;NA;3337;NA;NA;122769;20946;70901;15991;1662;27
"30";2018;3;2012;2092;68387;NA;110282;7301;10275;57953;4414;NA;74832;0;NA;59094;8653;661;633;1605;1171;434;352;7;26;NA;58878;NA;NA;4284;NA;NA;NA;NA;75162;NA;NA;NA;349;12761;18148;11;163746;1646;2264;812;17666;16109;2183704;6574;27;362;10;NA;18148;NA;NA;14;NA;36;1;2;NA;0;NA;1;3;4;15;0;0;11;16;1;0;30769;NA;15371;4;543;3314;14824;506;NA;24356;NA;NA;379548;20668;216485;51975;8286;67
"99";2018;3;3251;3558;104736;NA;271044;9426;14230;107144;9149;NA;131342;2;NA;124635;25104;903;863;2852;2056;796;689;9;66;NA;107824;NA;NA;9131;NA;NA;NA;NA;134034;NA;NA;NA;754;18909;29388;15;328028;3034;3835;1197;31795;23359;3765893;15961;67;726;12;NA;26537;NA;NA;21;NA;92;7;37;NA;2;NA;6;46;10;23;2;0;37;40;6;5;47239;NA;62579;13;2126;14076;60440;813;NA;29759;NA;NA;655916;80264;429531;91805;12110;156
"31";2018;3;251;226;6764;NA;11687;499;730;NA;NA;NA;NA;0;NA;5897;1109;59;58;177;123;54;81;0;3;NA;NA;NA;NA;NA;NA;NA;NA;NA;NA;NA;NA;NA;23;1018;1872;0;14620;202;270;113;1543;1175;204358;722;4;82;0;NA;1470;NA;NA;2;NA;2;1;0;NA;0;NA;1;0;0;3;0;0;0;0;0;0;2497;NA;2052;0;53;423;1999;72;NA;2093;NA;NA;37872;2736;21376;5722;671;3
"32";2018;3;248;305;10065;NA;21060;784;1195;NA;NA;NA;NA;0;NA;10124;2074;90;87;197;137;60;56;0;8;NA;NA;NA;NA;NA;NA;NA;NA;NA;NA;NA;NA;NA;27;2004;2595;0;29591;182;251;71;2534;1538;186593;1427;8;57;0;NA;2327;NA;NA;3;NA;1;0;2;NA;0;NA;0;0;0;2;0;0;1;3;0;0;3633;NA;3480;0;155;1199;3325;57;NA;1941;NA;NA;65844;4940;35736;6605;1004;6
"33";2018;3;288;279;10051;NA;17083;1312;1761;NA;NA;NA;NA;0;NA;10416;1124;97;92;229;155;74;40;2;1;NA;NA;NA;NA;NA;NA;NA;NA;NA;NA;NA;NA;NA;71;1477;2806;3;24993;291;380;170;2799;2304;485131;947;1;41;3;NA;2335;NA;NA;0;NA;6;0;0;NA;0;NA;0;0;0;0;0;0;2;3;0;0;4590;NA;1639;0;35;279;1604;72;NA;3357;NA;NA;59477;2188;32821;8131;1509;8
"34";2018;3;152;186;6400;NA;7663;867;890;NA;NA;NA;NA;0;NA;4816;384;67;61;127;98;29;28;2;0;NA;NA;NA;NA;NA;NA;NA;NA;NA;NA;NA;NA;NA;30;1169;1769;3;14466;141;166;66;1437;1390;104136;323;0;29;3;NA;1773;NA;NA;3;NA;2;0;0;NA;0;NA;0;0;1;4;0;0;1;2;0;0;2598;NA;473;1;10;41;462;32;NA;3428;NA;NA;32912;669;17779;4656;690;2
"35";2018;3;85;131;5381;NA;5827;598;710;NA;NA;NA;NA;0;NA;3721;378;53;51;117;82;35;17;0;2;NA;NA;NA;NA;NA;NA;NA;NA;NA;NA;NA;NA;NA;39;1297;1342;0;9914;97;148;61;1036;1558;87532;314;2;17;0;NA;1621;NA;NA;0;NA;1;0;0;NA;0;NA;0;0;0;1;0;0;2;2;0;0;2452;NA;398;0;7;23;391;37;NA;2329;NA;NA;25532;557;14268;4216;561;5
"36";2018;3;256;171;4794;NA;14081;498;1163;NA;NA;NA;NA;0;NA;6464;655;64;61;131;94;37;36;1;3;NA;NA;NA;NA;NA;NA;NA;NA;NA;NA;NA;NA;NA;40;645;1226;1;15426;163;302;68;1750;1580;280526;695;3;39;2;NA;1705;NA;NA;3;NA;15;0;0;NA;0;NA;0;1;0;3;0;0;1;4;1;0;3064;NA;3771;0;122;515;3649;92;NA;2331;NA;NA;30725;4456;22412;4269;536;20
"37";2018;3;290;375;7758;NA;11801;858;1101;NA;NA;NA;NA;0;NA;6499;1054;90;88;310;247;63;25;1;2;NA;NA;NA;NA;NA;NA;NA;NA;NA;NA;NA;NA;NA;29;1143;2119;1;16452;160;245;75;2341;2721;187966;612;2;27;1;NA;2315;NA;NA;2;NA;4;0;0;NA;0;NA;0;2;0;0;0;0;4;2;0;0;4531;NA;1177;2;36;268;1139;35;NA;1783;NA;NA;40455;1782;24208;6296;1011;6
"38";2018;3;126;105;4299;NA;3693;485;768;NA;NA;NA;NA;0;NA;2224;132;34;33;81;63;18;11;0;2;NA;NA;NA;NA;NA;NA;NA;NA;NA;NA;NA;NA;NA;31;877;1152;1;8483;102;111;68;982;1269;64055;169;2;11;0;NA;1305;NA;NA;0;NA;2;0;0;NA;0;NA;0;0;0;0;0;0;0;0;0;0;1960;NA;139;0;3;7;136;24;NA;2973;NA;NA;19648;240;10655;3499;543;0
"39";2018;3;231;243;9664;NA;14265;1053;1557;NA;NA;NA;NA;0;NA;7024;1636;79;74;180;133;47;40;1;2;NA;NA;NA;NA;NA;NA;NA;NA;NA;NA;NA;NA;NA;37;2277;2553;2;23156;241;313;104;2532;2004;266436;1243;2;41;1;NA;2446;NA;NA;1;NA;3;0;0;NA;0;NA;0;0;3;2;0;0;0;0;0;0;4243;NA;2063;1;121;551;1941;59;NA;2955;NA;NA;52150;2836;29228;6085;1429;17
"40";2018;3;85;71;3211;NA;3122;347;400;NA;NA;NA;NA;0;NA;1909;107;28;28;56;39;17;18;0;3;NA;NA;NA;NA;NA;NA;NA;NA;NA;NA;NA;NA;NA;22;854;714;0;6645;67;78;16;712;570;72422;122;3;18;0;NA;851;NA;NA;0;NA;0;0;0;NA;0;NA;0;0;0;0;0;0;0;0;0;0;1201;NA;179;0;1;8;178;26;NA;1166;NA;NA;14933;264;8002;2496;332;0
"10";2018;4;634;857;21744;NA;116503;1154;1745;27685;2851;NA;33588;0;NA;50813;9899;117;110;636;474;162;173;3;19;NA;27440;NA;NA;2570;NA;NA;NA;NA;34320;NA;NA;NA;262;3353;7219;3;137300;764;643;100;8113;3064;942234;5974;20;188;3;NA;4434;NA;NA;3;NA;57;6;36;NA;1;NA;2;38;3;7;1;0;21;22;6;2;7555;NA;34096;4;1063;7365;33029;187;NA;1838;NA;NA;155458;42289;146437;22576;1655;65
"20";2018;4;486;728;14981;NA;47523;785;1520;17821;1910;NA;17159;1;NA;15396;5788;133;127;619;464;155;169;1;15;NA;17614;NA;NA;1862;NA;NA;NA;NA;18388;NA;NA;NA;122;2442;4790;3;61490;508;667;143;5120;2443;506795;3769;15;183;1;NA;3139;NA;NA;1;NA;32;0;10;NA;0;NA;0;7;2;4;0;0;3;12;4;1;7256;NA;15541;2;610;5080;14929;164;NA;2758;NA;NA;123625;21425;68676;14376;1493;38
"30";2018;4;1837;2418;71013;NA;109561;7198;9545;55873;4300;NA;69224;1;NA;59404;8896;573;553;1734;1287;447;423;1;35;NA;54302;NA;NA;4030;NA;NA;NA;NA;69686;NA;NA;NA;392;11935;19968;20;184747;1521;2037;677;17262;13098;2047929;6301;37;439;1;NA;16597;NA;NA;1;NA;44;4;1;NA;1;NA;0;12;3;9;1;0;8;16;1;3;27395;NA;14004;4;449;3626;13551;549;NA;22063;NA;NA;395536;19823;216332;50284;7549;62
"99";2018;4;2957;4003;107738;NA;273587;9137;12810;101379;9061;NA;119971;2;NA;125613;24583;823;790;2989;2225;764;765;5;69;NA;99356;NA;NA;8462;NA;NA;NA;NA;122394;NA;NA;NA;776;17730;31977;26;383537;2793;3347;920;30495;18605;3496958;16044;72;810;5;NA;24170;NA;NA;5;NA;133;10;47;NA;2;NA;2;57;8;20;2;0;32;50;11;6;42206;NA;63641;10;2122;16071;61509;900;NA;26659;NA;NA;674619;83537;431445;87236;10697;165
"31";2018;4;264;252;7044;NA;11267;513;659;NA;NA;NA;NA;0;NA;5823;1174;52;49;189;151;38;80;0;10;NA;NA;NA;NA;NA;NA;NA;NA;NA;NA;NA;NA;NA;43;952;1949;0;18767;194;229;96;1588;883;182907;670;11;83;0;NA;1583;NA;NA;1;NA;2;0;0;NA;0;NA;0;1;1;2;0;0;1;0;0;0;2231;NA;1796;1;30;423;1765;100;NA;2007;NA;NA;41345;2498;21318;5645;594;4
"32";2018;4;253;344;10249;NA;20116;816;1150;NA;NA;NA;NA;0;NA;9758;1893;71;69;231;151;80;67;0;4;NA;NA;NA;NA;NA;NA;NA;NA;NA;NA;NA;NA;NA;39;1743;2868;4;34007;178;273;45;2509;1086;174936;1398;4;73;0;NA;2157;NA;NA;0;NA;6;0;0;NA;0;NA;0;3;0;3;0;0;3;5;0;1;3183;NA;3015;1;132;1386;2882;55;NA;1805;NA;NA;69921;4703;34832;7011;950;10
"33";2018;4;265;280;9885;NA;17886;1178;1744;NA;NA;NA;NA;1;NA;10606;1214;85;84;213;147;66;63;0;5;NA;NA;NA;NA;NA;NA;NA;NA;NA;NA;NA;NA;NA;79;1325;2886;7;26798;349;423;122;2794;1873;455458;890;5;63;0;NA;2071;NA;NA;0;NA;6;1;0;NA;0;NA;0;1;2;0;0;0;1;2;0;0;4134;NA;1768;0;42;400;1726;92;NA;3023;NA;NA;61306;2450;33044;7722;1493;12
"34";2018;4;143;272;6932;NA;7912;858;859;NA;NA;NA;NA;0;NA;4998;456;50;48;172;125;47;27;0;0;NA;NA;NA;NA;NA;NA;NA;NA;NA;NA;NA;NA;NA;27;1152;2036;0;15648;141;161;52;1452;1490;91635;405;0;27;0;NA;1562;NA;NA;0;NA;6;0;0;NA;0;NA;0;0;0;0;0;0;2;1;0;0;2681;NA;453;0;7;47;446;31;NA;2997;NA;NA;34588;699;18395;4219;643;4
"35";2018;4;98;189;5763;NA;6028;557;640;NA;NA;NA;NA;0;NA;4021;386;42;41;139;109;30;27;0;4;NA;NA;NA;NA;NA;NA;NA;NA;NA;NA;NA;NA;NA;50;1229;1627;2;10790;68;100;59;1024;1299;93203;290;4;27;0;NA;1485;NA;NA;0;NA;3;0;0;NA;0;NA;0;0;0;0;0;0;0;2;0;0;2182;NA;301;0;4;26;297;43;NA;2264;NA;NA;26728;497;14662;3985;527;4
"36";2018;4;151;205;5185;NA;14017;438;1137;NA;NA;NA;NA;0;NA;6863;768;52;51;166;112;54;37;0;8;NA;NA;NA;NA;NA;NA;NA;NA;NA;NA;NA;NA;NA;72;756;1462;2;18619;134;251;79;1743;1122;242122;634;9;42;0;NA;1361;NA;NA;0;NA;8;3;0;NA;0;NA;0;3;0;3;1;0;0;3;1;1;2592;NA;3401;0;111;488;3290;68;NA;1952;NA;NA;30624;4100;22343;3966;465;6
"37";2018;4;231;406;8223;NA;11341;901;1047;NA;NA;NA;NA;0;NA;6300;1018;90;85;314;251;63;49;1;2;NA;NA;NA;NA;NA;NA;NA;NA;NA;NA;NA;NA;NA;25;1109;2383;3;18443;126;175;59;2168;2281;170028;460;2;50;1;NA;2180;NA;NA;0;NA;6;0;0;NA;1;NA;0;0;0;0;0;0;1;2;0;1;3983;NA;1088;1;25;242;1062;47;NA;1645;NA;NA;41603;1695;24098;5769;901;4
"38";2018;4;85;152;4907;NA;3508;562;629;NA;NA;NA;NA;0;NA;2115;134;30;29;95;74;21;12;0;0;NA;NA;NA;NA;NA;NA;NA;NA;NA;NA;NA;NA;NA;20;950;1337;1;8448;70;89;56;867;1025;63256;120;0;12;0;NA;1122;NA;NA;0;NA;2;0;0;NA;0;NA;0;0;0;0;0;0;0;1;0;0;1643;NA;114;0;3;7;111;21;NA;2986;NA;NA;19838;228;10880;3405;443;0
"39";2018;4;262;231;9556;NA;14233;1022;1330;NA;NA;NA;NA;0;NA;6971;1731;85;81;159;123;36;51;0;2;NA;NA;NA;NA;NA;NA;NA;NA;NA;NA;NA;NA;NA;23;1927;2640;0;26087;197;265;92;2440;1623;258879;1321;2;52;0;NA;2326;NA;NA;0;NA;5;0;1;NA;0;NA;0;4;0;1;0;0;0;0;0;0;3755;NA;1881;1;93;591;1787;64;NA;2355;NA;NA;54061;2684;28698;6425;1246;18
"40";2018;4;85;87;3269;NA;3253;353;350;NA;NA;NA;NA;0;NA;1949;122;16;16;56;44;12;10;0;0;NA;NA;NA;NA;NA;NA;NA;NA;NA;NA;NA;NA;NA;14;792;780;1;7140;64;71;17;677;416;71375;113;0;10;0;NA;750;NA;NA;0;NA;0;0;0;NA;0;NA;0;0;0;0;0;0;0;0;0;0;1011;NA;187;0;2;16;185;28;NA;1029;NA;NA;15522;269;8062;2137;287;0
"10";2019;1;732;918;24377;NA;121887;1277;2020;29765;2677;NA;33686;1;NA;60431;8744;135;128;638;438;200;178;0;13;NA;28788;NA;NA;2632;NA;NA;NA;NA;33766;NA;NA;NA;284;3264;7722;4;131547;732;759;112;8340;3583;1029194;5360;14;189;0;NA;4828;NA;NA;4;NA;25;4;15;NA;2;NA;0;16;3;7;0;2;25;12;1;1;8340;NA;32996;4;863;5128;32129;192;NA;1985;NA;NA;174519;38954;155307;23235;1891;64
"20";2019;1;440;696;16816;NA;47135;910;1695;19310;1757;NA;17830;0;NA;16910;5339;97;88;594;459;135;163;1;9;NA;19190;NA;NA;1649;NA;NA;NA;NA;16660;NA;NA;NA;151;2557;5174;5;62340;453;560;131;5464;2547;520018;3364;9;181;1;NA;3338;NA;NA;4;NA;14;1;10;NA;0;NA;1;7;3;5;0;0;3;3;0;0;7330;NA;14677;1;483;3682;14193;145;NA;3233;NA;NA;130991;19125;70590;16082;1682;31
"30";2019;1;2151;2681;75779;NA;108177;7448;10489;59572;4453;NA;71869;0;NA;59146;8084;548;505;1812;1344;468;372;4;16;NA;57318;NA;NA;4260;NA;NA;NA;NA;68792;NA;NA;NA;415;11792;20737;12;196555;1700;2294;727;18372;14701;2283394;5885;17;388;4;NA;16918;NA;NA;5;NA;38;1;6;NA;1;NA;2;5;8;11;0;0;10;10;0;1;29941;NA;14699;0;458;2745;14241;551;NA;23273;NA;NA;421542;19644;221492;55001;8753;84
"99";2019;1;3323;4295;116972;NA;277199;9635;14204;108647;8887;NA;123385;1;NA;136487;22167;780;721;3044;2241;803;713;5;38;NA;105296;NA;NA;8541;NA;NA;NA;NA;119218;NA;NA;NA;850;17613;33633;21;390442;2885;3613;970;32176;20831;3832606;14609;40;758;5;NA;25084;NA;NA;13;NA;77;6;31;NA;3;NA;3;28;14;23;0;2;38;25;1;2;45611;NA;62372;5;1804;11555;60563;888;NA;28491;NA;NA;727052;77723;447389;94318;12326;179
"31";2019;1;291;300;8070;NA;11365;542;782;NA;NA;NA;NA;0;NA;5979;1103;59;55;202;147;55;75;0;4;NA;NA;NA;NA;NA;NA;NA;NA;NA;NA;NA;NA;NA;26;968;2289;1;20042;197;254;94;1715;1019;199811;563;5;80;0;NA;1640;NA;NA;1;NA;3;0;1;NA;0;NA;0;0;1;2;0;0;1;0;0;0;2498;NA;1758;0;47;344;1711;88;NA;2083;NA;NA;44191;2383;22699;5957;724;11
"32";2019;1;246;363;10799;NA;19326;793;1199;NA;NA;NA;NA;0;NA;9594;1775;70;67;242;163;79;62;0;2;NA;NA;NA;NA;NA;NA;NA;NA;NA;NA;NA;NA;NA;34;1811;2925;1;35606;185;261;55;2498;1324;177267;1251;2;65;0;NA;2191;NA;NA;2;NA;3;0;2;NA;0;NA;0;0;2;0;0;0;2;2;0;0;3402;NA;3058;0;121;951;2937;67;NA;1779;NA;NA;72373;4315;34671;7482;1013;10
"33";2019;1;365;329;10437;NA;16915;1206;1809;NA;NA;NA;NA;0;NA;9968;1147;79;73;215;154;61;43;1;0;NA;NA;NA;NA;NA;NA;NA;NA;NA;NA;NA;NA;NA;63;1272;2758;1;27543;363;461;139;2904;2026;518577;879;0;45;1;NA;2035;NA;NA;0;NA;8;0;1;NA;0;NA;0;0;0;0;0;0;1;0;0;0;4477;NA;1821;0;49;310;1772;68;NA;3197;NA;NA;62807;2389;32731;8317;1540;6
"34";2019;1;153;216;7081;NA;7649;873;781;NA;NA;NA;NA;0;NA;4846;369;39;36;143;106;37;21;0;2;NA;NA;NA;NA;NA;NA;NA;NA;NA;NA;NA;NA;NA;25;1184;1934;1;16541;142;161;61;1480;1535;92129;363;2;22;0;NA;1449;NA;NA;1;NA;3;1;0;NA;0;NA;0;1;2;3;0;0;1;0;0;1;2756;NA;485;0;12;17;473;32;NA;2719;NA;NA;35314;668;18049;4524;666;3
"35";2019;1;99;193;5784;NA;5883;545;752;NA;NA;NA;NA;0;NA;3769;402;56;49;138;103;35;20;0;0;NA;NA;NA;NA;NA;NA;NA;NA;NA;NA;NA;NA;NA;54;1301;1521;0;12070;99;132;61;1105;1328;108545;315;0;21;0;NA;1526;NA;NA;0;NA;1;0;0;NA;0;NA;0;1;0;1;0;0;1;0;0;0;2257;NA;381;0;8;22;373;40;NA;2543;NA;NA;28377;561;14683;4273;639;5
"36";2019;1;242;266;5990;NA;15565;465;1425;NA;NA;NA;NA;0;NA;7871;696;54;49;191;137;54;43;0;2;NA;NA;NA;NA;NA;NA;NA;NA;NA;NA;NA;NA;NA;95;812;1675;2;22678;150;248;89;1904;1433;276861;641;2;44;0;NA;1603;NA;NA;0;NA;12;0;2;NA;1;NA;1;3;0;1;0;0;0;1;0;0;3086;NA;4008;0;128;414;3880;90;NA;2322;NA;NA;42136;4658;25314;4815;701;15
"37";2019;1;270;470;9027;NA;11055;990;1101;NA;NA;NA;NA;0;NA;6141;921;84;78;339;269;70;43;1;2;NA;NA;NA;NA;NA;NA;NA;NA;NA;NA;NA;NA;NA;42;1042;2566;1;20261;159;228;64;2414;2665;170455;542;2;44;1;NA;2300;NA;NA;1;NA;3;0;0;NA;0;NA;0;0;1;3;0;0;3;3;0;0;4412;NA;1091;0;18;219;1073;75;NA;2092;NA;NA;45774;1694;24943;6686;996;17
"38";2019;1;138;147;5202;NA;3699;550;663;NA;NA;NA;NA;0;NA;2262;110;26;23;88;73;15;10;1;1;NA;NA;NA;NA;NA;NA;NA;NA;NA;NA;NA;NA;NA;16;819;1444;2;8548;81;105;49;968;1121;64067;96;1;10;1;NA;1165;NA;NA;0;NA;1;0;0;NA;0;NA;0;0;0;1;0;0;0;2;0;0;1833;NA;110;0;2;5;108;18;NA;2980;NA;NA;20300;214;11426;3558;482;2
"39";2019;1;277;301;10105;NA;13511;1102;1556;NA;NA;NA;NA;0;NA;6733;1462;56;51;185;138;47;42;1;3;NA;NA;NA;NA;NA;NA;NA;NA;NA;NA;NA;NA;NA;41;1862;2853;3;26245;232;340;100;2645;1715;255970;1148;3;44;1;NA;2306;NA;NA;0;NA;4;0;0;NA;0;NA;1;0;1;0;0;0;1;2;0;0;4051;NA;1765;0;70;450;1695;50;NA;2401;NA;NA;54744;2445;28881;6900;1587;15
"40";2019;1;70;96;3284;NA;3209;382;421;NA;NA;NA;NA;0;NA;1983;99;25;24;69;54;15;13;0;0;NA;NA;NA;NA;NA;NA;NA;NA;NA;NA;NA;NA;NA;19;721;772;0;7021;92;104;15;739;535;78695;87;0;13;0;NA;703;NA;NA;0;NA;0;0;0;NA;0;NA;0;0;1;0;0;0;0;0;0;0;1169;NA;222;0;3;13;219;23;NA;1157;NA;NA;15526;317;8095;2489;405;0
"10";2019;2;758;909;23954;NA;126337;1429;2251;31117;2880;NA;35686;2;NA;58522;9841;101;99;605;428;177;150;1;18;NA;31622;NA;NA;2701;NA;NA;NA;NA;36353;NA;NA;NA;375;3696;7492;5;126263;991;948;84;9043;3877;1087486;5871;18;157;1;NA;5352;NA;NA;3;NA;41;3;14;NA;3;NA;0;16;2;6;0;0;22;18;5;2;9435;NA;35174;4;878;5581;34292;191;NA;2216;NA;NA;174542;41530;160232;24345;2184;93
"20";2019;2;479;686;17037;NA;48591;989;1759;21356;1720;NA;19338;1;NA;17891;5565;126;119;586;433;153;135;0;10;NA;21072;NA;NA;1830;NA;NA;NA;NA;18547;NA;NA;NA;141;2747;5303;10;60631;540;692;150;5627;3496;602821;3146;11;142;0;NA;3518;NA;NA;4;NA;13;2;9;NA;2;NA;0;7;2;5;0;0;4;4;0;1;8354;NA;15019;1;437;3792;14581;156;NA;3110;NA;NA;134982;19543;72580;16350;1821;24
"30";2019;2;2045;2517;73554;NA;107691;7407;9988;59877;4371;NA;74618;2;NA;58411;7761;643;616;1725;1331;394;396;2;21;NA;61726;NA;NA;4300;NA;NA;NA;NA;74459;NA;NA;NA;392;13022;18978;19;188034;1618;2162;878;18196;15731;2208436;5472;22;408;2;NA;17272;NA;NA;6;NA;34;0;3;NA;1;NA;0;5;3;12;0;0;6;10;1;2;30738;NA;13963;1;417;2730;13545;513;NA;24088;NA;NA;418233;18837;218429;57144;8553;62
"99";2019;2;3282;4112;114545;NA;282619;9825;13998;112350;8971;NA;129642;5;NA;134824;23167;870;834;2916;2192;724;681;3;49;NA;114420;NA;NA;8831;NA;NA;NA;NA;129359;NA;NA;NA;908;19465;31773;34;374928;3149;3802;1112;32866;23104;3898743;14489;51;707;3;NA;26142;NA;NA;13;NA;88;5;26;NA;6;NA;0;28;7;23;0;0;32;32;6;5;48527;NA;64156;6;1732;12103;62418;860;NA;29414;NA;NA;727757;79910;451241;97839;12558;179
"31";2019;2;281;302;7355;NA;11197;550;710;NA;NA;NA;NA;0;NA;5652;994;75;73;226;175;51;77;0;2;NA;NA;NA;NA;NA;NA;NA;NA;NA;NA;NA;NA;NA;41;981;1970;1;18920;193;230;119;1649;1103;179965;518;2;80;0;NA;1509;NA;NA;0;NA;9;0;1;NA;0;NA;0;1;0;1;0;0;1;0;0;1;2507;NA;1870;0;47;331;1823;78;NA;1959;NA;NA;42339;2506;21623;6013;693;4
"32";2019;2;272;357;10348;NA;19134;882;1092;NA;NA;NA;NA;0;NA;9304;1737;86;83;231;168;63;75;0;3;NA;NA;NA;NA;NA;NA;NA;NA;NA;NA;NA;NA;NA;71;1873;2617;2;33935;143;207;78;2558;1370;189246;1193;4;77;0;NA;2195;NA;NA;1;NA;1;0;1;NA;0;NA;0;1;1;4;0;0;2;2;0;0;3488;NA;2960;0;108;950;2852;61;NA;1948;NA;NA;71225;4219;34008;8389;894;9
"33";2019;2;265;310;10458;NA;16820;1250;1846;NA;NA;NA;NA;1;NA;10050;1220;107;101;235;177;58;65;0;3;NA;NA;NA;NA;NA;NA;NA;NA;NA;NA;NA;NA;NA;60;1519;2743;5;26884;345;475;133;3178;2277;505670;862;3;70;0;NA;2288;NA;NA;0;NA;6;0;0;NA;0;NA;0;0;0;1;0;0;1;0;1;1;4905;NA;1602;0;41;282;1561;70;NA;3340;NA;NA;62919;2188;32972;8372;1627;5
"34";2019;2;165;247;7099;NA;8049;847;834;NA;NA;NA;NA;1;NA;5099;370;41;39;151;117;34;24;0;2;NA;NA;NA;NA;NA;NA;NA;NA;NA;NA;NA;NA;NA;29;1477;1740;2;15739;182;208;69;1546;1665;90956;347;2;24;0;NA;1492;NA;NA;1;NA;1;0;0;NA;0;NA;0;0;1;1;0;0;0;2;0;0;2948;NA;401;0;13;37;388;46;NA;2908;NA;NA;35106;616;18568;4998;762;7
"35";2019;2;109;216;5974;NA;5982;504;699;NA;NA;NA;NA;0;NA;3803;424;53;52;140;109;31;20;1;2;NA;NA;NA;NA;NA;NA;NA;NA;NA;NA;NA;NA;NA;48;1537;1543;2;12138;84;110;98;1101;1468;114361;286;2;21;1;NA;1640;NA;NA;1;NA;0;0;0;NA;0;NA;0;0;0;0;0;0;0;0;0;0;2399;NA;347;0;2;37;345;31;NA;2557;NA;NA;28671;546;15015;4490;612;4
"36";2019;2;253;181;5461;NA;14515;485;1059;NA;NA;NA;NA;0;NA;7240;673;57;53;138;102;36;28;1;2;NA;NA;NA;NA;NA;NA;NA;NA;NA;NA;NA;NA;NA;56;747;1476;2;18591;98;180;93;1612;1282;225797;611;2;28;1;NA;1559;NA;NA;1;NA;11;0;0;NA;0;NA;0;2;0;2;0;0;1;3;0;0;2672;NA;3599;1;115;396;3483;70;NA;1898;NA;NA;42787;4163;23260;4449;531;19
"37";2019;2;277;414;8754;NA;11195;925;1125;NA;NA;NA;NA;0;NA;6194;776;88;87;297;235;62;38;0;4;NA;NA;NA;NA;NA;NA;NA;NA;NA;NA;NA;NA;NA;28;1081;2409;1;20358;168;250;94;2357;3006;180185;504;4;38;0;NA;2300;NA;NA;2;NA;4;0;0;NA;0;NA;0;1;0;1;0;0;1;1;0;0;4773;NA;1109;0;29;205;1080;57;NA;2310;NA;NA;45802;1653;24713;7110;1012;4
"38";2019;2;109;134;4935;NA;3735;506;664;NA;NA;NA;NA;0;NA;2213;90;31;31;78;69;9;16;0;2;NA;NA;NA;NA;NA;NA;NA;NA;NA;NA;NA;NA;NA;20;832;1304;0;8882;87;101;70;930;1305;65993;104;2;16;0;NA;1223;NA;NA;0;NA;0;0;0;NA;0;NA;0;0;0;0;0;0;0;0;0;0;1974;NA;115;0;2;11;113;19;NA;3206;NA;NA;20301;222;11197;3874;493;0
"39";2019;2;250;274;9904;NA;14032;1078;1491;NA;NA;NA;NA;0;NA;7106;1396;84;77;181;138;43;40;0;1;NA;NA;NA;NA;NA;NA;NA;NA;NA;NA;NA;NA;NA;24;2186;2520;4;25705;232;305;99;2510;1750;271279;944;1;40;0;NA;2350;NA;NA;0;NA;2;0;1;NA;1;NA;0;0;1;2;0;0;0;2;0;0;3912;NA;1783;0;57;458;1726;57;NA;2743;NA;NA;53951;2463;29129;6840;1499;10
"40";2019;2;64;82;3266;NA;3032;380;468;NA;NA;NA;NA;0;NA;1750;81;21;20;48;41;7;13;0;0;NA;NA;NA;NA;NA;NA;NA;NA;NA;NA;NA;NA;NA;15;789;656;0;6882;86;96;25;755;505;75432;103;0;14;0;NA;716;NA;NA;0;NA;0;0;0;NA;0;NA;0;0;0;0;0;0;0;0;0;0;1160;NA;177;0;3;23;174;24;NA;1219;NA;NA;15132;261;7944;2609;430;0
"10";2019;3;612;895;22441;NA;121566;1363;2555;30189;2847;NA;35274;1;NA;53759;9814;105;98;660;481;179;145;2;14;NA;30157;NA;NA;3107;NA;NA;NA;NA;35170;NA;NA;NA;284;3589;6977;4;126457;860;939;87;8575;4163;1060479;5427;15;154;2;NA;5332;NA;NA;8;NA;41;3;26;NA;0;NA;1;27;4;8;0;0;15;12;2;1;9123;NA;35817;3;919;4829;34895;184;NA;2173;NA;NA;170708;41466;154152;23306;2042;64
"20";2019;3;477;706;16066;NA;48070;980;1473;19786;1790;NA;17876;2;NA;17306;5541;125;117;641;488;153;124;2;15;NA;19398;NA;NA;1793;NA;NA;NA;NA;18262;NA;NA;NA;112;2531;4966;2;61523;453;547;115;5238;3078;593633;3010;16;125;2;NA;3743;NA;NA;4;NA;9;1;6;NA;2;NA;0;10;1;5;0;0;4;2;0;0;7680;NA;14866;0;360;3150;14506;120;NA;2869;NA;NA;128537;18798;71038;15195;1565;37
"30";2019;3;1982;2620;72106;NA;106651;7715;10069;59339;4601;NA;75139;0;NA;56242;7780;680;657;1801;1347;454;322;3;18;NA;57490;NA;NA;4442;NA;NA;NA;NA;74302;NA;NA;NA;406;13284;18640;14;191087;1514;2098;723;17449;16134;2143383;5116;18;336;3;NA;18873;NA;NA;7;NA;34;3;3;NA;1;NA;1;3;3;9;0;1;11;11;2;2;30723;NA;13645;1;420;2560;13224;463;NA;24199;NA;NA;418350;18346;218034;56242;8350;54
"99";2019;3;3071;4221;110613;NA;276287;10058;14097;109314;9238;NA;128289;3;NA;127307;23135;910;872;3102;2316;786;591;7;47;NA;107045;NA;NA;9342;NA;NA;NA;NA;127734;NA;NA;NA;802;19404;30583;20;379067;2827;3584;925;31262;23375;3797495;13553;49;615;7;NA;27948;NA;NA;19;NA;84;7;35;NA;3;NA;2;40;8;22;0;1;30;25;4;3;47526;NA;64328;4;1699;10539;62625;767;NA;29241;NA;NA;717595;78610;443224;94743;11957;155
"31";2019;3;281;263;7102;NA;10664;590;830;NA;NA;NA;NA;0;NA;5390;784;48;46;178;134;44;64;0;4;NA;NA;NA;NA;NA;NA;NA;NA;NA;NA;NA;NA;NA;28;1009;1875;1;19999;183;239;90;1678;1275;199285;476;4;68;0;NA;1743;NA;NA;2;NA;4;1;0;NA;0;NA;0;0;0;0;0;0;0;0;1;0;2717;NA;1719;0;44;265;1675;72;NA;2070;NA;NA;42998;2230;21192;6217;811;8
"32";2019;3;204;377;10152;NA;20235;825;1159;NA;NA;NA;NA;0;NA;9533;1970;95;90;233;169;64;50;1;3;NA;NA;NA;NA;NA;NA;NA;NA;NA;NA;NA;NA;NA;50;1881;2561;2;34467;169;237;72;2499;1427;164778;1220;3;55;1;NA;2398;NA;NA;0;NA;2;0;1;NA;0;NA;0;1;0;0;0;0;0;0;1;1;3468;NA;3179;0;114;1033;3065;63;NA;1755;NA;NA;72346;4498;35146;7962;926;3
"33";2019;3;310;351;10189;NA;15745;1349;1775;NA;NA;NA;NA;0;NA;9244;1045;105;102;256;188;68;51;1;2;NA;NA;NA;NA;NA;NA;NA;NA;NA;NA;NA;NA;NA;65;1485;2772;1;27556;299;427;136;2771;2274;476347;724;2;53;1;NA;2469;NA;NA;0;NA;10;1;2;NA;0;NA;0;0;1;0;0;0;6;1;0;0;4710;NA;1431;0;42;214;1389;58;NA;3599;NA;NA;62392;1954;31878;8154;1445;5
"34";2019;3;166;252;6936;NA;7460;835;839;NA;NA;NA;NA;0;NA;4516;311;60;60;154;112;42;21;0;2;NA;NA;NA;NA;NA;NA;NA;NA;NA;NA;NA;NA;NA;42;1526;1738;0;15751;157;184;58;1459;1706;90822;288;2;21;0;NA;1721;NA;NA;0;NA;4;0;0;NA;0;NA;0;0;0;1;0;0;1;3;0;1;2920;NA;403;0;10;38;393;38;NA;2498;NA;NA;34664;618;18043;4438;724;3
"35";2019;3;79;201;5911;NA;6366;583;810;NA;NA;NA;NA;0;NA;4041;364;55;55;154;114;40;16;0;1;NA;NA;NA;NA;NA;NA;NA;NA;NA;NA;NA;NA;NA;58;1590;1432;1;12806;105;148;76;1167;1457;110976;268;1;16;0;NA;1714;NA;NA;0;NA;0;0;0;NA;0;NA;0;0;0;0;0;0;0;0;0;0;2406;NA;286;0;3;18;283;39;NA;2854;NA;NA;29614;475;15585;4588;725;1
"36";2019;3;215;252;5280;NA;13970;619;1099;NA;NA;NA;NA;0;NA;6910;728;57;51;169;125;44;31;0;2;NA;NA;NA;NA;NA;NA;NA;NA;NA;NA;NA;NA;NA;74;781;1355;0;18096;136;248;95;1519;1336;230702;527;2;31;0;NA;1507;NA;NA;2;NA;10;1;0;NA;1;NA;1;1;2;2;0;0;2;5;0;0;2698;NA;3440;0;78;346;3362;44;NA;2105;NA;NA;41481;3988;22727;4334;563;18
"37";2019;3;288;434;8250;NA;11079;936;1094;NA;NA;NA;NA;0;NA;5898;769;112;110;328;256;72;33;1;2;NA;NA;NA;NA;NA;NA;NA;NA;NA;NA;NA;NA;NA;27;1118;2255;1;20262;124;191;86;2279;3004;171544;466;2;33;1;NA;2439;NA;NA;2;NA;3;0;0;NA;0;NA;0;0;0;0;0;0;2;0;0;0;4697;NA;1000;0;27;181;973;47;NA;2289;NA;NA;45094;1544;24232;6878;942;7
"38";2019;3;107;136;4883;NA;3656;524;623;NA;NA;NA;NA;0;NA;2135;88;38;36;85;69;16;8;0;0;NA;NA;NA;NA;NA;NA;NA;NA;NA;NA;NA;NA;NA;20;880;1326;1;9179;84;119;33;896;1260;62472;92;0;8;0;NA;1391;NA;NA;1;NA;0;0;0;NA;0;NA;0;0;0;2;0;0;0;0;0;0;1920;NA;88;0;7;6;81;12;NA;3071;NA;NA;20773;187;11213;3920;512;1
"39";2019;3;250;264;9994;NA;14125;1057;1399;NA;NA;NA;NA;0;NA;6666;1613;89;88;177;129;48;34;0;2;NA;NA;NA;NA;NA;NA;NA;NA;NA;NA;NA;NA;NA;27;2139;2620;5;25582;206;250;62;2470;1793;262737;954;2;37;0;NA;2637;NA;NA;0;NA;1;0;0;NA;0;NA;0;1;0;4;0;1;0;2;0;0;3954;NA;1941;1;94;452;1846;62;NA;2645;NA;NA;52904;2606;29476;7010;1339;8
"40";2019;3;82;90;3409;NA;3351;397;441;NA;NA;NA;NA;0;NA;1909;108;21;19;67;51;16;14;0;0;NA;NA;NA;NA;NA;NA;NA;NA;NA;NA;NA;NA;NA;15;875;706;2;7389;51;55;15;711;602;75199;101;0;14;0;NA;854;NA;NA;0;NA;0;0;0;NA;0;NA;0;0;0;0;0;0;0;0;0;0;1233;NA;158;0;1;7;157;28;NA;1313;NA;NA;16084;246;8542;2741;363;0
"10";2019;4;628;1066;24690;NA;123633;1450;1799;28746;2967;NA;30211;0;NA;53854;8932;104;96;760;544;216;177;0;19;NA;27664;NA;NA;2503;NA;NA;NA;NA;30866;NA;NA;NA;376;3597;7673;9;116914;825;899;60;7826;3479;999141;5560;19;185;0;NA;5310;NA;NA;3;NA;44;4;27;NA;2;NA;0;20;4;2;0;0;23;14;4;3;7878;NA;37147;2;1092;5691;36053;179;NA;2170;NA;NA;162472;43794;157948;22080;1752;94
"20";2019;4;457;764;16025;NA;46363;888;1405;18725;1769;NA;16340;2;NA;16703;5253;124;112;683;512;171;144;1;9;NA;18644;NA;NA;1618;NA;NA;NA;NA;15868;NA;NA;NA;135;2493;5393;5;60564;455;568;98;4695;2603;560519;3079;9;147;1;NA;3536;NA;NA;0;NA;17;2;12;NA;2;NA;0;6;1;3;0;0;3;7;0;0;6836;NA;14497;1;564;3767;13932;144;NA;2500;NA;NA;127775;19102;68981;14695;1421;39
"30";2019;4;2054;2767;74497;NA;102926;7157;8969;54907;4763;NA;66577;0;NA;52992;7998;632;602;1869;1412;457;472;2;30;NA;53280;NA;NA;4317;NA;NA;NA;NA;64434;NA;NA;NA;416;12401;20809;15;183620;1362;1785;647;16479;14006;2011683;5371;31;494;3;NA;17253;NA;NA;2;NA;41;0;3;NA;1;NA;0;7;4;14;0;0;3;26;2;1;27892;NA;12897;3;434;2862;12460;526;NA;21233;NA;NA;406254;18130;213569;52517;7469;70
"99";2019;4;3139;4597;115212;NA;272922;9495;12173;102378;9499;NA;113128;2;NA;123549;22183;860;810;3312;2468;844;793;3;58;NA;99588;NA;NA;8438;NA;NA;NA;NA;111168;NA;NA;NA;927;18491;33875;29;361098;2642;3252;805;29000;20088;3571343;14010;59;826;4;NA;26099;NA;NA;5;NA;102;6;42;NA;5;NA;0;33;9;19;0;0;29;47;6;4;42606;NA;64541;6;2090;12320;62445;849;NA;25903;NA;NA;696501;81026;440498;89292;10642;203
"31";2019;4;293;324;7330;NA;10253;577;773;NA;NA;NA;NA;0;NA;5061;799;67;65;236;181;55;75;0;1;NA;NA;NA;NA;NA;NA;NA;NA;NA;NA;NA;NA;NA;51;867;2087;4;19513;170;223;93;1524;944;173798;491;2;75;0;NA;1600;NA;NA;0;NA;6;0;0;NA;0;NA;0;2;1;0;0;0;1;3;0;0;2210;NA;1624;0;43;351;1581;86;NA;1841;NA;NA;42050;2287;20857;5515;771;4
"32";2019;4;315;378;10566;NA;19230;857;1065;NA;NA;NA;NA;0;NA;8662;1982;95;92;217;163;54;86;1;5;NA;NA;NA;NA;NA;NA;NA;NA;NA;NA;NA;NA;NA;55;1844;2754;2;33110;145;205;56;2361;1257;141693;1260;5;90;2;NA;2308;NA;NA;0;NA;5;0;3;NA;0;NA;0;1;1;0;0;0;0;3;0;0;3240;NA;2797;0;169;1024;2628;63;NA;1733;NA;NA;70334;4129;34404;7321;849;12
"33";2019;4;255;366;10450;NA;15564;1172;1496;NA;NA;NA;NA;0;NA;9104;1155;100;92;250;179;71;61;0;5;NA;NA;NA;NA;NA;NA;NA;NA;NA;NA;NA;NA;NA;85;1427;3042;1;25731;256;315;109;2569;1994;441173;692;5;63;0;NA;2106;NA;NA;0;NA;8;0;0;NA;0;NA;0;1;0;1;0;0;0;6;0;0;4201;NA;1408;0;38;311;1370;76;NA;2978;NA;NA;59436;2035;31154;7882;1176;1
"34";2019;4;148;261;7334;NA;7172;824;680;NA;NA;NA;NA;0;NA;4095;331;53;52;167;135;32;24;0;4;NA;NA;NA;NA;NA;NA;NA;NA;NA;NA;NA;NA;NA;25;1412;1981;4;15038;142;159;56;1318;1459;84489;298;4;26;0;NA;1540;NA;NA;0;NA;6;0;0;NA;0;NA;0;1;1;0;0;0;0;2;2;0;2589;NA;407;0;7;41;400;42;NA;2268;NA;NA;33626;643;17811;4209;582;6
"35";2019;4;131;233;6163;NA;5468;519;696;NA;NA;NA;NA;0;NA;3293;347;55;52;163;131;32;19;1;3;NA;NA;NA;NA;NA;NA;NA;NA;NA;NA;NA;NA;NA;56;1447;1619;0;11332;91;113;60;1017;1198;100070;214;3;19;1;NA;1569;NA;NA;0;NA;2;0;0;NA;0;NA;0;0;0;0;0;0;0;2;0;0;2084;NA;262;1;4;25;257;43;NA;2343;NA;NA;27386;472;14648;4244;612;12
"36";2019;4;240;239;5888;NA;14148;498;1119;NA;NA;NA;NA;0;NA;6916;807;61;57;166;115;51;39;0;2;NA;NA;NA;NA;NA;NA;NA;NA;NA;NA;NA;NA;NA;58;792;1860;1;18825;127;216;83;1640;1356;231740;641;2;48;0;NA;1598;NA;NA;0;NA;5;0;0;NA;1;NA;0;1;1;7;0;0;1;4;0;0;2804;NA;3473;0;74;337;3399;60;NA;2029;NA;NA;43114;4017;23490;4247;602;9
"37";2019;4;226;462;8367;NA;10751;862;1044;NA;NA;NA;NA;0;NA;5609;712;95;93;338;252;86;74;0;2;NA;NA;NA;NA;NA;NA;NA;NA;NA;NA;NA;NA;NA;24;1008;2414;1;18902;129;166;66;2252;2709;165571;476;2;75;0;NA;2331;NA;NA;1;NA;3;0;0;NA;0;NA;0;1;0;1;0;0;0;3;0;0;4534;NA;938;1;30;246;907;45;NA;2044;NA;NA;43038;1598;23817;6362;940;8
"38";2019;4;104;137;4942;NA;3464;538;513;NA;NA;NA;NA;0;NA;1982;112;23;23;94;76;18;16;0;2;NA;NA;NA;NA;NA;NA;NA;NA;NA;NA;NA;NA;NA;21;826;1421;0;8521;63;95;49;818;1065;56984;115;2;18;0;NA;1222;NA;NA;1;NA;2;0;0;NA;0;NA;0;0;0;3;0;0;0;1;0;0;1641;NA;106;0;4;7;102;14;NA;2812;NA;NA;19628;225;10816;3655;406;4
"39";2019;4;285;286;10242;NA;13644;944;1236;NA;NA;NA;NA;0;NA;6416;1603;62;57;187;141;46;60;0;4;NA;NA;NA;NA;NA;NA;NA;NA;NA;NA;NA;NA;NA;26;2013;2903;2;25522;183;230;65;2313;1486;258485;1045;4;62;0;NA;2223;NA;NA;0;NA;4;0;0;NA;0;NA;0;0;0;1;0;0;1;2;0;1;3473;NA;1704;1;64;497;1639;60;NA;2227;NA;NA;52275;2452;28575;6812;1214;14
"40";2019;4;57;81;3215;NA;3232;366;347;NA;NA;NA;NA;0;NA;1854;150;21;19;51;39;12;18;0;2;NA;NA;NA;NA;NA;NA;NA;NA;NA;NA;NA;NA;NA;15;765;728;0;7126;56;63;10;667;538;73015;139;2;18;0;NA;756;NA;NA;0;NA;0;0;0;NA;0;NA;0;0;0;1;0;0;0;0;0;0;1116;NA;178;0;1;23;177;37;NA;958;NA;NA;15367;272;7997;2270;317;0
"10";2020;1;752;883;20862;NA;128884;1104;1772;25399;3222;NA;32451;2;NA;58331;7912;90;85;662;469;193;187;6;19;NA;25861;NA;NA;3414;NA;NA;NA;NA;32085;NA;NA;NA;310;2663;7004;13;113679;670;791;59;7449;2806;986137;5273;19;199;6;NA;4558;NA;NA;7;NA;41;2;17;NA;2;NA;1;22;4;5;2;1;14;15;4;1;7436;NA;40130;8;896;4577;39226;161;NA;1741;NA;NA;153439;45577;158063;20396;1633;76
"20";2020;1;460;699;15034;NA;44479;778;1314;16713;2041;NA;15706;0;NA;15436;4670;120;96;605;461;144;174;0;9;NA;17253;NA;NA;1997;NA;NA;NA;NA;15989;NA;NA;NA;144;1924;4907;11;57294;356;456;101;4282;2401;513661;2688;9;180;0;NA;3119;NA;NA;4;NA;16;4;8;NA;0;NA;4;7;2;6;0;1;5;6;0;1;6284;NA;14718;1;429;3066;14288;137;NA;2312;NA;NA;120974;18572;65423;13501;1346;46
"30";2020;1;1790;2528;68555;NA;98169;6545;7929;51562;5027;NA;63510;0;NA;50137;7247;551;536;1637;1211;426;398;3;30;NA;53734;NA;NA;5094;NA;NA;NA;NA;63820;NA;NA;NA;347;10490;18945;26;173764;1247;1685;511;15410;12209;1951123;4914;32;413;4;NA;15617;NA;NA;2;NA;38;1;4;NA;0;NA;0;8;2;6;0;0;9;14;3;4;25062;NA;13387;1;369;2442;13017;574;NA;19890;NA;NA;380965;17894;199343;49817;6488;96
"99";2020;1;3002;4110;104451;NA;271532;8427;11015;93674;10290;NA;111667;2;NA;123904;19829;761;717;2904;2141;763;759;9;58;NA;96848;NA;NA;10505;NA;NA;NA;NA;111894;NA;NA;NA;801;15077;30856;50;344737;2273;2932;671;27141;17416;3450921;12875;60;792;10;NA;23294;NA;NA;13;NA;95;7;29;NA;2;NA;5;37;8;17;2;2;28;35;7;6;38782;NA;68235;10;1694;10085;66531;872;NA;23943;NA;NA;655378;82043;422829;83714;9467;218
"31";2020;1;260;259;6673;NA;9756;482;611;NA;NA;NA;NA;0;NA;4895;735;56;52;173;118;55;82;0;1;NA;NA;NA;NA;NA;NA;NA;NA;NA;NA;NA;NA;NA;25;725;1899;1;18892;149;206;68;1493;837;154371;487;1;87;0;NA;1437;NA;NA;0;NA;4;0;0;NA;0;NA;0;1;0;0;0;0;0;3;1;0;2116;NA;1702;0;28;260;1674;114;NA;1726;NA;NA;39523;2218;19218;5452;646;17
"32";2020;1;274;353;9471;NA;17652;718;985;NA;NA;NA;NA;0;NA;7901;1720;86;84;209;145;64;69;0;9;NA;NA;NA;NA;NA;NA;NA;NA;NA;NA;NA;NA;NA;48;1372;2530;7;30569;144;192;44;2192;1091;162085;1058;9;73;0;NA;2169;NA;NA;0;NA;1;1;0;NA;0;NA;0;1;0;1;0;0;0;1;0;0;2856;NA;2700;0;152;877;2548;69;NA;1667;NA;NA;64268;3864;31348;6794;750;23
"33";2020;1;234;288;9509;NA;14923;1085;1416;NA;NA;NA;NA;0;NA;8513;1012;73;71;213;158;55;40;1;4;NA;NA;NA;NA;NA;NA;NA;NA;NA;NA;NA;NA;NA;58;1219;2757;2;24512;259;307;87;2360;1771;426120;596;4;40;1;NA;1875;NA;NA;0;NA;10;0;1;NA;0;NA;0;1;1;0;0;0;0;2;0;0;3744;NA;1473;1;27;278;1445;75;NA;3100;NA;NA;55933;2008;29096;7328;1026;6
"34";2020;1;134;256;6847;NA;6986;806;630;NA;NA;NA;NA;0;NA;4078;320;43;42;142;107;35;27;0;3;NA;NA;NA;NA;NA;NA;NA;NA;NA;NA;NA;NA;NA;21;1208;1855;4;13791;102;121;51;1268;1313;78485;300;3;28;0;NA;1413;NA;NA;0;NA;2;0;1;NA;0;NA;0;0;0;0;0;0;1;0;0;0;2410;NA;392;0;4;33;388;54;NA;1943;NA;NA;31376;597;16938;4276;517;2
"35";2020;1;107;195;5947;NA;5391;512;654;NA;NA;NA;NA;0;NA;3126;385;34;32;137;106;31;19;0;2;NA;NA;NA;NA;NA;NA;NA;NA;NA;NA;NA;NA;NA;58;1463;1535;0;10977;77;116;46;1052;1103;97441;294;2;19;0;NA;1401;NA;NA;0;NA;3;0;0;NA;0;NA;0;0;0;0;0;0;3;0;0;0;1889;NA;335;0;2;23;333;29;NA;2046;NA;NA;26615;516;14100;3873;614;4
"36";2020;1;208;234;5547;NA;14079;413;979;NA;NA;NA;NA;0;NA;6949;717;69;68;176;144;32;25;0;5;NA;NA;NA;NA;NA;NA;NA;NA;NA;NA;NA;NA;NA;32;629;1726;3;20175;133;215;79;1599;1239;237946;571;7;25;0;NA;1543;NA;NA;2;NA;10;0;1;NA;0;NA;0;4;0;2;0;0;3;5;2;2;2648;NA;3795;0;72;295;3723;50;NA;1884;NA;NA;43314;4296;22795;4340;549;22
"37";2020;1;215;443;7976;NA;10181;846;838;NA;NA;NA;NA;0;NA;5227;698;90;88;308;233;75;43;0;5;NA;NA;NA;NA;NA;NA;NA;NA;NA;NA;NA;NA;NA;21;956;2157;1;17687;114;172;40;1978;2194;148138;449;5;43;0;NA;2107;NA;NA;0;NA;3;0;0;NA;0;NA;0;0;0;1;0;0;1;1;0;1;3814;NA;1091;0;27;215;1064;59;NA;1867;NA;NA;39882;1662;22391;5955;753;3
"38";2020;1;89;129;4618;NA;3191;539;462;NA;NA;NA;NA;0;NA;1855;89;21;21;72;56;16;11;0;1;NA;NA;NA;NA;NA;NA;NA;NA;NA;NA;NA;NA;NA;38;663;1322;0;7935;55;77;45;775;909;55547;111;1;12;0;NA;1010;NA;NA;0;NA;1;0;0;NA;0;NA;0;0;1;1;0;0;0;0;0;0;1499;NA;100;0;2;10;98;15;NA;2734;NA;NA;18221;194;9949;3308;367;1
"39";2020;1;197;266;8898;NA;12885;799;1043;NA;NA;NA;NA;0;NA;5819;1432;63;62;162;110;52;54;1;0;NA;NA;NA;NA;NA;NA;NA;NA;NA;NA;NA;NA;NA;28;1613;2465;8;22617;144;195;45;2076;1337;231072;903;0;57;1;NA;1926;NA;NA;0;NA;4;0;1;NA;0;NA;0;1;0;0;0;0;1;2;0;1;3121;NA;1613;0;53;434;1560;61;NA;1908;NA;NA;47243;2263;25817;6199;1000;18
"40";2020;1;72;105;3069;NA;3125;345;311;NA;NA;NA;NA;0;NA;1774;139;16;16;45;34;11;28;1;0;NA;NA;NA;NA;NA;NA;NA;NA;NA;NA;NA;NA;NA;18;642;699;0;6609;70;84;6;617;415;65925;145;0;29;2;NA;736;NA;NA;0;NA;0;0;0;NA;0;NA;0;0;0;1;0;0;0;0;0;0;965;NA;186;0;2;17;184;48;NA;1015;NA;NA;14590;276;7691;2292;266;0
"10";2020;2;630;573;18752;NA;88537;1147;1973;20811;2840;NA;27251;1;NA;28804;5467;85;81;434;324;110;150;1;7;NA;21099;NA;NA;3081;NA;NA;NA;NA;27657;NA;NA;NA;160;1738;5016;6;85192;550;602;31;6462;2143;798012;2951;7;158;1;NA;4680;NA;NA;6;NA;23;2;19;NA;3;NA;1;15;1;4;0;0;9;18;1;4;6338;NA;28000;2;559;2630;27439;144;NA;1303;NA;NA;75641;31222;115662;19005;2103;105
"20";2020;2;458;488;13558;NA;39899;889;1399;11855;2011;NA;12757;0;NA;11002;3195;113;105;419;323;96;173;1;6;NA;12054;NA;NA;2052;NA;NA;NA;NA;16381;NA;NA;NA;110;1250;4000;3;46397;296;410;31;3963;1489;391289;1621;6;181;1;NA;3016;NA;NA;2;NA;27;2;9;NA;2;NA;3;9;3;2;0;0;3;1;1;0;5094;NA;10934;0;392;1824;10542;129;NA;1543;NA;NA;91939;13356;59249;11295;1475;40
"30";2020;2;1804;1892;51524;NA;84252;5713;8059;38592;4807;NA;54502;1;NA;35510;4610;540;524;1314;992;322;378;1;22;NA;37503;NA;NA;4636;NA;NA;NA;NA;57841;NA;NA;NA;193;7366;13220;14;129880;1232;1629;211;15106;7564;1319460;3197;22;391;2;NA;15555;NA;NA;1;NA;19;0;2;NA;0;NA;0;2;3;3;0;0;3;8;3;2;19964;NA;8915;2;300;1683;8613;438;NA;15011;NA;NA;296479;12313;166995;45266;7725;72
"99";2020;2;2892;2953;83834;NA;212688;7749;11431;71258;9658;NA;94510;2;NA;75316;13272;738;710;2167;1639;528;701;3;35;NA;70656;NA;NA;9769;NA;NA;NA;NA;101879;NA;NA;NA;463;10354;22236;23;261469;2078;2641;273;25531;11196;2508761;7769;35;730;4;NA;23251;NA;NA;9;NA;69;4;30;NA;5;NA;4;26;7;9;0;0;15;27;5;6;31396;NA;47849;4;1251;6137;46594;711;NA;17857;NA;NA;464059;56891;341906;75566;11303;217
"31";2020;2;174;178;5164;NA;9110;462;635;NA;NA;NA;NA;0;NA;3411;463;48;48;127;100;27;70;0;1;NA;NA;NA;NA;NA;NA;NA;NA;NA;NA;NA;NA;NA;12;425;1374;1;13731;157;205;40;1532;465;96728;291;1;76;0;NA;1325;NA;NA;0;NA;4;0;1;NA;0;NA;0;0;0;0;0;0;0;4;0;2;1732;NA;1111;1;19;213;1091;70;NA;1120;NA;NA;31591;1522;16874;4562;709;7
"32";2020;2;270;245;6844;NA;15049;663;1121;NA;NA;NA;NA;0;NA;5310;1054;85;85;164;111;53;52;0;6;NA;NA;NA;NA;NA;NA;NA;NA;NA;NA;NA;NA;NA;18;939;1687;4;24358;128;183;14;2170;778;131158;659;6;52;0;NA;2655;NA;NA;0;NA;1;0;0;NA;0;NA;0;1;0;0;0;0;0;0;0;0;2507;NA;1963;0;113;601;1850;45;NA;1190;NA;NA;52308;2786;26577;6280;989;6
"33";2020;2;285;239;7261;NA;12260;1027;1487;NA;NA;NA;NA;0;NA;5844;654;81;79;162;120;42;48;0;4;NA;NA;NA;NA;NA;NA;NA;NA;NA;NA;NA;NA;NA;45;793;1934;2;19107;252;333;48;2307;1057;315319;479;4;51;0;NA;1763;NA;NA;0;NA;2;0;0;NA;0;NA;0;0;0;0;0;0;2;0;1;0;2998;NA;840;0;23;151;817;46;NA;2420;NA;NA;43668;1205;24037;7036;1320;5
"34";2020;2;149;171;5097;NA;6367;613;702;NA;NA;NA;NA;0;NA;3112;244;48;45;118;97;21;25;0;1;NA;NA;NA;NA;NA;NA;NA;NA;NA;NA;NA;NA;NA;20;907;1270;1;10017;146;159;21;1308;882;62334;210;1;25;0;NA;1293;NA;NA;0;NA;0;0;0;NA;0;NA;0;0;0;1;0;0;0;0;0;0;1887;NA;283;1;7;23;275;48;NA;1691;NA;NA;24607;450;14243;3754;638;2
"35";2020;2;108;170;4444;NA;5300;553;649;NA;NA;NA;NA;0;NA;2650;259;43;39;131;102;29;21;0;2;NA;NA;NA;NA;NA;NA;NA;NA;NA;NA;NA;NA;NA;25;982;1057;1;8379;67;95;17;1032;896;66328;247;2;21;0;NA;1415;NA;NA;0;NA;5;0;0;NA;0;NA;0;0;0;0;0;0;1;0;0;0;1624;NA;216;0;4;21;212;24;NA;1840;NA;NA;21974;391;12531;3853;659;1
"36";2020;2;198;170;4059;NA;11261;324;608;NA;NA;NA;NA;1;NA;4951;408;37;37;113;82;31;33;0;2;NA;NA;NA;NA;NA;NA;NA;NA;NA;NA;NA;NA;NA;13;405;1072;1;12768;130;202;6;1448;591;186536;318;2;34;0;NA;1794;NA;NA;1;NA;4;0;1;NA;0;NA;0;0;2;0;0;0;0;3;0;0;1853;NA;2389;0;71;174;2318;71;NA;934;NA;NA;31428;2712;18216;3615;632;22
"37";2020;2;232;341;6020;NA;8582;652;930;NA;NA;NA;NA;0;NA;3499;441;91;87;239;179;60;42;0;1;NA;NA;NA;NA;NA;NA;NA;NA;NA;NA;NA;NA;NA;21;673;1519;3;13950;117;178;18;1915;1181;112206;231;1;44;0;NA;1874;NA;NA;0;NA;1;0;0;NA;0;NA;0;0;0;0;0;0;0;1;1;0;2792;NA;731;0;21;159;710;39;NA;1450;NA;NA;32247;1172;18399;5758;893;4
"38";2020;2;98;104;3413;NA;2691;451;479;NA;NA;NA;NA;0;NA;1318;69;22;22;61;49;12;13;0;0;NA;NA;NA;NA;NA;NA;NA;NA;NA;NA;NA;NA;NA;9;520;895;1;6207;62;75;20;683;580;47273;81;0;13;0;NA;955;NA;NA;0;NA;1;0;0;NA;0;NA;0;0;0;0;0;0;0;0;0;0;1133;NA;83;0;1;7;82;17;NA;2057;NA;NA;13821;164;8093;2807;410;3
"39";2020;2;219;188;6739;NA;11062;716;1135;NA;NA;NA;NA;0;NA;4098;935;62;59;144;107;37;62;1;4;NA;NA;NA;NA;NA;NA;NA;NA;NA;NA;NA;NA;NA;20;1224;1834;0;16835;104;119;25;2103;806;184619;615;4;63;2;NA;1866;NA;NA;0;NA;1;0;0;NA;0;NA;0;1;0;2;0;0;0;0;1;0;2574;NA;1195;0;39;326;1156;50;NA;1533;NA;NA;33960;1731;21706;5529;1187;22
"40";2020;2;71;86;2483;NA;2570;252;313;NA;NA;NA;NA;0;NA;1317;83;23;23;55;45;10;12;0;1;NA;NA;NA;NA;NA;NA;NA;NA;NA;NA;NA;NA;NA;10;498;578;0;4528;69;80;2;608;328;37990;66;1;12;0;NA;615;NA;NA;0;NA;0;0;0;NA;0;NA;0;0;1;0;0;0;0;0;0;0;864;NA;104;0;2;8;102;28;NA;776;NA;NA;10875;180;6319;2072;288;0
"10";2020;3;696;885;23609;NA;103901;1721;2187;25100;3360;NA;34714;3;NA;36974;7024;126;118;609;475;134;156;0;7;NA;24664;NA;NA;3504;NA;NA;NA;NA;34084;NA;NA;NA;258;2736;6457;6;107925;601;693;45;6880;2522;968830;3376;7;164;0;NA;5184;NA;NA;5;NA;17;1;19;NA;0;NA;0;24;1;4;0;0;15;18;1;5;6815;NA;27638;2;600;2931;27036;146;NA;2039;NA;NA;105325;31344;137487;20263;1942;56
"20";2020;3;369;826;17539;NA;47993;1181;1470;15520;2252;NA;15005;2;NA;13566;3772;115;107;615;470;145;135;2;12;NA;14947;NA;NA;2282;NA;NA;NA;NA;16026;NA;NA;NA;138;1911;5222;7;64783;387;486;70;4041;1996;496979;1991;13;140;2;NA;4208;NA;NA;5;NA;11;2;14;NA;1;NA;1;3;2;5;0;0;4;8;2;0;5681;NA;11435;0;376;2141;11059;124;NA;2270;NA;NA;120701;14340;73217;13612;1513;17
"30";2020;3;1821;2488;65499;NA;96729;7463;8735;45602;6010;NA;64674;0;NA;39990;5098;695;676;1688;1326;362;377;1;24;NA;44801;NA;NA;5743;NA;NA;NA;NA;68863;NA;NA;NA;342;9984;16119;17;171647;1363;1829;393;14997;9470;1501233;3631;25;392;5;NA;19699;NA;NA;5;NA;14;0;5;NA;7;NA;1;0;1;13;2;0;4;9;1;1;22185;NA;9053;3;319;1751;8731;505;NA;19741;NA;NA;375350;12893;200613;49850;7855;52
"99";2020;3;2886;4199;106647;NA;248623;10365;12392;86222;11622;NA;114393;5;NA;90530;15894;936;901;2912;2271;641;668;3;43;NA;84412;NA;NA;11529;NA;NA;NA;NA;118973;NA;NA;NA;738;14631;27798;30;344355;2351;3008;508;25918;13988;2967042;8998;45;696;7;NA;29091;NA;NA;15;NA;42;3;38;NA;8;NA;2;27;4;22;2;0;23;35;4;6;34681;NA;48126;5;1295;6823;46826;775;NA;24050;NA;NA;601376;58577;411317;83725;11310;125
"31";2020;3;250;267;6517;NA;9881;605;712;NA;NA;NA;NA;0;NA;3832;576;59;59;174;134;40;71;0;4;NA;NA;NA;NA;NA;NA;NA;NA;NA;NA;NA;NA;NA;22;577;1694;2;20392;149;223;65;1588;719;123781;335;4;75;0;NA;1658;NA;NA;0;NA;3;0;0;NA;1;NA;0;0;0;1;0;0;0;0;0;0;2085;NA;1035;1;38;193;996;79;NA;1537;NA;NA;41588;1477;19640;5151;745;6
"32";2020;3;208;361;9150;NA;17986;849;1114;NA;NA;NA;NA;0;NA;6379;1343;96;95;215;166;49;48;0;9;NA;NA;NA;NA;NA;NA;NA;NA;NA;NA;NA;NA;NA;44;1310;2262;0;31066;132;186;13;2026;863;136660;869;9;48;0;NA;2536;NA;NA;1;NA;1;0;1;NA;0;NA;0;0;0;0;1;0;1;2;0;0;2586;NA;1932;1;103;687;1828;54;NA;1542;NA;NA;64116;2891;31996;7580;1003;7
"33";2020;3;264;296;9498;NA;14047;1302;1462;NA;NA;NA;NA;0;NA;6129;747;114;110;202;155;47;53;0;1;NA;NA;NA;NA;NA;NA;NA;NA;NA;NA;NA;NA;NA;81;1199;2296;4;24390;228;302;89;2098;1200;347450;485;1;55;0;NA;2351;NA;NA;1;NA;0;0;0;NA;0;NA;0;0;0;1;0;0;1;1;0;0;3045;NA;1047;0;29;200;1018;61;NA;2862;NA;NA;55003;1503;28956;6999;1158;5
"34";2020;3;174;255;6437;NA;7215;880;843;NA;NA;NA;NA;0;NA;3283;203;61;58;166;133;33;27;0;2;NA;NA;NA;NA;NA;NA;NA;NA;NA;NA;NA;NA;NA;22;1233;1420;0;13437;160;182;35;1379;1284;72086;201;2;28;0;NA;1655;NA;NA;0;NA;2;0;0;NA;0;NA;0;0;0;3;0;0;1;0;0;1;2346;NA;275;0;7;24;268;54;NA;2476;NA;NA;31397;494;17285;4473;749;7
"35";2020;3;109;188;5704;NA;5529;611;657;NA;NA;NA;NA;0;NA;2848;305;61;60;143;113;30;19;0;0;NA;NA;NA;NA;NA;NA;NA;NA;NA;NA;NA;NA;NA;58;1283;1325;1;10933;73;107;52;1001;920;66239;257;0;19;0;NA;1826;NA;NA;0;NA;0;0;0;NA;0;NA;0;0;0;1;0;0;0;0;0;0;1726;NA;205;0;3;22;202;35;NA;2189;NA;NA;26947;389;14515;3844;617;2
"36";2020;3;204;233;5185;NA;13295;487;841;NA;NA;NA;NA;0;NA;6086;423;58;58;173;132;41;30;1;3;NA;NA;NA;NA;NA;NA;NA;NA;NA;NA;NA;NA;NA;40;665;1321;7;16610;158;219;20;1463;897;202322;393;3;35;5;NA;2350;NA;NA;3;NA;4;0;1;NA;1;NA;0;0;0;4;0;0;0;2;1;0;2141;NA;2699;0;57;190;2642;50;NA;1510;NA;NA;39551;3095;22391;4093;599;11
"37";2020;3;253;427;7575;NA;10118;867;953;NA;NA;NA;NA;0;NA;3885;413;115;111;327;260;67;59;0;3;NA;NA;NA;NA;NA;NA;NA;NA;NA;NA;NA;NA;NA;28;838;1968;2;17627;103;176;32;1867;1402;128049;297;4;60;0;NA;2564;NA;NA;0;NA;3;0;0;NA;2;NA;0;0;1;0;1;0;1;3;0;0;3005;NA;605;1;15;126;589;66;NA;1735;NA;NA;40134;1120;22504;5980;869;3
"38";2020;3;89;125;4154;NA;3077;555;457;NA;NA;NA;NA;0;NA;1332;74;23;21;74;63;11;9;0;0;NA;NA;NA;NA;NA;NA;NA;NA;NA;NA;NA;NA;NA;18;726;1092;0;8017;77;100;36;726;833;54168;79;0;9;0;NA;1206;NA;NA;0;NA;0;0;0;NA;0;NA;0;0;0;0;0;0;0;0;0;0;1402;NA;67;0;10;4;57;23;NA;2722;NA;NA;17435;154;9574;3158;378;1
"39";2020;3;196;243;8591;NA;12443;964;1342;NA;NA;NA;NA;0;NA;4724;930;85;81;158;121;37;54;0;1;NA;NA;NA;NA;NA;NA;NA;NA;NA;NA;NA;NA;NA;19;1596;2162;1;23301;208;252;48;2198;1034;205076;609;1;56;0;NA;2678;NA;NA;0;NA;1;0;3;NA;3;NA;1;0;0;3;0;0;0;1;0;0;2967;NA;1065;0;55;296;1010;56;NA;2075;NA;NA;45697;1574;26261;6231;1420;10
"40";2020;3;74;93;2688;NA;3138;343;354;NA;NA;NA;NA;0;NA;1492;84;23;23;56;49;7;7;0;1;NA;NA;NA;NA;NA;NA;NA;NA;NA;NA;NA;NA;NA;10;557;579;0;5874;75;82;3;651;318;42264;106;1;7;0;NA;875;NA;NA;0;NA;0;0;0;NA;0;NA;0;0;0;0;0;0;0;0;0;0;882;NA;123;0;2;9;121;27;NA;1093;NA;NA;13482;196;7491;2341;317;0
"10";2020;4;644;954;23846;NA;110208;1652;1782;25724;3305;NA;28463;1;NA;40335;6632;114;109;613;446;167;166;0;13;NA;25086;NA;NA;2960;NA;NA;NA;NA;27968;NA;NA;NA;268;2846;7281;7;122742;664;767;11;6801;1996;860254;3454;13;188;0;NA;5182;NA;NA;4;NA;18;6;22;NA;2;NA;0;24;2;7;3;1;6;7;2;0;6619;NA;31745;6;888;3827;30851;139;NA;1910;NA;NA;111643;36365;143624;21112;1674;59
"20";2020;4;426;866;18390;NA;50045;1107;1298;15337;2225;NA;15023;0;NA;14398;4126;121;116;621;496;125;160;3;7;NA;15613;NA;NA;2140;NA;NA;NA;NA;14540;NA;NA;NA;146;2273;5431;2;72328;329;458;62;3938;1581;447617;2205;7;173;4;NA;4029;NA;NA;1;NA;13;3;7;NA;1;NA;1;5;1;5;0;0;3;2;1;0;5145;NA;12669;1;448;2841;12220;167;NA;2286;NA;NA;128892;16298;75735;14312;1312;14
"30";2020;4;1703;2766;71295;NA;109273;7653;7455;44977;5821;NA;59834;0;NA;47828;5971;629;614;1806;1411;395;439;1;23;NA;45091;NA;NA;5739;NA;NA;NA;NA;58124;NA;NA;NA;326;10305;18419;10;179989;1041;1371;386;14752;8835;1727111;3798;23;459;1;NA;18915;NA;NA;3;NA;26;0;4;NA;3;NA;1;2;3;10;0;1;6;2;1;0;20932;NA;10215;3;342;2178;9870;536;NA;17964;NA;NA;399785;14661;217357;47930;6494;26
"99";2020;4;2773;4586;113531;NA;269526;10412;10535;86038;11351;NA;103320;1;NA;102561;16729;864;839;3040;2353;687;765;4;43;NA;85790;NA;NA;10839;NA;NA;NA;NA;100632;NA;NA;NA;740;15424;31131;19;375059;2034;2596;459;25491;12412;3034982;9457;43;820;5;NA;28126;NA;NA;8;NA;57;9;33;NA;6;NA;2;31;6;22;3;2;15;11;4;0;32696;NA;54629;10;1678;8846;52941;842;NA;22160;NA;NA;640320;67324;436716;83354;9480;99
"31";2020;4;223;287;7477;NA;11394;610;618;NA;NA;NA;NA;0;NA;4624;591;58;58;186;151;35;103;0;2;NA;NA;NA;NA;NA;NA;NA;NA;NA;NA;NA;NA;NA;34;668;1887;3;21677;110;141;37;1389;523;115042;360;2;106;0;NA;1612;NA;NA;1;NA;1;0;0;NA;1;NA;0;0;0;4;0;1;0;0;0;0;1715;NA;1218;1;32;231;1185;106;NA;1412;NA;NA;45065;1740;21998;5078;615;5
"32";2020;4;205;435;9646;NA;19565;984;961;NA;NA;NA;NA;0;NA;7492;1310;95;93;249;187;62;59;0;2;NA;NA;NA;NA;NA;NA;NA;NA;NA;NA;NA;NA;NA;40;1359;2516;0;31504;97;152;25;2108;742;142923;745;2;60;0;NA;2479;NA;NA;1;NA;6;0;2;NA;0;NA;0;0;0;2;0;0;1;0;0;0;2476;NA;2234;1;130;828;2103;50;NA;1542;NA;NA;67225;3372;34070;6584;848;6
"33";2020;4;270;364;9900;NA;16477;1344;1325;NA;NA;NA;NA;0;NA;7590;1053;105;103;236;178;58;54;0;6;NA;NA;NA;NA;NA;NA;NA;NA;NA;NA;NA;NA;NA;66;1138;2642;1;26069;205;263;87;2388;1352;345946;581;6;54;0;NA;2486;NA;NA;0;NA;2;0;1;NA;0;NA;0;0;0;0;0;0;2;0;0;0;3375;NA;1186;1;33;259;1152;57;NA;2681;NA;NA;59114;1741;31896;7232;1100;1
"34";2020;4;163;241;7128;NA;8356;797;662;NA;NA;NA;NA;0;NA;3834;284;51;51;169;124;45;38;1;3;NA;NA;NA;NA;NA;NA;NA;NA;NA;NA;NA;NA;NA;27;1200;1780;0;14336;104;121;36;1261;1267;67066;262;3;40;1;NA;1605;NA;NA;0;NA;3;0;0;NA;0;NA;0;1;1;0;0;0;0;0;0;0;2118;NA;303;0;10;32;293;49;NA;1838;NA;NA;33668;545;18789;4108;540;1
"35";2020;4;136;210;6035;NA;5772;524;579;NA;NA;NA;NA;0;NA;3142;329;54;54;142;116;26;23;0;1;NA;NA;NA;NA;NA;NA;NA;NA;NA;NA;NA;NA;NA;38;1268;1562;1;11144;46;68;48;955;901;67562;244;1;23;0;NA;1722;NA;NA;0;NA;4;0;0;NA;0;NA;0;0;0;0;0;0;1;0;0;0;1734;NA;225;0;4;21;221;52;NA;1940;NA;NA;27316;412;14842;3836;531;1
"36";2020;4;172;257;5592;NA;14996;565;719;NA;NA;NA;NA;0;NA;7478;626;66;65;177;133;44;33;0;4;NA;NA;NA;NA;NA;NA;NA;NA;NA;NA;NA;NA;NA;24;703;1469;0;17817;120;188;26;1496;830;208199;509;4;34;0;NA;2142;NA;NA;1;NA;5;0;1;NA;1;NA;1;0;1;2;0;0;2;0;0;0;2115;NA;2962;0;61;241;2901;66;NA;1337;NA;NA;42815;3417;24271;4049;487;8
"37";2020;4;220;450;8083;NA;11556;915;872;NA;NA;NA;NA;0;NA;4798;516;76;75;318;271;47;48;0;3;NA;NA;NA;NA;NA;NA;NA;NA;NA;NA;NA;NA;NA;35;780;2205;2;17802;108;152;32;1917;1326;115521;278;3;56;0;NA;2516;NA;NA;0;NA;5;0;0;NA;1;NA;0;0;0;0;0;0;0;1;0;0;2929;NA;671;0;24;158;647;61;NA;1734;NA;NA;41545;1198;24392;5961;769;0
"38";2020;4;84;122;5056;NA;3609;516;375;NA;NA;NA;NA;0;NA;1596;84;20;20;83;71;12;13;0;0;NA;NA;NA;NA;NA;NA;NA;NA;NA;NA;NA;NA;NA;18;774;1284;0;8597;63;66;22;649;689;49489;84;0;14;0;NA;1206;NA;NA;0;NA;0;0;0;NA;0;NA;0;0;1;2;0;0;0;1;1;0;1191;NA;66;0;4;4;62;18;NA;2573;NA;NA;19326;166;10884;2962;308;1
"39";2020;4;170;289;9333;NA;13905;1052;1064;NA;NA;NA;NA;0;NA;5474;1066;74;66;184;137;47;50;0;1;NA;NA;NA;NA;NA;NA;NA;NA;NA;NA;NA;NA;NA;28;1770;2417;1;24753;136;158;61;2017;911;211424;635;1;51;0;NA;2372;NA;NA;0;NA;0;0;0;NA;0;NA;0;1;0;0;0;0;0;0;0;0;2488;NA;1207;0;40;394;1167;41;NA;2015;NA;NA;49019;1836;28015;5978;1041;3
"40";2020;4;60;111;3045;NA;3643;346;280;NA;NA;NA;NA;0;NA;1800;112;30;29;62;43;19;18;0;1;NA;NA;NA;NA;NA;NA;NA;NA;NA;NA;NA;NA;NA;16;645;657;2;6290;52;62;12;572;294;41109;100;1;21;0;NA;775;NA;NA;0;NA;0;0;0;NA;0;NA;0;0;0;0;0;0;0;0;0;0;791;NA;143;0;4;10;139;36;NA;892;NA;NA;14692;234;8200;2142;255;0
"10";2021;1;631;966;25576;NA;109934;1473;1867;26264;3317;NA;26351;3;NA;38890;7827;105;95;647;452;195;148;1;16;NA;25801;NA;NA;2771;NA;NA;NA;NA;26828;NA;NA;NA;233;2493;7230;4;119487;548;598;25;7226;2209;846132;3506;16;157;1;NA;5782;NA;NA;2;NA;27;6;15;NA;0;NA;4;23;2;7;1;0;13;10;0;0;6829;NA;31463;1;773;3343;30689;159;NA;1855;NA;NA;110494;35620;145598;22571;1752;76
"20";2021;1;474;856;18425;NA;50234;1164;1455;15699;2350;NA;15285;1;NA;15212;4453;106;92;666;521;145;152;0;9;NA;15261;NA;NA;2247;NA;NA;NA;NA;14902;NA;NA;NA;106;1882;5519;5;68436;389;457;71;4472;1681;475687;2213;9;163;0;NA;4371;NA;NA;6;NA;10;1;6;NA;2;NA;0;6;1;6;1;0;2;3;2;0;5769;NA;13597;1;523;2443;13073;137;NA;2379;NA;NA;127110;16868;76505;14610;1497;30
"30";2021;1;1808;2740;69963;NA;110276;7093;8182;49112;5723;NA;62190;0;NA;49188;6002;535;519;1800;1377;423;448;0;19;NA;47509;NA;NA;5411;NA;NA;NA;NA;59660;NA;NA;NA;311;9582;17720;10;177184;1032;1364;402;16010;9796;1601581;3816;19;463;0;NA;18563;NA;NA;3;NA;21;1;3;NA;2;NA;0;4;5;9;0;0;10;13;3;0;23106;NA;10691;4;372;2033;10315;528;NA;18649;NA;NA;393430;14991;216817;51943;7188;53
"99";2021;1;2913;4562;113964;NA;270444;9730;11504;91075;11390;NA;103826;4;NA;103290;18282;746;706;3113;2350;763;748;1;44;NA;88571;NA;NA;10429;NA;NA;NA;NA;101390;NA;NA;NA;650;13957;30469;19;365107;1969;2419;498;27708;13686;2923400;9535;44;783;1;NA;28716;NA;NA;11;NA;58;8;24;NA;4;NA;4;33;8;22;2;0;25;26;5;0;35704;NA;55751;6;1668;7819;54077;824;NA;22883;NA;NA;631034;67479;438920;89124;10437;159
"31";2021;1;246;271;7710;NA;11337;562;702;NA;NA;NA;NA;0;NA;4774;546;51;46;160;124;36;86;0;5;NA;NA;NA;NA;NA;NA;NA;NA;NA;NA;NA;NA;NA;22;700;1835;1;21204;125;149;47;1504;662;121287;341;5;87;0;NA;1706;NA;NA;0;NA;2;0;0;NA;0;NA;0;0;1;0;0;0;1;2;0;0;1880;NA;1315;1;32;217;1282;92;NA;1668;NA;NA;44095;1783;22288;5145;674;9
"32";2021;1;243;400;9648;NA;19727;964;1093;NA;NA;NA;NA;0;NA;7454;1384;62;61;243;177;66;60;0;1;NA;NA;NA;NA;NA;NA;NA;NA;NA;NA;NA;NA;NA;28;1121;2400;1;31387;93;141;26;2370;896;146815;741;1;62;0;NA;2413;NA;NA;0;NA;6;0;1;NA;0;NA;0;1;0;0;0;0;2;1;0;0;2919;NA;2216;0;131;734;2085;52;NA;1496;NA;NA;66998;3254;34245;7225;945;7
"33";2021;1;273;367;9734;NA;15917;1241;1495;NA;NA;NA;NA;0;NA;7803;1024;82;76;267;197;70;54;0;6;NA;NA;NA;NA;NA;NA;NA;NA;NA;NA;NA;NA;NA;53;1021;2723;3;25760;180;257;110;2562;1426;336727;640;6;57;0;NA;2506;NA;NA;0;NA;4;0;1;NA;0;NA;0;0;2;3;0;0;1;1;1;0;3689;NA;1250;1;46;258;1203;73;NA;2554;NA;NA;57258;1835;31260;8058;1202;9
"34";2021;1;146;250;6729;NA;8149;723;661;NA;NA;NA;NA;0;NA;3779;265;55;55;147;112;35;35;0;2;NA;NA;NA;NA;NA;NA;NA;NA;NA;NA;NA;NA;NA;34;1093;1697;2;13931;93;109;21;1326;1243;66142;241;2;38;0;NA;1484;NA;NA;0;NA;3;0;0;NA;0;NA;0;0;0;0;0;0;0;1;0;0;2153;NA;324;0;15;33;309;43;NA;2096;NA;NA;32533;541;17996;4304;544;4
"35";2021;1;106;199;5826;NA;5998;513;575;NA;NA;NA;NA;0;NA;3170;357;41;41;141;117;24;21;0;1;NA;NA;NA;NA;NA;NA;NA;NA;NA;NA;NA;NA;NA;35;1398;1439;0;10125;43;60;46;1037;959;65580;255;1;22;0;NA;1548;NA;NA;1;NA;0;0;0;NA;0;NA;0;1;0;1;0;0;0;0;0;0;1826;NA;291;1;6;20;284;32;NA;2233;NA;NA;25594;474;14659;4241;539;2
"36";2021;1;240;266;5657;NA;14991;492;827;NA;NA;NA;NA;0;NA;7469;626;60;57;170;130;40;49;0;1;NA;NA;NA;NA;NA;NA;NA;NA;NA;NA;NA;NA;NA;60;647;1571;2;18600;110;193;20;1627;954;219697;486;1;49;0;NA;2265;NA;NA;0;NA;4;0;0;NA;1;NA;0;1;0;0;0;0;1;1;0;0;2345;NA;3041;0;57;228;2984;55;NA;1515;NA;NA;43907;3489;24498;4618;568;13
"37";2021;1;207;472;8172;NA;12159;879;872;NA;NA;NA;NA;0;NA;5125;549;82;81;340;265;75;47;0;1;NA;NA;NA;NA;NA;NA;NA;NA;NA;NA;NA;NA;NA;27;783;2133;0;17528;119;170;33;1991;1639;120200;333;1;49;0;NA;2478;NA;NA;0;NA;0;1;1;NA;1;NA;0;1;1;0;0;0;2;6;0;0;3293;NA;723;0;24;142;699;57;NA;1788;NA;NA;41943;1253;25032;6077;832;2
"38";2021;1;66;146;4314;NA;3679;443;494;NA;NA;NA;NA;0;NA;1803;79;16;16;83;58;25;15;0;0;NA;NA;NA;NA;NA;NA;NA;NA;NA;NA;NA;NA;NA;22;653;1051;0;8192;48;57;20;682;726;45512;89;0;16;0;NA;1094;NA;NA;0;NA;0;0;0;NA;0;NA;0;0;0;0;0;0;1;0;1;0;1280;NA;94;0;8;19;86;17;NA;2437;NA;NA;17688;211;10170;3244;404;0
"39";2021;1;218;292;9310;NA;14668;1016;1161;NA;NA;NA;NA;0;NA;5939;1069;65;65;198;154;44;60;0;2;NA;NA;NA;NA;NA;NA;NA;NA;NA;NA;NA;NA;NA;24;1605;2271;1;24360;166;173;69;2296;1003;207363;575;2;62;0;NA;2361;NA;NA;2;NA;2;0;0;NA;0;NA;0;0;1;5;0;0;2;1;1;0;2882;NA;1289;1;51;375;1237;74;NA;2022;NA;NA;49199;1924;28808;6733;1227;7
"40";2021;1;63;77;2863;NA;3651;260;302;NA;NA;NA;NA;0;NA;1872;103;21;21;51;43;8;21;0;0;NA;NA;NA;NA;NA;NA;NA;NA;NA;NA;NA;NA;NA;6;561;600;0;6097;55;55;10;615;288;37120;115;0;21;0;NA;708;NA;NA;0;NA;0;0;0;NA;0;NA;0;0;0;0;0;0;0;0;0;0;839;NA;148;0;2;7;146;33;NA;840;NA;NA;14215;227;7861;2298;253;0
"10";2021;2;741;831;22515;NA;114894;1880;2164;26299;3426;NA;29470;4;NA;41796;8410;88;78;548;410;138;153;1;16;NA;26776;NA;NA;3594;NA;NA;NA;NA;28611;NA;NA;NA;176;2301;6451;9;119177;612;619;19;7170;2108;779289;3334;18;163;1;NA;6403;NA;NA;12;NA;20;0;19;NA;1;NA;1;17;2;1;1;0;5;15;2;0;7069;NA;29949;2;690;2932;29257;164;NA;1813;NA;NA;102960;33602;148687;22438;1942;52
"20";2021;2;442;719;17583;NA;53104;1067;1651;15569;2295;NA;17143;0;NA;15858;4718;151;137;558;439;119;124;0;13;NA;15020;NA;NA;2326;NA;NA;NA;NA;16857;NA;NA;NA;143;2190;4869;6;70753;416;459;85;4598;1711;486895;2353;13;129;0;NA;4423;NA;NA;0;NA;12;2;3;NA;1;NA;1;2;2;1;0;0;7;8;0;0;5938;NA;13026;0;472;2390;12554;139;NA;2651;NA;NA;127888;16111;78547;15085;1677;21
"30";2021;2;1796;2387;63689;NA;113963;6305;8630;46750;5692;NA;63486;0;NA;49068;5652;631;618;1538;1242;296;399;1;13;NA;46888;NA;NA;5654;NA;NA;NA;NA;60188;NA;NA;NA;291;9528;14745;9;176985;1142;1440;457;15783;10456;1402101;3534;13;411;2;NA;19578;NA;NA;1;NA;23;0;0;NA;1;NA;0;6;2;18;1;0;4;10;0;0;23245;NA;9972;2;339;1887;9631;488;NA;17983;NA;NA;387858;13809;214552;51325;7447;40
"99";2021;2;2979;3937;103787;NA;281961;9252;12445;88618;11413;NA;110099;4;NA;106722;18780;870;833;2644;2091;553;676;2;42;NA;88684;NA;NA;11574;NA;NA;NA;NA;105656;NA;NA;NA;610;14019;26065;24;366915;2170;2518;561;27551;14275;2668285;9221;44;703;3;NA;30404;NA;NA;13;NA;55;2;22;NA;3;NA;2;25;6;20;2;0;16;33;2;0;36252;NA;52947;4;1501;7209;51442;791;NA;22447;NA;NA;618706;63522;441786;88848;11066;113
"31";2021;2;213;246;6657;NA;11784;545;691;NA;NA;NA;NA;0;NA;4908;500;68;66;147;122;25;70;0;1;NA;NA;NA;NA;NA;NA;NA;NA;NA;NA;NA;NA;NA;56;651;1415;1;20497;127;163;45;1394;671;113708;322;1;72;0;NA;1623;NA;NA;0;NA;6;0;0;NA;0;NA;0;0;0;1;0;0;0;0;0;0;1800;NA;1230;0;39;206;1191;74;NA;1406;NA;NA;42903;1654;21546;4721;689;7
"32";2021;2;237;344;8922;NA;21627;784;1057;NA;NA;NA;NA;0;NA;7831;1287;101;100;190;154;36;56;0;1;NA;NA;NA;NA;NA;NA;NA;NA;NA;NA;NA;NA;NA;20;1272;2026;1;32566;157;191;33;2324;993;149069;709;1;61;0;NA;2558;NA;NA;0;NA;1;0;0;NA;0;NA;0;0;1;1;0;0;1;2;0;0;2924;NA;2250;0;108;738;2142;59;NA;1388;NA;NA;68350;3235;35292;7309;927;1
"33";2021;2;320;327;9162;NA;17051;1118;1624;NA;NA;NA;NA;0;NA;7969;999;106;104;238;186;52;67;0;3;NA;NA;NA;NA;NA;NA;NA;NA;NA;NA;NA;NA;NA;40;1004;2301;2;25534;184;255;95;2418;1501;324201;600;3;69;0;NA;2587;NA;NA;0;NA;3;0;0;NA;0;NA;0;1;1;3;0;0;2;1;0;0;3622;NA;1238;1;38;239;1199;71;NA;2755;NA;NA;57323;1785;31869;8026;1179;4
"34";2021;2;129;219;6331;NA;8364;667;666;NA;NA;NA;NA;0;NA;4038;247;44;42;150;123;27;23;0;0;NA;NA;NA;NA;NA;NA;NA;NA;NA;NA;NA;NA;NA;31;1095;1412;2;14931;96;125;24;1398;1457;66787;187;0;23;0;NA;1636;NA;NA;0;NA;1;0;0;NA;0;NA;0;0;0;4;0;0;0;1;0;0;2347;NA;290;0;10;22;280;46;NA;2044;NA;NA;33172;485;17883;4334;568;2
"35";2021;2;107;204;5620;NA;6340;566;593;NA;NA;NA;NA;0;NA;3077;280;44;43;129;106;23;23;0;1;NA;NA;NA;NA;NA;NA;NA;NA;NA;NA;NA;NA;NA;43;1403;1232;1;10412;62;80;43;979;1042;60709;237;1;23;0;NA;1923;NA;NA;0;NA;2;0;0;NA;1;NA;0;1;0;0;0;0;1;0;0;0;1882;NA;252;0;5;16;247;34;NA;2124;NA;NA;25294;421;15246;4172;529;0
"36";2021;2;237;175;4616;NA;14242;403;753;NA;NA;NA;NA;0;NA;6554;594;50;50;126;102;24;31;0;1;NA;NA;NA;NA;NA;NA;NA;NA;NA;NA;NA;NA;NA;38;494;1161;0;16396;125;180;43;1504;944;180579;344;1;31;0;NA;2238;NA;NA;0;NA;2;0;0;NA;0;NA;0;0;0;3;0;0;0;3;0;0;2269;NA;2583;1;64;198;2518;50;NA;1381;NA;NA;39554;2939;22427;4693;543;17
"37";2021;2;178;399;7259;NA;12584;710;872;NA;NA;NA;NA;0;NA;5306;593;92;90;268;221;47;41;0;4;NA;NA;NA;NA;NA;NA;NA;NA;NA;NA;NA;NA;NA;22;724;1667;2;18788;91;127;51;1872;1719;120582;315;4;42;0;NA;2601;NA;NA;1;NA;0;0;0;NA;0;NA;0;1;0;2;1;0;0;1;0;0;3123;NA;690;0;34;140;656;45;NA;1624;NA;NA;42184;1143;24425;6019;818;2
"38";2021;2;66;124;3970;NA;3797;343;548;NA;NA;NA;NA;0;NA;1791;76;32;32;75;60;15;15;0;0;NA;NA;NA;NA;NA;NA;NA;NA;NA;NA;NA;NA;NA;14;705;975;0;8275;66;74;18;784;779;46392;107;0;15;0;NA;1208;NA;NA;0;NA;0;0;0;NA;0;NA;0;0;0;3;0;0;0;0;0;0;1366;NA;83;0;4;8;79;27;NA;2431;NA;NA;17904;181;9990;3336;459;1
"39";2021;2;234;250;8471;NA;14537;842;1423;NA;NA;NA;NA;0;NA;5739;1004;79;76;160;125;35;56;1;1;NA;NA;NA;NA;NA;NA;NA;NA;NA;NA;NA;NA;NA;14;1635;1984;0;23777;175;179;99;2391;1036;210693;644;1;58;2;NA;2433;NA;NA;0;NA;7;0;0;NA;0;NA;0;3;0;0;0;0;0;2;0;0;2970;NA;1184;0;35;312;1149;59;NA;2000;NA;NA;47305;1713;27956;6298;1391;6
"40";2021;2;75;99;2681;NA;3637;327;403;NA;NA;NA;NA;0;NA;1855;72;15;15;55;43;12;17;0;1;NA;NA;NA;NA;NA;NA;NA;NA;NA;NA;NA;NA;NA;13;545;572;0;5809;59;66;6;719;314;32374;69;1;17;0;NA;771;NA;NA;0;NA;1;0;0;NA;0;NA;0;0;0;1;0;0;0;0;0;0;942;NA;172;0;2;8;170;23;NA;830;NA;NA;13869;253;7918;2417;344;0
"10";2021;3;526;844;23763;NA;128245;1617;1677;28130;3722;NA;28882;6;NA;51084;9112;114;108;575;422;153;135;1;12;NA;27784;NA;NA;4041;NA;NA;NA;NA;29117;NA;NA;NA;236;2600;6978;3;133553;548;604;7;7386;2283;735209;3300;12;142;1;NA;7963;NA;NA;5;NA;14;6;20;NA;1;NA;1;20;6;7;0;0;9;14;1;0;7526;NA;33095;1;665;3366;32429;123;NA;1724;NA;NA;111807;37189;164109;22352;1438;31
"20";2021;3;427;761;18134;NA;59390;1035;1564;16032;2432;NA;16670;0;NA;17992;5469;163;152;582;470;112;118;1;4;NA;17243;NA;NA;2641;NA;NA;NA;NA;16844;NA;NA;NA;152;2188;5119;3;80375;344;439;69;4596;1670;438865;2471;5;128;1;NA;4520;NA;NA;2;NA;15;2;7;NA;0;NA;0;9;1;5;0;1;2;6;1;1;5908;NA;14108;0;421;2798;13687;160;NA;2201;NA;NA;142008;17610;85404;15594;1496;18
"30";2021;3;1743;2780;70302;NA;125943;7071;7624;49549;5959;NA;63876;2;NA;54368;6308;642;624;1814;1450;364;397;1;29;NA;49966;NA;NA;6270;NA;NA;NA;NA;60575;NA;NA;NA;288;10539;17010;11;200248;970;1236;444;15410;11062;1455890;3482;31;423;1;NA;22217;NA;NA;4;NA;10;2;9;NA;1;NA;0;5;5;16;1;0;6;9;1;0;23835;NA;10667;2;344;1983;10321;547;NA;17800;NA;NA;430964;14892;235937;52770;6382;23
"99";2021;3;2696;4385;112199;NA;313578;9723;10865;93711;12113;NA;109428;8;NA;123444;20889;919;884;2971;2342;629;650;3;45;NA;94993;NA;NA;12952;NA;NA;NA;NA;106536;NA;NA;NA;676;15327;29107;17;414176;1862;2279;520;27392;15015;2629964;9253;48;693;3;NA;34700;NA;NA;11;NA;39;10;36;NA;2;NA;1;34;12;28;1;1;17;29;3;1;37269;NA;57870;3;1430;8147;56437;830;NA;21725;NA;NA;684779;69691;485450;90716;9316;72
"31";2021;3;226;288;6951;NA;11512;445;564;NA;NA;NA;NA;0;NA;4975;483;49;45;181;147;34;86;0;4;NA;NA;NA;NA;NA;NA;NA;NA;NA;NA;NA;NA;NA;16;636;1553;3;24529;97;133;55;1367;705;110512;285;4;93;0;NA;1740;NA;NA;0;NA;0;0;1;NA;0;NA;0;0;0;0;0;0;1;4;0;0;1834;NA;1180;0;24;208;1156;75;NA;1223;NA;NA;46944;1659;21500;5207;530;5
"32";2021;3;303;381;9549;NA;24546;803;967;NA;NA;NA;NA;0;NA;9211;1504;100;98;240;196;44;45;1;2;NA;NA;NA;NA;NA;NA;NA;NA;NA;NA;NA;NA;NA;23;1347;2318;3;36439;122;144;33;2304;945;146705;754;2;50;1;NA;2922;NA;NA;1;NA;1;0;1;NA;0;NA;0;0;0;2;0;0;2;0;0;0;2908;NA;2426;1;103;774;2322;68;NA;1475;NA;NA;75386;3487;39168;7546;849;6
"33";2021;3;263;364;10479;NA;18462;1414;1424;NA;NA;NA;NA;0;NA;9017;1063;115;113;273;210;63;61;0;5;NA;NA;NA;NA;NA;NA;NA;NA;NA;NA;NA;NA;NA;71;1148;2681;1;29930;174;230;89;2307;1667;312101;557;5;62;0;NA;2963;NA;NA;1;NA;3;0;2;NA;0;NA;0;1;2;3;0;0;2;1;0;0;3649;NA;1453;0;54;220;1399;73;NA;2781;NA;NA;64615;2012;35106;8177;1003;1
"34";2021;3;115;254;7151;NA;9483;790;602;NA;NA;NA;NA;0;NA;4485;264;55;53;162;131;31;25;0;3;NA;NA;NA;NA;NA;NA;NA;NA;NA;NA;NA;NA;NA;29;1281;1632;1;15939;92;105;18;1299;1499;65955;244;3;26;0;NA;1970;NA;NA;0;NA;2;0;0;NA;0;NA;0;1;0;5;0;0;1;3;0;0;2459;NA;339;0;9;23;330;43;NA;2138;NA;NA;36401;552;20250;4590;458;0
"35";2021;3;92;232;6110;NA;7443;614;559;NA;NA;NA;NA;0;NA;3377;341;51;48;149;122;27;22;0;1;NA;NA;NA;NA;NA;NA;NA;NA;NA;NA;NA;NA;NA;41;1396;1457;0;12687;54;65;49;1056;1184;62067;231;1;22;0;NA;2092;NA;NA;0;NA;0;0;0;NA;0;NA;0;0;0;0;0;0;0;1;0;0;2098;NA;253;0;4;30;249;46;NA;2080;NA;NA;29660;455;17050;4504;510;0
"36";2021;3;180;244;5250;NA;16509;486;746;NA;NA;NA;NA;2;NA;7467;760;58;57;161;126;35;39;0;6;NA;NA;NA;NA;NA;NA;NA;NA;NA;NA;NA;NA;NA;33;722;1315;1;18640;115;201;62;1516;959;182649;393;7;42;0;NA;2295;NA;NA;1;NA;4;2;2;NA;0;NA;0;1;1;2;1;0;0;0;1;0;2288;NA;2833;0;71;227;2762;56;NA;1371;NA;NA;44933;3268;25530;4451;514;7
"37";2021;3;195;487;8075;NA;14520;808;817;NA;NA;NA;NA;0;NA;5899;666;101;98;319;259;60;33;0;3;NA;NA;NA;NA;NA;NA;NA;NA;NA;NA;NA;NA;NA;12;830;2018;2;20492;111;136;43;1890;1715;119043;306;3;35;0;NA;2929;NA;NA;0;NA;0;0;0;NA;0;NA;0;0;1;2;0;0;0;0;0;0;3217;NA;741;0;30;143;711;59;NA;1377;NA;NA;46893;1239;27636;6098;710;2
"38";2021;3;93;146;4586;NA;4403;475;456;NA;NA;NA;NA;0;NA;1984;99;24;24;91;75;16;14;0;0;NA;NA;NA;NA;NA;NA;NA;NA;NA;NA;NA;NA;NA;25;775;1193;0;9241;38;48;7;782;850;47079;65;0;15;0;NA;1351;NA;NA;0;NA;0;0;1;NA;0;NA;0;0;0;0;0;0;0;0;0;0;1442;NA;88;0;6;4;82;20;NA;2374;NA;NA;19619;197;11417;3524;364;0
"39";2021;3;195;279;9125;NA;15402;899;1194;NA;NA;NA;NA;0;NA;6146;1049;71;70;181;141;40;53;0;3;NA;NA;NA;NA;NA;NA;NA;NA;NA;NA;NA;NA;NA;29;1733;2180;0;26089;121;126;80;2249;1113;206826;584;3;56;0;NA;3011;NA;NA;1;NA;0;0;2;NA;1;NA;0;2;1;1;0;0;0;0;0;0;2949;NA;1202;0;41;344;1161;68;NA;1924;NA;NA;51683;1783;29910;6324;1206;1
"40";2021;3;81;105;3026;NA;3663;337;295;NA;NA;NA;NA;0;NA;1807;79;18;18;57;43;14;19;0;2;NA;NA;NA;NA;NA;NA;NA;NA;NA;NA;NA;NA;NA;9;671;663;0;6262;46;48;8;640;425;29522;63;3;22;0;NA;944;NA;NA;0;NA;0;0;0;NA;0;NA;0;0;0;1;0;0;0;0;0;0;991;NA;152;1;2;10;149;39;NA;1057;NA;NA;14830;240;8370;2349;238;1
"10";2021;4;1173;932;24306;NA;137018;1664;1325;25942;4021;NA;26622;6;NA;56015;8982;110;106;569;405;164;127;1;9;NA;25958;NA;NA;3566;NA;NA;NA;NA;26104;NA;NA;NA;268;2447;7106;1;135759;482;500;7;6537;2024;654242;3417;10;141;1;NA;7848;NA;NA;1;NA;21;3;15;NA;5;NA;2;20;3;7;1;0;11;11;1;0;6466;NA;34082;3;936;4015;33143;150;NA;1310;NA;NA;110086;38808;173093;21557;1105;28
"20";2021;4;404;796;18040;NA;61488;1010;1272;15223;2384;NA;15184;1;NA;19771;5382;133;127;578;477;101;107;0;7;NA;15564;NA;NA;2251;NA;NA;NA;NA;14371;NA;NA;NA;171;2031;5219;4;79464;326;371;62;4327;1607;398340;2688;8;110;0;NA;4549;NA;NA;4;NA;16;1;8;NA;3;NA;1;5;3;7;0;0;7;2;0;0;5470;NA;13744;1;579;3410;13164;138;NA;2134;NA;NA;143064;17847;87155;14919;1247;24
"30";2021;4;1622;2886;72650;NA;138124;7053;6750;48801;6320;NA;57763;0;NA;60958;7355;681;660;1887;1436;451;405;3;19;NA;48137;NA;NA;5936;NA;NA;NA;NA;55296;NA;NA;NA;330;10775;18225;11;206571;917;1146;358;14848;9198;1348881;3895;19;417;3;NA;19290;NA;NA;8;NA;23;1;5;NA;0;NA;0;3;4;16;0;3;1;12;0;3;21703;NA;11312;1;415;2441;10896;567;NA;15572;NA;NA;446793;16064;246753;51459;5448;27
"99";2021;4;3199;4614;114996;NA;336630;9727;9347;89966;12725;NA;99569;7;NA;136744;21719;924;893;3034;2318;716;639;4;35;NA;89659;NA;NA;11753;NA;NA;NA;NA;95771;NA;NA;NA;769;15253;30550;16;421794;1725;2017;427;25712;12829;2401463;10000;37;668;4;NA;31687;NA;NA;13;NA;60;5;28;NA;8;NA;3;28;10;30;1;3;19;25;1;3;33639;NA;59138;5;1930;9866;57203;855;NA;19016;NA;NA;699943;72719;507001;87935;7800;79
"31";2021;4;201;278;6871;NA;13194;517;454;NA;NA;NA;NA;0;NA;5808;666;69;69;189;128;61;81;0;3;NA;NA;NA;NA;NA;NA;NA;NA;NA;NA;NA;NA;NA;32;601;1644;1;24620;105;127;40;1259;552;97762;285;3;83;0;NA;1470;NA;NA;1;NA;4;1;1;NA;0;NA;0;0;0;2;0;1;0;1;0;0;1611;NA;1388;0;39;258;1349;77;NA;1061;NA;NA;47942;1919;22784;5044;463;4
"32";2021;4;189;451;9966;NA;26401;880;933;NA;NA;NA;NA;0;NA;10326;1529;99;95;259;192;67;47;0;1;NA;NA;NA;NA;NA;NA;NA;NA;NA;NA;NA;NA;NA;24;1317;2671;1;36849;119;155;23;2192;803;129582;787;1;52;0;NA;2681;NA;NA;0;NA;2;0;1;NA;0;NA;0;0;1;0;0;0;0;1;0;0;2726;NA;2501;1;125;963;2375;58;NA;1312;NA;NA;77613;3771;41312;6838;781;3
"33";2021;4;269;365;10546;NA;20752;1441;1317;NA;NA;NA;NA;0;NA;10080;1427;94;88;260;191;69;64;0;5;NA;NA;NA;NA;NA;NA;NA;NA;NA;NA;NA;NA;NA;67;1131;2844;3;31333;169;249;74;2303;1362;275911;643;5;64;0;NA;2735;NA;NA;0;NA;2;0;0;NA;0;NA;0;1;1;1;0;0;1;2;0;0;3426;NA;1619;0;50;282;1569;89;NA;2493;NA;NA;67939;2230;37156;8057;900;5
"34";2021;4;196;253;7086;NA;10214;733;429;NA;NA;NA;NA;0;NA;4975;356;58;57;165;129;36;25;1;2;NA;NA;NA;NA;NA;NA;NA;NA;NA;NA;NA;NA;NA;26;1243;1729;0;16318;65;72;32;1127;1210;61489;278;2;25;1;NA;1493;NA;NA;3;NA;4;0;0;NA;0;NA;0;1;0;4;0;0;0;4;0;0;2051;NA;309;0;7;36;302;51;NA;1687;NA;NA;37023;537;20208;4161;320;0
"35";2021;4;103;215;6109;NA;8006;590;492;NA;NA;NA;NA;0;NA;4064;380;43;41;149;109;40;20;0;0;NA;NA;NA;NA;NA;NA;NA;NA;NA;NA;NA;NA;NA;48;1450;1457;0;13370;35;43;47;989;958;63203;238;0;20;0;NA;1825;NA;NA;1;NA;2;0;0;NA;0;NA;0;0;0;3;0;0;0;0;0;0;1833;NA;235;0;9;40;226;57;NA;1967;NA;NA;30525;444;17237;4289;419;1
"36";2021;4;147;309;6093;NA;17458;432;619;NA;NA;NA;NA;0;NA;7726;764;72;69;190;152;38;31;0;2;NA;NA;NA;NA;NA;NA;NA;NA;NA;NA;NA;NA;NA;41;930;1350;0;19595;112;142;23;1455;755;150030;452;2;31;0;NA;2125;NA;NA;1;NA;4;0;1;NA;0;NA;0;0;1;2;0;0;0;2;0;1;1982;NA;2689;0;91;222;2598;59;NA;996;NA;NA;46599;3134;27036;4105;388;4
"37";2021;4;185;476;8710;NA;16072;814;766;NA;NA;NA;NA;0;NA;6881;687;107;106;343;278;65;35;2;2;NA;NA;NA;NA;NA;NA;NA;NA;NA;NA;NA;NA;NA;21;866;2147;1;20693;101;134;30;1926;1441;115474;353;2;36;2;NA;2664;NA;NA;1;NA;2;0;0;NA;0;NA;0;1;0;0;0;0;0;1;0;0;3062;NA;883;0;30;166;853;65;NA;1457;NA;NA;48857;1429;29502;6303;650;5
"38";2021;4;59;168;4724;NA;4698;465;379;NA;NA;NA;NA;0;NA;2109;104;21;20;105;81;24;16;0;3;NA;NA;NA;NA;NA;NA;NA;NA;NA;NA;NA;NA;NA;23;750;1314;0;9224;32;40;22;795;791;43304;107;3;16;0;NA;1028;NA;NA;0;NA;0;0;0;NA;0;NA;0;0;0;1;0;2;0;0;0;0;1402;NA;96;0;2;9;94;26;NA;2087;NA;NA;20223;229;11462;3833;279;0
"39";2021;4;203;275;9559;NA;17336;850;1072;NA;NA;NA;NA;0;NA;7072;1312;103;101;169;134;35;60;0;0;NA;NA;NA;NA;NA;NA;NA;NA;NA;NA;NA;NA;NA;43;1867;2377;3;28324;126;127;58;2232;942;184637;655;0;64;0;NA;2569;NA;NA;1;NA;3;0;2;NA;0;NA;0;0;1;3;0;0;0;0;0;2;2722;NA;1439;0;59;454;1380;56;NA;1741;NA;NA;55221;2122;31661;6564;994;5
"40";2021;4;70;96;2986;NA;3993;331;289;NA;NA;NA;NA;0;NA;1917;130;15;14;58;42;16;26;0;1;NA;NA;NA;NA;NA;NA;NA;NA;NA;NA;NA;NA;NA;5;620;692;2;6245;53;57;9;570;384;26874;97;1;26;0;NA;700;NA;NA;0;NA;0;0;0;NA;0;NA;0;0;0;0;0;0;0;1;0;0;888;NA;153;0;3;11;150;29;NA;771;NA;NA;14851;249;8395;2265;254;0
"10";2022;1;524;932;25883;NA;139780;1545;1192;25969;3805;NA;25962;5;NA;53208;9545;95;89;575;417;158;135;0;17;NA;24762;NA;NA;3570;NA;NA;NA;NA;25121;NA;NA;NA;224;2109;7184;6;130002;485;537;8;6325;1961;574033;3469;17;142;0;NA;7939;NA;NA;4;NA;24;2;27;NA;2;NA;2;16;1;3;1;0;8;5;5;1;6380;NA;34654;1;770;3547;33883;136;NA;1128;NA;NA;112289;38933;177271;21590;931;24
"20";2022;1;401;839;19453;NA;64811;1079;1211;15801;2381;NA;15035;0;NA;19063;5704;173;148;627;493;134;134;0;7;NA;15652;NA;NA;2519;NA;NA;NA;NA;14353;NA;NA;NA;174;1930;5459;5;79681;303;353;48;4255;1767;424945;2647;7;142;0;NA;5118;NA;NA;4;NA;9;0;5;NA;2;NA;1;1;0;4;1;0;2;0;1;0;5575;NA;13340;1;565;3028;12774;131;NA;1854;NA;NA;148632;17136;92511;15092;1142;10
"30";2022;1;1683;2842;73633;NA;143969;6901;7260;52479;6307;NA;60153;1;NA;60511;6962;546;533;1864;1442;422;441;3;19;NA;50841;NA;NA;6625;NA;NA;NA;NA;56345;NA;NA;NA;246;9666;18279;16;218629;962;1221;372;15710;10644;1404404;4196;19;458;3;NA;21211;NA;NA;6;NA;17;1;12;NA;4;NA;1;5;9;18;3;1;3;8;1;0;23746;NA;11910;1;345;2490;11564;558;NA;16580;NA;NA;464166;16725;255816;53945;6061;40
"99";2022;1;2608;4613;118969;NA;348560;9525;9663;94249;12493;NA;101150;6;NA;132782;22211;814;770;3066;2352;714;710;3;43;NA;91255;NA;NA;12714;NA;NA;NA;NA;95819;NA;NA;NA;644;13705;30922;27;428312;1750;2111;428;26290;14372;2403382;10312;43;742;3;NA;34268;NA;NA;14;NA;50;3;44;NA;8;NA;4;22;10;25;5;1;13;13;7;1;35701;NA;59904;3;1680;9065;58221;825;NA;19562;NA;NA;725087;72794;525598;90627;8134;74
"31";2022;1;206;267;7404;NA;13391;525;514;NA;NA;NA;NA;0;NA;5585;653;52;50;160;113;47;93;2;3;NA;NA;NA;NA;NA;NA;NA;NA;NA;NA;NA;NA;NA;31;634;1867;3;27876;90;119;44;1290;645;98317;302;3;95;2;NA;1665;NA;NA;1;NA;1;0;1;NA;0;NA;0;0;3;2;0;0;0;2;0;0;1753;NA;1302;1;37;225;1264;89;NA;1070;NA;NA;52166;1783;23766;5272;485;4
"32";2022;1;237;422;10168;NA;26053;824;932;NA;NA;NA;NA;1;NA;9245;1496;61;61;272;212;60;65;0;1;NA;NA;NA;NA;NA;NA;NA;NA;NA;NA;NA;NA;NA;32;1249;2473;0;38769;116;151;25;2200;957;134300;876;1;67;0;NA;2673;NA;NA;2;NA;1;0;4;NA;0;NA;0;1;1;1;0;0;2;0;0;0;2793;NA;2499;0;113;926;2386;54;NA;1267;NA;NA;79220;3764;41072;7157;813;3
"33";2022;1;229;365;10144;NA;21472;1331;1242;NA;NA;NA;NA;0;NA;10130;1232;73;73;265;211;54;56;0;3;NA;NA;NA;NA;NA;NA;NA;NA;NA;NA;NA;NA;NA;37;951;2606;4;31695;167;233;87;2330;1665;283551;720;3;63;0;NA;2677;NA;NA;0;NA;1;0;0;NA;0;NA;1;0;1;1;0;0;1;0;0;0;3723;NA;1473;0;41;297;1432;67;NA;2564;NA;NA;68411;2094;37231;7985;894;3
"34";2022;1;150;285;7188;NA;10590;708;495;NA;NA;NA;NA;0;NA;5057;288;45;43;179;139;40;26;1;2;NA;NA;NA;NA;NA;NA;NA;NA;NA;NA;NA;NA;NA;21;1120;1739;1;16279;72;82;21;1236;1312;58393;278;2;26;1;NA;1487;NA;NA;0;NA;0;0;0;NA;0;NA;0;0;1;3;0;0;0;1;0;0;2183;NA;316;0;6;32;310;43;NA;1876;NA;NA;37482;555;20753;4763;398;4
"35";2022;1;131;247;6243;NA;8507;583;516;NA;NA;NA;NA;0;NA;4094;367;53;50;183;148;35;30;0;2;NA;NA;NA;NA;NA;NA;NA;NA;NA;NA;NA;NA;NA;22;1322;1496;1;13349;49;60;31;1066;1203;63875;320;2;30;0;NA;2009;NA;NA;1;NA;0;0;1;NA;0;NA;0;0;1;0;1;0;0;2;0;0;2114;NA;290;0;11;48;279;60;NA;1938;NA;NA;31328;553;18105;4642;463;4
"36";2022;1;232;258;6225;NA;19454;408;728;NA;NA;NA;NA;0;NA;8332;659;53;53;169;133;36;44;0;3;NA;NA;NA;NA;NA;NA;NA;NA;NA;NA;NA;NA;NA;43;853;1526;0;22101;123;159;31;1693;878;185569;447;3;46;0;NA;2343;NA;NA;1;NA;8;0;3;NA;1;NA;0;3;2;3;1;0;0;3;1;0;2354;NA;3464;0;56;235;3408;62;NA;1430;NA;NA;51400;3915;29416;4832;468;10
"37";2022;1;173;436;9025;NA;16881;844;832;NA;NA;NA;NA;0;NA;6772;689;87;83;301;224;77;36;0;3;NA;NA;NA;NA;NA;NA;NA;NA;NA;NA;NA;NA;NA;16;778;2222;3;21796;101;135;31;2066;1421;109143;388;3;38;0;NA;2774;NA;NA;0;NA;0;0;1;NA;3;NA;0;0;0;1;1;0;0;0;0;0;3151;NA;893;0;38;202;855;58;NA;1313;NA;NA;51310;1435;30792;6140;732;7
"38";2022;1;95;162;4434;NA;4974;397;508;NA;NA;NA;NA;0;NA;2240;107;23;23;91;72;19;11;0;0;NA;NA;NA;NA;NA;NA;NA;NA;NA;NA;NA;NA;NA;9;618;1129;0;9278;37;45;18;929;922;43804;113;0;11;0;NA;993;NA;NA;0;NA;1;0;0;NA;0;NA;0;0;0;1;0;0;0;0;0;0;1608;NA;98;0;0;6;98;30;NA;2147;NA;NA;20334;206;11468;3988;397;3
"39";2022;1;169;288;9797;NA;18464;976;1155;NA;NA;NA;NA;0;NA;7059;1360;77;76;176;134;42;56;0;2;NA;NA;NA;NA;NA;NA;NA;NA;NA;NA;NA;NA;NA;29;1611;2488;4;31080;140;165;81;2238;1210;182421;666;2;58;0;NA;3891;NA;NA;1;NA;4;0;2;NA;0;NA;0;1;0;5;0;0;0;0;0;0;3057;NA;1425;0;43;513;1382;66;NA;2052;NA;NA;57282;2172;34571;6454;1103;2
"40";2022;1;61;112;3005;NA;4183;305;338;NA;NA;NA;NA;0;NA;1997;111;22;21;68;56;12;24;0;0;NA;NA;NA;NA;NA;NA;NA;NA;NA;NA;NA;NA;NA;6;530;733;0;6406;67;72;3;662;431;28504;86;0;24;0;NA;699;NA;NA;0;NA;1;1;0;NA;0;NA;0;0;0;1;0;1;0;0;0;0;1010;NA;150;0;0;6;150;29;NA;923;NA;NA;15233;248;8642;2712;308;0
"10";2022;2;524;921;25918;NA;152220;1544;1338;25823;3836;NA;28047;7;NA;60271;9556;110;107;598;443;155;112;1;13;NA;26348;NA;NA;3893;NA;NA;NA;NA;27534;NA;NA;NA;198;2560;6993;7;127839;640;723;17;6497;2193;563202;3630;13;118;1;NA;7186;NA;NA;7;NA;24;3;25;NA;2;NA;2;27;5;6;0;0;11;9;0;1;6982;NA;34253;3;800;3706;33450;134;NA;1242;NA;NA;116610;38689;189127;21823;1089;17
"20";2022;2;400;807;19492;NA;72059;1048;1395;15785;2431;NA;15120;3;NA;21137;6118;133;128;615;474;141;146;1;7;NA;15655;NA;NA;2412;NA;NA;NA;NA;15615;NA;NA;NA;107;2255;5205;1;78289;299;377;52;4142;2207;432884;2497;7;153;1;NA;5429;NA;NA;6;NA;9;3;5;NA;0;NA;3;5;0;7;0;0;4;5;0;0;6031;NA;13411;1;501;3345;12909;93;NA;1899;NA;NA;149270;17527;100230;15365;1267;7
"30";2022;2;1527;2740;71711;NA;152185;6894;7206;54877;6217;NA;60198;1;NA;61808;6414;651;642;1801;1422;379;427;2;22;NA;53769;NA;NA;6150;NA;NA;NA;NA;58957;NA;NA;NA;205;10942;16666;18;217179;1003;1213;418;15141;11804;1413612;4054;22;441;3;NA;19609;NA;NA;4;NA;10;1;12;NA;0;NA;2;4;6;14;1;0;10;6;0;1;24415;NA;11448;1;262;2395;11185;529;NA;16364;NA;NA;465698;16094;260345;52733;6241;25
"99";2022;2;2451;4468;117121;NA;376464;9486;9939;96485;12484;NA;103365;11;NA;143216;22088;894;877;3014;2339;675;685;4;42;NA;95772;NA;NA;12455;NA;NA;NA;NA;102106;NA;NA;NA;510;15757;28864;26;423307;1942;2313;487;25780;16204;2409698;10181;42;712;5;NA;32224;NA;NA;17;NA;43;7;42;NA;2;NA;7;36;11;27;1;0;25;20;0;2;37428;NA;59112;5;1563;9446;57544;756;NA;19505;NA;NA;731578;72310;549702;89921;8597;49
"31";2022;2;259;257;7092;NA;14817;546;526;NA;NA;NA;NA;0;NA;5580;642;56;55;162;128;34;104;1;3;NA;NA;NA;NA;NA;NA;NA;NA;NA;NA;NA;NA;NA;12;707;1625;2;25757;95;128;53;1318;732;106753;280;3;113;2;NA;1472;NA;NA;0;NA;2;0;0;NA;0;NA;0;0;0;3;1;0;0;0;0;1;1838;NA;1102;0;21;206;1081;82;NA;1078;NA;NA;51316;1577;24710;5349;540;0
"32";2022;2;189;412;10122;NA;28748;837;962;NA;NA;NA;NA;0;NA;10178;1415;102;101;247;189;58;58;0;3;NA;NA;NA;NA;NA;NA;NA;NA;NA;NA;NA;NA;NA;25;1445;2342;2;40524;92;116;37;2104;1142;148996;926;3;58;0;NA;2576;NA;NA;0;NA;2;1;1;NA;0;NA;2;0;0;0;0;0;1;4;0;0;2861;NA;2629;0;93;890;2536;50;NA;1411;NA;NA;83138;3827;43657;7069;794;5
"33";2022;2;228;335;10583;NA;22223;1270;1348;NA;NA;NA;NA;0;NA;10209;1142;109;109;248;179;69;61;0;4;NA;NA;NA;NA;NA;NA;NA;NA;NA;NA;NA;NA;NA;20;1300;2477;3;31773;150;204;87;2326;1918;305399;595;4;62;0;NA;2459;NA;NA;0;NA;1;0;1;NA;0;NA;0;2;2;0;0;0;4;0;0;0;3933;NA;1409;0;28;286;1381;76;NA;2506;NA;NA;70048;2008;38218;7776;1050;4
"34";2022;2;110;263;6852;NA;11461;667;531;NA;NA;NA;NA;0;NA;5360;230;47;47;174;140;34;19;0;2;NA;NA;NA;NA;NA;NA;NA;NA;NA;NA;NA;NA;NA;16;1260;1573;0;17076;75;86;18;1263;1357;62393;196;2;19;0;NA;1587;NA;NA;0;NA;0;0;1;NA;0;NA;0;0;1;5;0;0;0;0;0;0;2408;NA;328;0;3;34;325;55;NA;1828;NA;NA;38949;557;21361;4597;453;1
"35";2022;2;115;214;6157;NA;9172;546;533;NA;NA;NA;NA;1;NA;4258;358;48;44;151;119;32;21;0;3;NA;NA;NA;NA;NA;NA;NA;NA;NA;NA;NA;NA;NA;19;1327;1500;3;14065;73;85;41;1093;1240;66225;263;3;22;0;NA;1880;NA;NA;1;NA;4;0;4;NA;0;NA;0;0;1;4;0;0;0;0;0;0;2179;NA;349;1;1;34;347;54;NA;2076;NA;NA;32214;559;18502;4900;515;3
"36";2022;2;151;242;5350;NA;17919;509;662;NA;NA;NA;NA;0;NA;7674;764;45;45;151;122;29;39;1;2;NA;NA;NA;NA;NA;NA;NA;NA;NA;NA;NA;NA;NA;48;655;1255;0;18908;99;131;27;1451;919;133080;324;2;39;1;NA;1877;NA;NA;1;NA;1;0;3;NA;0;NA;0;1;1;0;0;0;1;2;0;0;2122;NA;2821;0;51;199;2770;54;NA;1366;NA;NA;45763;3212;26559;4181;444;3
"37";2022;2;165;483;8913;NA;18614;783;846;NA;NA;NA;NA;0;NA;7250;524;107;105;335;276;59;36;0;3;NA;NA;NA;NA;NA;NA;NA;NA;NA;NA;NA;NA;NA;5;906;2116;1;22163;116;147;26;1900;1680;104561;375;3;37;0;NA;2656;NA;NA;1;NA;0;0;0;NA;0;NA;0;1;1;1;0;0;3;0;0;0;3356;NA;963;0;31;174;932;51;NA;1361;NA;NA;52837;1511;32295;6340;759;3
"38";2022;2;87;125;4497;NA;4857;427;406;NA;NA;NA;NA;0;NA;2025;91;34;34;76;61;15;19;0;0;NA;NA;NA;NA;NA;NA;NA;NA;NA;NA;NA;NA;NA;18;851;1046;1;9206;61;64;29;757;1033;45873;92;0;19;0;NA;942;NA;NA;1;NA;0;0;0;NA;0;NA;0;0;0;1;0;0;0;0;0;0;1590;NA;101;0;4;5;97;18;NA;2246;NA;NA;20251;201;11254;3434;330;1
"39";2022;2;166;299;9316;NA;20285;998;1075;NA;NA;NA;NA;0;NA;7477;1153;79;79;169;134;35;59;0;2;NA;NA;NA;NA;NA;NA;NA;NA;NA;NA;NA;NA;NA;34;1880;2118;3;31296;176;177;88;2315;1292;184847;898;2;61;0;NA;3470;NA;NA;0;NA;0;0;2;NA;0;NA;0;0;0;0;0;0;1;0;0;0;3086;NA;1597;0;30;558;1567;68;NA;1678;NA;NA;56199;2385;35443;6457;1071;3
"40";2022;2;57;110;2829;NA;4089;311;317;NA;NA;NA;NA;0;NA;1797;95;24;23;88;74;14;11;0;0;NA;NA;NA;NA;NA;NA;NA;NA;NA;NA;NA;NA;NA;8;611;614;3;6411;66;75;12;614;491;33320;105;0;11;0;NA;690;NA;NA;0;NA;0;0;0;NA;0;NA;0;0;0;0;0;0;0;0;0;0;1042;NA;149;0;0;9;149;21;NA;814;NA;NA;14983;257;8346;2630;285;2
"10";2002;2;NA;NA;24496;817;97407;NA;1210;NA;NA;NA;NA;NA;NA;NA;NA;NA;NA;NA;NA;NA;NA;NA;NA;NA;NA;NA;NA;NA;NA;NA;NA;NA;NA;NA;NA;NA;NA;NA;NA;NA;NA;NA;NA;NA;NA;NA;NA;NA;NA;NA;NA;NA;NA;6548;NA;NA;NA;NA;NA;NA;NA;NA;NA;NA;NA;NA;NA;NA;NA;NA;NA;NA;NA;NA;NA;NA;NA;NA;NA;NA;NA;NA;NA;NA;NA;NA;NA;130478;NA;NA;NA
"20";2002;2;NA;NA;20794;632;44727;NA;608;NA;NA;NA;NA;NA;NA;NA;NA;NA;NA;NA;NA;NA;NA;NA;NA;NA;NA;NA;NA;NA;NA;NA;NA;NA;NA;NA;NA;NA;NA;NA;NA;NA;NA;NA;NA;NA;NA;NA;NA;NA;NA;NA;NA;NA;NA;4673;NA;NA;NA;NA;NA;NA;NA;NA;NA;NA;NA;NA;NA;NA;NA;NA;NA;NA;NA;NA;NA;NA;NA;NA;NA;NA;NA;NA;NA;NA;NA;NA;NA;71434;NA;NA;NA
"30";2002;2;NA;NA;87801;2314;116078;NA;4948;NA;NA;NA;NA;NA;NA;NA;NA;NA;NA;NA;NA;NA;NA;NA;NA;NA;NA;NA;NA;NA;NA;NA;NA;NA;NA;NA;NA;NA;NA;NA;NA;NA;NA;NA;NA;NA;NA;NA;NA;NA;NA;NA;NA;NA;NA;29346;NA;NA;NA;NA;NA;NA;NA;NA;NA;NA;NA;NA;NA;NA;NA;NA;NA;NA;NA;NA;NA;NA;NA;NA;NA;NA;NA;NA;NA;NA;NA;NA;NA;240487;NA;NA;NA
"99";2002;2;NA;NA;133091;3763;258212;NA;6766;NA;NA;NA;NA;NA;NA;NA;NA;NA;NA;NA;NA;NA;NA;NA;NA;NA;NA;NA;NA;NA;NA;NA;NA;NA;NA;NA;NA;NA;NA;NA;NA;NA;NA;NA;NA;NA;NA;NA;NA;NA;NA;NA;NA;NA;NA;40567;NA;NA;NA;NA;NA;NA;NA;NA;NA;NA;NA;NA;NA;NA;NA;NA;NA;NA;NA;NA;NA;NA;NA;NA;NA;NA;NA;NA;NA;NA;NA;NA;NA;442399;NA;NA;NA
"31";2002;2;NA;NA;NA;NA;NA;NA;NA;NA;NA;NA;NA;NA;NA;NA;NA;NA;NA;NA;NA;NA;NA;NA;NA;NA;NA;NA;NA;NA;NA;NA;NA;NA;NA;NA;NA;NA;NA;NA;NA;NA;NA;NA;NA;NA;NA;NA;NA;NA;NA;NA;NA;NA;NA;NA;NA;NA;NA;NA;NA;NA;NA;NA;NA;NA;NA;NA;NA;NA;NA;NA;NA;NA;NA;NA;NA;NA;NA;NA;NA;NA;NA;NA;NA;NA;NA;NA;NA;NA;NA;NA;NA
"32";2002;2;NA;NA;NA;NA;NA;NA;NA;NA;NA;NA;NA;NA;NA;NA;NA;NA;NA;NA;NA;NA;NA;NA;NA;NA;NA;NA;NA;NA;NA;NA;NA;NA;NA;NA;NA;NA;NA;NA;NA;NA;NA;NA;NA;NA;NA;NA;NA;NA;NA;NA;NA;NA;NA;NA;NA;NA;NA;NA;NA;NA;NA;NA;NA;NA;NA;NA;NA;NA;NA;NA;NA;NA;NA;NA;NA;NA;NA;NA;NA;NA;NA;NA;NA;NA;NA;NA;NA;NA;NA;NA;NA
"33";2002;2;NA;NA;NA;NA;NA;NA;NA;NA;NA;NA;NA;NA;NA;NA;NA;NA;NA;NA;NA;NA;NA;NA;NA;NA;NA;NA;NA;NA;NA;NA;NA;NA;NA;NA;NA;NA;NA;NA;NA;NA;NA;NA;NA;NA;NA;NA;NA;NA;NA;NA;NA;NA;NA;NA;NA;NA;NA;NA;NA;NA;NA;NA;NA;NA;NA;NA;NA;NA;NA;NA;NA;NA;NA;NA;NA;NA;NA;NA;NA;NA;NA;NA;NA;NA;NA;NA;NA;NA;NA;NA;NA
"34";2002;2;NA;NA;NA;NA;NA;NA;NA;NA;NA;NA;NA;NA;NA;NA;NA;NA;NA;NA;NA;NA;NA;NA;NA;NA;NA;NA;NA;NA;NA;NA;NA;NA;NA;NA;NA;NA;NA;NA;NA;NA;NA;NA;NA;NA;NA;NA;NA;NA;NA;NA;NA;NA;NA;NA;NA;NA;NA;NA;NA;NA;NA;NA;NA;NA;NA;NA;NA;NA;NA;NA;NA;NA;NA;NA;NA;NA;NA;NA;NA;NA;NA;NA;NA;NA;NA;NA;NA;NA;NA;NA;NA
"35";2002;2;NA;NA;NA;NA;NA;NA;NA;NA;NA;NA;NA;NA;NA;NA;NA;NA;NA;NA;NA;NA;NA;NA;NA;NA;NA;NA;NA;NA;NA;NA;NA;NA;NA;NA;NA;NA;NA;NA;NA;NA;NA;NA;NA;NA;NA;NA;NA;NA;NA;NA;NA;NA;NA;NA;NA;NA;NA;NA;NA;NA;NA;NA;NA;NA;NA;NA;NA;NA;NA;NA;NA;NA;NA;NA;NA;NA;NA;NA;NA;NA;NA;NA;NA;NA;NA;NA;NA;NA;NA;NA;NA
"36";2002;2;NA;NA;NA;NA;NA;NA;NA;NA;NA;NA;NA;NA;NA;NA;NA;NA;NA;NA;NA;NA;NA;NA;NA;NA;NA;NA;NA;NA;NA;NA;NA;NA;NA;NA;NA;NA;NA;NA;NA;NA;NA;NA;NA;NA;NA;NA;NA;NA;NA;NA;NA;NA;NA;NA;NA;NA;NA;NA;NA;NA;NA;NA;NA;NA;NA;NA;NA;NA;NA;NA;NA;NA;NA;NA;NA;NA;NA;NA;NA;NA;NA;NA;NA;NA;NA;NA;NA;NA;NA;NA;NA
"37";2002;2;NA;NA;NA;NA;NA;NA;NA;NA;NA;NA;NA;NA;NA;NA;NA;NA;NA;NA;NA;NA;NA;NA;NA;NA;NA;NA;NA;NA;NA;NA;NA;NA;NA;NA;NA;NA;NA;NA;NA;NA;NA;NA;NA;NA;NA;NA;NA;NA;NA;NA;NA;NA;NA;NA;NA;NA;NA;NA;NA;NA;NA;NA;NA;NA;NA;NA;NA;NA;NA;NA;NA;NA;NA;NA;NA;NA;NA;NA;NA;NA;NA;NA;NA;NA;NA;NA;NA;NA;NA;NA;NA
"38";2002;2;NA;NA;NA;NA;NA;NA;NA;NA;NA;NA;NA;NA;NA;NA;NA;NA;NA;NA;NA;NA;NA;NA;NA;NA;NA;NA;NA;NA;NA;NA;NA;NA;NA;NA;NA;NA;NA;NA;NA;NA;NA;NA;NA;NA;NA;NA;NA;NA;NA;NA;NA;NA;NA;NA;NA;NA;NA;NA;NA;NA;NA;NA;NA;NA;NA;NA;NA;NA;NA;NA;NA;NA;NA;NA;NA;NA;NA;NA;NA;NA;NA;NA;NA;NA;NA;NA;NA;NA;NA;NA;NA
"39";2002;2;NA;NA;NA;NA;NA;NA;NA;NA;NA;NA;NA;NA;NA;NA;NA;NA;NA;NA;NA;NA;NA;NA;NA;NA;NA;NA;NA;NA;NA;NA;NA;NA;NA;NA;NA;NA;NA;NA;NA;NA;NA;NA;NA;NA;NA;NA;NA;NA;NA;NA;NA;NA;NA;NA;NA;NA;NA;NA;NA;NA;NA;NA;NA;NA;NA;NA;NA;NA;NA;NA;NA;NA;NA;NA;NA;NA;NA;NA;NA;NA;NA;NA;NA;NA;NA;NA;NA;NA;NA;NA;NA
"40";2002;2;NA;NA;NA;NA;NA;NA;NA;NA;NA;NA;NA;NA;NA;NA;NA;NA;NA;NA;NA;NA;NA;NA;NA;NA;NA;NA;NA;NA;NA;NA;NA;NA;NA;NA;NA;NA;NA;NA;NA;NA;NA;NA;NA;NA;NA;NA;NA;NA;NA;NA;NA;NA;NA;NA;NA;NA;NA;NA;NA;NA;NA;NA;NA;NA;NA;NA;NA;NA;NA;NA;NA;NA;NA;NA;NA;NA;NA;NA;NA;NA;NA;NA;NA;NA;NA;NA;NA;NA;NA;NA;NA
